Transaction_Amount,Hour,DayOfWeek,Is_Weekend,Location_Rijeka,Location_Zagreb,Location_Split,Location_Osijek,Location_Dubrovnik,Location_Foreign,Merchant_Category_Food,Merchant_Category_Coffee,Merchant_Category_Groceries,Merchant_Category_Electronics,Merchant_Category_Clothing,Merchant_Category_Travel,Merchant_Category_Health,Merchant_Category_Entertainment,is_fraud
47.63,10,1,0,0,0,0,0,0,1,0,0,0,0,0,0,1,0,0
266.7,9,4,0,1,0,0,0,0,0,0,0,0,0,0,1,0,0,0
9.97,23,3,0,1,0,0,0,0,0,1,0,0,0,0,0,0,0,0
12.59,16,5,1,0,1,0,0,0,0,0,0,1,0,0,0,0,0,0
65.45,8,5,1,1,0,0,0,0,0,0,0,1,0,0,0,0,0,0
15.27,4,5,1,0,0,0,0,0,1,1,0,0,0,0,0,0,0,1
134.56,23,6,1,0,0,1,0,0,0,0,0,0,1,0,0,0,0,0
33.37,7,4,0,0,0,1,0,0,0,0,0,0,0,0,0,0,1,0
947.35,1,3,0,0,0,0,0,0,1,0,0,1,0,0,0,0,0,1
196.87,8,3,0,1,0,0,0,0,0,0,0,0,1,0,0,0,0,0
54.19,11,1,0,1,0,0,0,0,0,0,0,0,0,0,1,0,0,0
13.03,19,2,0,0,1,0,0,0,0,0,0,1,0,0,0,0,0,0
94.76,6,4,0,0,0,0,0,1,0,0,0,0,0,1,0,0,0,0
66.14,9,2,0,0,0,1,0,0,0,0,0,0,0,1,0,0,0,0
51.85,19,0,0,1,0,0,0,0,0,0,0,0,0,0,0,1,0,0
8.53,21,1,0,1,0,0,0,0,0,0,0,0,0,0,0,0,1,0
19.23,15,6,1,1,0,0,0,0,0,0,0,0,0,0,0,0,1,0
94.94,23,3,0,1,0,0,0,0,0,0,0,0,0,1,0,0,0,0
21.82,15,3,0,0,1,0,0,0,0,1,0,0,0,0,0,0,0,0
28.52,21,6,1,0,0,0,1,0,0,0,0,1,0,0,0,0,0,0
630.42,22,3,0,1,0,0,0,0,0,0,0,1,0,0,0,0,0,1
5.67,21,3,0,0,1,0,0,0,0,0,1,0,0,0,0,0,0,0
69.54,11,3,0,1,0,0,0,0,0,0,0,1,0,0,0,0,0,0
238.85,13,3,0,0,1,0,0,0,0,0,0,0,0,0,1,0,0,0
2411.07,22,3,0,0,0,0,0,1,0,0,0,0,0,1,0,0,0,1
6.96,13,0,0,0,0,0,0,0,1,0,0,0,0,0,0,0,1,0
44.11,7,6,1,0,0,0,0,0,1,0,0,1,0,0,0,0,0,0
37.8,23,6,1,0,0,0,0,0,1,0,0,1,0,0,0,0,0,0
202.13,0,0,0,0,0,0,0,0,1,0,0,0,0,0,0,1,0,1
2.35,16,0,0,1,0,0,0,0,0,0,1,0,0,0,0,0,0,0
53.3,9,5,1,1,0,0,0,0,0,0,0,0,0,0,0,1,0,0
29.04,15,1,0,0,0,0,0,1,0,0,0,0,0,1,0,0,0,0
16.9,7,5,1,0,1,0,0,0,0,0,0,1,0,0,0,0,0,0
21.9,18,4,0,1,0,0,0,0,0,1,0,0,0,0,0,0,0,0
10.5,20,5,1,1,0,0,0,0,0,1,0,0,0,0,0,0,0,0
37.41,6,4,0,0,1,0,0,0,0,0,0,0,0,0,1,0,0,0
23.63,6,5,1,0,0,0,0,1,0,0,0,0,0,0,0,0,1,0
12.36,20,0,0,1,0,0,0,0,0,0,0,1,0,0,0,0,0,0
46.11,11,1,0,0,1,0,0,0,0,0,0,0,0,1,0,0,0,0
12.33,17,3,0,1,0,0,0,0,0,0,0,0,0,0,0,1,0,0
30.84,19,6,1,0,1,0,0,0,0,0,0,0,1,0,0,0,0,0
36.51,23,0,0,1,0,0,0,0,0,0,0,0,0,0,0,1,0,0
48.24,18,0,0,1,0,0,0,0,0,0,0,0,0,1,0,0,0,0
75.44,8,6,1,1,0,0,0,0,0,0,0,1,0,0,0,0,0,0
82.92,23,4,0,1,0,0,0,0,0,0,0,0,0,1,0,0,0,0
10.97,12,1,0,0,0,0,1,0,0,0,0,0,0,0,0,0,1,0
394.09,4,5,1,0,0,0,0,0,1,0,0,1,0,0,0,0,0,1
72.18,15,0,0,1,0,0,0,0,0,0,0,1,0,0,0,0,0,0
44.55,20,4,0,0,0,0,0,0,1,0,0,0,1,0,0,0,0,0
11.93,9,3,0,0,0,0,0,0,1,1,0,0,0,0,0,0,0,0
59.54,8,2,0,1,0,0,0,0,0,0,0,0,0,1,0,0,0,0
2.32,23,3,0,1,0,0,0,0,0,0,1,0,0,0,0,0,0,0
20.08,23,6,1,0,0,0,0,0,1,0,0,0,0,1,0,0,0,0
348.81,1,5,1,0,0,0,0,0,1,0,1,0,0,0,0,0,0,1
14.99,21,4,0,0,0,0,0,0,1,0,0,0,0,0,0,0,1,0
22.5,18,1,0,1,0,0,0,0,0,0,0,1,0,0,0,0,0,0
57.01,19,0,0,1,0,0,0,0,0,0,0,0,0,0,0,1,0,0
19.2,1,4,0,0,0,0,0,0,1,1,0,0,0,0,0,0,0,1
854.86,4,4,0,1,0,0,0,0,0,1,0,0,0,0,0,0,0,1
2.95,20,0,0,1,0,0,0,0,0,0,1,0,0,0,0,0,0,0
22.05,15,4,0,0,1,0,0,0,0,0,0,0,0,0,1,0,0,0
28.4,19,4,0,1,0,0,0,0,0,0,0,0,0,0,0,1,0,0
2.17,22,4,0,0,0,1,0,0,0,0,1,0,0,0,0,0,0,0
124.99,11,1,0,1,0,0,0,0,0,0,0,0,0,0,1,0,0,0
24.87,7,4,0,1,0,0,0,0,0,0,0,0,0,0,0,1,0,0
97.37,11,3,0,1,0,0,0,0,0,0,0,0,0,1,0,0,0,0
9.79,11,6,1,1,0,0,0,0,0,0,0,0,0,0,0,1,0,0
49.94,18,1,0,0,1,0,0,0,0,0,0,0,0,0,0,1,0,0
59.82,8,1,0,1,0,0,0,0,0,0,0,1,0,0,0,0,0,0
12.1,14,5,1,1,0,0,0,0,0,1,0,0,0,0,0,0,0,0
4111.75,3,6,1,0,0,0,0,0,1,0,0,0,0,0,1,0,0,1
4.6,23,3,0,0,1,0,0,0,0,0,1,0,0,0,0,0,0,0
66.52,7,4,0,0,0,0,0,0,1,0,0,0,0,0,1,0,0,0
128.14,19,6,1,1,0,0,0,0,0,0,0,0,0,0,1,0,0,0
144.04,0,6,1,0,0,0,0,0,1,0,0,1,0,0,0,0,0,1
24.35,18,6,1,0,0,0,0,0,1,0,0,0,0,1,0,0,0,0
79.37,23,4,0,1,0,0,0,0,0,0,0,1,0,0,0,0,0,0
5.06,15,4,0,0,1,0,0,0,0,0,1,0,0,0,0,0,0,0
37.15,17,6,1,0,0,0,0,1,0,0,0,0,0,0,0,1,0,0
699.24,3,1,0,1,0,0,0,0,0,1,0,0,0,0,0,0,0,1
23.44,18,6,1,0,0,0,1,0,0,1,0,0,0,0,0,0,0,0
55.71,19,3,0,0,0,0,1,0,0,0,0,0,0,1,0,0,0,0
1.6,9,0,0,0,0,0,0,0,1,0,1,0,0,0,0,0,0,0
25.9,10,1,0,0,0,0,0,0,1,0,0,0,0,0,0,0,1,0
170.1,9,1,0,0,0,0,1,0,0,0,0,0,0,0,1,0,0,0
55.54,23,1,0,1,0,0,0,0,0,0,0,1,0,0,0,0,0,0
71.9,10,1,0,0,0,0,0,1,0,0,0,0,0,0,1,0,0,0
167.51,21,2,0,0,0,0,0,0,1,0,0,0,1,0,0,0,0,0
9.59,20,3,0,1,0,0,0,0,0,0,0,0,0,0,0,0,1,0
5.75,20,4,0,0,0,0,0,0,1,0,1,0,0,0,0,0,0,0
669.71,8,2,0,0,0,0,0,1,0,1,0,0,0,0,0,0,0,1
40.49,14,2,0,1,0,0,0,0,0,0,0,0,0,1,0,0,0,0
69.39,12,3,0,0,0,0,0,0,1,0,0,0,0,0,1,0,0,0
39.73,11,5,1,0,0,0,0,0,1,0,0,0,0,0,0,0,1,0
154.93,18,1,0,1,0,0,0,0,0,0,0,0,1,0,0,0,0,0
44.49,14,3,0,1,0,0,0,0,0,0,0,0,1,0,0,0,0,0
1435.52,0,5,1,0,0,0,0,0,1,0,0,0,0,1,0,0,0,1
71.48,11,3,0,1,0,0,0,0,0,0,0,0,1,0,0,0,0,0
135.2,23,2,0,1,0,0,0,0,0,0,0,0,1,0,0,0,0,0
57.87,9,0,0,0,0,0,0,0,1,0,0,0,1,0,0,0,0,0
3.14,13,0,0,1,0,0,0,0,0,0,1,0,0,0,0,0,0,0
45.54,8,5,1,0,0,0,0,0,1,0,0,0,0,0,0,1,0,0
2744.02,11,5,1,1,0,0,0,0,0,0,0,0,0,0,1,0,0,1
6.79,23,2,0,0,0,0,0,0,1,0,0,0,0,0,0,1,0,0
43.43,21,2,0,1,0,0,0,0,0,0,0,0,0,0,0,1,0,0
22.8,14,0,0,0,0,1,0,0,0,0,0,0,1,0,0,0,0,0
29.72,9,4,0,1,0,0,0,0,0,0,0,0,0,0,0,0,1,0
174.1,17,6,1,0,1,0,0,0,0,0,0,0,0,0,1,0,0,0
932.33,17,4,0,0,0,0,0,0,1,0,0,0,0,0,0,0,1,1
58.73,12,2,0,0,0,0,1,0,0,0,0,0,0,0,1,0,0,0
187.99,16,1,0,0,0,0,0,0,1,0,0,0,0,0,1,0,0,0
827.72,1,5,1,0,0,1,0,0,0,0,0,1,0,0,0,0,0,1
73.72,16,5,1,0,1,0,0,0,0,0,0,0,0,0,1,0,0,0
35.53,14,2,0,0,0,0,0,0,1,0,0,0,0,0,0,1,0,0
5.07,21,1,0,1,0,0,0,0,0,0,0,0,0,0,0,1,0,0
1.6,23,1,0,0,1,0,0,0,0,0,1,0,0,0,0,0,0,0
7.24,10,5,1,0,0,0,0,1,0,0,0,0,0,0,0,1,0,0
51.72,13,5,1,0,0,0,0,0,1,0,0,0,0,0,0,1,0,0
28.88,8,3,0,0,0,1,0,0,0,0,0,0,0,0,0,0,1,0
5.14,12,5,1,0,1,0,0,0,0,0,1,0,0,0,0,0,0,0
209.33,2,0,0,0,0,0,0,0,1,0,0,0,0,0,0,1,0,1
2712.13,1,3,0,0,0,0,1,0,0,0,0,0,1,0,0,0,0,1
5.1,9,6,1,1,0,0,0,0,0,0,0,0,0,0,0,0,1,0
51.97,15,1,0,0,1,0,0,0,0,0,0,0,0,0,0,1,0,0
3.91,12,3,0,1,0,0,0,0,0,0,1,0,0,0,0,0,0,0
14.15,20,6,1,0,0,0,0,0,1,0,0,0,0,0,0,1,0,0
2027.7,20,5,1,0,0,0,0,1,0,0,0,0,0,1,0,0,0,1
32.77,13,5,1,0,1,0,0,0,0,0,0,0,0,0,1,0,0,0
5.91,9,2,0,0,0,1,0,0,0,1,0,0,0,0,0,0,0,0
36.93,7,2,0,1,0,0,0,0,0,0,0,0,0,0,1,0,0,0
2026.34,0,1,0,0,0,0,0,0,1,0,0,0,0,0,1,0,0,1
58.31,15,0,0,0,1,0,0,0,0,0,0,0,0,1,0,0,0,0
15.33,8,5,1,0,0,0,0,0,1,0,0,1,0,0,0,0,0,0
552.84,12,2,0,0,0,1,0,0,0,0,1,0,0,0,0,0,0,1
11.77,15,0,0,0,0,0,0,0,1,0,0,0,0,1,0,0,0,0
175.35,6,3,0,0,1,0,0,0,0,0,0,0,0,0,1,0,0,0
14.04,20,6,1,0,0,0,0,0,1,1,0,0,0,0,0,0,0,0
796.74,9,0,0,0,0,0,0,0,1,0,0,1,0,0,0,0,0,1
1.55,18,3,0,1,0,0,0,0,0,0,1,0,0,0,0,0,0,0
29.07,15,4,0,1,0,0,0,0,0,0,0,0,0,1,0,0,0,0
5.44,19,5,1,0,0,0,0,1,0,0,1,0,0,0,0,0,0,0
9.53,9,1,0,0,0,1,0,0,0,1,0,0,0,0,0,0,0,0
28.37,20,5,1,0,0,0,0,0,1,0,0,0,0,0,0,0,1,0
1221.27,8,1,0,0,0,0,0,0,1,0,0,0,0,0,0,1,0,1
66.14,11,3,0,1,0,0,0,0,0,0,0,1,0,0,0,0,0,0
30.17,14,5,1,0,1,0,0,0,0,1,0,0,0,0,0,0,0,0
721.26,0,5,1,0,0,1,0,0,0,0,0,0,0,1,0,0,0,1
34.07,6,4,0,0,0,0,0,0,1,0,0,0,0,0,0,0,1,0
1.51,8,0,0,1,0,0,0,0,0,0,1,0,0,0,0,0,0,0
11.16,18,3,0,0,0,1,0,0,0,0,0,0,0,0,0,0,1,0
290.56,16,4,0,0,0,0,0,0,1,0,0,0,0,0,1,0,0,0
8.03,6,3,0,0,1,0,0,0,0,1,0,0,0,0,0,0,0,0
62.94,11,6,1,0,1,0,0,0,0,0,0,1,0,0,0,0,0,0
121.66,9,3,0,0,0,0,0,0,1,0,0,0,0,0,1,0,0,0
23.7,10,6,1,0,1,0,0,0,0,0,0,0,0,0,0,0,1,0
25.38,23,3,0,0,0,0,0,0,1,0,0,0,0,0,0,1,0,0
5.45,14,3,0,0,1,0,0,0,0,0,1,0,0,0,0,0,0,0
2.44,21,6,1,0,0,0,0,0,1,0,1,0,0,0,0,0,0,0
28.74,18,0,0,1,0,0,0,0,0,0,0,0,1,0,0,0,0,0
5.37,17,0,0,1,0,0,0,0,0,0,1,0,0,0,0,0,0,0
27.75,11,1,0,0,0,1,0,0,0,0,0,0,0,0,0,0,1,0
58.35,18,0,0,0,1,0,0,0,0,0,0,1,0,0,0,0,0,0
41.64,13,0,0,1,0,0,0,0,0,0,0,1,0,0,0,0,0,0
79.51,14,6,1,0,0,0,0,0,1,0,0,0,0,1,0,0,0,0
366.35,3,6,1,0,0,0,0,0,1,0,0,0,1,0,0,0,0,1
112.78,23,4,0,1,0,0,0,0,0,0,0,0,0,1,0,0,0,0
67.88,6,4,0,0,0,0,0,1,0,0,0,1,0,0,0,0,0,0
1554.77,6,1,0,1,0,0,0,0,0,0,0,0,0,0,0,0,1,1
1730.24,4,3,0,0,1,0,0,0,0,0,0,0,0,0,0,1,0,1
52.67,6,5,1,0,0,0,0,0,1,0,0,0,1,0,0,0,0,0
3.32,19,0,0,1,0,0,0,0,0,0,1,0,0,0,0,0,0,0
183.41,11,1,0,1,0,0,0,0,0,0,0,0,1,0,0,0,0,0
234.77,16,4,0,1,0,0,0,0,0,0,0,0,0,0,1,0,0,0
19.85,21,1,0,1,0,0,0,0,0,0,0,0,0,0,0,1,0,0
195.58,15,6,1,0,1,0,0,0,0,0,0,0,0,0,1,0,0,0
749.38,0,4,0,0,0,0,0,1,0,1,0,0,0,0,0,0,0,1
62.29,17,0,0,1,0,0,0,0,0,0,0,1,0,0,0,0,0,0
196.35,23,2,0,0,0,0,0,0,1,0,0,0,1,0,0,0,0,0
29.65,21,5,1,1,0,0,0,0,0,0,0,0,0,0,1,0,0,0
38.56,10,2,0,1,0,0,0,0,0,0,0,0,1,0,0,0,0,0
73.15,18,2,0,1,0,0,0,0,0,0,0,1,0,0,0,0,0,0
45.49,16,0,0,1,0,0,0,0,0,0,0,0,0,1,0,0,0,0
34.03,14,6,1,1,0,0,0,0,0,0,0,0,0,0,0,1,0,0
5.6,7,0,0,0,0,0,1,0,0,0,1,0,0,0,0,0,0,0
2.19,21,5,1,0,0,1,0,0,0,0,1,0,0,0,0,0,0,0
26.51,14,2,0,0,0,0,0,1,0,1,0,0,0,0,0,0,0,0
124.09,13,1,0,0,1,0,0,0,0,0,0,0,1,0,0,0,0,0
198.55,9,6,1,0,1,0,0,0,0,0,0,0,0,0,1,0,0,0
2.49,16,0,0,0,0,0,0,0,1,0,1,0,0,0,0,0,0,0
54.46,6,0,0,0,1,0,0,0,0,0,0,0,0,1,0,0,0,0
47.28,7,5,1,0,0,0,0,1,0,0,0,0,0,0,0,1,0,0
1008.5,13,4,0,1,0,0,0,0,0,0,0,1,0,0,0,0,0,1
12.8,21,3,0,0,1,0,0,0,0,0,0,0,0,0,0,1,0,0
76.22,14,6,1,0,0,0,0,0,1,0,0,1,0,0,0,0,0,0
88.2,9,0,0,0,0,0,0,0,1,0,0,0,1,0,0,0,0,0
173.14,6,2,0,0,1,0,0,0,0,0,0,0,1,0,0,0,0,0
21.97,8,4,0,0,0,1,0,0,0,0,0,0,0,0,0,0,1,0
59.66,21,3,0,0,0,0,1,0,0,0,0,1,0,0,0,0,0,0
46.36,22,1,0,1,0,0,0,0,0,0,0,0,0,1,0,0,0,0
5.41,14,1,0,1,0,0,0,0,0,0,1,0,0,0,0,0,0,0
32.52,20,5,1,0,0,0,0,1,0,0,0,0,0,1,0,0,0,0
30.42,8,4,0,0,0,0,1,0,0,0,0,0,0,0,0,1,0,0
45.85,14,2,0,1,0,0,0,0,0,0,0,0,0,0,0,1,0,0
20.41,12,3,0,1,0,0,0,0,0,0,0,1,0,0,0,0,0,0
23.0,21,4,0,1,0,0,0,0,0,0,0,0,0,0,0,0,1,0
4.15,14,1,0,1,0,0,0,0,0,0,1,0,0,0,0,0,0,0
32.25,18,0,0,0,0,0,1,0,0,1,0,0,0,0,0,0,0,0
7.97,20,1,0,1,0,0,0,0,0,0,0,0,0,0,0,0,1,0
57.03,19,5,1,1,0,0,0,0,0,0,0,1,0,0,0,0,0,0
278.43,9,6,1,0,0,1,0,0,0,0,0,0,0,0,1,0,0,0
117.89,22,2,0,1,0,0,0,0,0,0,0,0,0,1,0,0,0,0
22.37,16,2,0,0,0,0,0,0,1,0,0,0,0,0,0,0,1,0
336.67,4,0,0,0,0,0,0,0,1,0,0,1,0,0,0,0,0,1
36.31,6,5,1,0,0,0,0,0,1,0,0,1,0,0,0,0,0,0
113.43,21,2,0,0,0,1,0,0,0,0,0,0,0,0,1,0,0,0
44.01,8,3,0,1,0,0,0,0,0,0,0,0,0,0,0,1,0,0
72.77,10,4,0,1,0,0,0,0,0,0,0,0,0,1,0,0,0,0
2.93,19,5,1,1,0,0,0,0,0,0,1,0,0,0,0,0,0,0
12.81,17,3,0,1,0,0,0,0,0,1,0,0,0,0,0,0,0,0
35.67,7,5,1,1,0,0,0,0,0,0,0,0,0,0,0,0,1,0
19.68,7,2,0,0,0,0,0,0,1,1,0,0,0,0,0,0,0,0
12.11,23,6,1,0,0,0,0,0,1,0,0,0,0,0,0,0,1,0
6.64,19,3,0,1,0,0,0,0,0,0,0,0,0,0,0,0,1,0
18.03,22,5,1,1,0,0,0,0,0,1,0,0,0,0,0,0,0,0
47.75,23,3,0,1,0,0,0,0,0,0,0,0,1,0,0,0,0,0
14.77,17,6,1,1,0,0,0,0,0,0,0,1,0,0,0,0,0,0
70.26,7,1,0,1,0,0,0,0,0,0,0,1,0,0,0,0,0,0
34.53,10,2,0,1,0,0,0,0,0,0,0,1,0,0,0,0,0,0
87.43,22,5,1,0,0,0,0,1,0,0,0,0,1,0,0,0,0,0
27.13,23,0,0,0,0,0,0,0,1,0,0,0,0,0,0,0,1,0
164.84,13,3,0,0,0,0,1,0,0,0,0,0,0,0,1,0,0,0
60.18,17,0,0,1,0,0,0,0,0,0,0,0,0,1,0,0,0,0
19.38,12,4,0,1,0,0,0,0,0,0,0,0,0,0,0,1,0,0
28.51,7,0,0,1,0,0,0,0,0,1,0,0,0,0,0,0,0,0
228.49,20,0,0,0,0,0,0,1,0,0,0,0,0,0,1,0,0,0
53.48,14,1,0,0,0,0,1,0,0,0,0,1,0,0,0,0,0,0
1733.82,3,5,1,0,0,0,0,0,1,0,0,0,0,0,0,0,1,1
36.65,6,2,0,0,0,0,0,0,1,0,0,0,0,0,0,1,0,0
38.15,10,6,1,0,0,0,0,0,1,0,0,0,0,0,0,0,1,0
18.43,11,6,1,1,0,0,0,0,0,1,0,0,0,0,0,0,0,0
51.81,11,0,0,0,0,0,0,0,1,0,0,1,0,0,0,0,0,0
76.02,12,4,0,0,1,0,0,0,0,0,0,1,0,0,0,0,0,0
38.19,16,5,1,1,0,0,0,0,0,0,0,0,0,0,0,0,1,0
34.7,11,4,0,0,1,0,0,0,0,0,0,0,0,1,0,0,0,0
9.3,23,2,0,0,1,0,0,0,0,0,0,0,0,0,0,0,1,0
174.43,15,4,0,0,0,0,0,0,1,0,0,0,0,0,1,0,0,0
1886.19,22,0,0,0,0,0,0,0,1,0,0,0,0,0,0,1,0,1
188.62,22,1,0,0,1,0,0,0,0,0,0,0,0,0,1,0,0,0
8.42,8,5,1,1,0,0,0,0,0,1,0,0,0,0,0,0,0,0
51.92,11,6,1,0,0,0,0,1,0,0,0,1,0,0,0,0,0,0
33.63,10,4,0,0,0,0,0,1,0,0,0,1,0,0,0,0,0,0
28.4,12,5,1,1,0,0,0,0,0,0,0,0,0,0,0,0,1,0
21.8,7,6,1,0,1,0,0,0,0,0,0,0,0,0,1,0,0,0
27.19,23,3,0,1,0,0,0,0,0,1,0,0,0,0,0,0,0,0
55.59,22,2,0,1,0,0,0,0,0,0,0,1,0,0,0,0,0,0
43.17,17,2,0,0,0,0,0,0,1,0,0,0,0,0,0,1,0,0
520.44,16,1,0,0,1,0,0,0,0,1,0,0,0,0,0,0,0,1
137.0,12,4,0,1,0,0,0,0,0,0,0,0,1,0,0,0,0,0
36.9,14,2,0,0,1,0,0,0,0,0,0,0,0,0,0,1,0,0
18.58,15,1,0,1,0,0,0,0,0,1,0,0,0,0,0,0,0,0
72.22,11,6,1,0,0,0,0,0,1,0,0,0,0,1,0,0,0,0
5.13,13,4,0,0,0,0,0,1,0,0,0,0,0,0,0,1,0,0
20.9,14,3,0,1,0,0,0,0,0,0,0,0,0,0,0,1,0,0
48.62,7,6,1,0,1,0,0,0,0,0,0,0,0,1,0,0,0,0
2.78,6,4,0,0,1,0,0,0,0,0,1,0,0,0,0,0,0,0
58.05,12,1,0,0,0,1,0,0,0,0,0,1,0,0,0,0,0,0
21.86,15,1,0,1,0,0,0,0,0,0,0,0,0,0,0,0,1,0
868.42,4,6,1,0,0,0,0,0,1,0,0,0,1,0,0,0,0,1
1495.2,0,6,1,0,0,0,0,1,0,0,0,0,0,0,0,0,1,1
148.96,17,0,0,0,0,0,0,0,1,0,0,0,1,0,0,0,0,0
111.08,14,4,0,0,1,0,0,0,0,0,0,0,0,0,1,0,0,0
4.05,22,5,1,1,0,0,0,0,0,0,1,0,0,0,0,0,0,0
50.3,15,1,0,0,0,0,0,0,1,0,0,1,0,0,0,0,0,0
28.68,3,2,0,0,0,0,0,0,1,0,0,0,0,0,0,1,0,1
40.84,17,1,0,0,0,1,0,0,0,0,0,1,0,0,0,0,0,0
38.19,9,6,1,0,0,0,0,0,1,0,0,0,0,0,0,0,1,0
6.81,18,6,1,0,0,1,0,0,0,0,0,0,0,0,0,1,0,0
16.46,20,4,0,0,1,0,0,0,0,1,0,0,0,0,0,0,0,0
5.08,11,1,0,0,1,0,0,0,0,0,1,0,0,0,0,0,0,0
91.17,7,6,1,0,0,0,0,0,1,0,0,0,0,0,1,0,0,0
9.55,11,4,0,0,0,1,0,0,0,1,0,0,0,0,0,0,0,0
5.72,17,5,1,0,0,0,0,1,0,0,1,0,0,0,0,0,0,0
194.13,9,0,0,0,0,0,1,0,0,0,0,0,1,0,0,0,0,0
23.91,9,2,0,0,1,0,0,0,0,0,0,0,0,0,0,0,1,0
5.53,6,0,0,0,1,0,0,0,0,0,0,0,0,0,0,1,0,0
41.97,18,0,0,0,0,0,0,0,1,0,0,0,0,0,1,0,0,0
11.09,7,3,0,1,0,0,0,0,0,0,0,0,0,0,0,0,1,0
18.49,20,6,1,0,0,0,0,0,1,1,0,0,0,0,0,0,0,0
16.45,23,5,1,1,0,0,0,0,0,0,0,0,0,0,0,1,0,0
38.16,12,4,0,0,0,0,0,0,1,0,0,0,0,0,0,0,1,0
85.12,22,4,0,0,1,0,0,0,0,0,0,0,0,1,0,0,0,0
126.61,13,5,1,0,0,0,0,0,1,0,0,0,1,0,0,0,0,0
246.49,20,6,1,0,0,0,0,0,1,0,0,0,0,0,1,0,0,0
22.06,17,2,0,0,0,0,1,0,0,0,0,0,0,0,0,1,0,0
84.94,9,3,0,1,0,0,0,0,0,0,0,0,0,1,0,0,0,0
24.01,6,6,1,0,0,0,0,0,1,0,0,0,0,1,0,0,0,0
3.19,6,6,1,0,0,0,1,0,0,0,1,0,0,0,0,0,0,0
35.37,14,4,0,0,0,0,0,0,1,0,0,0,0,0,0,1,0,0
86.22,18,1,0,0,1,0,0,0,0,0,0,0,0,1,0,0,0,0
38.02,23,2,0,1,0,0,0,0,0,0,0,0,0,0,0,1,0,0
37.73,21,0,0,1,0,0,0,0,0,0,0,0,0,0,0,0,1,0
78.38,15,3,0,0,0,1,0,0,0,0,0,0,1,0,0,0,0,0
15.88,12,1,0,1,0,0,0,0,0,0,0,0,0,0,0,1,0,0
124.53,1,6,1,0,0,0,0,0,1,1,0,0,0,0,0,0,0,1
35.17,21,1,0,0,0,1,0,0,0,0,0,0,0,1,0,0,0,0
15.16,7,2,0,0,1,0,0,0,0,0,0,0,0,0,0,1,0,0
937.11,20,2,0,0,0,0,0,0,1,0,0,0,0,0,0,1,0,1
128.26,4,6,1,0,0,0,0,0,1,0,0,1,0,0,0,0,0,1
27.21,14,3,0,1,0,0,0,0,0,0,0,0,1,0,0,0,0,0
227.56,4,3,0,0,0,0,0,0,1,0,0,0,0,1,0,0,0,1
260.76,16,6,1,1,0,0,0,0,0,0,0,0,0,0,1,0,0,0
32.29,13,4,0,0,0,1,0,0,0,1,0,0,0,0,0,0,0,0
3.81,15,1,0,0,0,1,0,0,0,0,1,0,0,0,0,0,0,0
5.09,10,1,0,0,0,0,0,1,0,0,1,0,0,0,0,0,0,0
25.86,15,0,0,0,1,0,0,0,0,1,0,0,0,0,0,0,0,0
50.37,12,6,1,0,1,0,0,0,0,0,0,1,0,0,0,0,0,0
60.74,20,5,1,0,0,1,0,0,0,0,0,0,0,0,1,0,0,0
5.99,16,3,0,1,0,0,0,0,0,0,0,0,0,0,0,0,1,0
116.34,12,1,0,0,0,0,0,0,1,0,0,0,1,0,0,0,0,0
22.89,15,3,0,1,0,0,0,0,0,1,0,0,0,0,0,0,0,0
25.37,10,6,1,0,1,0,0,0,0,1,0,0,0,0,0,0,0,0
36.07,11,1,0,0,1,0,0,0,0,0,0,0,0,0,0,0,1,0
52.35,14,4,0,1,0,0,0,0,0,0,0,0,0,0,0,1,0,0
33.54,7,1,0,1,0,0,0,0,0,1,0,0,0,0,0,0,0,0
8.38,14,0,0,0,1,0,0,0,0,0,0,0,0,0,0,0,1,0
166.72,4,1,0,0,0,0,0,0,1,0,0,0,0,0,0,0,1,1
31.36,23,2,0,0,0,1,0,0,0,0,0,0,0,0,0,0,1,0
89.98,6,5,1,0,0,0,0,0,1,0,0,0,1,0,0,0,0,0
59.54,15,6,1,0,0,1,0,0,0,0,0,0,0,0,0,1,0,0
50.56,8,0,0,0,1,0,0,0,0,0,0,0,0,0,0,1,0,0
38.83,23,1,0,0,0,0,0,0,1,0,0,0,0,0,0,0,1,0
178.78,14,5,1,0,0,1,0,0,0,0,0,0,0,0,1,0,0,0
32.16,19,2,0,1,0,0,0,0,0,0,0,0,0,0,0,0,1,0
63.15,15,2,0,0,0,0,0,0,1,0,0,1,0,0,0,0,0,0
294.9,17,6,1,0,0,1,0,0,0,0,0,0,0,0,1,0,0,0
148.62,15,3,0,0,0,0,0,1,0,0,0,0,0,0,1,0,0,0
54.96,16,4,0,0,0,0,0,0,1,0,0,1,0,0,0,0,0,0
29.62,23,3,0,0,0,0,0,0,1,0,0,1,0,0,0,0,0,0
45.21,22,3,0,0,0,0,0,0,1,0,0,0,0,1,0,0,0,0
192.55,23,1,0,1,0,0,0,0,0,0,0,0,0,0,1,0,0,0
15.46,21,0,0,0,0,0,0,0,1,1,0,0,0,0,0,0,0,0
1.94,12,1,0,0,1,0,0,0,0,0,1,0,0,0,0,0,0,0
8.22,22,4,0,0,1,0,0,0,0,0,0,0,0,0,0,0,1,0
19.28,23,3,0,1,0,0,0,0,0,0,0,0,0,0,0,0,1,0
29.07,18,0,0,1,0,0,0,0,0,0,0,0,1,0,0,0,0,0
65.78,18,1,0,0,1,0,0,0,0,0,0,1,0,0,0,0,0,0
50.34,10,6,1,1,0,0,0,0,0,0,0,0,0,0,0,1,0,0
9.66,22,3,0,0,0,0,1,0,0,1,0,0,0,0,0,0,0,0
87.14,19,4,0,1,0,0,0,0,0,0,0,0,0,0,1,0,0,0
187.23,15,2,0,0,0,0,0,0,1,0,0,0,1,0,0,0,0,0
5.06,6,2,0,0,0,1,0,0,0,0,1,0,0,0,0,0,0,0
1.68,16,1,0,0,0,0,0,1,0,0,1,0,0,0,0,0,0,0
189.7,8,6,1,0,0,0,1,0,0,0,0,0,1,0,0,0,0,0
7.92,23,0,0,0,0,0,0,0,1,0,0,0,0,0,0,1,0,0
15.04,20,6,1,1,0,0,0,0,0,0,0,0,0,0,0,1,0,0
3.7,19,0,0,0,0,0,1,0,0,0,1,0,0,0,0,0,0,0
15.11,9,0,0,1,0,0,0,0,0,0,0,0,0,0,0,0,1,0
14.44,19,3,0,0,0,1,0,0,0,0,0,0,0,0,0,1,0,0
88.52,14,3,0,1,0,0,0,0,0,0,0,0,0,1,0,0,0,0
30.18,15,4,0,0,0,1,0,0,0,0,0,0,0,0,0,0,1,0
79.66,19,5,1,0,0,0,0,1,0,0,0,0,1,0,0,0,0,0
42.07,9,5,1,0,0,0,0,0,1,0,0,0,0,0,0,1,0,0
15.04,6,5,1,0,1,0,0,0,0,0,0,0,0,0,0,0,1,0
11.02,14,5,1,1,0,0,0,0,0,0,0,0,0,0,0,0,1,0
76.32,14,1,0,1,0,0,0,0,0,0,0,0,0,0,1,0,0,0
68.72,18,6,1,0,0,0,0,1,0,0,0,0,0,1,0,0,0,0
16.03,8,3,0,1,0,0,0,0,0,0,0,0,0,0,0,1,0,0
3.16,23,3,0,1,0,0,0,0,0,0,1,0,0,0,0,0,0,0
44.55,11,4,0,0,1,0,0,0,0,0,0,0,0,0,0,1,0,0
54.73,18,5,1,1,0,0,0,0,0,0,0,1,0,0,0,0,0,0
152.36,19,5,1,0,1,0,0,0,0,0,0,0,0,0,1,0,0,0
42.41,7,5,1,1,0,0,0,0,0,0,0,1,0,0,0,0,0,0
279.15,23,2,0,1,0,0,0,0,0,0,0,0,0,0,1,0,0,0
199.65,18,2,0,0,0,1,0,0,0,0,0,0,1,0,0,0,0,0
13.14,22,3,0,1,0,0,0,0,0,0,0,0,0,1,0,0,0,0
61.87,8,5,1,0,0,0,1,0,0,0,0,1,0,0,0,0,0,0
25.7,6,4,0,1,0,0,0,0,0,0,0,0,0,0,0,1,0,0
28.0,7,3,0,1,0,0,0,0,0,0,0,0,0,0,0,0,1,0
17.54,17,0,0,1,0,0,0,0,0,0,0,1,0,0,0,0,0,0
57.15,2,0,0,0,0,0,0,0,1,0,0,0,0,0,0,0,1,1
26.51,14,0,0,1,0,0,0,0,0,1,0,0,0,0,0,0,0,0
34.1,17,5,1,0,0,0,0,0,1,0,0,0,0,0,0,0,1,0
102.76,17,0,0,0,0,0,1,0,0,0,0,0,0,1,0,0,0,0
28.82,16,3,0,0,1,0,0,0,0,0,0,0,0,0,0,0,1,0
26.19,15,6,1,0,0,0,0,0,1,0,0,0,0,0,0,1,0,0
13.17,12,5,1,0,0,0,0,0,1,1,0,0,0,0,0,0,0,0
2.66,15,2,0,0,1,0,0,0,0,0,1,0,0,0,0,0,0,0
33.65,15,4,0,0,1,0,0,0,0,1,0,0,0,0,0,0,0,0
45.37,12,0,0,0,0,1,0,0,0,0,0,0,0,0,1,0,0,0
1540.64,7,6,1,1,0,0,0,0,0,0,0,0,0,0,1,0,0,1
93.33,12,3,0,0,0,0,1,0,0,0,0,0,0,0,1,0,0,0
59.83,19,3,0,0,0,1,0,0,0,0,0,0,1,0,0,0,0,0
29.56,19,4,0,1,0,0,0,0,0,1,0,0,0,0,0,0,0,0
748.83,4,3,0,0,0,0,0,0,1,1,0,0,0,0,0,0,0,1
84.31,18,0,0,1,0,0,0,0,0,0,0,0,0,1,0,0,0,0
1153.55,4,5,1,0,0,0,0,0,1,0,0,0,0,0,1,0,0,1
35.08,17,0,0,0,1,0,0,0,0,0,0,0,0,0,0,1,0,0
113.24,21,0,0,1,0,0,0,0,0,0,0,0,1,0,0,0,0,0
667.81,9,2,0,0,1,0,0,0,0,1,0,0,0,0,0,0,0,1
87.56,13,3,0,1,0,0,0,0,0,0,0,0,0,0,1,0,0,0
95.92,17,4,0,0,0,0,0,0,1,0,0,0,0,1,0,0,0,0
156.32,6,3,0,0,0,0,0,0,1,0,0,0,0,0,1,0,0,0
53.47,20,6,1,0,1,0,0,0,0,0,0,1,0,0,0,0,0,0
56.76,18,2,0,1,0,0,0,0,0,0,0,0,0,0,0,1,0,0
97.82,14,2,0,1,0,0,0,0,0,0,0,0,0,1,0,0,0,0
134.56,11,4,0,0,0,0,0,1,0,0,0,0,1,0,0,0,0,0
215.97,20,3,0,0,0,0,0,0,1,0,0,0,0,0,1,0,0,0
74.99,23,4,0,0,0,0,0,0,1,0,0,0,1,0,0,0,0,0
70.72,12,0,0,0,0,0,0,0,1,0,0,0,0,1,0,0,0,0
45.3,23,0,0,1,0,0,0,0,0,0,0,1,0,0,0,0,0,0
104.17,10,6,1,0,1,0,0,0,0,0,0,0,0,1,0,0,0,0
1502.79,0,5,1,0,0,0,1,0,0,0,0,0,1,0,0,0,0,1
28.9,23,5,1,0,1,0,0,0,0,0,0,0,0,0,0,1,0,0
40.0,7,2,0,0,1,0,0,0,0,0,0,0,0,0,0,0,1,0
214.86,18,1,0,1,0,0,0,0,0,0,0,0,0,0,1,0,0,0
5.33,19,1,0,1,0,0,0,0,0,0,1,0,0,0,0,0,0,0
74.62,20,5,1,1,0,0,0,0,0,0,0,0,0,1,0,0,0,0
59.18,21,0,0,0,0,0,0,1,0,0,0,1,0,0,0,0,0,0
74.4,23,5,1,0,1,0,0,0,0,0,0,0,0,1,0,0,0,0
18.28,18,5,1,0,0,0,0,0,1,0,0,0,0,0,0,0,1,0
3.71,9,3,0,0,1,0,0,0,0,0,1,0,0,0,0,0,0,0
484.47,0,0,0,0,0,0,0,0,1,0,0,0,0,1,0,0,0,1
37.92,23,2,0,1,0,0,0,0,0,0,0,0,0,1,0,0,0,0
10.73,17,6,1,0,0,0,0,0,1,1,0,0,0,0,0,0,0,0
538.32,11,5,1,0,0,1,0,0,0,1,0,0,0,0,0,0,0,1
66.9,12,1,0,0,1,0,0,0,0,0,0,0,0,1,0,0,0,0
264.76,23,1,0,0,1,0,0,0,0,0,0,0,0,0,1,0,0,0
28.77,10,6,1,1,0,0,0,0,0,0,0,0,0,1,0,0,0,0
19.63,23,6,1,1,0,0,0,0,0,0,0,0,0,0,0,1,0,0
2.32,18,3,0,0,0,0,0,0,1,0,1,0,0,0,0,0,0,0
128.52,23,5,1,0,0,0,0,0,1,0,0,0,1,0,0,0,0,0
14.99,14,5,1,1,0,0,0,0,0,0,0,0,0,0,0,0,1,0
9.83,11,3,0,0,1,0,0,0,0,1,0,0,0,0,0,0,0,0
29.7,22,6,1,0,0,0,0,0,1,0,0,0,0,1,0,0,0,0
42.44,10,5,1,0,1,0,0,0,0,0,0,0,0,0,0,1,0,0
17.81,12,2,0,0,1,0,0,0,0,0,0,0,0,1,0,0,0,0
7.92,9,6,1,0,1,0,0,0,0,0,0,0,0,0,0,0,1,0
32.96,23,3,0,1,0,0,0,0,0,0,0,1,0,0,0,0,0,0
29.87,20,6,1,1,0,0,0,0,0,0,0,0,0,0,0,1,0,0
6.48,7,6,1,0,0,1,0,0,0,1,0,0,0,0,0,0,0,0
296.29,3,2,0,0,0,0,0,0,1,0,0,0,0,1,0,0,0,1
21.57,12,4,0,1,0,0,0,0,0,0,0,1,0,0,0,0,0,0
74.25,3,3,0,0,0,0,0,0,1,0,0,0,0,0,0,0,1,1
31.98,7,4,0,1,0,0,0,0,0,0,0,0,0,0,0,0,1,0
678.8,0,0,0,0,0,0,0,0,1,0,0,0,0,0,1,0,0,1
26.72,23,2,0,1,0,0,0,0,0,0,0,0,0,0,0,0,1,0
59.51,10,1,0,0,0,0,1,0,0,0,0,1,0,0,0,0,0,0
76.35,18,5,1,0,0,0,1,0,0,0,0,0,0,1,0,0,0,0
59.07,11,3,0,0,0,0,0,0,1,0,0,0,1,0,0,0,0,0
4676.47,0,4,0,0,0,1,0,0,0,0,0,0,0,0,1,0,0,1
5.67,11,4,0,1,0,0,0,0,0,0,1,0,0,0,0,0,0,0
101.81,19,4,0,0,0,0,0,0,1,0,0,0,0,1,0,0,0,0
5.91,18,6,1,1,0,0,0,0,0,0,1,0,0,0,0,0,0,0
10.83,11,0,0,0,1,0,0,0,0,0,0,1,0,0,0,0,0,0
4987.67,2,4,0,0,0,1,0,0,0,0,0,0,0,0,1,0,0,1
285.85,9,6,1,1,0,0,0,0,0,0,0,0,0,0,1,0,0,0
2.35,19,3,0,0,1,0,0,0,0,0,1,0,0,0,0,0,0,0
37.42,11,2,0,0,1,0,0,0,0,0,0,0,0,0,0,0,1,0
10.81,17,3,0,0,0,0,0,0,1,0,0,0,0,0,0,0,1,0
8.54,12,0,0,0,0,1,0,0,0,1,0,0,0,0,0,0,0,0
62.78,16,2,0,0,0,1,0,0,0,0,0,0,0,1,0,0,0,0
44.24,15,3,0,0,0,1,0,0,0,0,0,1,0,0,0,0,0,0
625.52,2,4,0,0,1,0,0,0,0,0,0,0,0,1,0,0,0,1
24.1,23,5,1,0,0,0,0,0,1,0,0,0,0,1,0,0,0,0
7.74,12,4,0,1,0,0,0,0,0,1,0,0,0,0,0,0,0,0
64.07,12,4,0,0,0,0,0,0,1,0,0,0,1,0,0,0,0,0
1488.23,13,1,0,0,0,1,0,0,0,0,0,0,1,0,0,0,0,1
1.95,21,5,1,1,0,0,0,0,0,0,1,0,0,0,0,0,0,0
32.22,9,4,0,0,0,0,0,0,1,0,0,0,0,1,0,0,0,0
45.23,16,2,0,1,0,0,0,0,0,0,0,1,0,0,0,0,0,0
23.19,19,3,0,0,1,0,0,0,0,0,0,0,0,0,0,0,1,0
14.47,15,2,0,0,0,0,0,0,1,0,0,1,0,0,0,0,0,0
94.84,17,2,0,0,0,0,1,0,0,0,0,0,0,1,0,0,0,0
3.04,16,0,0,0,0,0,0,0,1,0,1,0,0,0,0,0,0,0
1.76,20,4,0,1,0,0,0,0,0,0,1,0,0,0,0,0,0,0
59.56,20,3,0,0,0,1,0,0,0,0,0,1,0,0,0,0,0,0
79.66,23,4,0,0,1,0,0,0,0,0,0,0,0,1,0,0,0,0
62.96,8,6,1,1,0,0,0,0,0,0,0,1,0,0,0,0,0,0
546.84,14,2,0,0,0,0,0,0,1,0,0,1,0,0,0,0,0,1
43.35,16,2,0,0,0,0,0,0,1,0,0,0,0,0,1,0,0,0
37.55,17,0,0,0,1,0,0,0,0,0,0,0,0,0,0,1,0,0
70.54,18,0,0,0,1,0,0,0,0,0,0,1,0,0,0,0,0,0
37.8,13,1,0,0,0,0,0,0,1,0,0,0,0,0,0,1,0,0
166.35,23,0,0,1,0,0,0,0,0,0,0,0,0,0,1,0,0,0
1611.2,10,5,1,0,0,0,0,0,1,0,0,0,1,0,0,0,0,1
49.88,21,3,0,1,0,0,0,0,0,0,0,0,0,0,0,1,0,0
74.01,19,0,0,1,0,0,0,0,0,0,0,1,0,0,0,0,0,0
21.06,23,3,0,0,0,0,0,0,1,0,0,0,0,0,0,1,0,0
31.07,20,4,0,0,0,0,0,0,1,0,0,0,0,0,0,1,0,0
28.75,15,3,0,0,0,1,0,0,0,1,0,0,0,0,0,0,0,0
9.3,21,0,0,1,0,0,0,0,0,0,0,0,0,0,0,0,1,0
1305.69,0,5,1,0,0,0,0,0,1,0,0,0,0,0,0,0,1,1
7.58,18,1,0,0,0,0,0,0,1,0,0,0,0,0,0,0,1,0
55.39,8,1,0,1,0,0,0,0,0,0,0,0,0,0,0,1,0,0
3.9,7,0,0,1,0,0,0,0,0,0,1,0,0,0,0,0,0,0
6.88,16,3,0,1,0,0,0,0,0,0,0,0,0,0,0,0,1,0
22.6,3,1,0,0,0,0,0,0,1,0,1,0,0,0,0,0,0,1
45.6,8,3,0,0,1,0,0,0,0,0,0,1,0,0,0,0,0,0
52.34,20,0,0,0,1,0,0,0,0,0,0,0,0,0,0,1,0,0
13.44,15,6,1,1,0,0,0,0,0,1,0,0,0,0,0,0,0,0
180.36,11,4,0,0,0,1,0,0,0,0,0,0,0,0,1,0,0,0
1257.84,2,6,1,0,0,0,0,1,0,0,0,0,0,1,0,0,0,1
5.9,23,1,0,0,1,0,0,0,0,0,1,0,0,0,0,0,0,0
39.94,7,2,0,1,0,0,0,0,0,0,0,1,0,0,0,0,0,0
68.55,13,0,0,1,0,0,0,0,0,0,0,0,1,0,0,0,0,0
192.74,19,4,0,1,0,0,0,0,0,0,0,0,1,0,0,0,0,0
5.61,12,2,0,1,0,0,0,0,0,1,0,0,0,0,0,0,0,0
83.39,8,6,1,0,0,1,0,0,0,0,0,0,0,0,1,0,0,0
1.61,12,5,1,0,0,0,0,0,1,0,1,0,0,0,0,0,0,0
57.2,7,6,1,1,0,0,0,0,0,0,0,0,1,0,0,0,0,0
108.92,8,2,0,1,0,0,0,0,0,0,0,0,0,1,0,0,0,0
2287.89,4,4,0,0,0,0,1,0,0,0,0,0,0,0,1,0,0,1
22.03,6,3,0,1,0,0,0,0,0,1,0,0,0,0,0,0,0,0
149.22,14,6,1,0,0,1,0,0,0,0,0,0,1,0,0,0,0,0
5.42,21,2,0,1,0,0,0,0,0,0,1,0,0,0,0,0,0,0
73.4,17,1,0,0,0,0,0,1,0,0,0,1,0,0,0,0,0,0
5.39,23,2,0,1,0,0,0,0,0,0,1,0,0,0,0,0,0,0
45.4,8,0,0,1,0,0,0,0,0,0,0,0,0,0,0,1,0,0
32.24,16,3,0,0,0,0,0,0,1,0,0,0,0,0,0,1,0,0
14.71,10,6,1,0,1,0,0,0,0,0,0,0,0,1,0,0,0,0
85.26,13,0,0,0,0,0,0,0,1,0,0,0,0,1,0,0,0,0
18.72,11,1,0,1,0,0,0,0,0,0,0,0,0,1,0,0,0,0
56.03,22,1,0,0,1,0,0,0,0,0,0,0,0,0,0,1,0,0
13.63,17,4,0,1,0,0,0,0,0,0,0,0,0,0,0,1,0,0
53.8,18,2,0,1,0,0,0,0,0,0,0,0,1,0,0,0,0,0
22.96,11,3,0,1,0,0,0,0,0,0,0,0,1,0,0,0,0,0
59.32,11,6,1,0,1,0,0,0,0,0,0,0,0,1,0,0,0,0
12.69,23,3,0,0,0,0,0,0,1,0,0,0,0,1,0,0,0,0
23.1,14,5,1,1,0,0,0,0,0,0,0,0,0,0,0,1,0,0
2.52,23,4,0,0,1,0,0,0,0,0,1,0,0,0,0,0,0,0
39.17,9,0,0,0,0,0,0,1,0,0,0,0,1,0,0,0,0,0
94.67,1,5,1,0,0,0,0,0,1,0,0,0,1,0,0,0,0,1
12.05,23,4,0,0,1,0,0,0,0,0,0,0,0,0,0,0,1,0
34.9,20,0,0,1,0,0,0,0,0,0,0,0,0,1,0,0,0,0
20.71,14,0,0,0,0,0,0,0,1,0,0,0,0,0,0,0,1,0
76.32,10,5,1,0,0,0,1,0,0,0,0,1,0,0,0,0,0,0
42.51,6,6,1,0,1,0,0,0,0,0,0,0,0,0,0,1,0,0
13.94,22,4,0,1,0,0,0,0,0,0,0,1,0,0,0,0,0,0
29.31,13,6,1,1,0,0,0,0,0,0,0,1,0,0,0,0,0,0
87.87,19,1,0,0,1,0,0,0,0,0,0,0,1,0,0,0,0,0
68.68,17,6,1,0,1,0,0,0,0,0,0,0,1,0,0,0,0,0
28.52,20,6,1,0,0,1,0,0,0,0,0,0,0,0,0,0,1,0
2.26,23,3,0,1,0,0,0,0,0,0,1,0,0,0,0,0,0,0
54.83,6,6,1,0,0,0,0,0,1,0,0,0,0,0,0,1,0,0
193.79,23,4,0,1,0,0,0,0,0,0,0,0,0,0,1,0,0,0
61.22,12,5,1,1,0,0,0,0,0,0,0,1,0,0,0,0,0,0
70.91,10,3,0,0,1,0,0,0,0,0,0,0,1,0,0,0,0,0
277.12,22,0,0,1,0,0,0,0,0,0,0,0,0,0,1,0,0,0
16.94,16,0,0,0,1,0,0,0,0,0,0,0,0,1,0,0,0,0
50.43,13,0,0,1,0,0,0,0,0,0,0,0,0,0,0,1,0,0
37.24,21,2,0,0,1,0,0,0,0,0,0,0,0,0,0,0,1,0
71.97,8,3,0,0,1,0,0,0,0,0,0,0,0,1,0,0,0,0
2942.87,1,5,1,0,0,0,0,1,0,0,0,0,1,0,0,0,0,1
8.34,23,1,0,0,0,0,1,0,0,0,0,0,0,0,0,0,1,0
57.86,6,3,0,1,0,0,0,0,0,0,0,0,0,0,0,1,0,0
15.52,10,6,1,1,0,0,0,0,0,1,0,0,0,0,0,0,0,0
150.6,20,3,0,0,1,0,0,0,0,0,0,0,1,0,0,0,0,0
224.95,22,2,0,0,0,0,0,0,1,0,0,0,0,0,1,0,0,0
1.79,6,3,0,0,1,0,0,0,0,0,1,0,0,0,0,0,0,0
11.93,16,2,0,0,0,0,0,1,0,1,0,0,0,0,0,0,0,0
597.94,12,1,0,1,0,0,0,0,0,0,0,1,0,0,0,0,0,1
5.74,23,4,0,0,1,0,0,0,0,0,0,0,0,0,0,1,0,0
153.35,16,3,0,0,1,0,0,0,0,0,0,0,1,0,0,0,0,0
30.94,18,1,0,1,0,0,0,0,0,0,0,0,0,0,0,1,0,0
26.79,8,5,1,0,0,0,0,0,1,0,0,1,0,0,0,0,0,0
135.6,19,0,0,1,0,0,0,0,0,0,0,0,1,0,0,0,0,0
29.88,7,1,0,1,0,0,0,0,0,0,0,0,0,0,0,1,0,0
75.65,16,4,0,1,0,0,0,0,0,0,0,0,0,1,0,0,0,0
18.3,18,1,0,0,1,0,0,0,0,1,0,0,0,0,0,0,0,0
26.55,13,1,0,0,0,0,0,0,1,0,0,0,0,0,0,1,0,0
104.82,15,2,0,0,1,0,0,0,0,0,0,0,0,1,0,0,0,0
26.04,6,3,0,0,0,0,0,0,1,0,0,0,0,0,0,1,0,0
79.56,16,4,0,1,0,0,0,0,0,0,0,1,0,0,0,0,0,0
27.15,9,6,1,0,1,0,0,0,0,0,0,0,0,0,0,1,0,0
3.97,16,3,0,1,0,0,0,0,0,0,1,0,0,0,0,0,0,0
19.44,18,2,0,0,0,0,0,0,1,1,0,0,0,0,0,0,0,0
21.24,21,0,0,0,1,0,0,0,0,0,0,0,0,0,0,0,1,0
19.75,8,6,1,0,1,0,0,0,0,0,0,0,0,1,0,0,0,0
124.53,23,5,1,0,0,0,0,0,1,0,0,0,0,0,1,0,0,0
61.18,14,4,0,0,0,0,0,0,1,0,0,0,1,0,0,0,0,0
77.53,8,1,0,1,0,0,0,0,0,0,0,0,1,0,0,0,0,0
121.72,23,0,0,0,0,0,0,0,1,0,0,0,1,0,0,0,0,0
38.24,16,0,0,0,0,1,0,0,0,0,0,0,0,0,0,1,0,0
40.54,11,3,0,0,0,1,0,0,0,0,0,0,0,0,1,0,0,0
45.19,15,2,0,0,1,0,0,0,0,0,0,0,0,0,0,1,0,0
48.65,11,6,1,0,1,0,0,0,0,0,0,0,0,0,0,1,0,0
56.12,22,3,0,0,0,1,0,0,0,0,0,1,0,0,0,0,0,0
45.71,18,0,0,1,0,0,0,0,0,0,0,1,0,0,0,0,0,0
194.37,15,5,1,0,0,0,1,0,0,0,0,0,1,0,0,0,0,0
63.98,11,2,0,1,0,0,0,0,0,0,0,0,0,1,0,0,0,0
143.05,19,1,0,1,0,0,0,0,0,0,0,0,1,0,0,0,0,0
727.72,6,4,0,0,0,1,0,0,0,0,0,1,0,0,0,0,0,1
13.57,7,5,1,0,0,0,0,0,1,0,0,0,0,0,0,0,1,0
1.99,6,6,1,1,0,0,0,0,0,0,1,0,0,0,0,0,0,0
2.08,18,5,1,0,0,0,0,1,0,0,1,0,0,0,0,0,0,0
28.96,14,5,1,0,1,0,0,0,0,0,0,0,0,0,0,0,1,0
14.15,17,5,1,0,1,0,0,0,0,0,0,1,0,0,0,0,0,0
183.73,14,3,0,1,0,0,0,0,0,0,0,0,1,0,0,0,0,0
37.95,23,1,0,0,0,1,0,0,0,0,0,0,0,0,0,0,1,0
251.47,21,0,0,0,1,0,0,0,0,0,0,0,0,0,1,0,0,0
3.82,23,2,0,0,0,0,0,1,0,0,1,0,0,0,0,0,0,0
5.58,19,5,1,0,1,0,0,0,0,1,0,0,0,0,0,0,0,0
234.64,8,0,0,1,0,0,0,0,0,0,0,0,0,0,1,0,0,0
154.69,14,3,0,1,0,0,0,0,0,0,0,0,0,0,1,0,0,0
131.22,17,6,1,0,0,0,0,0,1,0,0,0,0,0,1,0,0,0
84.53,19,0,0,1,0,0,0,0,0,0,0,0,1,0,0,0,0,0
32.44,23,6,1,0,0,0,1,0,0,0,0,0,0,0,0,0,1,0
31.07,7,5,1,0,0,1,0,0,0,0,0,0,0,0,0,0,1,0
88.01,1,3,0,0,0,0,0,0,1,0,0,0,0,0,0,1,0,1
39.63,23,3,0,1,0,0,0,0,0,0,0,0,0,0,0,0,1,0
43.43,11,2,0,0,1,0,0,0,0,0,0,1,0,0,0,0,0,0
49.85,17,2,0,1,0,0,0,0,0,0,0,0,1,0,0,0,0,0
23.36,1,5,1,0,0,0,0,0,1,0,1,0,0,0,0,0,0,1
151.18,23,5,1,0,0,0,0,0,1,0,0,0,0,0,1,0,0,0
24.19,18,3,0,0,1,0,0,0,0,1,0,0,0,0,0,0,0,0
276.82,23,0,0,0,0,0,0,0,1,0,0,0,0,0,1,0,0,0
3.49,15,3,0,0,0,0,0,0,1,0,1,0,0,0,0,0,0,0
12.85,15,6,1,0,0,0,0,0,1,1,0,0,0,0,0,0,0,0
11.72,16,3,0,0,0,1,0,0,0,0,0,0,0,0,0,1,0,0
21.02,13,2,0,0,1,0,0,0,0,0,0,0,0,0,0,1,0,0
2.62,22,2,0,0,1,0,0,0,0,0,1,0,0,0,0,0,0,0
22.02,10,3,0,0,1,0,0,0,0,0,0,0,0,0,0,1,0,0
102.2,22,3,0,0,0,0,0,0,1,0,0,0,0,0,1,0,0,0
27.94,12,5,1,0,0,0,0,0,1,0,0,0,0,0,0,0,1,0
60.95,22,5,1,1,0,0,0,0,0,0,0,0,0,1,0,0,0,0
84.01,22,3,0,0,0,0,0,0,1,0,0,0,1,0,0,0,0,0
32.25,14,0,0,0,0,0,0,0,1,0,0,0,0,0,0,1,0,0
110.6,19,1,0,1,0,0,0,0,0,0,0,0,0,1,0,0,0,0
22.46,18,5,1,0,0,0,0,0,1,1,0,0,0,0,0,0,0,0
15.53,6,3,0,0,0,0,0,0,1,0,0,1,0,0,0,0,0,0
39.92,9,3,0,1,0,0,0,0,0,0,0,0,0,0,0,0,1,0
52.85,8,5,1,0,0,0,0,0,1,0,0,1,0,0,0,0,0,0
159.0,0,2,0,0,0,0,0,0,1,0,0,1,0,0,0,0,0,1
25.69,11,1,0,0,1,0,0,0,0,0,0,0,0,0,0,0,1,0
22.62,13,4,0,1,0,0,0,0,0,0,0,0,0,0,0,1,0,0
215.86,7,6,1,1,0,0,0,0,0,0,0,0,0,0,1,0,0,0
57.1,23,2,0,0,0,0,0,0,1,0,0,0,0,1,0,0,0,0
2340.91,12,3,0,0,0,0,0,0,1,0,0,0,0,0,1,0,0,1
93.17,17,4,0,1,0,0,0,0,0,0,0,0,0,1,0,0,0,0
272.8,1,4,0,0,0,0,0,0,1,0,0,1,0,0,0,0,0,1
65.19,7,1,0,0,0,0,0,0,1,0,0,1,0,0,0,0,0,0
970.13,1,4,0,0,0,0,0,0,1,0,0,0,0,0,1,0,0,1
4.07,6,5,1,1,0,0,0,0,0,0,1,0,0,0,0,0,0,0
20.32,22,1,0,0,0,1,0,0,0,0,0,0,0,0,0,0,1,0
10.27,23,4,0,0,0,0,0,0,1,0,0,0,0,0,0,0,1,0
28.14,6,5,1,1,0,0,0,0,0,1,0,0,0,0,0,0,0,0
48.76,16,0,0,0,1,0,0,0,0,0,0,1,0,0,0,0,0,0
168.57,1,2,0,0,0,0,0,0,1,0,0,0,0,0,0,1,0,1
154.43,23,1,0,1,0,0,0,0,0,0,0,0,1,0,0,0,0,0
22.16,15,2,0,0,0,1,0,0,0,1,0,0,0,0,0,0,0,0
2.17,17,0,0,0,1,0,0,0,0,0,1,0,0,0,0,0,0,0
40.35,7,0,0,0,0,0,0,0,1,0,0,1,0,0,0,0,0,0
54.26,14,3,0,0,0,0,1,0,0,0,0,0,0,0,0,1,0,0
105.63,19,2,0,1,0,0,0,0,0,0,0,0,1,0,0,0,0,0
7.71,6,2,0,0,0,1,0,0,0,1,0,0,0,0,0,0,0,0
103.77,21,4,0,1,0,0,0,0,0,0,0,0,0,0,1,0,0,0
16.53,22,4,0,1,0,0,0,0,0,0,0,0,1,0,0,0,0,0
159.45,7,4,0,1,0,0,0,0,0,0,0,0,1,0,0,0,0,0
5.4,23,0,0,0,0,0,0,0,1,0,1,0,0,0,0,0,0,0
33.24,16,3,0,0,0,1,0,0,0,0,0,1,0,0,0,0,0,0
252.02,23,0,0,0,0,0,1,0,0,0,0,0,0,0,1,0,0,0
8.61,15,0,0,0,0,0,0,0,1,0,0,0,0,0,0,0,1,0
35.4,6,1,0,1,0,0,0,0,0,0,0,0,0,0,0,1,0,0
39.12,23,1,0,1,0,0,0,0,0,0,0,0,0,1,0,0,0,0
7.15,18,1,0,1,0,0,0,0,0,0,0,0,0,0,0,1,0,0
8.22,9,4,0,0,1,0,0,0,0,1,0,0,0,0,0,0,0,0
12.45,20,2,0,0,0,0,0,0,1,0,0,0,0,0,0,0,1,0
22.89,16,3,0,0,1,0,0,0,0,0,0,0,0,0,0,1,0,0
1229.76,1,0,0,0,0,0,1,0,0,0,0,0,0,1,0,0,0,1
90.02,18,0,0,0,0,1,0,0,0,0,0,0,0,1,0,0,0,0
153.93,23,1,0,0,1,0,0,0,0,0,0,0,1,0,0,0,0,0
50.04,16,2,0,0,1,0,0,0,0,0,0,0,1,0,0,0,0,0
118.95,17,3,0,1,0,0,0,0,0,0,0,0,0,1,0,0,0,0
192.7,11,4,0,0,0,0,0,0,1,0,0,0,1,0,0,0,0,0
29.72,14,2,0,1,0,0,0,0,0,1,0,0,0,0,0,0,0,0
30.21,18,6,1,0,0,0,1,0,0,0,0,0,0,1,0,0,0,0
9.02,23,4,0,0,1,0,0,0,0,0,0,0,0,0,0,0,1,0
52.0,13,5,1,0,1,0,0,0,0,0,0,0,0,1,0,0,0,0
1.68,16,3,0,0,0,1,0,0,0,0,1,0,0,0,0,0,0,0
69.83,13,1,0,0,1,0,0,0,0,0,0,0,0,1,0,0,0,0
145.23,16,0,0,0,0,1,0,0,0,0,0,0,1,0,0,0,0,0
16.8,22,1,0,1,0,0,0,0,0,0,0,0,0,0,0,1,0,0
88.9,12,5,1,0,1,0,0,0,0,0,0,0,0,0,1,0,0,0
16.71,11,2,0,0,1,0,0,0,0,0,0,1,0,0,0,0,0,0
16.01,10,5,1,1,0,0,0,0,0,0,0,0,1,0,0,0,0,0
76.74,21,0,0,0,1,0,0,0,0,0,0,1,0,0,0,0,0,0
54.78,6,1,0,1,0,0,0,0,0,0,0,1,0,0,0,0,0,0
32.89,18,5,1,1,0,0,0,0,0,0,0,1,0,0,0,0,0,0
33.97,15,0,0,0,1,0,0,0,0,0,0,0,0,0,0,0,1,0
102.03,21,2,0,1,0,0,0,0,0,0,0,0,1,0,0,0,0,0
85.94,16,5,1,1,0,0,0,0,0,0,0,0,1,0,0,0,0,0
13.21,22,6,1,0,0,0,0,0,1,0,0,0,0,0,0,1,0,0
30.35,21,1,0,0,1,0,0,0,0,1,0,0,0,0,0,0,0,0
220.56,6,6,1,1,0,0,0,0,0,0,0,0,0,0,1,0,0,0
58.71,16,0,0,0,0,0,0,0,1,0,0,0,0,1,0,0,0,0
136.9,15,2,0,0,0,0,1,0,0,0,0,0,0,0,1,0,0,0
34.7,10,3,0,0,0,1,0,0,0,1,0,0,0,0,0,0,0,0
2.84,21,5,1,1,0,0,0,0,0,0,1,0,0,0,0,0,0,0
29.24,23,6,1,0,1,0,0,0,0,0,0,0,0,1,0,0,0,0
120.28,6,6,1,0,1,0,0,0,0,0,0,0,1,0,0,0,0,0
24.0,16,6,1,1,0,0,0,0,0,0,0,0,0,0,0,0,1,0
31.67,10,3,0,0,0,1,0,0,0,0,0,0,0,1,0,0,0,0
61.11,19,2,0,0,0,0,0,0,1,0,0,1,0,0,0,0,0,0
30.95,13,5,1,1,0,0,0,0,0,0,0,0,0,0,0,1,0,0
27.43,16,3,0,0,1,0,0,0,0,0,0,0,0,0,0,1,0,0
5.26,23,6,1,1,0,0,0,0,0,0,1,0,0,0,0,0,0,0
5.46,15,4,0,1,0,0,0,0,0,0,1,0,0,0,0,0,0,0
195.66,20,3,0,0,0,0,0,0,1,0,0,0,1,0,0,0,0,0
185.93,8,1,0,1,0,0,0,0,0,0,0,0,1,0,0,0,0,0
2.97,10,1,0,0,0,0,0,0,1,0,1,0,0,0,0,0,0,0
168.59,19,4,0,1,0,0,0,0,0,0,0,0,0,0,1,0,0,0
26.41,16,2,0,0,0,0,0,0,1,1,0,0,0,0,0,0,0,0
54.41,16,5,1,0,0,1,0,0,0,0,0,0,0,0,0,1,0,0
20.89,13,4,0,0,0,0,0,1,0,0,0,0,0,0,1,0,0,0
17.4,7,4,0,1,0,0,0,0,0,0,0,1,0,0,0,0,0,0
37.33,3,0,0,0,0,0,0,0,1,0,0,1,0,0,0,0,0,1
15.65,20,3,0,0,1,0,0,0,0,0,0,0,0,0,0,0,1,0
33.32,21,5,1,1,0,0,0,0,0,0,0,0,0,1,0,0,0,0
78.09,19,4,0,0,0,0,0,1,0,0,0,1,0,0,0,0,0,0
20.18,16,5,1,0,1,0,0,0,0,0,0,1,0,0,0,0,0,0
151.39,10,1,0,1,0,0,0,0,0,0,0,0,0,0,1,0,0,0
2132.01,2,1,0,1,0,0,0,0,0,0,0,0,0,1,0,0,0,1
5.17,23,6,1,1,0,0,0,0,0,0,1,0,0,0,0,0,0,0
270.36,7,4,0,1,0,0,0,0,0,0,0,0,0,0,1,0,0,0
66.92,23,3,0,0,0,0,0,0,1,0,0,1,0,0,0,0,0,0
136.38,23,5,1,0,0,0,1,0,0,0,0,0,1,0,0,0,0,0
15.22,11,4,0,0,1,0,0,0,0,0,0,0,0,0,0,1,0,0
21.53,20,6,1,0,0,1,0,0,0,1,0,0,0,0,0,0,0,0
3.7,10,2,0,1,0,0,0,0,0,0,1,0,0,0,0,0,0,0
31.68,7,6,1,0,0,1,0,0,0,1,0,0,0,0,0,0,0,0
3.54,20,1,0,1,0,0,0,0,0,0,1,0,0,0,0,0,0,0
12.14,23,2,0,0,0,0,0,0,1,0,0,0,0,0,0,1,0,0
56.62,17,5,1,1,0,0,0,0,0,0,0,0,0,1,0,0,0,0
286.96,16,5,1,0,0,1,0,0,0,0,0,0,0,0,1,0,0,0
1083.58,4,0,0,0,1,0,0,0,0,0,0,0,0,0,0,1,0,1
2.48,20,2,0,1,0,0,0,0,0,0,1,0,0,0,0,0,0,0
9.91,6,6,1,0,0,0,0,0,1,1,0,0,0,0,0,0,0,0
92.69,18,3,0,1,0,0,0,0,0,0,0,0,0,0,1,0,0,0
55.24,14,3,0,0,0,1,0,0,0,0,0,1,0,0,0,0,0,0
80.66,7,3,0,0,0,0,0,0,1,0,0,0,0,0,1,0,0,0
31.2,12,3,0,0,0,0,0,0,1,0,0,0,0,0,0,0,1,0
5.99,23,4,0,0,1,0,0,0,0,1,0,0,0,0,0,0,0,0
6.11,23,2,0,0,0,0,0,0,1,0,0,0,0,0,0,1,0,0
21.27,20,3,0,0,0,0,0,0,1,0,0,0,0,0,0,1,0,0
1711.2,0,2,0,0,0,0,0,0,1,0,0,0,0,0,1,0,0,1
121.75,19,1,0,0,0,0,0,1,0,0,0,0,1,0,0,0,0,0
73.51,23,3,0,0,1,0,0,0,0,0,0,0,0,0,1,0,0,0
78.24,21,0,0,1,0,0,0,0,0,0,0,1,0,0,0,0,0,0
1.73,19,4,0,0,0,0,0,0,1,0,1,0,0,0,0,0,0,0
843.1,2,0,0,0,1,0,0,0,0,0,0,0,1,0,0,0,0,1
751.5,3,4,0,0,0,0,0,0,1,1,0,0,0,0,0,0,0,1
173.82,6,4,0,0,0,1,0,0,0,0,0,0,1,0,0,0,0,0
36.13,10,6,1,1,0,0,0,0,0,0,0,0,0,0,0,0,1,0
579.77,3,5,1,0,0,0,0,0,1,0,0,0,1,0,0,0,0,1
25.89,19,6,1,1,0,0,0,0,0,0,0,1,0,0,0,0,0,0
69.83,23,5,1,1,0,0,0,0,0,0,0,0,1,0,0,0,0,0
3.55,23,2,0,0,0,0,1,0,0,0,1,0,0,0,0,0,0,0
6.23,14,5,1,0,1,0,0,0,0,1,0,0,0,0,0,0,0,0
22.0,13,5,1,0,0,0,1,0,0,0,0,0,0,1,0,0,0,0
190.69,15,2,0,0,0,0,0,0,1,0,0,0,0,0,1,0,0,0
12.62,11,6,1,0,0,0,0,1,0,0,0,0,0,0,0,0,1,0
5.8,21,6,1,0,1,0,0,0,0,0,1,0,0,0,0,0,0,0
23.16,23,3,0,0,1,0,0,0,0,0,0,0,0,0,0,0,1,0
150.59,9,4,0,0,1,0,0,0,0,0,0,0,1,0,0,0,0,0
22.03,18,3,0,0,0,0,0,0,1,1,0,0,0,0,0,0,0,0
50.32,13,5,1,0,1,0,0,0,0,0,0,0,0,0,1,0,0,0
143.61,6,6,1,0,1,0,0,0,0,0,0,0,1,0,0,0,0,0
72.0,9,1,0,0,1,0,0,0,0,0,0,0,0,0,1,0,0,0
189.56,20,0,0,1,0,0,0,0,0,0,0,0,1,0,0,0,0,0
53.43,22,3,0,1,0,0,0,0,0,0,0,0,0,1,0,0,0,0
22.28,19,0,0,1,0,0,0,0,0,0,0,0,0,0,0,1,0,0
9.51,14,4,0,0,0,1,0,0,0,0,0,0,0,0,0,1,0,0
12.83,14,6,1,0,1,0,0,0,0,1,0,0,0,0,0,0,0,0
71.05,23,5,1,1,0,0,0,0,0,0,0,1,0,0,0,0,0,0
30.77,23,0,0,0,0,0,0,1,0,1,0,0,0,0,0,0,0,0
658.62,20,3,0,0,0,0,1,0,0,0,0,0,0,1,0,0,0,1
5.51,16,4,0,1,0,0,0,0,0,0,1,0,0,0,0,0,0,0
135.71,15,3,0,0,1,0,0,0,0,0,0,0,1,0,0,0,0,0
15.77,11,2,0,0,1,0,0,0,0,0,0,0,0,0,0,0,1,0
30.19,8,6,1,0,0,0,0,1,0,0,0,0,0,1,0,0,0,0
39.97,7,3,0,0,0,0,0,0,1,0,0,0,0,0,0,0,1,0
70.24,20,5,1,1,0,0,0,0,0,0,0,0,0,0,1,0,0,0
25.23,20,6,1,1,0,0,0,0,0,1,0,0,0,0,0,0,0,0
23.15,23,4,0,0,0,0,0,0,1,0,0,0,0,0,0,1,0,0
50.42,16,3,0,0,1,0,0,0,0,0,0,0,0,0,0,1,0,0
5.0,11,5,1,0,0,0,0,1,0,0,1,0,0,0,0,0,0,0
24.02,19,4,0,1,0,0,0,0,0,0,0,0,0,1,0,0,0,0
12.14,22,3,0,0,0,0,0,0,1,0,0,0,0,0,0,1,0,0
74.3,18,1,0,0,0,0,0,0,1,0,0,1,0,0,0,0,0,0
33.22,11,6,1,0,0,0,0,0,1,1,0,0,0,0,0,0,0,0
222.02,0,3,0,0,0,0,0,0,1,0,0,0,0,0,0,1,0,1
40.68,17,0,0,0,0,1,0,0,0,0,0,0,0,0,0,1,0,0
23.28,13,4,0,1,0,0,0,0,0,1,0,0,0,0,0,0,0,0
229.18,6,5,1,0,0,0,0,0,1,0,0,0,0,0,1,0,0,0
45.23,14,0,0,0,0,1,0,0,0,0,0,0,1,0,0,0,0,0
15.78,1,2,0,0,0,0,0,0,1,0,0,0,0,0,0,1,0,1
4.69,8,0,0,0,1,0,0,0,0,0,1,0,0,0,0,0,0,0
134.1,23,4,0,0,0,0,0,0,1,0,0,0,0,0,1,0,0,0
19.02,14,5,1,0,1,0,0,0,0,0,0,0,0,0,0,1,0,0
4.18,13,5,1,1,0,0,0,0,0,0,1,0,0,0,0,0,0,0
1950.12,17,5,1,0,0,0,0,0,1,0,0,0,0,1,0,0,0,1
38.17,15,1,0,0,0,0,0,0,1,0,0,0,0,0,0,0,1,0
265.19,22,3,0,0,1,0,0,0,0,0,0,0,0,0,1,0,0,0
35.96,18,3,0,0,1,0,0,0,0,0,0,0,0,0,0,0,1,0
5.48,23,1,0,1,0,0,0,0,0,1,0,0,0,0,0,0,0,0
31.68,14,3,0,1,0,0,0,0,0,0,0,0,0,1,0,0,0,0
114.84,8,4,0,0,1,0,0,0,0,0,0,0,1,0,0,0,0,0
3.24,12,5,1,1,0,0,0,0,0,0,1,0,0,0,0,0,0,0
118.53,15,2,0,0,0,0,0,0,1,0,0,0,0,0,1,0,0,0
1717.73,20,6,1,0,0,1,0,0,0,0,0,0,0,0,1,0,0,1
100.26,15,2,0,0,1,0,0,0,0,0,0,0,0,1,0,0,0,0
7.05,20,6,1,1,0,0,0,0,0,1,0,0,0,0,0,0,0,0
26.9,9,0,0,1,0,0,0,0,0,0,0,1,0,0,0,0,0,0
12.98,13,0,0,0,0,0,1,0,0,0,0,1,0,0,0,0,0,0
2.65,11,4,0,1,0,0,0,0,0,0,1,0,0,0,0,0,0,0
5.99,22,2,0,1,0,0,0,0,0,0,1,0,0,0,0,0,0,0
1725.64,21,2,0,0,0,0,0,0,1,0,0,0,0,0,0,0,1,1
620.65,11,4,0,0,0,1,0,0,0,0,1,0,0,0,0,0,0,1
394.62,4,4,0,0,0,0,0,0,1,0,0,0,0,1,0,0,0,1
44.74,13,0,0,1,0,0,0,0,0,0,0,1,0,0,0,0,0,0
1074.33,10,5,1,0,0,0,1,0,0,0,0,0,0,0,0,0,1,1
32.04,20,2,0,0,0,0,0,0,1,0,0,0,0,0,0,1,0,0
40.95,23,3,0,0,0,0,0,0,1,0,0,0,0,0,0,1,0,0
189.72,11,3,0,0,1,0,0,0,0,0,0,0,1,0,0,0,0,0
2.56,21,3,0,1,0,0,0,0,0,0,1,0,0,0,0,0,0,0
5.62,13,3,0,0,1,0,0,0,0,1,0,0,0,0,0,0,0,0
20.04,23,3,0,0,1,0,0,0,0,0,0,0,0,0,0,1,0,0
67.84,21,0,0,0,0,0,0,0,1,0,0,0,1,0,0,0,0,0
633.8,3,5,1,0,0,0,1,0,0,1,0,0,0,0,0,0,0,1
57.64,15,2,0,1,0,0,0,0,0,0,0,1,0,0,0,0,0,0
5.11,14,0,0,0,0,0,0,1,0,0,0,0,0,0,0,0,1,0
12.01,17,1,0,0,0,0,0,0,1,0,0,0,0,0,0,1,0,0
19.98,23,4,0,0,0,0,0,1,0,0,0,0,0,0,0,0,1,0
58.81,9,2,0,1,0,0,0,0,0,0,0,0,0,0,0,1,0,0
678.13,4,4,0,0,0,1,0,0,0,0,1,0,0,0,0,0,0,1
38.08,15,3,0,0,0,1,0,0,0,0,0,0,0,0,0,0,1,0
27.37,17,5,1,0,0,0,0,1,0,1,0,0,0,0,0,0,0,0
38.62,11,0,0,1,0,0,0,0,0,0,0,1,0,0,0,0,0,0
41.06,12,1,0,1,0,0,0,0,0,0,0,0,0,0,0,1,0,0
195.46,20,0,0,0,1,0,0,0,0,0,0,0,0,0,1,0,0,0
55.59,22,6,1,0,0,1,0,0,0,0,0,0,0,0,0,1,0,0
26.5,18,5,1,0,1,0,0,0,0,0,0,0,0,0,1,0,0,0
30.83,15,0,0,0,0,1,0,0,0,0,0,0,0,0,0,0,1,0
28.08,23,6,1,1,0,0,0,0,0,0,0,0,0,0,0,0,1,0
5.63,18,0,0,0,1,0,0,0,0,0,0,0,0,0,0,1,0,0
107.2,8,0,0,1,0,0,0,0,0,0,0,0,1,0,0,0,0,0
62.85,0,4,0,0,0,0,0,0,1,0,0,0,0,0,0,0,1,1
28.01,19,5,1,1,0,0,0,0,0,1,0,0,0,0,0,0,0,0
5.59,18,5,1,0,0,0,0,0,1,0,1,0,0,0,0,0,0,0
1843.34,22,6,1,0,0,0,1,0,0,0,0,0,1,0,0,0,0,1
50.86,9,6,1,1,0,0,0,0,0,0,0,0,0,0,0,1,0,0
36.1,23,6,1,1,0,0,0,0,0,0,0,0,0,1,0,0,0,0
48.87,21,1,0,0,0,0,1,0,0,0,0,1,0,0,0,0,0,0
30.95,17,6,1,0,0,0,0,0,1,0,0,0,0,0,0,1,0,0
98.69,16,6,1,1,0,0,0,0,0,0,0,0,0,1,0,0,0,0
9.51,13,3,0,0,0,1,0,0,0,0,0,0,0,0,0,0,1,0
76.98,17,6,1,1,0,0,0,0,0,0,0,1,0,0,0,0,0,0
2586.61,14,1,0,1,0,0,0,0,0,0,0,0,0,0,1,0,0,1
138.15,9,4,0,0,0,1,0,0,0,0,0,0,0,0,1,0,0,0
12.09,6,4,0,1,0,0,0,0,0,0,0,0,0,0,0,0,1,0
84.6,16,2,0,1,0,0,0,0,0,0,0,0,1,0,0,0,0,0
286.52,23,3,0,0,1,0,0,0,0,0,0,0,0,0,1,0,0,0
2382.07,2,3,0,0,0,0,0,1,0,0,0,0,0,1,0,0,0,1
23.59,23,1,0,0,0,0,0,0,1,0,0,0,0,0,1,0,0,0
22.02,18,4,0,0,1,0,0,0,0,0,0,0,0,1,0,0,0,0
16.79,10,3,0,0,0,0,0,0,1,0,0,0,0,0,0,1,0,0
31.21,20,3,0,1,0,0,0,0,0,0,0,0,0,1,0,0,0,0
34.02,19,3,0,0,0,0,1,0,0,1,0,0,0,0,0,0,0,0
403.59,3,2,0,0,0,1,0,0,0,1,0,0,0,0,0,0,0,1
54.62,22,2,0,0,0,0,0,0,1,0,0,0,0,1,0,0,0,0
18.83,1,0,0,0,0,0,0,0,1,0,1,0,0,0,0,0,0,1
28.47,14,0,0,0,0,0,0,0,1,0,0,0,0,0,0,0,1,0
68.15,17,2,0,1,0,0,0,0,0,0,0,0,0,1,0,0,0,0
109.51,19,6,1,1,0,0,0,0,0,0,0,0,0,1,0,0,0,0
25.63,22,2,0,0,0,1,0,0,0,1,0,0,0,0,0,0,0,0
94.82,12,2,0,1,0,0,0,0,0,0,0,0,1,0,0,0,0,0
46.11,18,2,0,1,0,0,0,0,0,0,0,0,0,1,0,0,0,0
3.24,14,5,1,1,0,0,0,0,0,0,1,0,0,0,0,0,0,0
9.24,8,6,1,1,0,0,0,0,0,0,0,0,0,0,0,0,1,0
16.69,16,1,0,0,1,0,0,0,0,0,0,0,0,0,0,1,0,0
75.18,7,1,0,0,0,0,0,0,1,0,0,1,0,0,0,0,0,0
51.21,20,3,0,1,0,0,0,0,0,0,0,0,1,0,0,0,0,0
74.17,18,2,0,0,1,0,0,0,0,0,0,1,0,0,0,0,0,0
232.99,13,4,0,0,0,0,0,0,1,0,0,0,0,0,1,0,0,0
28.09,13,6,1,1,0,0,0,0,0,0,0,1,0,0,0,0,0,0
13.4,16,6,1,1,0,0,0,0,0,1,0,0,0,0,0,0,0,0
28.58,19,0,0,1,0,0,0,0,0,0,0,1,0,0,0,0,0,0
35.2,9,3,0,0,0,0,0,0,1,0,0,0,0,0,0,0,1,0
86.71,12,4,0,1,0,0,0,0,0,0,0,0,0,0,1,0,0,0
39.46,23,2,0,0,0,1,0,0,0,0,0,0,0,0,0,1,0,0
5.81,15,6,1,1,0,0,0,0,0,0,1,0,0,0,0,0,0,0
51.31,19,1,0,0,1,0,0,0,0,0,0,0,0,0,0,1,0,0
40.32,13,5,1,1,0,0,0,0,0,0,0,0,1,0,0,0,0,0
8.2,7,6,1,0,0,0,0,0,1,1,0,0,0,0,0,0,0,0
51.48,20,2,0,0,0,0,0,0,1,0,0,0,0,1,0,0,0,0
13.92,23,6,1,0,1,0,0,0,0,0,0,0,0,0,0,0,1,0
48.16,20,3,0,1,0,0,0,0,0,0,0,1,0,0,0,0,0,0
106.49,13,3,0,1,0,0,0,0,0,0,0,0,0,0,1,0,0,0
121.79,0,2,0,0,0,0,0,0,1,0,0,0,0,0,0,0,1,1
23.46,8,3,0,1,0,0,0,0,0,0,0,0,0,0,0,0,1,0
401.67,21,5,1,0,0,0,0,1,0,0,1,0,0,0,0,0,0,1
23.75,15,1,0,0,0,0,0,1,0,1,0,0,0,0,0,0,0,0
22.21,11,1,0,1,0,0,0,0,0,0,0,0,0,0,0,1,0,0
5.89,23,6,1,1,0,0,0,0,0,0,1,0,0,0,0,0,0,0
74.89,11,0,0,0,0,0,0,0,1,0,0,0,1,0,0,0,0,0
33.65,22,1,0,1,0,0,0,0,0,1,0,0,0,0,0,0,0,0
22.73,17,5,1,0,1,0,0,0,0,0,0,1,0,0,0,0,0,0
112.88,22,2,0,1,0,0,0,0,0,0,0,0,0,1,0,0,0,0
5.53,18,3,0,0,0,0,0,0,1,0,1,0,0,0,0,0,0,0
65.7,6,3,0,0,0,0,1,0,0,0,0,0,0,1,0,0,0,0
75.72,6,0,0,0,0,0,0,1,0,0,0,1,0,0,0,0,0,0
35.59,14,2,0,0,0,0,0,0,1,0,0,0,0,0,0,0,1,0
9.0,18,5,1,1,0,0,0,0,0,1,0,0,0,0,0,0,0,0
20.7,10,0,0,1,0,0,0,0,0,1,0,0,0,0,0,0,0,0
18.36,7,1,0,0,0,0,0,0,1,0,0,0,0,0,0,1,0,0
149.91,9,0,0,0,1,0,0,0,0,0,0,0,0,0,1,0,0,0
1498.59,4,2,0,0,0,0,0,0,1,0,0,0,1,0,0,0,0,1
20.21,23,2,0,0,0,0,0,0,1,0,0,0,0,0,0,0,1,0
21.95,6,6,1,0,0,0,0,0,1,0,0,0,0,0,0,0,1,0
70.92,17,3,0,1,0,0,0,0,0,0,0,0,0,0,1,0,0,0
16.8,6,0,0,1,0,0,0,0,0,0,0,0,0,0,0,0,1,0
20.88,8,1,0,0,1,0,0,0,0,0,0,0,0,0,0,0,1,0
153.49,21,0,0,0,0,0,0,0,1,0,0,0,1,0,0,0,0,0
161.07,18,3,0,0,0,0,0,0,1,0,0,0,1,0,0,0,0,0
115.23,16,5,1,0,0,0,0,0,1,0,0,0,0,1,0,0,0,0
79.12,11,5,1,1,0,0,0,0,0,0,0,0,0,1,0,0,0,0
45.77,7,4,0,1,0,0,0,0,0,0,0,0,0,0,0,1,0,0
5.13,22,3,0,0,0,1,0,0,0,1,0,0,0,0,0,0,0,0
74.98,21,0,0,0,0,1,0,0,0,0,0,1,0,0,0,0,0,0
149.06,12,6,1,0,1,0,0,0,0,0,0,0,0,0,1,0,0,0
160.98,17,4,0,1,0,0,0,0,0,0,0,0,0,0,1,0,0,0
812.29,3,2,0,0,0,0,0,0,1,0,0,0,1,0,0,0,0,1
834.02,2,6,1,0,1,0,0,0,0,0,0,1,0,0,0,0,0,1
104.19,18,4,0,0,0,0,0,1,0,0,0,0,0,1,0,0,0,0
179.09,23,4,0,1,0,0,0,0,0,0,0,0,0,0,1,0,0,0
4.32,22,0,0,0,0,0,0,1,0,0,1,0,0,0,0,0,0,0
38.22,9,6,1,1,0,0,0,0,0,0,0,0,0,0,1,0,0,0
50.21,19,5,1,0,0,0,0,0,1,0,0,0,0,1,0,0,0,0
26.33,8,2,0,1,0,0,0,0,0,0,0,1,0,0,0,0,0,0
54.79,7,1,0,0,0,0,0,0,1,0,0,0,0,1,0,0,0,0
175.4,23,2,0,1,0,0,0,0,0,0,0,0,0,0,1,0,0,0
78.91,22,4,0,1,0,0,0,0,0,0,0,1,0,0,0,0,0,0
34.24,21,4,0,0,0,1,0,0,0,0,0,0,0,1,0,0,0,0
1770.06,1,1,0,0,1,0,0,0,0,0,0,0,0,0,0,0,1,1
13.6,10,6,1,0,0,0,0,0,1,0,0,0,0,0,0,0,1,0
89.68,6,0,0,1,0,0,0,0,0,0,0,0,0,1,0,0,0,0
149.38,12,2,0,0,0,1,0,0,0,0,0,0,1,0,0,0,0,0
55.82,22,5,1,0,0,0,0,0,1,0,0,0,0,0,0,1,0,0
48.1,16,4,0,1,0,0,0,0,0,0,0,0,0,0,0,1,0,0
17.87,16,2,0,1,0,0,0,0,0,0,0,1,0,0,0,0,0,0
20.35,23,2,0,0,0,1,0,0,0,1,0,0,0,0,0,0,0,0
205.36,15,4,0,0,1,0,0,0,0,0,0,0,0,0,1,0,0,0
18.24,20,2,0,0,0,0,0,0,1,0,0,1,0,0,0,0,0,0
106.75,9,2,0,1,0,0,0,0,0,0,0,0,0,1,0,0,0,0
199.95,23,3,0,0,0,0,0,0,1,0,0,0,1,0,0,0,0,0
259.04,18,2,0,1,0,0,0,0,0,0,0,0,0,0,1,0,0,0
30.79,9,3,0,1,0,0,0,0,0,0,0,0,0,0,0,0,1,0
2.19,14,2,0,1,0,0,0,0,0,0,1,0,0,0,0,0,0,0
835.92,1,5,1,0,0,0,1,0,0,0,0,1,0,0,0,0,0,1
655.61,16,3,0,0,0,0,0,0,1,0,0,0,0,0,0,0,1,1
126.96,16,1,0,1,0,0,0,0,0,0,0,0,1,0,0,0,0,0
11.98,8,0,0,0,1,0,0,0,0,1,0,0,0,0,0,0,0,0
3.42,11,4,0,0,0,0,0,0,1,0,1,0,0,0,0,0,0,0
20.09,17,3,0,0,0,1,0,0,0,0,0,0,0,0,0,0,1,0
32.81,7,4,0,1,0,0,0,0,0,0,0,0,0,0,0,1,0,0
40.13,23,0,0,0,0,0,0,1,0,0,0,0,0,0,0,1,0,0
210.92,16,0,0,1,0,0,0,0,0,0,0,0,0,0,1,0,0,0
22.97,11,4,0,1,0,0,0,0,0,1,0,0,0,0,0,0,0,0
31.83,15,1,0,1,0,0,0,0,0,0,0,0,0,0,0,0,1,0
8.07,13,6,1,0,0,1,0,0,0,0,0,0,0,0,0,0,1,0
47.39,18,6,1,0,0,0,0,0,1,0,0,0,0,0,1,0,0,0
11.84,20,2,0,1,0,0,0,0,0,0,0,1,0,0,0,0,0,0
23.06,18,0,0,0,0,0,0,0,1,1,0,0,0,0,0,0,0,0
26.69,6,1,0,0,1,0,0,0,0,0,0,0,0,1,0,0,0,0
23.22,9,5,1,0,1,0,0,0,0,0,0,1,0,0,0,0,0,0
189.83,1,5,1,0,0,0,0,0,1,0,0,0,0,0,0,0,1,1
130.68,19,2,0,1,0,0,0,0,0,0,0,0,0,0,1,0,0,0
276.55,7,4,0,1,0,0,0,0,0,0,0,0,0,0,1,0,0,0
71.85,12,2,0,0,1,0,0,0,0,0,0,0,0,1,0,0,0,0
12.46,17,1,0,0,1,0,0,0,0,0,0,0,0,0,0,0,1,0
126.85,13,1,0,1,0,0,0,0,0,0,0,0,1,0,0,0,0,0
1168.47,3,3,0,0,1,0,0,0,0,0,0,1,0,0,0,0,0,1
74.25,6,0,0,1,0,0,0,0,0,0,0,1,0,0,0,0,0,0
101.17,23,0,0,1,0,0,0,0,0,0,0,0,0,1,0,0,0,0
16.05,6,6,1,1,0,0,0,0,0,0,0,0,0,0,0,0,1,0
4.57,14,5,1,0,1,0,0,0,0,0,1,0,0,0,0,0,0,0
10.3,11,2,0,0,1,0,0,0,0,0,0,0,0,0,0,0,1,0
66.86,14,0,0,0,0,0,1,0,0,0,0,0,0,0,1,0,0,0
287.55,16,6,1,0,1,0,0,0,0,0,0,0,0,0,1,0,0,0
14.92,6,6,1,0,0,0,0,0,1,1,0,0,0,0,0,0,0,0
797.09,15,5,1,0,0,0,1,0,0,1,0,0,0,0,0,0,0,1
62.91,21,1,0,0,0,0,0,1,0,0,0,0,0,1,0,0,0,0
8.58,21,3,0,0,0,1,0,0,0,0,0,0,0,0,0,0,1,0
72.86,7,4,0,1,0,0,0,0,0,0,0,0,0,1,0,0,0,0
1.91,14,3,0,0,0,0,0,0,1,0,1,0,0,0,0,0,0,0
4.61,9,3,0,1,0,0,0,0,0,0,1,0,0,0,0,0,0,0
82.51,11,2,0,1,0,0,0,0,0,0,0,0,0,0,1,0,0,0
13.73,16,5,1,1,0,0,0,0,0,0,0,0,0,0,0,0,1,0
4.06,6,0,0,1,0,0,0,0,0,0,1,0,0,0,0,0,0,0
5.88,7,1,0,0,1,0,0,0,0,0,0,0,0,0,0,1,0,0
1670.55,2,4,0,0,0,1,0,0,0,0,0,0,0,1,0,0,0,1
5.82,17,3,0,0,0,1,0,0,0,0,1,0,0,0,0,0,0,0
22.48,20,4,0,0,1,0,0,0,0,1,0,0,0,0,0,0,0,0
29.87,20,5,1,1,0,0,0,0,0,0,0,0,0,0,0,1,0,0
1626.54,16,1,0,0,0,0,0,1,0,0,0,0,1,0,0,0,0,1
77.64,23,1,0,0,0,0,0,0,1,0,0,1,0,0,0,0,0,0
1550.7,3,2,0,0,0,0,0,0,1,0,0,0,0,0,0,0,1,1
35.65,13,4,0,0,0,0,0,0,1,0,0,0,0,0,0,0,1,0
107.31,13,1,0,1,0,0,0,0,0,0,0,0,1,0,0,0,0,0
2.45,23,4,0,1,0,0,0,0,0,0,1,0,0,0,0,0,0,0
29.23,8,4,0,0,0,0,0,1,0,1,0,0,0,0,0,0,0,0
548.99,4,6,1,1,0,0,0,0,0,0,1,0,0,0,0,0,0,1
19.37,15,0,0,1,0,0,0,0,0,0,0,0,0,0,0,0,1,0
108.41,9,4,0,0,1,0,0,0,0,0,0,0,1,0,0,0,0,0
76.32,10,1,0,0,0,0,0,1,0,0,0,0,0,0,1,0,0,0
25.75,19,1,0,1,0,0,0,0,0,1,0,0,0,0,0,0,0,0
32.94,21,5,1,0,0,0,1,0,0,0,0,0,0,0,0,1,0,0
59.43,12,3,0,1,0,0,0,0,0,0,0,0,0,1,0,0,0,0
129.96,3,0,0,0,0,0,0,0,1,0,0,0,0,0,0,0,1,1
2.64,15,5,1,1,0,0,0,0,0,0,1,0,0,0,0,0,0,0
2.37,23,4,0,0,0,0,0,1,0,0,1,0,0,0,0,0,0,0
637.71,15,0,0,1,0,0,0,0,0,0,0,0,0,1,0,0,0,1
181.96,10,1,0,0,0,0,0,0,1,0,0,0,1,0,0,0,0,0
28.16,17,6,1,0,0,1,0,0,0,1,0,0,0,0,0,0,0,0
298.67,23,2,0,0,1,0,0,0,0,0,0,0,0,0,1,0,0,0
1938.74,3,1,0,0,0,0,0,1,0,0,0,0,1,0,0,0,0,1
44.99,20,0,0,1,0,0,0,0,0,0,0,0,1,0,0,0,0,0
23.61,9,2,0,1,0,0,0,0,0,0,0,1,0,0,0,0,0,0
74.46,23,1,0,1,0,0,0,0,0,0,0,1,0,0,0,0,0,0
8.1,16,2,0,1,0,0,0,0,0,1,0,0,0,0,0,0,0,0
2189.0,15,1,0,1,0,0,0,0,0,0,0,0,0,0,1,0,0,1
198.48,22,1,0,0,0,0,0,0,1,0,0,0,1,0,0,0,0,0
107.33,19,6,1,1,0,0,0,0,0,0,0,0,0,1,0,0,0,0
70.65,16,5,1,1,0,0,0,0,0,0,0,0,0,1,0,0,0,0
19.93,19,4,0,1,0,0,0,0,0,1,0,0,0,0,0,0,0,0
837.31,11,0,0,0,0,0,0,0,1,0,0,0,1,0,0,0,0,1
23.47,23,0,0,1,0,0,0,0,0,0,0,0,0,0,0,0,1,0
59.4,22,2,0,1,0,0,0,0,0,0,0,0,0,1,0,0,0,0
2194.94,17,1,0,0,0,0,0,0,1,0,0,0,0,1,0,0,0,1
18.16,7,5,1,0,0,0,0,0,1,1,0,0,0,0,0,0,0,0
220.24,17,0,0,0,1,0,0,0,0,0,0,0,0,0,1,0,0,0
77.25,13,1,0,1,0,0,0,0,0,0,0,1,0,0,0,0,0,0
100.3,20,4,0,0,0,0,0,0,1,0,0,0,0,1,0,0,0,0
36.97,16,0,0,1,0,0,0,0,0,0,0,0,0,0,1,0,0,0
29.98,10,2,0,1,0,0,0,0,0,0,0,0,0,0,0,0,1,0
22.26,8,6,1,1,0,0,0,0,0,0,0,0,0,0,0,0,1,0
1242.64,2,6,1,0,0,0,0,0,1,0,0,0,0,0,1,0,0,1
67.26,9,6,1,0,1,0,0,0,0,0,0,0,0,1,0,0,0,0
72.34,6,1,0,0,1,0,0,0,0,0,0,1,0,0,0,0,0,0
35.26,12,5,1,0,0,1,0,0,0,0,0,1,0,0,0,0,0,0
4.73,9,4,0,0,0,1,0,0,0,0,1,0,0,0,0,0,0,0
180.11,2,0,0,0,0,0,0,0,1,0,0,0,0,0,0,1,0,1
37.67,16,0,0,0,0,0,0,0,1,0,0,0,0,0,0,0,1,0
8.37,17,2,0,0,0,0,0,0,1,0,0,0,0,0,0,1,0,0
29.37,15,2,0,0,1,0,0,0,0,1,0,0,0,0,0,0,0,0
24.99,21,3,0,1,0,0,0,0,0,0,0,1,0,0,0,0,0,0
86.33,23,5,1,1,0,0,0,0,0,0,0,0,1,0,0,0,0,0
9.72,13,0,0,0,0,0,0,0,1,1,0,0,0,0,0,0,0,0
1186.91,4,0,0,1,0,0,0,0,0,0,0,0,1,0,0,0,0,1
50.07,16,5,1,1,0,0,0,0,0,0,0,1,0,0,0,0,0,0
13.81,6,5,1,1,0,0,0,0,0,0,0,1,0,0,0,0,0,0
20.2,19,2,0,0,0,0,0,0,1,0,0,0,0,0,0,1,0,0
179.29,6,0,0,0,0,0,0,0,1,0,0,0,1,0,0,0,0,0
56.01,9,1,0,0,1,0,0,0,0,0,0,0,1,0,0,0,0,0
31.17,19,1,0,1,0,0,0,0,0,1,0,0,0,0,0,0,0,0
1856.31,16,5,1,0,0,1,0,0,0,0,0,0,1,0,0,0,0,1
33.95,9,5,1,0,0,0,1,0,0,0,0,0,0,0,0,0,1,0
44.53,20,2,0,0,0,1,0,0,0,0,0,0,0,1,0,0,0,0
28.98,19,1,0,0,0,1,0,0,0,0,0,0,0,0,0,0,1,0
26.58,6,6,1,0,0,0,0,0,1,1,0,0,0,0,0,0,0,0
26.09,18,2,0,0,0,0,0,0,1,0,0,0,0,1,0,0,0,0
29.62,7,5,1,1,0,0,0,0,0,0,0,1,0,0,0,0,0,0
35.54,16,1,0,0,1,0,0,0,0,0,0,0,0,1,0,0,0,0
10.22,13,6,1,1,0,0,0,0,0,0,0,0,0,0,0,0,1,0
32.3,19,6,1,0,0,1,0,0,0,0,0,0,0,1,0,0,0,0
140.37,19,6,1,1,0,0,0,0,0,0,0,0,1,0,0,0,0,0
13.51,7,0,0,0,1,0,0,0,0,0,0,0,0,0,0,1,0,0
700.6,21,3,0,0,0,0,0,0,1,0,0,0,0,0,0,0,1,1
15.57,20,1,0,0,0,1,0,0,0,0,0,0,0,0,0,0,1,0
119.51,17,1,0,1,0,0,0,0,0,0,0,0,0,1,0,0,0,0
33.78,11,1,0,1,0,0,0,0,0,1,0,0,0,0,0,0,0,0
1.73,7,1,0,0,0,0,0,0,1,0,1,0,0,0,0,0,0,0
32.61,18,6,1,0,1,0,0,0,0,1,0,0,0,0,0,0,0,0
4.39,22,0,0,0,0,1,0,0,0,0,1,0,0,0,0,0,0,0
24.63,16,0,0,0,0,0,0,0,1,0,0,0,1,0,0,0,0,0
59.81,8,3,0,1,0,0,0,0,0,0,0,0,0,0,0,1,0,0
33.93,23,4,0,1,0,0,0,0,0,0,0,0,1,0,0,0,0,0
646.56,0,6,1,0,0,0,1,0,0,0,1,0,0,0,0,0,0,1
87.97,19,6,1,0,0,0,0,1,0,0,0,0,0,1,0,0,0,0
153.02,16,0,0,0,1,0,0,0,0,0,0,0,0,0,1,0,0,0
5.59,8,5,1,0,0,1,0,0,0,0,1,0,0,0,0,0,0,0
228.48,12,4,0,0,0,0,0,1,0,0,0,0,0,0,1,0,0,0
34.24,22,5,1,0,0,0,0,0,1,1,0,0,0,0,0,0,0,0
28.48,11,3,0,0,0,0,0,0,1,1,0,0,0,0,0,0,0,0
160.65,2,6,1,0,0,0,0,0,1,0,0,0,0,0,0,1,0,1
1894.44,1,3,0,0,0,0,1,0,0,0,0,0,0,0,0,1,0,1
18.14,18,0,0,0,0,0,0,0,1,0,0,0,0,0,0,0,1,0
86.67,6,2,0,1,0,0,0,0,0,0,0,0,0,1,0,0,0,0
25.21,7,6,1,1,0,0,0,0,0,0,0,0,0,0,0,0,1,0
55.98,10,5,1,1,0,0,0,0,0,0,0,0,0,1,0,0,0,0
2.52,17,3,0,0,1,0,0,0,0,0,1,0,0,0,0,0,0,0
192.54,20,0,0,1,0,0,0,0,0,0,0,0,0,0,1,0,0,0
5.37,14,0,0,1,0,0,0,0,0,0,1,0,0,0,0,0,0,0
62.18,17,5,1,0,0,0,1,0,0,0,0,0,1,0,0,0,0,0
64.47,12,6,1,0,0,1,0,0,0,0,0,0,0,1,0,0,0,0
2309.04,4,3,0,0,1,0,0,0,0,0,0,0,1,0,0,0,0,1
831.16,19,5,1,0,0,0,0,0,1,0,0,1,0,0,0,0,0,1
56.96,16,6,1,0,1,0,0,0,0,0,0,0,0,0,0,1,0,0
3.68,15,2,0,0,0,1,0,0,0,0,1,0,0,0,0,0,0,0
66.29,20,0,0,1,0,0,0,0,0,0,0,1,0,0,0,0,0,0
48.79,23,6,1,0,0,0,0,1,0,0,0,0,0,0,0,1,0,0
37.51,23,4,0,1,0,0,0,0,0,0,0,0,0,0,0,0,1,0
106.14,7,2,0,1,0,0,0,0,0,0,0,0,1,0,0,0,0,0
34.45,15,2,0,1,0,0,0,0,0,0,0,0,0,0,0,0,1,0
106.58,18,0,0,0,0,0,0,0,1,0,0,0,1,0,0,0,0,0
4.72,23,2,0,0,0,0,0,0,1,0,1,0,0,0,0,0,0,0
196.7,10,6,1,0,0,0,0,0,1,0,0,0,1,0,0,0,0,0
33.68,23,1,0,0,0,0,0,0,1,0,0,0,0,0,0,0,1,0
54.71,9,2,0,0,1,0,0,0,0,0,0,0,1,0,0,0,0,0
1497.22,0,5,1,0,0,0,0,0,1,0,0,0,0,1,0,0,0,1
72.64,18,3,0,1,0,0,0,0,0,0,0,0,0,1,0,0,0,0
236.1,18,0,0,1,0,0,0,0,0,0,0,0,0,0,1,0,0,0
79.93,14,5,1,0,1,0,0,0,0,0,0,1,0,0,0,0,0,0
78.06,4,1,0,0,0,0,0,0,1,0,0,0,1,0,0,0,0,1
2253.55,13,1,0,0,0,0,0,0,1,0,0,0,1,0,0,0,0,1
29.49,16,2,0,0,1,0,0,0,0,0,0,0,1,0,0,0,0,0
1.85,21,6,1,0,1,0,0,0,0,0,1,0,0,0,0,0,0,0
30.17,11,4,0,0,0,0,0,0,1,0,0,0,1,0,0,0,0,0
19.49,6,2,0,0,0,0,1,0,0,0,0,0,0,0,0,0,1,0
27.36,8,6,1,0,1,0,0,0,0,0,0,0,0,0,0,0,1,0
1338.35,9,6,1,0,0,1,0,0,0,0,0,0,0,0,0,0,1,1
13.84,20,0,0,0,0,1,0,0,0,0,0,0,0,0,0,0,1,0
36.82,19,6,1,1,0,0,0,0,0,0,0,0,0,0,0,0,1,0
5.7,6,6,1,0,0,0,1,0,0,0,1,0,0,0,0,0,0,0
59.23,4,1,0,0,0,0,0,0,1,1,0,0,0,0,0,0,0,1
4.55,17,5,1,1,0,0,0,0,0,0,1,0,0,0,0,0,0,0
7.21,11,4,0,1,0,0,0,0,0,0,0,0,0,0,0,0,1,0
34.51,20,2,0,0,0,0,0,0,1,0,0,0,0,0,0,0,1,0
70.11,9,1,0,0,1,0,0,0,0,0,0,0,1,0,0,0,0,0
98.33,6,5,1,1,0,0,0,0,0,0,0,0,1,0,0,0,0,0
23.28,23,0,0,1,0,0,0,0,0,0,0,0,0,0,1,0,0,0
1474.04,3,0,0,0,0,0,0,0,1,0,0,0,0,0,0,0,1,1
10.74,20,4,0,1,0,0,0,0,0,0,0,1,0,0,0,0,0,0
31.65,23,5,1,1,0,0,0,0,0,1,0,0,0,0,0,0,0,0
2415.53,22,3,0,0,0,0,0,0,1,0,0,0,0,1,0,0,0,1
24.01,12,3,0,0,0,0,0,0,1,0,0,1,0,0,0,0,0,0
14.61,21,3,0,0,0,0,0,0,1,1,0,0,0,0,0,0,0,0
2147.66,1,0,0,0,0,0,0,1,0,0,0,0,0,0,1,0,0,1
20.45,9,4,0,1,0,0,0,0,0,0,0,0,0,0,0,0,1,0
28.96,23,0,0,1,0,0,0,0,0,1,0,0,0,0,0,0,0,0
29.9,21,6,1,0,1,0,0,0,0,0,0,0,0,0,0,1,0,0
76.8,7,2,0,0,0,0,0,0,1,0,0,0,0,1,0,0,0,0
18.34,18,4,0,0,0,0,1,0,0,0,0,1,0,0,0,0,0,0
838.98,14,5,1,0,0,0,0,1,0,1,0,0,0,0,0,0,0,1
110.3,1,5,1,0,0,0,0,0,1,0,0,0,0,1,0,0,0,1
70.65,4,0,0,0,0,0,0,0,1,1,0,0,0,0,0,0,0,1
20.56,11,1,0,1,0,0,0,0,0,1,0,0,0,0,0,0,0,0
3.1,23,3,0,1,0,0,0,0,0,0,1,0,0,0,0,0,0,0
120.41,23,4,0,0,0,1,0,0,0,0,0,0,1,0,0,0,0,0
54.82,23,3,0,0,0,0,0,0,1,0,0,1,0,0,0,0,0,0
284.58,19,6,1,0,1,0,0,0,0,0,0,0,0,0,1,0,0,0
6.22,11,5,1,1,0,0,0,0,0,0,0,0,0,0,0,0,1,0
1233.79,11,2,0,0,0,0,0,0,1,0,0,0,0,1,0,0,0,1
15.32,11,1,0,1,0,0,0,0,0,1,0,0,0,0,0,0,0,0
5.33,10,6,1,1,0,0,0,0,0,0,0,0,0,0,0,0,1,0
43.48,21,1,0,0,1,0,0,0,0,0,0,0,0,0,0,1,0,0
13.37,14,5,1,0,0,0,0,0,1,0,0,0,0,0,0,0,1,0
2.01,20,3,0,0,0,0,1,0,0,0,1,0,0,0,0,0,0,0
233.5,22,5,1,1,0,0,0,0,0,0,0,0,0,0,1,0,0,0
24.87,18,3,0,0,0,1,0,0,0,0,0,0,0,0,0,0,1,0
114.73,6,6,1,1,0,0,0,0,0,0,0,0,1,0,0,0,0,0
45.49,13,2,0,0,1,0,0,0,0,0,0,0,0,0,0,1,0,0
162.71,20,6,1,1,0,0,0,0,0,0,0,0,1,0,0,0,0,0
78.43,17,6,1,0,1,0,0,0,0,0,0,0,0,0,1,0,0,0
1801.44,12,5,1,0,0,0,0,1,0,0,0,0,0,0,0,1,0,1
14.27,18,1,0,1,0,0,0,0,0,0,0,1,0,0,0,0,0,0
33.83,22,1,0,1,0,0,0,0,0,0,0,0,0,0,0,0,1,0
20.36,22,5,1,0,0,0,0,0,1,0,0,0,1,0,0,0,0,0
102.88,13,3,0,1,0,0,0,0,0,0,0,0,1,0,0,0,0,0
3.88,20,5,1,1,0,0,0,0,0,0,1,0,0,0,0,0,0,0
60.73,20,2,0,0,0,0,0,1,0,0,0,1,0,0,0,0,0,0
36.0,13,6,1,0,1,0,0,0,0,0,0,1,0,0,0,0,0,0
5.26,11,0,0,0,1,0,0,0,0,0,1,0,0,0,0,0,0,0
5.94,22,4,0,1,0,0,0,0,0,0,1,0,0,0,0,0,0,0
58.24,7,5,1,1,0,0,0,0,0,0,0,0,0,0,0,1,0,0
17.99,23,6,1,1,0,0,0,0,0,0,0,0,0,0,0,1,0,0
41.88,19,1,0,1,0,0,0,0,0,0,0,0,0,0,0,1,0,0
113.81,15,2,0,1,0,0,0,0,0,0,0,0,1,0,0,0,0,0
741.31,0,6,1,0,0,1,0,0,0,0,0,1,0,0,0,0,0,1
21.32,18,1,0,0,1,0,0,0,0,0,0,1,0,0,0,0,0,0
16.86,7,2,0,1,0,0,0,0,0,0,0,0,0,0,0,1,0,0
304.02,8,6,1,0,0,0,1,0,0,0,1,0,0,0,0,0,0,1
99.35,19,4,0,1,0,0,0,0,0,0,0,0,1,0,0,0,0,0
23.82,11,3,0,0,0,0,0,0,1,0,0,0,0,0,0,0,1,0
875.72,22,3,0,0,0,0,1,0,0,1,0,0,0,0,0,0,0,1
41.54,20,4,0,0,1,0,0,0,0,0,0,0,0,0,0,1,0,0
292.79,15,0,0,0,0,1,0,0,0,0,0,0,0,0,1,0,0,0
258.74,19,5,1,1,0,0,0,0,0,0,0,0,0,0,1,0,0,0
15.62,15,2,0,1,0,0,0,0,0,0,0,0,1,0,0,0,0,0
15.27,19,5,1,1,0,0,0,0,0,0,0,0,0,0,0,1,0,0
54.04,22,6,1,0,0,0,0,0,1,0,0,0,0,1,0,0,0,0
21.28,19,2,0,1,0,0,0,0,0,0,0,0,0,1,0,0,0,0
79.89,11,3,0,0,1,0,0,0,0,0,0,1,0,0,0,0,0,0
102.73,13,1,0,0,0,0,0,0,1,0,0,0,1,0,0,0,0,0
25.02,11,2,0,1,0,0,0,0,0,1,0,0,0,0,0,0,0,0
6.85,20,0,0,0,0,0,0,0,1,0,0,0,0,0,0,1,0,0
86.9,14,0,0,0,1,0,0,0,0,0,0,0,0,0,1,0,0,0
163.27,13,1,0,0,0,0,0,0,1,0,0,0,1,0,0,0,0,0
26.38,17,3,0,0,0,0,1,0,0,1,0,0,0,0,0,0,0,0
1.8,6,3,0,1,0,0,0,0,0,0,1,0,0,0,0,0,0,0
2.28,16,2,0,1,0,0,0,0,0,0,1,0,0,0,0,0,0,0
10.6,19,3,0,1,0,0,0,0,0,0,0,0,0,0,0,1,0,0
24.15,11,1,0,0,0,1,0,0,0,1,0,0,0,0,0,0,0,0
61.86,19,6,1,1,0,0,0,0,0,0,0,0,1,0,0,0,0,0
53.39,9,2,0,0,0,0,0,0,1,0,0,0,0,1,0,0,0,0
1705.59,2,6,1,0,0,0,0,0,1,0,0,0,1,0,0,0,0,1
22.55,17,1,0,1,0,0,0,0,0,1,0,0,0,0,0,0,0,0
286.39,20,2,0,1,0,0,0,0,0,0,0,0,0,0,1,0,0,0
4.97,23,6,1,0,1,0,0,0,0,0,1,0,0,0,0,0,0,0
81.18,11,5,1,0,0,0,0,0,1,0,0,0,1,0,0,0,0,0
18.93,7,2,0,0,0,0,0,0,1,0,0,0,0,0,0,0,1,0
55.42,7,5,1,1,0,0,0,0,0,0,0,0,1,0,0,0,0,0
40.72,22,2,0,0,0,0,1,0,0,0,0,0,0,0,0,1,0,0
10.53,23,1,0,0,0,0,0,0,1,1,0,0,0,0,0,0,0,0
11.52,23,0,0,0,0,0,0,0,1,0,0,1,0,0,0,0,0,0
1128.61,19,6,1,0,0,0,0,0,1,0,0,1,0,0,0,0,0,1
2.9,8,6,1,0,0,0,1,0,0,0,1,0,0,0,0,0,0,0
51.78,18,0,0,1,0,0,0,0,0,0,0,1,0,0,0,0,0,0
87.92,23,5,1,0,0,1,0,0,0,0,0,0,0,1,0,0,0,0
4.96,12,0,0,1,0,0,0,0,0,0,1,0,0,0,0,0,0,0
79.63,20,5,1,0,0,1,0,0,0,0,0,0,1,0,0,0,0,0
2632.27,2,3,0,0,0,0,0,0,1,0,0,0,0,0,1,0,0,1
199.93,8,5,1,0,0,0,0,0,1,0,0,0,1,0,0,0,0,0
18.82,18,5,1,0,0,0,0,0,1,0,0,1,0,0,0,0,0,0
20.26,12,2,0,1,0,0,0,0,0,0,0,0,0,0,0,0,1,0
72.41,14,1,0,0,0,0,0,1,0,0,0,1,0,0,0,0,0,0
158.39,23,3,0,1,0,0,0,0,0,0,0,0,1,0,0,0,0,0
17.34,22,2,0,1,0,0,0,0,0,0,0,0,0,0,0,1,0,0
2326.12,4,5,1,0,0,0,0,1,0,0,0,0,1,0,0,0,0,1
175.09,19,3,0,0,0,0,0,0,1,0,0,0,0,0,1,0,0,0
219.82,16,3,0,0,1,0,0,0,0,0,0,0,0,0,1,0,0,0
37.29,20,1,0,0,0,1,0,0,0,0,0,1,0,0,0,0,0,0
4.13,12,4,0,0,0,1,0,0,0,0,1,0,0,0,0,0,0,0
179.71,22,3,0,0,0,0,0,0,1,0,0,0,0,0,1,0,0,0
1694.77,3,5,1,0,0,0,0,0,1,0,0,0,0,0,1,0,0,1
17.16,19,6,1,0,0,0,0,1,0,0,0,0,0,0,0,0,1,0
23.33,7,4,0,0,0,0,0,0,1,0,0,1,0,0,0,0,0,0
28.17,22,2,0,1,0,0,0,0,0,1,0,0,0,0,0,0,0,0
26.58,4,6,1,0,0,0,0,0,1,0,1,0,0,0,0,0,0,1
49.02,21,3,0,1,0,0,0,0,0,0,0,0,0,0,0,1,0,0
22.17,16,5,1,0,0,0,0,0,1,0,0,0,0,1,0,0,0,0
4.63,8,6,1,0,1,0,0,0,0,0,1,0,0,0,0,0,0,0
13.8,19,4,0,1,0,0,0,0,0,0,0,0,0,0,0,0,1,0
451.62,13,0,0,0,0,0,0,0,1,1,0,0,0,0,0,0,0,1
2241.03,21,6,1,0,0,0,0,0,1,0,0,0,0,1,0,0,0,1
22.88,8,1,0,1,0,0,0,0,0,0,0,1,0,0,0,0,0,0
72.8,23,6,1,1,0,0,0,0,0,0,0,0,0,0,1,0,0,0
42.94,23,5,1,1,0,0,0,0,0,0,0,0,0,0,0,1,0,0
32.49,18,0,0,0,1,0,0,0,0,0,0,0,0,0,0,1,0,0
1133.02,2,4,0,1,0,0,0,0,0,0,0,0,0,1,0,0,0,1
6.13,18,0,0,1,0,0,0,0,0,0,0,0,0,0,0,1,0,0
14.45,21,0,0,0,0,0,1,0,0,0,0,0,0,1,0,0,0,0
26.67,8,4,0,0,0,0,0,0,1,1,0,0,0,0,0,0,0,0
472.19,1,0,0,0,1,0,0,0,0,1,0,0,0,0,0,0,0,1
1102.14,4,1,0,0,0,0,0,0,1,0,0,1,0,0,0,0,0,1
13.71,13,1,0,1,0,0,0,0,0,0,0,0,0,0,0,0,1,0
117.93,22,6,1,0,1,0,0,0,0,0,0,0,0,0,1,0,0,0
140.74,23,3,0,1,0,0,0,0,0,0,0,0,0,0,1,0,0,0
2.24,14,3,0,1,0,0,0,0,0,0,1,0,0,0,0,0,0,0
200.94,23,1,0,0,0,1,0,0,0,0,0,0,0,0,1,0,0,0
1312.81,2,1,0,0,0,0,0,0,1,0,0,0,1,0,0,0,0,1
150.23,19,6,1,0,1,0,0,0,0,0,0,0,0,0,1,0,0,0
27.64,16,3,0,0,0,1,0,0,0,0,0,1,0,0,0,0,0,0
46.06,11,3,0,1,0,0,0,0,0,0,0,0,0,1,0,0,0,0
2016.25,11,4,0,0,0,0,1,0,0,0,0,0,0,1,0,0,0,1
85.14,22,6,1,0,0,0,0,1,0,0,0,0,1,0,0,0,0,0
14.17,9,5,1,1,0,0,0,0,0,0,0,0,0,0,0,0,1,0
161.19,15,6,1,0,1,0,0,0,0,0,0,0,0,0,1,0,0,0
151.93,21,6,1,0,0,0,1,0,0,0,0,0,1,0,0,0,0,0
26.41,8,1,0,0,0,1,0,0,0,0,0,1,0,0,0,0,0,0
14.11,14,0,0,1,0,0,0,0,0,0,0,0,0,1,0,0,0,0
3.73,14,0,0,0,0,0,0,1,0,0,1,0,0,0,0,0,0,0
15.62,13,2,0,0,0,0,0,0,1,0,0,0,0,0,0,0,1,0
11.0,8,6,1,1,0,0,0,0,0,1,0,0,0,0,0,0,0,0
52.82,15,3,0,1,0,0,0,0,0,0,0,0,0,0,0,1,0,0
5.45,15,0,0,0,0,0,0,0,1,0,1,0,0,0,0,0,0,0
2764.12,3,0,0,0,1,0,0,0,0,0,0,0,0,0,1,0,0,1
51.26,22,2,0,0,0,0,0,0,1,0,0,1,0,0,0,0,0,0
29.94,23,0,0,1,0,0,0,0,0,0,0,0,0,1,0,0,0,0
71.11,21,4,0,0,0,0,0,1,0,0,0,1,0,0,0,0,0,0
92.96,17,2,0,0,0,0,0,0,1,0,0,0,0,1,0,0,0,0
770.87,14,3,0,0,0,0,0,0,1,0,0,0,0,1,0,0,0,1
34.6,7,3,0,1,0,0,0,0,0,0,0,0,0,1,0,0,0,0
753.64,9,2,0,0,0,0,0,0,1,1,0,0,0,0,0,0,0,1
52.06,15,4,0,0,0,0,0,1,0,0,0,0,0,0,0,1,0,0
1991.21,16,2,0,0,0,0,0,0,1,0,0,0,0,1,0,0,0,1
99.56,9,6,1,0,0,1,0,0,0,0,0,0,0,1,0,0,0,0
23.78,15,4,0,0,0,1,0,0,0,0,0,0,0,0,0,1,0,0
221.67,20,4,0,1,0,0,0,0,0,0,0,0,0,0,1,0,0,0
189.68,13,5,1,0,0,1,0,0,0,0,0,0,0,0,1,0,0,0
10.25,21,1,0,1,0,0,0,0,0,0,0,0,0,0,0,0,1,0
16.59,20,6,1,1,0,0,0,0,0,1,0,0,0,0,0,0,0,0
198.78,9,0,0,1,0,0,0,0,0,0,0,0,0,0,1,0,0,0
18.78,23,4,0,0,0,0,0,0,1,0,0,0,0,1,0,0,0,0
169.62,7,1,0,0,0,1,0,0,0,0,0,0,1,0,0,0,0,0
35.46,7,2,0,1,0,0,0,0,0,0,0,1,0,0,0,0,0,0
207.64,17,5,1,1,0,0,0,0,0,0,0,0,0,0,1,0,0,0
79.14,19,4,0,0,0,0,1,0,0,0,0,0,0,1,0,0,0,0
14.22,15,1,0,0,0,0,0,0,1,0,0,0,0,0,0,0,1,0
149.53,15,6,1,1,0,0,0,0,0,0,0,0,1,0,0,0,0,0
33.82,9,1,0,0,0,1,0,0,0,0,0,0,0,0,0,1,0,0
219.25,1,0,0,0,0,0,0,0,1,0,0,0,0,1,0,0,0,1
102.38,15,4,0,0,0,1,0,0,0,0,0,0,1,0,0,0,0,0
635.91,4,1,0,0,0,0,0,1,0,0,0,0,0,0,0,0,1,1
38.94,16,0,0,1,0,0,0,0,0,0,0,0,0,1,0,0,0,0
25.24,18,2,0,1,0,0,0,0,0,0,0,0,0,0,0,1,0,0
61.35,16,1,0,0,0,0,0,0,1,0,0,1,0,0,0,0,0,0
2818.9,18,5,1,0,0,0,1,0,0,0,0,0,0,0,1,0,0,1
4.66,12,2,0,0,0,0,0,0,1,0,1,0,0,0,0,0,0,0
1406.53,17,5,1,0,1,0,0,0,0,0,0,0,0,0,0,1,0,1
85.38,7,3,0,1,0,0,0,0,0,0,0,0,1,0,0,0,0,0
42.28,1,0,0,0,0,0,0,0,1,0,0,0,0,0,0,0,1,1
86.37,10,0,0,1,0,0,0,0,0,0,0,0,1,0,0,0,0,0
11.66,7,4,0,1,0,0,0,0,0,0,0,0,0,0,0,0,1,0
658.3,0,6,1,0,0,0,0,0,1,0,0,0,0,0,0,0,1,1
18.32,21,6,1,0,0,0,0,0,1,0,0,0,0,0,0,1,0,0
792.06,3,2,0,0,0,0,0,0,1,0,0,0,1,0,0,0,0,1
79.3,22,4,0,0,1,0,0,0,0,0,0,1,0,0,0,0,0,0
18.16,23,2,0,1,0,0,0,0,0,0,0,0,0,0,0,0,1,0
66.02,6,6,1,0,1,0,0,0,0,0,0,1,0,0,0,0,0,0
269.1,13,5,1,0,0,0,0,0,1,0,0,0,0,0,1,0,0,0
188.39,17,1,0,0,0,0,0,0,1,0,0,0,0,0,1,0,0,0
5.72,12,5,1,0,0,1,0,0,0,0,1,0,0,0,0,0,0,0
27.74,10,2,0,0,0,0,1,0,0,0,0,0,0,1,0,0,0,0
36.43,10,5,1,0,0,0,0,0,1,0,0,0,0,0,0,1,0,0
32.25,18,0,0,0,1,0,0,0,0,0,0,0,0,0,0,1,0,0
30.83,23,2,0,1,0,0,0,0,0,1,0,0,0,0,0,0,0,0
88.38,22,6,1,0,0,1,0,0,0,0,0,0,0,0,1,0,0,0
100.73,6,2,0,1,0,0,0,0,0,0,0,0,0,1,0,0,0,0
21.01,22,2,0,0,0,0,0,0,1,0,0,0,0,0,0,0,1,0
109.81,14,5,1,1,0,0,0,0,0,0,0,0,0,1,0,0,0,0
7.44,7,5,1,0,0,0,0,0,1,0,0,0,0,0,0,0,1,0
1.61,13,3,0,1,0,0,0,0,0,0,1,0,0,0,0,0,0,0
121.13,3,3,0,0,0,0,0,0,1,0,0,0,0,1,0,0,0,1
231.23,9,6,1,0,0,0,1,0,0,0,0,0,0,0,1,0,0,0
118.07,8,5,1,0,0,0,0,0,1,0,0,0,0,0,1,0,0,0
80.84,6,1,0,0,0,0,0,0,1,0,0,0,0,1,0,0,0,0
29.49,11,4,0,1,0,0,0,0,0,1,0,0,0,0,0,0,0,0
6.51,19,4,0,0,0,0,0,0,1,1,0,0,0,0,0,0,0,0
56.09,22,4,0,0,1,0,0,0,0,0,0,0,0,0,0,1,0,0
1198.44,2,0,0,0,0,0,0,0,1,0,0,0,1,0,0,0,0,1
40.03,9,1,0,0,1,0,0,0,0,0,0,0,0,0,0,1,0,0
48.77,10,0,0,0,0,1,0,0,0,0,0,0,1,0,0,0,0,0
55.0,23,0,0,1,0,0,0,0,0,0,0,1,0,0,0,0,0,0
2675.75,1,0,0,0,0,0,1,0,0,0,0,0,1,0,0,0,0,1
5.35,8,1,0,0,0,0,0,0,1,0,1,0,0,0,0,0,0,0
6.91,2,4,0,0,0,0,0,0,1,0,1,0,0,0,0,0,0,1
2.98,13,0,0,1,0,0,0,0,0,0,1,0,0,0,0,0,0,0
33.51,18,2,0,0,0,0,0,1,0,1,0,0,0,0,0,0,0,0
28.4,11,3,0,0,0,1,0,0,0,1,0,0,0,0,0,0,0,0
25.63,12,1,0,0,1,0,0,0,0,1,0,0,0,0,0,0,0,0
226.88,23,3,0,1,0,0,0,0,0,0,0,0,0,0,1,0,0,0
21.48,9,1,0,0,1,0,0,0,0,0,0,0,0,0,0,0,1,0
69.75,16,6,1,1,0,0,0,0,0,0,0,1,0,0,0,0,0,0
14.85,9,6,1,0,1,0,0,0,0,0,0,0,0,0,0,0,1,0
28.56,18,5,1,0,0,0,0,0,1,0,0,0,0,0,0,0,1,0
32.29,15,3,0,1,0,0,0,0,0,1,0,0,0,0,0,0,0,0
26.4,9,3,0,0,1,0,0,0,0,1,0,0,0,0,0,0,0,0
29.4,21,5,1,0,0,0,1,0,0,0,0,0,0,0,0,1,0,0
5.38,7,0,0,1,0,0,0,0,0,0,1,0,0,0,0,0,0,0
61.83,6,2,0,0,1,0,0,0,0,0,0,1,0,0,0,0,0,0
289.58,20,6,1,1,0,0,0,0,0,0,0,0,0,0,1,0,0,0
39.47,23,0,0,0,0,0,1,0,0,0,0,0,0,0,0,1,0,0
149.11,23,5,1,0,0,0,0,0,1,0,0,0,1,0,0,0,0,0
34.36,11,3,0,1,0,0,0,0,0,0,0,0,0,0,0,1,0,0
119.77,20,2,0,0,1,0,0,0,0,0,0,0,0,0,1,0,0,0
295.11,19,2,0,0,0,0,0,0,1,0,0,0,0,0,1,0,0,0
139.11,11,2,0,1,0,0,0,0,0,0,0,0,0,0,1,0,0,0
25.14,8,2,0,1,0,0,0,0,0,0,0,0,0,0,0,0,1,0
7.75,21,6,1,0,0,0,1,0,0,0,0,0,0,0,0,1,0,0
3.39,18,3,0,0,0,0,0,0,1,0,1,0,0,0,0,0,0,0
18.55,23,3,0,0,0,1,0,0,0,0,0,0,0,0,0,0,1,0
155.28,11,1,0,0,0,1,0,0,0,0,0,0,0,0,1,0,0,0
87.0,22,0,0,1,0,0,0,0,0,0,0,0,0,1,0,0,0,0
74.55,8,4,0,0,0,0,0,0,1,0,0,0,0,1,0,0,0,0
77.46,15,0,0,1,0,0,0,0,0,0,0,1,0,0,0,0,0,0
1177.36,6,2,0,1,0,0,0,0,0,0,0,1,0,0,0,0,0,1
26.24,11,1,0,0,1,0,0,0,0,0,0,0,0,0,1,0,0,0
90.89,20,3,0,0,0,0,1,0,0,0,0,0,0,1,0,0,0,0
77.29,8,4,0,0,0,0,0,0,1,0,0,0,0,1,0,0,0,0
50.78,20,3,0,0,0,0,1,0,0,0,0,0,0,0,0,1,0,0
52.07,9,1,0,0,1,0,0,0,0,0,0,0,0,0,1,0,0,0
30.22,20,0,0,1,0,0,0,0,0,1,0,0,0,0,0,0,0,0
101.31,13,4,0,0,0,0,1,0,0,0,0,0,1,0,0,0,0,0
33.16,21,4,0,0,0,1,0,0,0,0,0,1,0,0,0,0,0,0
36.58,6,4,0,1,0,0,0,0,0,0,0,1,0,0,0,0,0,0
18.73,13,4,0,0,0,1,0,0,0,0,0,0,1,0,0,0,0,0
33.99,6,6,1,1,0,0,0,0,0,0,0,0,0,1,0,0,0,0
24.61,21,6,1,0,1,0,0,0,0,1,0,0,0,0,0,0,0,0
4837.6,22,3,0,0,0,0,0,0,1,0,0,0,0,0,1,0,0,1
75.8,8,3,0,0,1,0,0,0,0,0,0,1,0,0,0,0,0,0
26.09,0,6,1,0,0,0,0,0,1,0,1,0,0,0,0,0,0,1
2.37,22,3,0,0,0,0,0,0,1,0,1,0,0,0,0,0,0,0
2.76,19,5,1,1,0,0,0,0,0,0,1,0,0,0,0,0,0,0
79.75,16,1,0,1,0,0,0,0,0,0,0,1,0,0,0,0,0,0
26.48,23,5,1,0,0,0,0,0,1,0,0,0,0,0,0,0,1,0
2.61,19,5,1,0,0,0,0,0,1,0,1,0,0,0,0,0,0,0
69.55,23,4,0,0,0,0,0,0,1,0,0,0,0,1,0,0,0,0
37.06,12,5,1,0,0,0,0,0,1,0,0,0,0,0,0,1,0,0
915.9,1,0,0,0,0,0,0,0,1,0,0,0,1,0,0,0,0,1
21.38,2,2,0,0,0,0,0,0,1,0,1,0,0,0,0,0,0,1
29.15,21,5,1,0,0,0,0,0,1,0,0,0,1,0,0,0,0,0
27.97,18,4,0,0,0,0,0,0,1,1,0,0,0,0,0,0,0,0
47.47,18,6,1,0,1,0,0,0,0,0,0,0,1,0,0,0,0,0
57.48,21,5,1,0,1,0,0,0,0,0,0,0,0,0,0,1,0,0
94.42,11,4,0,0,1,0,0,0,0,0,0,0,0,1,0,0,0,0
19.11,6,6,1,0,0,0,0,0,1,0,0,1,0,0,0,0,0,0
79.61,13,2,0,1,0,0,0,0,0,0,0,0,0,1,0,0,0,0
102.48,15,0,0,0,1,0,0,0,0,0,0,0,0,1,0,0,0,0
146.42,14,2,0,0,0,0,0,0,1,0,0,0,0,0,1,0,0,0
29.9,7,3,0,0,1,0,0,0,0,1,0,0,0,0,0,0,0,0
17.9,14,0,0,1,0,0,0,0,0,0,0,0,0,0,0,0,1,0
70.34,23,6,1,0,1,0,0,0,0,0,0,0,0,1,0,0,0,0
197.17,11,6,1,1,0,0,0,0,0,0,0,0,1,0,0,0,0,0
35.79,14,0,0,0,0,0,0,0,1,0,0,0,0,0,0,1,0,0
8.32,12,2,0,0,0,0,0,1,0,1,0,0,0,0,0,0,0,0
253.94,10,3,0,0,0,0,1,0,0,0,0,0,0,0,1,0,0,0
88.03,11,0,0,0,0,0,0,0,1,0,0,0,0,1,0,0,0,0
34.1,9,2,0,0,0,0,1,0,0,0,0,1,0,0,0,0,0,0
5.72,20,6,1,0,0,0,0,0,1,0,1,0,0,0,0,0,0,0
35.69,3,2,0,0,0,0,0,0,1,1,0,0,0,0,0,0,0,1
5.72,14,2,0,0,0,1,0,0,0,0,0,0,0,0,0,0,1,0
32.54,16,1,0,0,0,0,0,0,1,0,0,0,0,1,0,0,0,0
92.15,23,2,0,1,0,0,0,0,0,0,0,0,0,1,0,0,0,0
76.06,12,6,1,0,1,0,0,0,0,0,0,1,0,0,0,0,0,0
184.87,22,5,1,1,0,0,0,0,0,0,0,0,1,0,0,0,0,0
58.43,19,0,0,1,0,0,0,0,0,0,0,0,0,0,1,0,0,0
71.96,23,4,0,0,1,0,0,0,0,0,0,0,0,1,0,0,0,0
19.23,22,1,0,0,0,0,0,0,1,0,0,0,0,0,0,1,0,0
31.31,18,6,1,0,0,1,0,0,0,0,0,0,0,0,0,0,1,0
152.3,22,1,0,0,0,0,0,1,0,0,0,0,1,0,0,0,0,0
1047.95,1,3,0,0,0,0,0,0,1,0,0,0,0,0,0,0,1,1
39.42,22,4,0,1,0,0,0,0,0,0,0,0,0,1,0,0,0,0
4.73,23,3,0,0,0,0,1,0,0,0,1,0,0,0,0,0,0,0
1516.2,2,0,0,0,0,0,0,0,1,0,0,0,0,1,0,0,0,1
2.61,21,3,0,0,1,0,0,0,0,0,1,0,0,0,0,0,0,0
15.03,16,3,0,0,0,0,0,1,0,0,0,0,0,0,0,0,1,0
5.76,12,2,0,0,0,0,0,1,0,0,1,0,0,0,0,0,0,0
627.21,4,3,0,0,0,0,0,1,0,0,0,0,0,0,0,0,1,1
14.34,14,2,0,0,0,0,0,0,1,0,0,0,0,0,0,0,1,0
77.4,8,6,1,0,0,0,0,0,1,0,0,1,0,0,0,0,0,0
46.08,23,6,1,0,0,0,0,0,1,0,0,1,0,0,0,0,0,0
58.3,12,2,0,1,0,0,0,0,0,0,0,0,0,1,0,0,0,0
51.69,8,4,0,1,0,0,0,0,0,0,0,0,0,0,0,1,0,0
44.37,23,4,0,1,0,0,0,0,0,0,0,0,0,0,0,1,0,0
32.75,13,3,0,0,0,1,0,0,0,0,0,0,0,1,0,0,0,0
13.43,23,0,0,0,1,0,0,0,0,1,0,0,0,0,0,0,0,0
67.61,17,0,0,0,0,1,0,0,0,0,0,0,0,1,0,0,0,0
12.67,13,0,0,1,0,0,0,0,0,0,0,0,0,1,0,0,0,0
20.99,20,1,0,1,0,0,0,0,0,1,0,0,0,0,0,0,0,0
592.52,2,0,0,0,0,0,1,0,0,0,1,0,0,0,0,0,0,1
70.3,23,6,1,0,0,0,0,0,1,0,0,0,0,1,0,0,0,0
24.22,15,0,0,0,0,0,0,0,1,1,0,0,0,0,0,0,0,0
120.11,8,1,0,1,0,0,0,0,0,0,0,0,1,0,0,0,0,0
121.57,6,5,1,1,0,0,0,0,0,0,0,0,0,0,1,0,0,0
1730.58,4,6,1,0,0,0,0,1,0,0,0,0,0,1,0,0,0,1
21.37,16,6,1,0,0,0,1,0,0,1,0,0,0,0,0,0,0,0
6.26,22,4,0,0,0,0,0,0,1,0,0,0,0,0,0,1,0,0
36.12,22,2,0,0,0,1,0,0,0,0,0,0,0,0,0,0,1,0
6.55,21,2,0,0,0,1,0,0,0,1,0,0,0,0,0,0,0,0
33.43,21,3,0,1,0,0,0,0,0,0,0,0,0,0,0,0,1,0
75.27,8,2,0,1,0,0,0,0,0,0,0,0,0,0,1,0,0,0
114.5,13,6,1,1,0,0,0,0,0,0,0,0,1,0,0,0,0,0
85.89,21,6,1,0,1,0,0,0,0,0,0,0,1,0,0,0,0,0
66.11,19,4,0,1,0,0,0,0,0,0,0,1,0,0,0,0,0,0
35.62,16,1,0,1,0,0,0,0,0,0,0,0,0,0,1,0,0,0
131.71,7,4,0,0,0,1,0,0,0,0,0,0,1,0,0,0,0,0
104.26,11,1,0,0,0,1,0,0,0,0,0,0,1,0,0,0,0,0
29.83,19,4,0,1,0,0,0,0,0,0,0,0,0,0,0,1,0,0
75.48,23,0,0,0,1,0,0,0,0,0,0,0,0,0,1,0,0,0
2.47,23,5,1,1,0,0,0,0,0,0,1,0,0,0,0,0,0,0
50.45,18,0,0,1,0,0,0,0,0,0,0,0,0,1,0,0,0,0
991.02,1,5,1,0,0,0,0,0,1,0,0,0,0,0,0,0,1,1
12.8,6,4,0,1,0,0,0,0,0,1,0,0,0,0,0,0,0,0
19.73,16,5,1,0,1,0,0,0,0,0,0,0,0,0,0,0,1,0
260.34,22,0,0,0,1,0,0,0,0,0,0,0,0,0,1,0,0,0
88.06,17,1,0,0,1,0,0,0,0,0,0,0,0,0,1,0,0,0
22.03,23,5,1,0,1,0,0,0,0,1,0,0,0,0,0,0,0,0
24.64,6,1,0,0,1,0,0,0,0,0,0,0,0,0,0,0,1,0
167.88,7,3,0,0,0,1,0,0,0,0,0,0,1,0,0,0,0,0
9.91,15,6,1,0,0,0,1,0,0,0,0,0,0,0,0,1,0,0
23.52,14,4,0,1,0,0,0,0,0,0,0,0,0,0,0,1,0,0
180.29,9,1,0,0,0,0,0,0,1,0,0,0,1,0,0,0,0,0
35.98,14,3,0,0,1,0,0,0,0,0,0,0,0,0,0,0,1,0
54.46,18,4,0,0,0,0,0,0,1,0,0,0,0,1,0,0,0,0
10.26,23,4,0,0,1,0,0,0,0,1,0,0,0,0,0,0,0,0
3.63,23,3,0,0,0,0,0,1,0,0,1,0,0,0,0,0,0,0
64.62,17,0,0,1,0,0,0,0,0,0,0,0,1,0,0,0,0,0
3.23,10,3,0,1,0,0,0,0,0,0,1,0,0,0,0,0,0,0
249.19,10,2,0,1,0,0,0,0,0,0,0,0,0,0,1,0,0,0
5.36,7,5,1,0,0,0,1,0,0,0,1,0,0,0,0,0,0,0
70.99,9,3,0,1,0,0,0,0,0,0,0,0,0,1,0,0,0,0
42.08,23,1,0,0,0,0,0,0,1,0,0,0,0,0,0,1,0,0
32.66,11,3,0,1,0,0,0,0,0,0,0,0,0,0,0,1,0,0
77.59,22,2,0,1,0,0,0,0,0,0,0,0,0,1,0,0,0,0
18.89,20,4,0,0,0,0,0,0,1,1,0,0,0,0,0,0,0,0
50.82,16,4,0,1,0,0,0,0,0,0,0,1,0,0,0,0,0,0
184.55,17,1,0,0,0,0,0,0,1,0,0,0,1,0,0,0,0,0
10.85,6,5,1,0,0,0,0,1,0,0,0,0,0,0,0,0,1,0
30.41,16,1,0,0,0,0,0,0,1,1,0,0,0,0,0,0,0,0
21.19,8,6,1,0,0,0,0,0,1,1,0,0,0,0,0,0,0,0
9.41,6,4,0,0,0,0,1,0,0,1,0,0,0,0,0,0,0,0
135.79,11,5,1,0,0,0,0,0,1,0,0,0,0,0,1,0,0,0
160.92,3,1,0,0,0,0,0,0,1,0,0,1,0,0,0,0,0,1
21.53,23,2,0,0,0,0,1,0,0,0,0,1,0,0,0,0,0,0
64.84,16,0,0,1,0,0,0,0,0,0,0,0,1,0,0,0,0,0
183.77,21,4,0,1,0,0,0,0,0,0,0,0,1,0,0,0,0,0
29.45,16,3,0,0,0,0,0,0,1,0,0,1,0,0,0,0,0,0
2.86,23,0,0,1,0,0,0,0,0,0,1,0,0,0,0,0,0,0
18.46,19,2,0,0,0,0,0,0,1,1,0,0,0,0,0,0,0,0
4.51,22,6,1,1,0,0,0,0,0,0,1,0,0,0,0,0,0,0
1.8,21,1,0,1,0,0,0,0,0,0,1,0,0,0,0,0,0,0
10.94,21,4,0,0,1,0,0,0,0,0,0,0,0,0,0,1,0,0
5.42,17,1,0,1,0,0,0,0,0,0,1,0,0,0,0,0,0,0
18.89,7,3,0,0,1,0,0,0,0,0,0,1,0,0,0,0,0,0
173.06,18,0,0,0,0,1,0,0,0,0,0,0,0,0,1,0,0,0
4.43,17,3,0,0,0,0,0,0,1,0,1,0,0,0,0,0,0,0
265.85,15,3,0,1,0,0,0,0,0,0,0,0,0,0,1,0,0,0
39.42,12,3,0,1,0,0,0,0,0,0,0,0,0,0,0,0,1,0
36.98,12,6,1,0,1,0,0,0,0,0,0,0,0,0,0,1,0,0
25.74,15,2,0,0,1,0,0,0,0,0,0,1,0,0,0,0,0,0
179.0,13,5,1,0,0,0,0,0,1,0,0,0,0,0,1,0,0,0
5.94,11,1,0,0,0,1,0,0,0,0,0,0,0,0,0,0,1,0
31.29,12,5,1,1,0,0,0,0,0,0,0,0,0,0,0,1,0,0
31.38,6,0,0,0,0,1,0,0,0,1,0,0,0,0,0,0,0,0
26.85,18,3,0,1,0,0,0,0,0,1,0,0,0,0,0,0,0,0
174.7,23,6,1,1,0,0,0,0,0,0,0,0,0,0,1,0,0,0
4.01,19,6,1,1,0,0,0,0,0,0,1,0,0,0,0,0,0,0
3.13,21,2,0,0,0,1,0,0,0,0,1,0,0,0,0,0,0,0
42.64,18,0,0,0,0,0,1,0,0,0,0,0,0,0,1,0,0,0
2.79,20,1,0,0,0,0,0,0,1,0,1,0,0,0,0,0,0,0
1437.28,15,5,1,0,1,0,0,0,0,0,0,0,0,0,0,1,0,1
1351.73,3,2,0,0,0,0,0,0,1,0,0,0,0,0,1,0,0,1
3.29,10,1,0,1,0,0,0,0,0,0,1,0,0,0,0,0,0,0
45.8,8,2,0,0,1,0,0,0,0,0,0,0,0,0,0,1,0,0
24.75,9,2,0,1,0,0,0,0,0,1,0,0,0,0,0,0,0,0
104.65,6,5,1,0,0,1,0,0,0,0,0,0,0,0,1,0,0,0
292.52,13,0,0,0,0,1,0,0,0,0,0,0,0,0,1,0,0,0
72.78,22,6,1,1,0,0,0,0,0,0,0,1,0,0,0,0,0,0
10.52,23,6,1,0,0,0,0,1,0,0,0,0,0,1,0,0,0,0
745.18,1,1,0,0,0,0,0,0,1,0,0,0,0,0,0,1,0,1
15.09,23,3,0,0,1,0,0,0,0,0,0,0,0,0,0,0,1,0
984.63,20,0,0,0,0,0,0,1,0,0,0,1,0,0,0,0,0,1
50.2,18,0,0,1,0,0,0,0,0,0,0,0,0,1,0,0,0,0
4.15,23,4,0,0,0,0,0,0,1,0,1,0,0,0,0,0,0,0
5.34,23,6,1,0,0,0,0,0,1,0,0,0,0,0,0,0,1,0
1610.44,13,4,0,0,0,1,0,0,0,0,0,0,0,0,0,0,1,1
27.69,19,2,0,0,0,0,0,0,1,0,0,1,0,0,0,0,0,0
105.22,8,5,1,0,0,1,0,0,0,0,0,0,0,1,0,0,0,0
64.3,19,6,1,1,0,0,0,0,0,0,0,0,0,1,0,0,0,0
1.63,18,4,0,0,1,0,0,0,0,0,1,0,0,0,0,0,0,0
29.66,3,4,0,0,0,0,0,0,1,0,1,0,0,0,0,0,0,1
106.92,15,1,0,0,0,0,1,0,0,0,0,0,0,1,0,0,0,0
281.06,9,5,1,1,0,0,0,0,0,0,0,0,0,0,1,0,0,0
4.85,20,1,0,0,0,0,0,0,1,0,1,0,0,0,0,0,0,0
75.11,21,1,0,0,0,1,0,0,0,0,0,0,0,1,0,0,0,0
184.36,15,0,0,0,0,1,0,0,0,0,0,0,0,0,1,0,0,0
38.75,19,6,1,1,0,0,0,0,0,0,0,0,0,0,0,0,1,0
25.98,22,6,1,1,0,0,0,0,0,1,0,0,0,0,0,0,0,0
5.97,12,2,0,0,1,0,0,0,0,0,1,0,0,0,0,0,0,0
21.39,8,6,1,1,0,0,0,0,0,0,0,1,0,0,0,0,0,0
160.44,23,5,1,0,0,0,0,0,1,0,0,0,1,0,0,0,0,0
33.2,7,4,0,1,0,0,0,0,0,0,0,0,0,0,0,0,1,0
2043.45,22,0,0,0,0,0,0,0,1,0,0,0,0,0,1,0,0,1
29.21,10,1,0,1,0,0,0,0,0,0,0,1,0,0,0,0,0,0
194.14,23,4,0,0,1,0,0,0,0,0,0,0,1,0,0,0,0,0
2.97,18,5,1,1,0,0,0,0,0,0,1,0,0,0,0,0,0,0
18.4,12,2,0,0,1,0,0,0,0,0,0,0,0,0,0,1,0,0
28.44,15,3,0,1,0,0,0,0,0,1,0,0,0,0,0,0,0,0
20.21,15,6,1,0,1,0,0,0,0,0,0,0,0,0,0,0,1,0
13.37,21,1,0,0,0,0,1,0,0,1,0,0,0,0,0,0,0,0
24.24,9,0,0,1,0,0,0,0,0,1,0,0,0,0,0,0,0,0
3.8,19,4,0,0,1,0,0,0,0,0,1,0,0,0,0,0,0,0
104.13,23,4,0,1,0,0,0,0,0,0,0,0,0,1,0,0,0,0
100.06,14,6,1,1,0,0,0,0,0,0,0,0,0,1,0,0,0,0
31.42,13,6,1,0,0,0,0,0,1,1,0,0,0,0,0,0,0,0
5.39,13,6,1,0,1,0,0,0,0,0,1,0,0,0,0,0,0,0
12.81,17,6,1,1,0,0,0,0,0,1,0,0,0,0,0,0,0,0
741.84,4,4,0,0,0,0,0,0,1,0,0,1,0,0,0,0,0,1
31.09,8,3,0,0,0,0,0,0,1,0,0,0,0,0,0,1,0,0
828.27,13,1,0,0,0,0,0,0,1,0,0,0,0,0,0,1,0,1
75.97,22,1,0,1,0,0,0,0,0,0,0,1,0,0,0,0,0,0
25.73,18,0,0,0,0,1,0,0,0,0,0,0,0,0,0,1,0,0
15.6,17,1,0,0,0,1,0,0,0,0,0,0,0,0,0,0,1,0
87.97,10,5,1,0,1,0,0,0,0,0,0,0,0,1,0,0,0,0
118.18,23,3,0,0,0,0,0,1,0,0,0,0,0,1,0,0,0,0
26.42,17,5,1,0,0,0,0,1,0,0,0,0,0,0,1,0,0,0
72.72,11,1,0,1,0,0,0,0,0,0,0,1,0,0,0,0,0,0
9.57,21,3,0,0,0,0,0,1,0,0,0,0,0,0,0,0,1,0
5.34,9,3,0,1,0,0,0,0,0,1,0,0,0,0,0,0,0,0
12.29,17,2,0,0,0,1,0,0,0,0,0,1,0,0,0,0,0,0
2.96,14,6,1,0,1,0,0,0,0,0,1,0,0,0,0,0,0,0
4.99,8,3,0,0,1,0,0,0,0,0,1,0,0,0,0,0,0,0
116.16,6,0,0,1,0,0,0,0,0,0,0,0,0,1,0,0,0,0
102.41,17,2,0,1,0,0,0,0,0,0,0,0,0,1,0,0,0,0
13.72,6,0,0,0,1,0,0,0,0,1,0,0,0,0,0,0,0,0
248.72,23,6,1,0,0,0,0,0,1,0,0,0,0,0,1,0,0,0
19.26,15,0,0,1,0,0,0,0,0,0,0,0,1,0,0,0,0,0
209.17,19,3,0,0,0,0,0,0,1,0,0,0,0,0,1,0,0,0
772.07,0,6,1,0,1,0,0,0,0,0,0,0,0,0,0,0,1,1
32.54,14,3,0,1,0,0,0,0,0,1,0,0,0,0,0,0,0,0
4691.36,15,0,0,1,0,0,0,0,0,0,0,0,0,0,1,0,0,1
18.6,16,6,1,0,1,0,0,0,0,0,0,0,0,0,0,0,1,0
20.97,14,3,0,0,0,0,0,1,0,0,0,1,0,0,0,0,0,0
264.25,23,3,0,1,0,0,0,0,0,0,0,0,0,0,1,0,0,0
27.8,8,0,0,0,1,0,0,0,0,0,0,0,0,1,0,0,0,0
8.35,19,1,0,0,0,0,0,1,0,1,0,0,0,0,0,0,0,0
95.21,14,2,0,1,0,0,0,0,0,0,0,0,0,1,0,0,0,0
6.13,9,1,0,1,0,0,0,0,0,1,0,0,0,0,0,0,0,0
54.99,6,3,0,0,0,1,0,0,0,0,0,1,0,0,0,0,0,0
43.3,14,3,0,0,0,0,1,0,0,0,0,0,0,1,0,0,0,0
39.48,22,2,0,0,1,0,0,0,0,0,0,0,0,0,0,1,0,0
13.93,21,2,0,0,0,0,0,0,1,0,0,0,0,0,0,1,0,0
48.09,8,0,0,0,0,0,0,0,1,0,0,0,0,1,0,0,0,0
2.53,12,0,0,1,0,0,0,0,0,0,1,0,0,0,0,0,0,0
12.86,12,0,0,0,0,1,0,0,0,0,0,1,0,0,0,0,0,0
72.06,10,6,1,0,0,0,0,0,1,0,0,0,1,0,0,0,0,0
33.66,6,6,1,0,0,0,0,0,1,0,0,0,1,0,0,0,0,0
2164.32,2,1,0,0,0,1,0,0,0,0,0,0,1,0,0,0,0,1
836.99,1,0,0,0,0,0,0,0,1,0,0,0,1,0,0,0,0,1
13.19,13,1,0,0,0,0,0,0,1,0,0,0,0,0,0,0,1,0
20.83,12,4,0,1,0,0,0,0,0,1,0,0,0,0,0,0,0,0
21.8,11,3,0,1,0,0,0,0,0,0,0,0,0,0,0,0,1,0
5.27,6,0,0,0,1,0,0,0,0,0,1,0,0,0,0,0,0,0
196.11,21,6,1,1,0,0,0,0,0,0,0,0,1,0,0,0,0,0
74.35,14,4,0,0,0,0,0,0,1,0,0,1,0,0,0,0,0,0
97.53,19,6,1,0,0,0,0,0,1,0,0,0,1,0,0,0,0,0
117.62,23,3,0,1,0,0,0,0,0,0,0,0,0,1,0,0,0,0
3.32,8,1,0,1,0,0,0,0,0,0,1,0,0,0,0,0,0,0
51.67,20,4,0,0,0,1,0,0,0,0,0,0,0,0,0,1,0,0
1138.65,7,0,0,1,0,0,0,0,0,0,0,0,1,0,0,0,0,1
13.36,23,4,0,1,0,0,0,0,0,0,0,0,0,0,0,1,0,0
27.0,9,0,0,0,1,0,0,0,0,0,0,0,0,0,0,0,1,0
22.16,20,6,1,0,1,0,0,0,0,0,0,0,1,0,0,0,0,0
39.8,15,4,0,0,0,1,0,0,0,0,0,1,0,0,0,0,0,0
266.17,17,1,0,0,1,0,0,0,0,0,0,0,0,0,1,0,0,0
15.54,21,3,0,0,0,0,1,0,0,0,0,0,0,0,0,1,0,0
95.96,19,2,0,1,0,0,0,0,0,0,0,0,0,0,1,0,0,0
4.2,23,6,1,1,0,0,0,0,0,0,1,0,0,0,0,0,0,0
38.84,23,3,0,1,0,0,0,0,0,0,0,0,0,0,0,0,1,0
119.38,22,4,0,0,0,0,1,0,0,0,0,0,1,0,0,0,0,0
42.73,9,2,0,0,0,0,0,0,1,0,0,0,0,0,0,1,0,0
55.4,6,0,0,0,1,0,0,0,0,0,0,0,0,0,0,1,0,0
1309.8,10,0,0,0,0,0,0,0,1,0,0,0,0,0,0,0,1,1
28.61,11,2,0,0,0,1,0,0,0,0,0,0,0,0,0,0,1,0
199.43,11,2,0,0,1,0,0,0,0,0,0,0,1,0,0,0,0,0
7.32,12,0,0,1,0,0,0,0,0,0,0,0,0,0,0,0,1,0
73.87,7,1,0,1,0,0,0,0,0,0,0,0,0,1,0,0,0,0
186.93,19,6,1,0,0,0,0,1,0,0,0,0,0,0,1,0,0,0
2.87,17,0,0,0,1,0,0,0,0,0,1,0,0,0,0,0,0,0
1950.27,7,4,0,0,0,0,1,0,0,0,0,0,1,0,0,0,0,1
15.86,20,3,0,0,1,0,0,0,0,0,0,1,0,0,0,0,0,0
7.52,18,3,0,1,0,0,0,0,0,1,0,0,0,0,0,0,0,0
17.8,6,0,0,0,0,0,0,0,1,1,0,0,0,0,0,0,0,0
29.69,11,4,0,0,1,0,0,0,0,0,0,1,0,0,0,0,0,0
30.7,17,1,0,1,0,0,0,0,0,0,0,1,0,0,0,0,0,0
28.07,6,5,1,0,1,0,0,0,0,0,0,0,0,0,0,0,1,0
81.0,21,6,1,0,0,0,1,0,0,0,0,0,1,0,0,0,0,0
2868.82,13,0,0,0,0,0,0,0,1,0,0,0,1,0,0,0,0,1
29.83,23,3,0,1,0,0,0,0,0,0,0,0,0,0,0,1,0,0
24.88,11,0,0,0,1,0,0,0,0,1,0,0,0,0,0,0,0,0
74.26,9,0,0,0,0,0,0,0,1,0,0,0,1,0,0,0,0,0
13.88,23,0,0,0,0,0,0,1,0,0,0,0,0,0,0,0,1,0
20.85,20,1,0,0,1,0,0,0,0,0,0,0,0,0,0,0,1,0
23.29,10,2,0,0,0,1,0,0,0,0,0,1,0,0,0,0,0,0
4.2,23,0,0,0,1,0,0,0,0,0,1,0,0,0,0,0,0,0
51.49,6,6,1,0,1,0,0,0,0,0,0,0,0,1,0,0,0,0
27.58,15,3,0,1,0,0,0,0,0,0,0,0,0,0,0,0,1,0
58.15,23,5,1,1,0,0,0,0,0,0,0,0,0,1,0,0,0,0
4.78,21,2,0,0,0,0,0,0,1,0,1,0,0,0,0,0,0,0
11.82,20,2,0,1,0,0,0,0,0,1,0,0,0,0,0,0,0,0
50.56,7,4,0,0,0,0,0,0,1,0,0,1,0,0,0,0,0,0
43.08,19,4,0,0,0,1,0,0,0,0,0,0,0,1,0,0,0,0
1025.56,19,6,1,0,0,0,0,0,1,0,0,0,1,0,0,0,0,1
2.28,14,6,1,1,0,0,0,0,0,0,1,0,0,0,0,0,0,0
15.91,7,4,0,0,1,0,0,0,0,0,0,0,0,0,0,1,0,0
5.59,11,2,0,0,0,0,1,0,0,0,0,0,0,0,0,0,1,0
52.14,19,1,0,0,0,0,1,0,0,0,0,0,1,0,0,0,0,0
35.45,9,0,0,1,0,0,0,0,0,0,0,0,0,0,0,0,1,0
9.5,19,1,0,1,0,0,0,0,0,0,0,0,0,0,0,1,0,0
75.37,18,1,0,1,0,0,0,0,0,0,0,0,0,0,1,0,0,0
142.19,9,5,1,0,0,0,0,0,1,0,0,0,0,0,1,0,0,0
1.71,22,0,0,0,1,0,0,0,0,0,1,0,0,0,0,0,0,0
169.48,3,0,0,0,0,0,0,0,1,0,0,1,0,0,0,0,0,1
297.25,6,1,0,1,0,0,0,0,0,0,0,0,0,0,1,0,0,0
34.76,23,6,1,1,0,0,0,0,0,1,0,0,0,0,0,0,0,0
197.3,13,6,1,0,1,0,0,0,0,0,0,0,1,0,0,0,0,0
24.03,7,4,0,1,0,0,0,0,0,0,0,1,0,0,0,0,0,0
11.09,23,0,0,0,0,0,0,1,0,1,0,0,0,0,0,0,0,0
11.06,14,6,1,0,1,0,0,0,0,0,0,0,0,0,0,0,1,0
2.88,20,4,0,0,1,0,0,0,0,0,1,0,0,0,0,0,0,0
21.58,21,3,0,1,0,0,0,0,0,0,0,0,0,0,0,1,0,0
8.44,23,6,1,0,1,0,0,0,0,0,0,0,0,0,0,0,1,0
94.5,22,3,0,1,0,0,0,0,0,0,0,0,0,1,0,0,0,0
5.76,6,3,0,0,1,0,0,0,0,0,1,0,0,0,0,0,0,0
10.69,15,5,1,0,0,0,0,1,0,0,0,0,0,0,0,1,0,0
69.0,17,4,0,1,0,0,0,0,0,0,0,1,0,0,0,0,0,0
26.43,8,3,0,0,0,0,0,0,1,0,0,0,0,0,0,0,1,0
63.51,11,2,0,1,0,0,0,0,0,0,0,1,0,0,0,0,0,0
19.83,3,1,0,0,0,0,0,0,1,1,0,0,0,0,0,0,0,1
13.9,23,3,0,1,0,0,0,0,0,0,0,0,0,0,0,1,0,0
816.79,2,2,0,0,0,0,0,0,1,0,0,0,0,0,0,0,1,1
22.92,1,5,1,0,0,0,0,0,1,0,1,0,0,0,0,0,0,1
42.56,9,5,1,0,1,0,0,0,0,0,0,1,0,0,0,0,0,0
24.29,7,0,0,1,0,0,0,0,0,0,0,0,0,0,1,0,0,0
23.92,20,3,0,0,0,0,0,0,1,1,0,0,0,0,0,0,0,0
283.0,12,6,1,1,0,0,0,0,0,0,0,0,0,0,1,0,0,0
56.18,18,3,0,1,0,0,0,0,0,0,0,0,0,0,1,0,0,0
1.95,7,1,0,0,0,0,1,0,0,0,1,0,0,0,0,0,0,0
11.85,22,6,1,0,0,1,0,0,0,1,0,0,0,0,0,0,0,0
25.92,17,6,1,1,0,0,0,0,0,1,0,0,0,0,0,0,0,0
6.67,16,5,1,0,0,1,0,0,0,0,0,0,0,0,0,0,1,0
2.59,17,4,0,1,0,0,0,0,0,0,1,0,0,0,0,0,0,0
71.04,19,0,0,1,0,0,0,0,0,0,0,1,0,0,0,0,0,0
141.82,4,6,1,0,0,0,0,0,1,0,0,0,0,0,0,1,0,1
45.21,22,3,0,1,0,0,0,0,0,0,0,0,0,0,0,1,0,0
24.6,18,4,0,0,0,0,0,0,1,0,0,0,0,0,0,0,1,0
1.52,7,3,0,0,0,0,0,0,1,0,1,0,0,0,0,0,0,0
13.85,12,0,0,1,0,0,0,0,0,0,0,0,0,0,0,0,1,0
49.29,15,5,1,0,1,0,0,0,0,0,0,0,0,1,0,0,0,0
109.4,11,6,1,0,0,0,0,0,1,0,0,0,0,1,0,0,0,0
86.62,3,2,0,0,0,0,0,0,1,0,0,0,0,0,1,0,0,1
513.06,4,6,1,0,0,0,0,0,1,0,0,1,0,0,0,0,0,1
69.51,11,3,0,1,0,0,0,0,0,0,0,0,0,0,1,0,0,0
126.1,12,6,1,0,0,0,0,0,1,0,0,0,1,0,0,0,0,0
35.85,23,0,0,0,1,0,0,0,0,0,0,0,1,0,0,0,0,0
19.2,12,6,1,0,1,0,0,0,0,0,0,1,0,0,0,0,0,0
40.87,6,5,1,1,0,0,0,0,0,0,0,0,0,0,0,1,0,0
87.51,21,6,1,1,0,0,0,0,0,0,0,0,0,0,1,0,0,0
30.59,14,3,0,0,1,0,0,0,0,0,0,0,1,0,0,0,0,0
38.98,9,1,0,0,0,0,0,0,1,0,0,1,0,0,0,0,0,0
44.54,12,4,0,0,0,1,0,0,0,0,0,1,0,0,0,0,0,0
147.46,23,5,1,1,0,0,0,0,0,0,0,0,1,0,0,0,0,0
10.72,12,4,0,1,0,0,0,0,0,0,0,0,0,1,0,0,0,0
2.88,6,3,0,0,1,0,0,0,0,0,1,0,0,0,0,0,0,0
290.86,23,0,0,0,0,0,1,0,0,0,0,0,0,0,1,0,0,0
14.01,14,3,0,0,0,0,0,0,1,0,0,0,0,0,0,1,0,0
249.98,7,2,0,0,0,0,1,0,0,0,0,0,0,0,1,0,0,0
78.26,6,1,0,1,0,0,0,0,0,0,0,1,0,0,0,0,0,0
26.24,6,2,0,0,0,0,0,0,1,0,0,0,0,0,0,0,1,0
88.77,14,6,1,1,0,0,0,0,0,0,0,0,1,0,0,0,0,0
59.97,23,2,0,0,0,0,0,0,1,0,0,0,0,1,0,0,0,0
158.59,15,3,0,1,0,0,0,0,0,0,0,0,1,0,0,0,0,0
267.32,12,6,1,0,1,0,0,0,0,0,0,0,0,0,1,0,0,0
43.96,21,1,0,0,0,0,0,0,1,0,0,0,0,0,0,1,0,0
68.02,7,5,1,1,0,0,0,0,0,0,0,1,0,0,0,0,0,0
63.64,23,2,0,0,0,0,0,0,1,0,0,1,0,0,0,0,0,0
116.71,11,4,0,0,0,0,0,0,1,0,0,0,1,0,0,0,0,0
9.22,6,4,0,1,0,0,0,0,0,1,0,0,0,0,0,0,0,0
1846.94,19,4,0,0,0,0,1,0,0,0,0,0,0,0,1,0,0,1
5.39,18,3,0,1,0,0,0,0,0,0,1,0,0,0,0,0,0,0
72.78,9,1,0,1,0,0,0,0,0,0,0,1,0,0,0,0,0,0
18.28,11,4,0,0,0,0,1,0,0,0,0,0,0,0,0,0,1,0
12.14,8,4,0,0,0,1,0,0,0,0,0,0,0,1,0,0,0,0
17.05,2,2,0,0,0,0,0,0,1,1,0,0,0,0,0,0,0,1
88.97,23,2,0,0,1,0,0,0,0,0,0,0,0,1,0,0,0,0
112.09,17,3,0,1,0,0,0,0,0,0,0,0,0,1,0,0,0,0
9.81,13,3,0,0,1,0,0,0,0,0,0,0,0,0,0,0,1,0
3873.03,19,0,0,1,0,0,0,0,0,0,0,0,0,0,1,0,0,1
1.71,21,1,0,0,0,0,0,0,1,0,1,0,0,0,0,0,0,0
12.16,23,3,0,1,0,0,0,0,0,0,0,0,0,0,0,1,0,0
139.6,15,6,1,1,0,0,0,0,0,0,0,0,1,0,0,0,0,0
20.75,13,2,0,0,0,1,0,0,0,0,0,0,0,0,0,0,1,0
9.7,6,6,1,0,1,0,0,0,0,0,0,0,0,0,0,0,1,0
131.93,8,3,0,0,0,0,0,0,1,0,0,0,1,0,0,0,0,0
685.45,0,1,0,0,0,0,0,1,0,0,0,1,0,0,0,0,0,1
159.39,9,3,0,0,0,0,0,1,0,0,0,0,1,0,0,0,0,0
53.9,20,1,0,0,0,0,0,0,1,0,0,1,0,0,0,0,0,0
2.1,20,3,0,0,0,0,0,0,1,0,1,0,0,0,0,0,0,0
32.45,23,5,1,0,0,1,0,0,0,0,0,0,0,0,0,0,1,0
45.94,10,2,0,1,0,0,0,0,0,0,0,0,0,0,0,1,0,0
8.49,20,3,0,0,0,0,0,0,1,0,0,0,0,0,0,0,1,0
5.15,23,6,1,0,0,1,0,0,0,0,1,0,0,0,0,0,0,0
2.09,23,4,0,0,1,0,0,0,0,0,1,0,0,0,0,0,0,0
885.14,22,6,1,0,1,0,0,0,0,0,0,0,0,0,0,0,1,1
18.56,17,3,0,0,0,0,0,0,1,0,0,0,0,1,0,0,0,0
21.97,10,6,1,0,0,0,0,0,1,0,0,0,0,0,1,0,0,0
286.48,23,4,0,0,1,0,0,0,0,0,0,0,0,0,1,0,0,0
166.26,23,3,0,1,0,0,0,0,0,0,0,0,0,0,1,0,0,0
225.58,17,2,0,0,1,0,0,0,0,0,0,0,0,0,1,0,0,0
12.51,15,6,1,0,0,0,0,0,1,0,0,0,0,0,0,0,1,0
126.42,16,4,0,0,0,0,1,0,0,0,0,0,1,0,0,0,0,0
8.68,12,5,1,0,0,0,0,0,1,1,0,0,0,0,0,0,0,0
39.26,17,5,1,0,1,0,0,0,0,0,0,1,0,0,0,0,0,0
59.0,18,2,0,1,0,0,0,0,0,0,0,1,0,0,0,0,0,0
2652.76,15,1,0,0,0,0,0,0,1,0,0,0,1,0,0,0,0,1
79.53,23,0,0,0,1,0,0,0,0,0,0,1,0,0,0,0,0,0
55.46,19,0,0,1,0,0,0,0,0,0,0,0,0,0,0,1,0,0
23.58,23,4,0,0,0,1,0,0,0,0,0,0,0,1,0,0,0,0
51.74,6,5,1,1,0,0,0,0,0,0,0,1,0,0,0,0,0,0
49.86,9,2,0,0,0,0,1,0,0,0,0,0,0,0,1,0,0,0
243.02,8,3,0,0,1,0,0,0,0,0,0,0,0,0,1,0,0,0
23.96,23,2,0,0,0,0,0,0,1,0,0,0,0,0,0,1,0,0
85.13,9,0,0,1,0,0,0,0,0,0,0,0,1,0,0,0,0,0
157.88,10,0,0,0,0,0,0,0,1,0,0,0,1,0,0,0,0,0
2119.32,1,3,0,0,0,0,0,0,1,0,0,0,1,0,0,0,0,1
3.97,14,6,1,1,0,0,0,0,0,0,1,0,0,0,0,0,0,0
52.29,10,2,0,1,0,0,0,0,0,0,0,0,1,0,0,0,0,0
837.71,4,4,0,0,0,0,0,0,1,0,0,0,1,0,0,0,0,1
13.98,8,2,0,1,0,0,0,0,0,0,0,1,0,0,0,0,0,0
246.75,21,4,0,1,0,0,0,0,0,0,0,0,0,0,1,0,0,0
27.56,18,5,1,1,0,0,0,0,0,0,0,1,0,0,0,0,0,0
19.99,17,0,0,1,0,0,0,0,0,1,0,0,0,0,0,0,0,0
30.48,20,5,1,1,0,0,0,0,0,0,0,0,0,1,0,0,0,0
1646.58,9,3,0,0,1,0,0,0,0,0,0,0,0,1,0,0,0,1
14.1,23,5,1,0,0,0,0,0,1,0,0,0,0,0,0,0,1,0
78.42,22,6,1,1,0,0,0,0,0,0,0,0,1,0,0,0,0,0
295.86,19,2,0,1,0,0,0,0,0,0,0,0,0,0,1,0,0,0
22.08,12,3,0,0,1,0,0,0,0,0,0,1,0,0,0,0,0,0
14.37,23,3,0,1,0,0,0,0,0,1,0,0,0,0,0,0,0,0
15.7,16,2,0,1,0,0,0,0,0,0,0,0,0,1,0,0,0,0
57.15,21,4,0,0,0,0,0,0,1,0,0,1,0,0,0,0,0,0
18.03,15,0,0,1,0,0,0,0,0,1,0,0,0,0,0,0,0,0
87.14,13,4,0,0,1,0,0,0,0,0,0,0,0,1,0,0,0,0
31.89,15,1,0,1,0,0,0,0,0,0,0,0,0,0,0,0,1,0
162.35,23,2,0,0,0,1,0,0,0,0,0,0,1,0,0,0,0,0
159.62,1,2,0,0,0,0,0,0,1,0,0,0,0,0,0,0,1,1
21.08,7,2,0,0,0,0,0,0,1,0,0,0,0,0,0,1,0,0
144.29,18,3,0,0,0,0,0,0,1,0,0,0,1,0,0,0,0,0
63.82,17,0,0,1,0,0,0,0,0,0,0,0,0,1,0,0,0,0
194.7,2,2,0,0,0,0,0,0,1,0,0,0,0,0,0,0,1,1
27.01,12,6,1,0,0,0,0,0,1,0,0,0,0,1,0,0,0,0
102.42,2,5,1,0,0,0,0,0,1,1,0,0,0,0,0,0,0,1
52.42,17,4,0,0,1,0,0,0,0,0,0,0,0,0,0,1,0,0
44.67,10,0,0,0,0,0,0,0,1,0,0,1,0,0,0,0,0,0
8.83,18,2,0,0,1,0,0,0,0,1,0,0,0,0,0,0,0,0
129.14,16,0,0,1,0,0,0,0,0,0,0,0,1,0,0,0,0,0
13.84,21,2,0,0,0,1,0,0,0,1,0,0,0,0,0,0,0,0
23.6,21,3,0,0,1,0,0,0,0,1,0,0,0,0,0,0,0,0
145.28,19,0,0,1,0,0,0,0,0,0,0,0,0,0,1,0,0,0
3.35,10,3,0,0,1,0,0,0,0,0,1,0,0,0,0,0,0,0
14.17,19,0,0,0,0,0,0,0,1,0,0,0,0,0,0,0,1,0
3.3,23,1,0,0,0,1,0,0,0,0,1,0,0,0,0,0,0,0
124.71,9,5,1,0,1,0,0,0,0,0,0,0,0,0,1,0,0,0
32.64,22,3,0,0,0,0,1,0,0,1,0,0,0,0,0,0,0,0
2865.76,11,6,1,0,0,0,0,0,1,0,0,0,0,0,1,0,0,1
63.64,16,0,0,0,0,0,0,0,1,0,0,1,0,0,0,0,0,0
144.58,8,3,0,0,0,1,0,0,0,0,0,0,0,0,1,0,0,0
26.96,13,5,1,0,0,0,1,0,0,0,0,0,0,0,0,0,1,0
154.3,14,6,1,0,1,0,0,0,0,0,0,0,1,0,0,0,0,0
15.25,17,0,0,0,0,0,1,0,0,0,0,0,0,0,0,0,1,0
29.64,11,1,0,1,0,0,0,0,0,1,0,0,0,0,0,0,0,0
5.07,15,2,0,0,1,0,0,0,0,0,1,0,0,0,0,0,0,0
14.87,14,5,1,0,0,0,1,0,0,0,0,0,0,0,0,0,1,0
113.2,20,3,0,1,0,0,0,0,0,0,0,0,1,0,0,0,0,0
14.76,14,0,0,0,0,0,0,0,1,1,0,0,0,0,0,0,0,0
79.45,6,5,1,1,0,0,0,0,0,0,0,0,0,0,1,0,0,0
15.91,21,4,0,1,0,0,0,0,0,1,0,0,0,0,0,0,0,0
3.4,17,1,0,0,1,0,0,0,0,0,1,0,0,0,0,0,0,0
19.33,23,4,0,1,0,0,0,0,0,1,0,0,0,0,0,0,0,0
33.78,19,2,0,1,0,0,0,0,0,0,0,0,0,0,0,1,0,0
13.78,10,0,0,1,0,0,0,0,0,0,0,0,0,0,0,1,0,0
12.19,14,6,1,1,0,0,0,0,0,0,0,0,0,0,0,0,1,0
40.26,23,3,0,1,0,0,0,0,0,0,0,0,1,0,0,0,0,0
4524.68,7,6,1,0,0,0,0,0,1,0,0,0,0,0,1,0,0,1
3856.66,8,1,0,0,0,0,0,1,0,0,0,0,0,0,1,0,0,1
34.28,19,6,1,0,0,1,0,0,0,0,0,0,0,0,0,0,1,0
180.26,23,3,0,1,0,0,0,0,0,0,0,0,1,0,0,0,0,0
98.63,13,3,0,0,0,0,0,0,1,0,0,0,1,0,0,0,0,0
414.33,22,5,1,0,0,1,0,0,0,0,1,0,0,0,0,0,0,1
17.59,17,3,0,1,0,0,0,0,0,0,0,0,0,0,0,1,0,0
379.74,4,0,0,0,0,0,0,0,1,0,0,1,0,0,0,0,0,1
12.27,11,1,0,1,0,0,0,0,0,0,0,0,0,0,0,1,0,0
33.73,14,0,0,0,0,0,0,0,1,0,0,0,0,0,0,0,1,0
2414.47,19,0,0,0,0,0,0,0,1,0,0,0,0,0,1,0,0,1
123.28,14,0,0,0,0,1,0,0,0,0,0,0,0,0,1,0,0,0
219.22,3,5,1,0,0,0,0,0,1,0,0,0,0,0,0,1,0,1
31.37,18,2,0,0,0,0,0,0,1,0,0,0,0,0,0,1,0,0
10.76,9,5,1,0,0,0,0,0,1,1,0,0,0,0,0,0,0,0
377.08,0,0,0,0,0,0,0,0,1,0,0,0,0,1,0,0,0,1
20.98,7,0,0,1,0,0,0,0,0,0,0,0,0,0,1,0,0,0
177.43,23,5,1,0,1,0,0,0,0,0,0,0,0,0,1,0,0,0
47.42,12,0,0,1,0,0,0,0,0,0,0,0,0,0,0,1,0,0
22.14,13,1,0,0,0,0,0,0,1,0,0,0,0,0,0,1,0,0
593.9,0,2,0,0,0,0,0,0,1,0,0,0,0,1,0,0,0,1
22.45,18,2,0,1,0,0,0,0,0,0,0,0,0,1,0,0,0,0
9.82,6,3,0,1,0,0,0,0,0,1,0,0,0,0,0,0,0,0
26.82,14,2,0,1,0,0,0,0,0,1,0,0,0,0,0,0,0,0
32.97,15,6,1,1,0,0,0,0,0,1,0,0,0,0,0,0,0,0
12.58,23,2,0,1,0,0,0,0,0,0,0,0,0,0,0,0,1,0
196.69,16,4,0,1,0,0,0,0,0,0,0,0,0,0,1,0,0,0
38.23,14,1,0,1,0,0,0,0,0,0,0,0,0,0,0,1,0,0
53.9,17,6,1,1,0,0,0,0,0,0,0,0,0,0,0,1,0,0
15.88,10,3,0,1,0,0,0,0,0,0,0,1,0,0,0,0,0,0
47.03,21,6,1,0,0,1,0,0,0,0,0,0,0,0,0,1,0,0
728.54,2,3,0,0,0,0,0,0,1,0,0,0,1,0,0,0,0,1
146.06,6,6,1,0,0,0,0,1,0,0,0,0,0,0,1,0,0,0
24.76,13,3,0,0,0,0,0,0,1,0,0,1,0,0,0,0,0,0
4.23,20,1,0,1,0,0,0,0,0,0,1,0,0,0,0,0,0,0
5.24,16,2,0,0,1,0,0,0,0,0,1,0,0,0,0,0,0,0
294.88,0,4,0,0,0,0,0,0,1,0,0,0,0,1,0,0,0,1
92.13,13,2,0,1,0,0,0,0,0,0,0,0,1,0,0,0,0,0
39.48,6,5,1,1,0,0,0,0,0,0,0,0,0,1,0,0,0,0
56.23,15,3,0,0,0,0,0,0,1,0,0,0,0,1,0,0,0,0
29.2,21,5,1,0,0,0,0,1,0,1,0,0,0,0,0,0,0,0
27.19,23,0,0,1,0,0,0,0,0,0,0,0,0,1,0,0,0,0
2.85,12,4,0,0,0,0,0,0,1,0,1,0,0,0,0,0,0,0
10.38,22,1,0,0,0,0,0,0,1,1,0,0,0,0,0,0,0,0
27.14,7,6,1,0,0,0,0,0,1,1,0,0,0,0,0,0,0,0
31.38,15,4,0,0,0,0,1,0,0,0,0,0,0,0,0,0,1,0
25.17,18,2,0,0,0,0,0,0,1,0,0,0,0,0,0,1,0,0
87.57,23,1,0,0,0,0,0,0,1,0,0,0,1,0,0,0,0,0
78.73,23,1,0,1,0,0,0,0,0,0,0,0,0,0,1,0,0,0
4.27,13,0,0,1,0,0,0,0,0,0,1,0,0,0,0,0,0,0
14.7,16,1,0,1,0,0,0,0,0,1,0,0,0,0,0,0,0,0
134.8,20,6,1,1,0,0,0,0,0,0,0,0,0,0,1,0,0,0
5.21,6,0,0,0,1,0,0,0,0,0,0,0,0,0,0,1,0,0
174.83,10,1,0,0,0,0,0,0,1,0,0,0,1,0,0,0,0,0
14.27,22,5,1,0,1,0,0,0,0,0,0,0,0,0,0,0,1,0
150.17,16,3,0,0,0,0,0,0,1,0,0,0,1,0,0,0,0,0
20.05,14,6,1,0,0,0,0,0,1,0,0,0,0,0,0,0,1,0
24.25,20,1,0,1,0,0,0,0,0,0,0,0,0,0,0,0,1,0
108.75,9,2,0,0,0,1,0,0,0,0,0,0,0,1,0,0,0,0
13.13,13,3,0,0,1,0,0,0,0,0,0,0,0,0,0,1,0,0
34.59,15,0,0,0,0,0,0,0,1,1,0,0,0,0,0,0,0,0
67.54,7,0,0,0,0,1,0,0,0,0,0,0,1,0,0,0,0,0
54.68,23,6,1,1,0,0,0,0,0,0,0,0,0,0,0,1,0,0
701.26,21,3,0,0,0,1,0,0,0,1,0,0,0,0,0,0,0,1
69.44,11,6,1,1,0,0,0,0,0,0,0,1,0,0,0,0,0,0
77.84,14,3,0,1,0,0,0,0,0,0,0,0,1,0,0,0,0,0
31.38,18,6,1,0,0,1,0,0,0,0,0,0,0,0,0,1,0,0
108.52,22,0,0,0,1,0,0,0,0,0,0,0,1,0,0,0,0,0
49.9,21,5,1,0,0,1,0,0,0,0,0,1,0,0,0,0,0,0
7.73,11,4,0,0,0,1,0,0,0,1,0,0,0,0,0,0,0,0
28.59,20,5,1,0,0,0,1,0,0,0,0,0,0,0,0,0,1,0
13.94,20,0,0,1,0,0,0,0,0,0,0,0,0,0,0,0,1,0
55.76,13,2,0,1,0,0,0,0,0,0,0,0,0,0,0,1,0,0
18.35,6,1,0,1,0,0,0,0,0,0,0,0,0,0,0,0,1,0
22.15,3,0,0,0,0,0,0,0,1,0,1,0,0,0,0,0,0,1
41.84,23,5,1,1,0,0,0,0,0,0,0,0,0,0,0,1,0,0
31.74,15,6,1,0,0,0,0,0,1,0,0,0,0,0,0,1,0,0
696.54,4,0,0,0,1,0,0,0,0,1,0,0,0,0,0,0,0,1
1310.65,1,3,0,0,0,0,0,0,1,0,0,0,0,0,0,0,1,1
59.86,15,2,0,1,0,0,0,0,0,0,0,1,0,0,0,0,0,0
17.58,23,2,0,0,1,0,0,0,0,0,0,0,0,0,0,0,1,0
18.17,20,2,0,0,1,0,0,0,0,1,0,0,0,0,0,0,0,0
142.69,9,4,0,1,0,0,0,0,0,0,0,0,1,0,0,0,0,0
3.83,17,1,0,0,0,0,0,1,0,0,1,0,0,0,0,0,0,0
181.15,10,5,1,0,0,0,1,0,0,0,0,0,1,0,0,0,0,0
173.82,10,0,0,0,0,0,0,0,1,0,0,0,0,0,1,0,0,0
61.41,8,0,0,0,0,0,0,0,1,0,0,1,0,0,0,0,0,0
20.45,15,5,1,0,0,0,0,1,0,0,0,0,0,0,0,0,1,0
59.99,17,6,1,1,0,0,0,0,0,0,0,1,0,0,0,0,0,0
27.51,12,5,1,1,0,0,0,0,0,0,0,0,0,0,0,0,1,0
5.97,9,1,0,0,1,0,0,0,0,0,1,0,0,0,0,0,0,0
30.9,20,1,0,0,0,0,0,0,1,0,0,0,0,1,0,0,0,0
27.48,11,6,1,0,0,0,0,1,0,0,0,0,0,0,0,0,1,0
55.71,6,4,0,0,0,0,0,0,1,0,0,1,0,0,0,0,0,0
8.44,9,0,0,0,0,0,0,0,1,0,0,0,0,0,0,1,0,0
1267.32,3,1,0,0,0,0,0,0,1,0,0,0,0,0,0,1,0,1
5.64,23,0,0,1,0,0,0,0,0,0,1,0,0,0,0,0,0,0
3.41,21,1,0,1,0,0,0,0,0,0,1,0,0,0,0,0,0,0
391.28,4,4,0,0,0,0,0,0,1,0,0,1,0,0,0,0,0,1
5.36,12,4,0,0,1,0,0,0,0,0,1,0,0,0,0,0,0,0
96.54,17,3,0,1,0,0,0,0,0,0,0,0,0,1,0,0,0,0
51.56,3,3,0,0,0,0,0,0,1,1,0,0,0,0,0,0,0,1
70.33,22,0,0,0,1,0,0,0,0,0,0,0,0,1,0,0,0,0
30.55,14,0,0,0,0,0,0,0,1,1,0,0,0,0,0,0,0,0
1143.45,1,6,1,0,0,1,0,0,0,0,0,1,0,0,0,0,0,1
5.43,16,4,0,1,0,0,0,0,0,0,0,0,0,0,0,0,1,0
15.6,18,3,0,1,0,0,0,0,0,0,0,0,0,0,0,1,0,0
1401.6,4,6,1,0,1,0,0,0,0,0,0,0,0,1,0,0,0,1
40.88,11,4,0,1,0,0,0,0,0,0,0,0,0,1,0,0,0,0
16.86,12,4,0,0,0,0,0,0,1,0,0,0,0,0,0,0,1,0
695.21,22,5,1,0,0,0,0,0,1,1,0,0,0,0,0,0,0,1
13.42,18,3,0,1,0,0,0,0,0,1,0,0,0,0,0,0,0,0
3502.39,18,4,0,0,0,0,0,0,1,0,0,0,0,0,1,0,0,1
16.39,13,6,1,0,0,0,0,0,1,0,0,0,0,0,0,1,0,0
121.04,10,1,0,0,1,0,0,0,0,0,0,0,0,0,1,0,0,0
38.04,12,5,1,0,0,0,0,0,1,0,0,0,0,1,0,0,0,0
38.52,22,2,0,1,0,0,0,0,0,0,0,1,0,0,0,0,0,0
36.98,8,1,0,1,0,0,0,0,0,0,0,0,0,0,0,0,1,0
37.47,22,1,0,1,0,0,0,0,0,0,0,0,0,0,0,0,1,0
36.24,21,0,0,1,0,0,0,0,0,0,0,0,0,0,0,0,1,0
22.14,2,1,0,0,0,0,0,0,1,0,0,0,0,0,0,1,0,1
3.76,22,6,1,1,0,0,0,0,0,0,1,0,0,0,0,0,0,0
5.98,17,0,0,0,1,0,0,0,0,0,0,0,0,0,0,0,1,0
50.53,10,0,0,1,0,0,0,0,0,0,0,1,0,0,0,0,0,0
266.84,13,0,0,0,1,0,0,0,0,0,0,0,0,0,1,0,0,0
15.28,17,0,0,0,0,1,0,0,0,1,0,0,0,0,0,0,0,0
29.25,11,1,0,1,0,0,0,0,0,0,0,0,0,0,0,0,1,0
283.11,10,6,1,0,0,0,1,0,0,0,0,0,0,0,1,0,0,0
228.89,23,1,0,1,0,0,0,0,0,0,0,0,0,0,1,0,0,0
1021.4,3,1,0,1,0,0,0,0,0,0,0,0,0,1,0,0,0,1
5.31,16,0,0,0,1,0,0,0,0,0,1,0,0,0,0,0,0,0
4.3,11,0,0,0,0,0,0,1,0,0,1,0,0,0,0,0,0,0
44.67,15,4,0,0,0,0,0,0,1,0,0,0,0,1,0,0,0,0
38.78,23,2,0,0,0,0,0,1,0,0,0,0,0,0,0,1,0,0
25.11,9,2,0,0,1,0,0,0,0,0,0,0,0,0,0,1,0,0
24.41,15,3,0,1,0,0,0,0,0,0,0,0,0,0,0,1,0,0
83.2,8,4,0,0,1,0,0,0,0,0,0,0,0,1,0,0,0,0
100.93,7,6,1,0,0,0,0,1,0,0,0,0,0,1,0,0,0,0
31.48,20,1,0,0,1,0,0,0,0,0,0,0,0,0,0,0,1,0
21.81,21,0,0,1,0,0,0,0,0,0,0,0,0,0,0,0,1,0
54.31,7,1,0,0,0,0,0,0,1,0,0,0,0,0,1,0,0,0
32.25,16,3,0,0,1,0,0,0,0,0,0,0,0,0,0,1,0,0
57.93,14,3,0,0,0,1,0,0,0,0,0,0,0,0,0,1,0,0
8.79,11,5,1,0,0,0,1,0,0,1,0,0,0,0,0,0,0,0
1147.87,1,4,0,0,0,0,0,0,1,0,0,0,0,0,0,1,0,1
30.05,13,2,0,0,0,1,0,0,0,1,0,0,0,0,0,0,0,0
39.03,17,0,0,0,1,0,0,0,0,0,0,0,0,0,0,1,0,0
194.12,13,4,0,0,0,0,0,0,1,0,0,0,0,0,1,0,0,0
24.99,4,4,0,0,0,0,0,0,1,0,1,0,0,0,0,0,0,1
246.04,12,4,0,1,0,0,0,0,0,0,0,0,0,0,1,0,0,0
61.28,21,2,0,1,0,0,0,0,0,0,0,0,0,0,1,0,0,0
780.97,3,6,1,0,0,0,0,0,1,0,0,1,0,0,0,0,0,1
46.5,11,5,1,1,0,0,0,0,0,0,0,0,0,0,0,1,0,0
2734.87,19,3,0,0,0,0,0,0,1,0,0,0,1,0,0,0,0,1
2.24,9,1,0,0,1,0,0,0,0,0,1,0,0,0,0,0,0,0
13.23,10,4,0,0,0,0,0,0,1,0,0,0,0,0,0,1,0,0
76.16,14,5,1,1,0,0,0,0,0,0,0,0,0,0,1,0,0,0
32.81,23,2,0,0,0,0,1,0,0,0,0,0,0,0,0,0,1,0
9.64,21,0,0,1,0,0,0,0,0,0,0,0,0,0,0,1,0,0
23.15,8,0,0,0,0,0,0,0,1,0,0,0,1,0,0,0,0,0
13.82,16,3,0,1,0,0,0,0,0,0,0,0,0,0,0,0,1,0
135.13,12,1,0,0,0,0,1,0,0,0,0,0,0,0,1,0,0,0
3.94,6,0,0,0,0,1,0,0,0,0,1,0,0,0,0,0,0,0
9.52,11,4,0,0,0,0,0,0,1,0,0,0,0,0,0,0,1,0
3.01,18,4,0,1,0,0,0,0,0,0,1,0,0,0,0,0,0,0
25.08,9,6,1,0,0,0,0,1,0,0,0,0,0,0,0,0,1,0
3.42,22,3,0,1,0,0,0,0,0,0,1,0,0,0,0,0,0,0
134.49,11,0,0,0,1,0,0,0,0,0,0,0,0,0,1,0,0,0
31.94,7,6,1,1,0,0,0,0,0,0,0,0,0,0,0,1,0,0
12.87,14,2,0,0,0,0,0,0,1,0,0,0,0,0,0,1,0,0
92.53,11,1,0,1,0,0,0,0,0,0,0,0,1,0,0,0,0,0
93.05,9,6,1,0,0,1,0,0,0,0,0,0,1,0,0,0,0,0
24.74,9,2,0,1,0,0,0,0,0,1,0,0,0,0,0,0,0,0
132.66,9,6,1,1,0,0,0,0,0,0,0,0,1,0,0,0,0,0
2065.64,1,3,0,0,0,0,0,0,1,0,0,0,0,0,1,0,0,1
52.34,19,0,0,0,1,0,0,0,0,0,0,0,0,0,0,1,0,0
3.65,23,0,0,1,0,0,0,0,0,0,1,0,0,0,0,0,0,0
79.68,19,5,1,1,0,0,0,0,0,0,0,1,0,0,0,0,0,0
12.35,6,5,1,1,0,0,0,0,0,0,0,0,0,0,0,0,1,0
31.54,10,3,0,1,0,0,0,0,0,0,0,0,0,0,0,0,1,0
1.68,16,6,1,1,0,0,0,0,0,0,1,0,0,0,0,0,0,0
294.83,14,3,0,0,1,0,0,0,0,0,0,0,0,0,1,0,0,0
3.96,13,1,0,1,0,0,0,0,0,0,1,0,0,0,0,0,0,0
270.35,3,3,0,0,0,0,0,0,1,0,0,0,0,0,1,0,0,1
38.52,23,4,0,0,0,0,0,0,1,0,0,0,0,0,0,0,1,0
39.82,15,2,0,0,0,0,0,0,1,0,0,0,0,0,1,0,0,0
1478.94,4,5,1,0,1,0,0,0,0,0,0,0,0,0,0,0,1,1
25.5,20,4,0,1,0,0,0,0,0,0,0,0,0,1,0,0,0,0
45.05,19,5,1,0,0,0,0,0,1,0,0,0,0,1,0,0,0,0
123.05,20,1,0,1,0,0,0,0,0,0,0,0,1,0,0,0,0,0
18.42,20,5,1,1,0,0,0,0,0,0,0,1,0,0,0,0,0,0
19.82,13,0,0,0,0,0,1,0,0,0,0,0,0,0,0,0,1,0
340.51,6,3,0,0,0,0,0,0,1,0,1,0,0,0,0,0,0,1
38.89,23,2,0,1,0,0,0,0,0,0,0,0,0,0,0,0,1,0
771.96,10,3,0,0,0,0,0,0,1,1,0,0,0,0,0,0,0,1
5.73,22,4,0,0,0,0,1,0,0,0,1,0,0,0,0,0,0,0
37.3,19,5,1,0,0,0,0,0,1,0,0,0,0,1,0,0,0,0
102.41,21,6,1,0,0,0,0,0,1,0,0,0,0,0,1,0,0,0
3.8,20,6,1,1,0,0,0,0,0,0,1,0,0,0,0,0,0,0
10.98,8,3,0,1,0,0,0,0,0,0,0,0,0,0,0,1,0,0
33.39,16,0,0,1,0,0,0,0,0,0,0,1,0,0,0,0,0,0
31.2,13,3,0,0,1,0,0,0,0,0,0,0,0,0,0,0,1,0
1073.14,3,4,0,0,0,0,0,0,1,0,0,0,0,0,1,0,0,1
13.06,19,4,0,1,0,0,0,0,0,1,0,0,0,0,0,0,0,0
27.27,9,1,0,0,1,0,0,0,0,1,0,0,0,0,0,0,0,0
100.58,8,0,0,0,1,0,0,0,0,0,0,0,0,1,0,0,0,0
30.86,13,1,0,1,0,0,0,0,0,0,0,0,0,0,0,0,1,0
89.08,17,3,0,0,0,0,1,0,0,0,0,0,0,1,0,0,0,0
16.02,6,5,1,1,0,0,0,0,0,0,0,1,0,0,0,0,0,0
30.65,7,3,0,0,1,0,0,0,0,1,0,0,0,0,0,0,0,0
2.73,12,6,1,0,0,0,0,1,0,0,1,0,0,0,0,0,0,0
5.17,21,5,1,0,1,0,0,0,0,0,1,0,0,0,0,0,0,0
209.37,23,2,0,0,0,0,0,0,1,0,0,0,0,0,1,0,0,0
39.88,14,5,1,1,0,0,0,0,0,0,0,1,0,0,0,0,0,0
85.18,9,6,1,1,0,0,0,0,0,0,0,0,0,1,0,0,0,0
44.23,7,5,1,0,1,0,0,0,0,0,0,0,0,0,0,1,0,0
204.61,4,4,0,0,0,0,0,0,1,0,0,0,0,1,0,0,0,1
108.59,17,4,0,1,0,0,0,0,0,0,0,0,1,0,0,0,0,0
30.1,15,4,0,0,0,0,0,0,1,0,0,0,0,0,0,0,1,0
97.07,20,0,0,1,0,0,0,0,0,0,0,0,1,0,0,0,0,0
52.1,18,4,0,0,1,0,0,0,0,0,0,1,0,0,0,0,0,0
12.1,15,5,1,0,0,1,0,0,0,0,0,0,0,1,0,0,0,0
527.19,20,6,1,0,0,0,0,0,1,1,0,0,0,0,0,0,0,1
29.18,23,2,0,1,0,0,0,0,0,0,0,0,0,0,0,0,1,0
21.94,19,1,0,1,0,0,0,0,0,0,0,0,0,1,0,0,0,0
112.98,7,4,0,0,0,0,0,0,1,0,0,0,0,1,0,0,0,0
2343.8,2,2,0,0,0,0,0,1,0,0,0,0,0,0,1,0,0,1
15.89,22,2,0,0,1,0,0,0,0,0,0,0,0,0,0,1,0,0
20.46,18,2,0,0,0,0,0,1,0,0,0,1,0,0,0,0,0,0
30.63,22,6,1,0,0,1,0,0,0,0,0,0,0,0,0,1,0,0
8.85,7,0,0,0,1,0,0,0,0,0,0,0,0,0,0,0,1,0
15.34,10,2,0,1,0,0,0,0,0,0,0,0,0,0,0,0,1,0
5.98,10,3,0,1,0,0,0,0,0,1,0,0,0,0,0,0,0,0
1573.96,7,5,1,0,1,0,0,0,0,0,0,0,0,1,0,0,0,1
37.83,23,1,0,1,0,0,0,0,0,0,0,0,0,0,0,1,0,0
252.38,14,2,0,0,1,0,0,0,0,0,0,0,0,0,1,0,0,0
16.23,15,2,0,0,1,0,0,0,0,1,0,0,0,0,0,0,0,0
32.93,11,2,0,1,0,0,0,0,0,1,0,0,0,0,0,0,0,0
41.7,12,4,0,1,0,0,0,0,0,0,0,1,0,0,0,0,0,0
30.98,19,1,0,1,0,0,0,0,0,0,0,0,0,0,0,1,0,0
36.94,14,2,0,0,1,0,0,0,0,0,0,0,0,0,0,0,1,0
25.52,11,0,0,0,0,1,0,0,0,0,0,1,0,0,0,0,0,0
32.66,10,1,0,0,0,1,0,0,0,0,0,0,0,1,0,0,0,0
1002.35,3,6,1,0,0,0,0,1,0,0,0,0,1,0,0,0,0,1
291.66,13,4,0,0,0,0,0,0,1,0,0,0,0,0,1,0,0,0
26.04,23,6,1,0,1,0,0,0,0,0,0,0,0,0,0,0,1,0
40.74,6,2,0,1,0,0,0,0,0,0,0,1,0,0,0,0,0,0
26.07,19,5,1,1,0,0,0,0,0,0,0,1,0,0,0,0,0,0
71.25,6,5,1,0,1,0,0,0,0,0,0,1,0,0,0,0,0,0
11.14,10,2,0,0,1,0,0,0,0,1,0,0,0,0,0,0,0,0
47.13,14,2,0,1,0,0,0,0,0,0,0,0,0,0,0,1,0,0
5.6,13,0,0,0,1,0,0,0,0,0,0,0,0,0,0,1,0,0
55.77,21,5,1,0,0,0,0,0,1,0,0,1,0,0,0,0,0,0
24.55,23,6,1,0,0,0,0,0,1,0,0,1,0,0,0,0,0,0
106.6,6,3,0,0,0,0,0,1,0,0,0,0,0,1,0,0,0,0
39.8,18,0,0,1,0,0,0,0,0,0,0,0,0,0,0,0,1,0
76.93,15,5,1,0,0,0,0,0,1,0,0,0,1,0,0,0,0,0
119.93,13,1,0,1,0,0,0,0,0,0,0,0,0,0,1,0,0,0
96.92,16,5,1,0,0,0,0,1,0,0,0,0,0,1,0,0,0,0
197.03,9,3,0,0,0,1,0,0,0,0,0,0,1,0,0,0,0,0
1189.84,11,0,0,0,0,0,0,0,1,0,0,0,0,1,0,0,0,1
285.95,21,2,0,1,0,0,0,0,0,0,0,0,0,0,1,0,0,0
4.68,8,4,0,1,0,0,0,0,0,0,1,0,0,0,0,0,0,0
23.96,8,0,0,0,0,0,0,0,1,1,0,0,0,0,0,0,0,0
35.76,20,2,0,1,0,0,0,0,0,0,0,0,0,0,0,1,0,0
13.0,9,5,1,0,0,0,1,0,0,0,0,0,0,0,0,0,1,0
125.24,7,3,0,1,0,0,0,0,0,0,0,0,1,0,0,0,0,0
34.98,14,5,1,0,0,1,0,0,0,1,0,0,0,0,0,0,0,0
1715.5,2,5,1,0,0,0,0,0,1,0,0,0,0,0,0,1,0,1
4.25,22,2,0,0,1,0,0,0,0,0,1,0,0,0,0,0,0,0
127.77,12,2,0,1,0,0,0,0,0,0,0,0,1,0,0,0,0,0
199.53,6,0,0,0,1,0,0,0,0,0,0,0,1,0,0,0,0,0
267.71,8,1,0,0,1,0,0,0,0,0,0,0,0,0,1,0,0,0
25.89,22,5,1,1,0,0,0,0,0,0,0,0,0,0,0,0,1,0
11.42,14,5,1,0,1,0,0,0,0,0,0,0,0,0,0,0,1,0
31.23,7,2,0,1,0,0,0,0,0,0,0,0,0,0,0,1,0,0
21.76,12,3,0,0,0,0,0,0,1,0,0,0,0,1,0,0,0,0
7.0,14,1,0,0,0,0,0,0,1,1,0,0,0,0,0,0,0,0
31.93,11,5,1,1,0,0,0,0,0,0,0,0,0,0,0,1,0,0
60.27,9,2,0,0,0,0,1,0,0,0,0,0,0,1,0,0,0,0
17.8,20,3,0,1,0,0,0,0,0,0,0,0,1,0,0,0,0,0
16.06,20,5,1,1,0,0,0,0,0,0,0,1,0,0,0,0,0,0
4.53,23,6,1,1,0,0,0,0,0,0,1,0,0,0,0,0,0,0
28.75,23,2,0,1,0,0,0,0,0,0,0,0,0,0,0,1,0,0
36.52,23,4,0,1,0,0,0,0,0,0,0,0,0,0,0,1,0,0
39.19,21,4,0,1,0,0,0,0,0,0,0,0,0,0,0,0,1,0
14.31,17,5,1,1,0,0,0,0,0,0,0,0,0,0,0,0,1,0
23.53,9,4,0,0,0,0,1,0,0,0,0,1,0,0,0,0,0,0
29.78,23,2,0,1,0,0,0,0,0,1,0,0,0,0,0,0,0,0
16.16,10,2,0,1,0,0,0,0,0,1,0,0,0,0,0,0,0,0
13.95,18,6,1,0,0,0,0,0,1,0,0,0,0,0,0,0,1,0
33.54,12,5,1,0,0,0,0,0,1,0,0,0,0,0,0,1,0,0
29.58,17,1,0,0,0,0,1,0,0,0,0,1,0,0,0,0,0,0
17.85,19,0,0,1,0,0,0,0,0,0,0,0,0,0,0,1,0,0
192.27,23,0,0,0,1,0,0,0,0,0,0,0,1,0,0,0,0,0
24.1,23,2,0,0,0,0,0,0,1,0,0,0,0,0,0,1,0,0
36.4,17,3,0,0,1,0,0,0,0,0,0,1,0,0,0,0,0,0
70.36,7,0,0,0,0,0,0,1,0,0,0,1,0,0,0,0,0,0
93.22,16,5,1,0,1,0,0,0,0,0,0,0,0,1,0,0,0,0
13.3,13,3,0,0,1,0,0,0,0,0,0,0,0,1,0,0,0,0
21.29,23,5,1,1,0,0,0,0,0,0,0,0,0,0,0,0,1,0
262.72,12,1,0,0,0,0,1,0,0,0,0,0,0,0,1,0,0,0
14.15,21,6,1,0,0,0,0,0,1,0,0,0,0,0,0,0,1,0
50.06,23,4,0,1,0,0,0,0,0,0,0,1,0,0,0,0,0,0
37.95,17,6,1,1,0,0,0,0,0,0,0,0,0,0,0,0,1,0
22.61,19,5,1,0,0,0,0,0,1,0,0,0,0,0,0,1,0,0
38.67,23,2,0,0,0,0,0,0,1,0,0,0,0,0,0,1,0,0
120.64,16,1,0,1,0,0,0,0,0,0,0,0,1,0,0,0,0,0
48.53,11,3,0,0,1,0,0,0,0,0,0,0,0,0,0,1,0,0
2227.1,18,3,0,0,1,0,0,0,0,0,0,0,1,0,0,0,0,1
17.29,18,4,0,1,0,0,0,0,0,0,0,0,0,1,0,0,0,0
37.58,13,2,0,0,0,1,0,0,0,0,0,0,0,1,0,0,0,0
14.22,17,2,0,0,0,0,0,0,1,0,0,1,0,0,0,0,0,0
32.29,7,3,0,0,0,0,0,0,1,1,0,0,0,0,0,0,0,0
66.54,11,4,0,1,0,0,0,0,0,0,0,1,0,0,0,0,0,0
57.46,11,5,1,1,0,0,0,0,0,0,0,1,0,0,0,0,0,0
74.53,21,1,0,0,0,1,0,0,0,0,0,1,0,0,0,0,0,0
33.68,22,0,0,1,0,0,0,0,0,0,0,1,0,0,0,0,0,0
46.66,21,0,0,1,0,0,0,0,0,0,0,0,0,0,0,1,0,0
28.42,12,6,1,1,0,0,0,0,0,0,0,0,0,0,0,0,1,0
6.76,9,4,0,1,0,0,0,0,0,0,0,0,0,0,0,0,1,0
13.3,13,6,1,0,0,0,0,0,1,1,0,0,0,0,0,0,0,0
25.07,21,6,1,0,1,0,0,0,0,0,0,0,1,0,0,0,0,0
50.9,14,4,0,1,0,0,0,0,0,0,0,0,0,0,0,1,0,0
21.4,18,5,1,0,0,0,0,0,1,0,0,1,0,0,0,0,0,0
58.61,17,1,0,0,0,0,0,0,1,0,0,1,0,0,0,0,0,0
5.3,22,5,1,0,1,0,0,0,0,0,1,0,0,0,0,0,0,0
214.05,11,1,0,1,0,0,0,0,0,0,0,0,0,0,1,0,0,0
636.62,11,5,1,0,0,0,0,0,1,0,1,0,0,0,0,0,0,1
25.44,9,5,1,0,1,0,0,0,0,0,0,0,0,0,0,1,0,0
557.83,1,5,1,0,0,0,0,0,1,0,1,0,0,0,0,0,0,1
5.34,15,5,1,1,0,0,0,0,0,0,1,0,0,0,0,0,0,0
80.75,20,2,0,0,0,0,0,0,1,0,0,0,0,1,0,0,0,0
5.32,12,2,0,1,0,0,0,0,0,0,1,0,0,0,0,0,0,0
4.79,10,0,0,1,0,0,0,0,0,0,1,0,0,0,0,0,0,0
85.19,19,5,1,1,0,0,0,0,0,0,0,0,1,0,0,0,0,0
86.78,6,1,0,0,1,0,0,0,0,0,0,0,1,0,0,0,0,0
17.79,20,0,0,0,0,0,1,0,0,0,0,0,0,0,0,1,0,0
61.56,16,6,1,0,1,0,0,0,0,0,0,1,0,0,0,0,0,0
17.84,23,5,1,1,0,0,0,0,0,0,0,0,0,0,0,0,1,0
1611.05,15,1,0,0,0,1,0,0,0,0,0,0,1,0,0,0,0,1
24.71,6,0,0,1,0,0,0,0,0,0,0,0,0,0,0,0,1,0
25.83,14,4,0,0,0,1,0,0,0,0,0,0,0,0,0,1,0,0
335.28,18,1,0,0,0,0,0,0,1,0,1,0,0,0,0,0,0,1
146.02,11,6,1,1,0,0,0,0,0,0,0,0,1,0,0,0,0,0
34.43,9,3,0,1,0,0,0,0,0,0,0,1,0,0,0,0,0,0
931.51,1,4,0,0,0,0,0,0,1,0,0,0,1,0,0,0,0,1
78.41,12,6,1,0,0,1,0,0,0,0,0,1,0,0,0,0,0,0
68.52,19,1,0,1,0,0,0,0,0,0,0,0,1,0,0,0,0,0
20.91,23,5,1,1,0,0,0,0,0,1,0,0,0,0,0,0,0,0
25.91,15,1,0,0,1,0,0,0,0,0,0,0,0,0,0,0,1,0
26.06,23,4,0,1,0,0,0,0,0,0,0,0,0,0,0,0,1,0
2.56,14,2,0,0,0,0,0,0,1,0,1,0,0,0,0,0,0,0
142.0,16,5,1,0,1,0,0,0,0,0,0,0,0,0,1,0,0,0
66.1,18,6,1,0,1,0,0,0,0,0,0,1,0,0,0,0,0,0
43.73,11,3,0,0,0,1,0,0,0,0,0,0,0,1,0,0,0,0
52.45,15,5,1,1,0,0,0,0,0,0,0,1,0,0,0,0,0,0
19.03,20,3,0,0,1,0,0,0,0,0,0,0,0,0,0,0,1,0
94.4,17,4,0,1,0,0,0,0,0,0,0,0,0,1,0,0,0,0
5.51,22,3,0,1,0,0,0,0,0,0,1,0,0,0,0,0,0,0
35.28,10,1,0,0,0,0,0,1,0,0,0,0,0,1,0,0,0,0
14.07,11,0,0,0,0,0,0,0,1,1,0,0,0,0,0,0,0,0
4.68,21,2,0,0,0,0,0,0,1,0,1,0,0,0,0,0,0,0
200.61,17,6,1,1,0,0,0,0,0,0,0,0,0,0,1,0,0,0
73.58,18,3,0,1,0,0,0,0,0,0,0,1,0,0,0,0,0,0
4.74,15,5,1,1,0,0,0,0,0,0,1,0,0,0,0,0,0,0
10.19,21,5,1,0,0,1,0,0,0,0,0,0,0,0,0,0,1,0
126.09,18,5,1,0,1,0,0,0,0,0,0,0,1,0,0,0,0,0
12.19,15,5,1,1,0,0,0,0,0,0,0,0,0,0,0,0,1,0
8.68,16,6,1,1,0,0,0,0,0,0,0,0,0,0,0,0,1,0
32.84,23,5,1,0,0,0,0,0,1,0,0,0,0,0,0,1,0,0
40.83,17,3,0,0,0,0,0,0,1,0,0,0,0,0,0,1,0,0
20.26,14,5,1,0,0,0,0,0,1,0,0,0,1,0,0,0,0,0
13.44,21,1,0,1,0,0,0,0,0,1,0,0,0,0,0,0,0,0
40.05,18,3,0,1,0,0,0,0,0,0,0,0,0,0,0,1,0,0
33.71,20,0,0,0,1,0,0,0,0,1,0,0,0,0,0,0,0,0
11.14,10,4,0,0,1,0,0,0,0,0,0,1,0,0,0,0,0,0
166.96,18,1,0,0,0,0,0,0,1,0,0,0,1,0,0,0,0,0
24.62,9,4,0,1,0,0,0,0,0,0,0,0,0,0,1,0,0,0
4.76,13,0,0,0,1,0,0,0,0,0,1,0,0,0,0,0,0,0
35.2,13,5,1,0,1,0,0,0,0,0,0,0,1,0,0,0,0,0
26.79,17,4,0,0,0,1,0,0,0,0,0,0,0,0,0,0,1,0
13.84,9,4,0,0,0,0,1,0,0,0,0,0,0,1,0,0,0,0
25.2,23,6,1,0,1,0,0,0,0,0,0,0,1,0,0,0,0,0
205.65,7,6,1,0,0,0,1,0,0,0,0,0,0,0,1,0,0,0
27.79,17,6,1,0,0,0,1,0,0,0,0,0,0,1,0,0,0,0
47.43,17,3,0,1,0,0,0,0,0,0,0,1,0,0,0,0,0,0
48.8,10,3,0,1,0,0,0,0,0,0,0,0,0,0,0,1,0,0
67.96,12,0,0,1,0,0,0,0,0,0,0,1,0,0,0,0,0,0
1445.83,8,3,0,0,0,0,0,0,1,0,0,0,0,0,0,1,0,1
14.64,21,6,1,1,0,0,0,0,0,0,0,0,0,0,0,1,0,0
7.53,23,6,1,1,0,0,0,0,0,0,0,0,0,0,0,0,1,0
7.46,7,2,0,1,0,0,0,0,0,1,0,0,0,0,0,0,0,0
20.8,14,6,1,1,0,0,0,0,0,1,0,0,0,0,0,0,0,0
205.28,22,4,0,0,1,0,0,0,0,0,0,0,0,0,1,0,0,0
41.12,15,3,0,1,0,0,0,0,0,0,0,0,0,0,0,1,0,0
50.71,12,0,0,1,0,0,0,0,0,0,0,1,0,0,0,0,0,0
43.01,22,1,0,0,0,0,1,0,0,0,0,0,0,0,0,1,0,0
118.27,22,0,0,0,1,0,0,0,0,0,0,0,0,1,0,0,0,0
46.65,23,3,0,1,0,0,0,0,0,0,0,0,0,0,0,1,0,0
29.66,11,6,1,0,0,0,0,0,1,0,0,0,0,0,0,0,1,0
38.46,14,0,0,1,0,0,0,0,0,0,0,1,0,0,0,0,0,0
50.34,21,6,1,0,0,1,0,0,0,0,0,0,0,0,1,0,0,0
11.24,22,5,1,0,0,1,0,0,0,1,0,0,0,0,0,0,0,0
40.93,6,3,0,0,0,1,0,0,0,0,0,0,0,0,0,1,0,0
55.02,20,0,0,1,0,0,0,0,0,0,0,0,0,0,0,1,0,0
40.52,4,5,1,0,0,0,0,0,1,1,0,0,0,0,0,0,0,1
109.3,7,6,1,0,1,0,0,0,0,0,0,0,0,1,0,0,0,0
75.55,17,2,0,0,1,0,0,0,0,0,0,0,0,1,0,0,0,0
11.66,15,5,1,1,0,0,0,0,0,1,0,0,0,0,0,0,0,0
207.98,7,3,0,0,1,0,0,0,0,0,0,0,0,0,1,0,0,0
5.09,9,0,0,1,0,0,0,0,0,0,1,0,0,0,0,0,0,0
28.25,23,2,0,0,0,1,0,0,0,0,0,0,0,0,0,0,1,0
8.88,20,5,1,1,0,0,0,0,0,1,0,0,0,0,0,0,0,0
23.17,22,4,0,0,0,0,0,0,1,0,0,0,0,0,0,1,0,0
139.71,18,1,0,0,0,0,1,0,0,0,0,0,1,0,0,0,0,0
70.29,9,2,0,0,0,1,0,0,0,0,0,0,1,0,0,0,0,0
1019.95,7,4,0,0,0,0,0,0,1,0,0,1,0,0,0,0,0,1
24.85,17,5,1,0,0,0,0,0,1,0,0,0,0,0,0,0,1,0
174.19,17,6,1,1,0,0,0,0,0,0,0,0,1,0,0,0,0,0
45.42,22,0,0,0,1,0,0,0,0,0,0,0,0,0,0,1,0,0
2098.11,7,2,0,0,0,0,0,0,1,0,0,0,0,1,0,0,0,1
2.0,15,1,0,0,0,0,0,0,1,0,1,0,0,0,0,0,0,0
3217.76,1,0,0,0,0,0,0,0,1,0,0,0,0,0,1,0,0,1
20.56,17,1,0,0,0,0,0,0,1,0,0,0,0,0,0,0,1,0
2.88,8,4,0,0,1,0,0,0,0,0,1,0,0,0,0,0,0,0
5.41,18,4,0,1,0,0,0,0,0,0,0,0,0,0,0,1,0,0
39.66,17,0,0,0,1,0,0,0,0,0,0,1,0,0,0,0,0,0
53.77,12,2,0,0,0,1,0,0,0,0,0,0,0,0,0,1,0,0
17.67,8,5,1,0,1,0,0,0,0,1,0,0,0,0,0,0,0,0
2.42,21,6,1,1,0,0,0,0,0,0,1,0,0,0,0,0,0,0
287.24,9,5,1,1,0,0,0,0,0,0,0,0,0,0,1,0,0,0
6.65,22,2,0,0,1,0,0,0,0,1,0,0,0,0,0,0,0,0
1483.5,3,4,0,0,0,0,0,1,0,0,0,0,0,0,0,0,1,1
3.75,15,5,1,0,0,0,0,0,1,0,1,0,0,0,0,0,0,0
55.98,8,5,1,0,0,1,0,0,0,0,0,0,0,0,0,1,0,0
20.12,16,3,0,1,0,0,0,0,0,0,0,1,0,0,0,0,0,0
22.93,6,2,0,0,0,0,0,1,0,1,0,0,0,0,0,0,0,0
4.45,18,1,0,1,0,0,0,0,0,0,1,0,0,0,0,0,0,0
287.31,18,6,1,0,0,0,0,0,1,0,0,0,0,0,1,0,0,0
16.66,21,5,1,0,1,0,0,0,0,0,0,0,0,0,0,1,0,0
102.37,10,3,0,1,0,0,0,0,0,0,0,0,0,1,0,0,0,0
198.24,19,5,1,1,0,0,0,0,0,0,0,0,1,0,0,0,0,0
43.94,23,1,0,1,0,0,0,0,0,0,0,0,0,1,0,0,0,0
17.45,18,2,0,1,0,0,0,0,0,0,0,0,0,1,0,0,0,0
13.94,23,1,0,0,1,0,0,0,0,0,0,0,0,1,0,0,0,0
25.68,17,6,1,1,0,0,0,0,0,0,0,0,0,0,0,1,0,0
148.27,20,1,0,0,0,0,0,0,1,0,0,0,0,0,1,0,0,0
161.3,23,1,0,0,0,1,0,0,0,0,0,0,1,0,0,0,0,0
10.68,15,1,0,0,1,0,0,0,0,0,0,0,0,0,0,1,0,0
4.19,18,5,1,1,0,0,0,0,0,0,1,0,0,0,0,0,0,0
4.85,15,0,0,0,0,0,1,0,0,0,1,0,0,0,0,0,0,0
5.93,13,0,0,1,0,0,0,0,0,0,0,0,0,0,0,1,0,0
18.46,14,3,0,1,0,0,0,0,0,1,0,0,0,0,0,0,0,0
28.81,9,2,0,1,0,0,0,0,0,0,0,0,0,0,0,0,1,0
5.28,12,3,0,1,0,0,0,0,0,0,1,0,0,0,0,0,0,0
16.79,20,1,0,1,0,0,0,0,0,1,0,0,0,0,0,0,0,0
1032.33,4,2,0,0,0,1,0,0,0,0,0,0,0,0,0,0,1,1
45.14,13,1,0,0,0,0,0,0,1,0,0,0,0,1,0,0,0,0
69.61,11,1,0,1,0,0,0,0,0,0,0,0,0,1,0,0,0,0
126.9,13,5,1,0,1,0,0,0,0,0,0,0,1,0,0,0,0,0
814.06,14,5,1,0,0,0,0,0,1,0,0,1,0,0,0,0,0,1
8.79,22,4,0,1,0,0,0,0,0,1,0,0,0,0,0,0,0,0
7.32,15,6,1,0,1,0,0,0,0,1,0,0,0,0,0,0,0,0
94.55,9,5,1,0,1,0,0,0,0,0,0,0,0,1,0,0,0,0
63.56,15,1,0,0,1,0,0,0,0,0,0,0,1,0,0,0,0,0
17.28,12,1,0,0,1,0,0,0,0,1,0,0,0,0,0,0,0,0
1245.32,0,0,0,0,0,0,0,1,0,0,0,0,0,0,0,1,0,1
3.17,10,0,0,0,0,0,0,1,0,0,1,0,0,0,0,0,0,0
6.46,22,0,0,0,0,0,1,0,0,1,0,0,0,0,0,0,0,0
699.41,0,4,0,0,0,0,1,0,0,0,0,0,0,0,0,0,1,1
6.95,22,3,0,0,0,0,1,0,0,1,0,0,0,0,0,0,0,0
29.3,13,6,1,1,0,0,0,0,0,0,0,0,0,0,0,1,0,0
30.97,13,3,0,0,0,0,0,0,1,1,0,0,0,0,0,0,0,0
2.56,12,3,0,0,0,1,0,0,0,0,1,0,0,0,0,0,0,0
146.8,7,4,0,0,1,0,0,0,0,0,0,0,0,0,1,0,0,0
48.48,17,6,1,1,0,0,0,0,0,0,0,1,0,0,0,0,0,0
21.1,7,0,0,1,0,0,0,0,0,1,0,0,0,0,0,0,0,0
19.84,16,6,1,1,0,0,0,0,0,0,0,0,0,0,0,1,0,0
1033.57,14,4,0,0,0,0,1,0,0,0,0,1,0,0,0,0,0,1
36.0,17,4,0,1,0,0,0,0,0,0,0,0,0,0,0,1,0,0
557.37,8,6,1,0,0,0,0,0,1,0,1,0,0,0,0,0,0,1
66.98,9,2,0,0,0,0,0,0,1,0,0,0,0,0,1,0,0,0
252.04,13,5,1,1,0,0,0,0,0,0,0,0,0,0,1,0,0,0
183.37,20,6,1,1,0,0,0,0,0,0,0,0,0,0,1,0,0,0
146.65,15,0,0,1,0,0,0,0,0,0,0,0,1,0,0,0,0,0
18.52,22,5,1,0,0,0,0,0,1,1,0,0,0,0,0,0,0,0
20.54,18,5,1,0,0,0,1,0,0,0,0,0,0,1,0,0,0,0
5.05,21,4,0,1,0,0,0,0,0,0,1,0,0,0,0,0,0,0
15.75,11,5,1,1,0,0,0,0,0,0,0,0,0,0,0,1,0,0
11.85,12,4,0,1,0,0,0,0,0,0,0,0,0,0,0,0,1,0
28.41,23,4,0,0,0,0,0,1,0,0,0,1,0,0,0,0,0,0
1633.95,4,5,1,0,0,1,0,0,0,0,0,0,0,0,0,1,0,1
18.77,13,4,0,1,0,0,0,0,0,0,0,0,0,0,0,0,1,0
21.66,13,6,1,0,0,0,1,0,0,0,0,0,0,0,0,1,0,0
55.35,20,4,0,0,0,0,0,1,0,0,0,1,0,0,0,0,0,0
59.71,8,6,1,0,0,0,1,0,0,0,0,1,0,0,0,0,0,0
4.54,23,0,0,0,0,1,0,0,0,0,1,0,0,0,0,0,0,0
49.81,9,4,0,0,0,1,0,0,0,0,0,0,0,1,0,0,0,0
10.52,16,4,0,0,0,0,0,0,1,0,0,0,0,1,0,0,0,0
102.04,15,3,0,1,0,0,0,0,0,0,0,0,0,1,0,0,0,0
26.66,17,4,0,1,0,0,0,0,0,0,0,1,0,0,0,0,0,0
55.46,12,2,0,1,0,0,0,0,0,0,0,0,0,0,0,1,0,0
1.51,17,1,0,1,0,0,0,0,0,0,1,0,0,0,0,0,0,0
63.35,13,3,0,0,0,1,0,0,0,0,0,0,0,1,0,0,0,0
106.84,14,5,1,1,0,0,0,0,0,0,0,0,0,1,0,0,0,0
100.77,6,3,0,0,1,0,0,0,0,0,0,0,1,0,0,0,0,0
192.4,16,5,1,0,0,0,0,0,1,0,0,0,1,0,0,0,0,0
33.95,9,4,0,1,0,0,0,0,0,0,0,0,0,0,0,0,1,0
21.09,18,2,0,0,1,0,0,0,0,0,0,0,0,0,0,1,0,0
26.56,13,1,0,0,1,0,0,0,0,0,0,0,0,0,0,0,1,0
17.17,14,3,0,0,0,0,0,0,1,1,0,0,0,0,0,0,0,0
26.23,18,5,1,0,1,0,0,0,0,0,0,0,0,0,0,0,1,0
63.57,11,0,0,0,0,1,0,0,0,0,0,0,0,1,0,0,0,0
3722.98,1,1,0,0,0,0,0,0,1,0,0,0,0,0,1,0,0,1
27.75,9,2,0,0,1,0,0,0,0,0,0,0,0,0,0,0,1,0
48.63,13,3,0,1,0,0,0,0,0,0,0,1,0,0,0,0,0,0
47.15,10,5,1,1,0,0,0,0,0,0,0,0,0,0,1,0,0,0
1347.32,6,5,1,0,0,0,0,0,1,0,0,0,0,0,0,0,1,1
23.69,23,5,1,0,0,1,0,0,0,1,0,0,0,0,0,0,0,0
5.79,13,3,0,0,1,0,0,0,0,0,1,0,0,0,0,0,0,0
810.01,16,2,0,0,0,0,0,1,0,1,0,0,0,0,0,0,0,1
75.79,13,2,0,1,0,0,0,0,0,0,0,0,1,0,0,0,0,0
17.84,22,4,0,1,0,0,0,0,0,0,0,0,0,0,0,0,1,0
244.23,2,0,0,0,0,0,0,0,1,0,0,0,0,1,0,0,0,1
218.89,16,1,0,1,0,0,0,0,0,0,0,0,0,0,1,0,0,0
281.07,2,6,1,0,0,0,0,0,1,0,0,1,0,0,0,0,0,1
145.06,12,2,0,0,0,1,0,0,0,0,0,0,0,0,1,0,0,0
22.17,23,6,1,0,0,1,0,0,0,0,0,0,0,0,0,0,1,0
27.15,18,3,0,0,0,1,0,0,0,0,0,0,0,0,0,0,1,0
2.79,14,1,0,0,1,0,0,0,0,0,1,0,0,0,0,0,0,0
73.02,23,0,0,0,1,0,0,0,0,0,0,0,1,0,0,0,0,0
31.29,7,0,0,0,0,1,0,0,0,1,0,0,0,0,0,0,0,0
47.89,9,3,0,1,0,0,0,0,0,0,0,1,0,0,0,0,0,0
67.57,12,5,1,0,1,0,0,0,0,0,0,0,1,0,0,0,0,0
47.2,19,4,0,1,0,0,0,0,0,0,0,0,0,0,0,1,0,0
2.65,16,5,1,1,0,0,0,0,0,0,1,0,0,0,0,0,0,0
39.39,18,5,1,0,1,0,0,0,0,0,0,0,0,0,0,1,0,0
1317.81,3,3,0,0,0,0,1,0,0,0,0,0,0,0,0,0,1,1
10.11,19,0,0,0,0,0,0,0,1,0,0,0,0,0,0,0,1,0
15.97,23,3,0,0,0,1,0,0,0,0,0,0,0,0,0,0,1,0
212.82,15,1,0,1,0,0,0,0,0,0,0,0,0,0,1,0,0,0
30.24,13,6,1,0,0,1,0,0,0,0,0,0,0,0,0,1,0,0
190.03,16,0,0,1,0,0,0,0,0,0,0,0,1,0,0,0,0,0
47.2,13,4,0,1,0,0,0,0,0,0,0,0,0,0,0,1,0,0
122.1,8,2,0,0,0,1,0,0,0,0,0,0,1,0,0,0,0,0
10.72,19,6,1,1,0,0,0,0,0,0,0,0,0,0,0,1,0,0
87.76,18,1,0,0,0,0,1,0,0,0,0,0,0,1,0,0,0,0
37.26,6,6,1,0,0,1,0,0,0,0,0,1,0,0,0,0,0,0
4.43,13,2,0,0,0,0,1,0,0,0,1,0,0,0,0,0,0,0
39.61,6,0,0,1,0,0,0,0,0,0,0,1,0,0,0,0,0,0
14.98,17,3,0,0,0,1,0,0,0,1,0,0,0,0,0,0,0,0
274.58,14,6,1,0,1,0,0,0,0,0,0,0,0,0,1,0,0,0
222.5,23,6,1,1,0,0,0,0,0,0,0,0,0,0,1,0,0,0
21.22,23,1,0,1,0,0,0,0,0,1,0,0,0,0,0,0,0,0
54.77,6,5,1,0,0,0,0,0,1,0,0,0,0,0,0,1,0,0
702.95,3,5,1,0,0,1,0,0,0,1,0,0,0,0,0,0,0,1
30.5,6,6,1,0,0,0,1,0,0,0,0,0,1,0,0,0,0,0
43.63,8,6,1,0,0,0,0,0,1,0,0,0,0,1,0,0,0,0
6.36,16,4,0,0,0,0,0,0,1,1,0,0,0,0,0,0,0,0
62.21,13,4,0,0,0,0,1,0,0,0,0,1,0,0,0,0,0,0
27.58,8,3,0,0,0,0,0,0,1,1,0,0,0,0,0,0,0,0
84.21,15,6,1,0,0,0,1,0,0,0,0,0,0,1,0,0,0,0
20.78,18,3,0,0,1,0,0,0,0,0,0,0,0,0,0,0,1,0
30.37,21,2,0,1,0,0,0,0,0,0,0,0,0,0,0,0,1,0
5.58,14,5,1,1,0,0,0,0,0,0,1,0,0,0,0,0,0,0
971.61,19,2,0,0,0,0,0,0,1,0,0,0,1,0,0,0,0,1
63.3,20,6,1,1,0,0,0,0,0,0,0,0,1,0,0,0,0,0
2.47,23,4,0,0,0,0,0,0,1,0,1,0,0,0,0,0,0,0
57.5,8,3,0,0,0,1,0,0,0,0,0,0,0,0,1,0,0,0
9.25,18,6,1,1,0,0,0,0,0,0,0,0,0,0,0,0,1,0
10.77,19,2,0,0,1,0,0,0,0,1,0,0,0,0,0,0,0,0
987.47,4,0,0,0,0,0,1,0,0,0,0,0,0,1,0,0,0,1
92.51,6,6,1,0,0,0,0,1,0,0,0,0,0,1,0,0,0,0
31.59,22,2,0,0,1,0,0,0,0,0,0,0,0,0,0,1,0,0
115.13,22,4,0,1,0,0,0,0,0,0,0,0,0,1,0,0,0,0
41.07,17,0,0,0,1,0,0,0,0,0,0,1,0,0,0,0,0,0
137.35,17,5,1,0,1,0,0,0,0,0,0,0,1,0,0,0,0,0
1388.44,21,0,0,0,0,0,0,0,1,0,0,0,0,0,0,0,1,1
1644.42,18,0,0,0,0,0,0,1,0,0,0,0,1,0,0,0,0,1
2009.55,0,2,0,0,0,0,0,1,0,0,0,0,0,0,1,0,0,1
70.1,21,6,1,1,0,0,0,0,0,0,0,0,1,0,0,0,0,0
21.46,7,6,1,0,0,0,1,0,0,0,0,0,0,0,1,0,0,0
50.96,11,6,1,1,0,0,0,0,0,0,0,1,0,0,0,0,0,0
25.8,21,4,0,0,0,0,0,0,1,0,0,0,1,0,0,0,0,0
16.86,12,3,0,1,0,0,0,0,0,0,0,0,0,0,0,1,0,0
11.52,6,5,1,1,0,0,0,0,0,0,0,0,0,0,0,1,0,0
7.42,23,4,0,1,0,0,0,0,0,1,0,0,0,0,0,0,0,0
11.74,9,1,0,0,1,0,0,0,0,0,0,0,0,1,0,0,0,0
5.19,19,2,0,0,1,0,0,0,0,0,1,0,0,0,0,0,0,0
18.56,22,5,1,1,0,0,0,0,0,1,0,0,0,0,0,0,0,0
23.19,21,0,0,0,0,0,0,0,1,0,0,0,0,0,0,0,1,0
3.86,12,1,0,1,0,0,0,0,0,0,1,0,0,0,0,0,0,0
27.64,6,3,0,0,0,0,0,0,1,1,0,0,0,0,0,0,0,0
5.22,18,4,0,0,1,0,0,0,0,0,0,0,0,0,0,0,1,0
39.61,15,5,1,0,0,0,0,0,1,0,0,0,0,0,0,0,1,0
13.48,9,3,0,0,0,0,0,0,1,1,0,0,0,0,0,0,0,0
13.56,22,0,0,0,0,0,0,0,1,0,0,0,0,0,0,0,1,0
13.69,7,0,0,1,0,0,0,0,0,1,0,0,0,0,0,0,0,0
79.39,18,1,0,1,0,0,0,0,0,0,0,1,0,0,0,0,0,0
30.18,21,1,0,0,0,0,0,1,0,1,0,0,0,0,0,0,0,0
558.98,1,6,1,1,0,0,0,0,0,1,0,0,0,0,0,0,0,1
49.98,14,4,0,1,0,0,0,0,0,0,0,1,0,0,0,0,0,0
32.65,8,3,0,0,0,0,0,0,1,1,0,0,0,0,0,0,0,0
11.92,23,5,1,1,0,0,0,0,0,0,0,0,0,0,0,0,1,0
97.63,12,0,0,0,1,0,0,0,0,0,0,0,0,1,0,0,0,0
132.61,10,5,1,1,0,0,0,0,0,0,0,0,0,0,1,0,0,0
2.27,23,6,1,1,0,0,0,0,0,0,1,0,0,0,0,0,0,0
3.59,17,1,0,0,0,0,1,0,0,0,1,0,0,0,0,0,0,0
11.07,8,2,0,0,0,1,0,0,0,1,0,0,0,0,0,0,0,0
38.26,13,2,0,0,0,1,0,0,0,0,0,1,0,0,0,0,0,0
87.2,22,2,0,0,0,0,0,0,1,0,0,0,0,1,0,0,0,0
18.5,17,5,1,0,1,0,0,0,0,0,0,0,0,0,0,1,0,0
157.01,16,5,1,0,1,0,0,0,0,0,0,0,0,0,1,0,0,0
111.25,8,6,1,1,0,0,0,0,0,0,0,0,1,0,0,0,0,0
161.7,7,2,0,1,0,0,0,0,0,0,0,0,1,0,0,0,0,0
16.76,7,3,0,0,0,0,0,1,0,1,0,0,0,0,0,0,0,0
28.98,13,0,0,1,0,0,0,0,0,0,0,1,0,0,0,0,0,0
148.65,10,1,0,0,0,0,0,1,0,0,0,0,0,0,1,0,0,0
18.25,21,6,1,0,1,0,0,0,0,0,0,1,0,0,0,0,0,0
52.65,7,0,0,0,1,0,0,0,0,0,0,0,0,0,0,1,0,0
31.2,14,4,0,1,0,0,0,0,0,0,0,0,1,0,0,0,0,0
34.6,22,6,1,0,0,0,0,0,1,1,0,0,0,0,0,0,0,0
179.41,22,0,0,0,0,1,0,0,0,0,0,0,0,0,1,0,0,0
30.3,11,2,0,0,0,1,0,0,0,0,0,0,0,0,0,0,1,0
52.36,7,6,1,0,0,0,1,0,0,0,0,0,0,0,0,1,0,0
1994.81,8,0,0,0,0,0,0,1,0,0,0,0,1,0,0,0,0,1
297.6,20,4,0,0,0,0,0,0,1,0,0,0,0,0,1,0,0,0
59.31,7,5,1,1,0,0,0,0,0,0,0,0,0,1,0,0,0,0
5.02,9,4,0,0,1,0,0,0,0,0,1,0,0,0,0,0,0,0
24.6,12,6,1,0,1,0,0,0,0,0,0,0,1,0,0,0,0,0
18.49,0,0,0,0,0,0,0,0,1,0,1,0,0,0,0,0,0,1
278.92,11,6,1,0,0,0,1,0,0,0,0,0,0,0,1,0,0,0
52.14,21,0,0,0,1,0,0,0,0,0,0,0,1,0,0,0,0,0
11.56,17,4,0,0,0,1,0,0,0,1,0,0,0,0,0,0,0,0
30.06,11,2,0,1,0,0,0,0,0,1,0,0,0,0,0,0,0,0
19.84,1,0,0,0,0,0,0,0,1,0,1,0,0,0,0,0,0,1
21.35,11,6,1,1,0,0,0,0,0,0,0,0,0,0,0,0,1,0
171.43,23,4,0,1,0,0,0,0,0,0,0,0,0,0,1,0,0,0
1.66,23,4,0,0,0,1,0,0,0,0,1,0,0,0,0,0,0,0
18.06,15,5,1,0,0,0,0,0,1,0,0,0,0,0,0,1,0,0
102.53,13,1,0,0,0,0,0,0,1,0,0,0,1,0,0,0,0,0
34.0,6,6,1,1,0,0,0,0,0,0,0,0,0,0,0,0,1,0
54.25,6,2,0,1,0,0,0,0,0,0,0,0,0,0,1,0,0,0
89.07,23,4,0,1,0,0,0,0,0,0,0,0,0,1,0,0,0,0
827.76,1,2,0,0,0,0,0,0,1,1,0,0,0,0,0,0,0,1
593.96,2,3,0,0,0,0,0,0,1,0,1,0,0,0,0,0,0,1
3.82,13,5,1,0,1,0,0,0,0,0,1,0,0,0,0,0,0,0
2581.58,15,4,0,0,1,0,0,0,0,0,0,0,1,0,0,0,0,1
20.48,20,4,0,0,0,0,0,0,1,0,0,1,0,0,0,0,0,0
65.5,15,2,0,1,0,0,0,0,0,0,0,0,0,0,1,0,0,0
2237.45,9,6,1,0,0,0,0,0,1,0,0,0,0,0,1,0,0,1
16.3,19,5,1,1,0,0,0,0,0,1,0,0,0,0,0,0,0,0
35.34,18,4,0,0,0,0,0,0,1,0,0,1,0,0,0,0,0,0
45.37,18,3,0,0,1,0,0,0,0,0,0,0,1,0,0,0,0,0
4.56,9,6,1,1,0,0,0,0,0,0,1,0,0,0,0,0,0,0
43.56,17,4,0,0,1,0,0,0,0,0,0,0,0,1,0,0,0,0
16.95,13,2,0,1,0,0,0,0,0,1,0,0,0,0,0,0,0,0
132.17,19,2,0,1,0,0,0,0,0,0,0,0,1,0,0,0,0,0
16.3,13,3,0,0,0,0,0,1,0,0,0,0,0,0,0,1,0,0
138.88,11,5,1,1,0,0,0,0,0,0,0,0,1,0,0,0,0,0
67.39,23,6,1,1,0,0,0,0,0,0,0,0,0,0,1,0,0,0
74.28,8,0,0,0,0,0,0,0,1,0,0,0,0,1,0,0,0,0
33.33,22,3,0,0,0,0,0,0,1,1,0,0,0,0,0,0,0,0
2.93,15,3,0,1,0,0,0,0,0,0,1,0,0,0,0,0,0,0
259.56,16,4,0,0,0,0,0,0,1,0,0,0,0,0,1,0,0,0
13.24,22,4,0,1,0,0,0,0,0,0,0,0,0,0,0,1,0,0
164.03,18,6,1,0,1,0,0,0,0,0,0,0,1,0,0,0,0,0
186.35,6,4,0,0,1,0,0,0,0,0,0,0,1,0,0,0,0,0
38.04,23,3,0,1,0,0,0,0,0,0,0,0,0,0,0,0,1,0
690.17,17,1,0,0,1,0,0,0,0,1,0,0,0,0,0,0,0,1
5.26,21,0,0,0,0,0,0,0,1,0,1,0,0,0,0,0,0,0
11.59,22,0,0,0,0,1,0,0,0,0,0,0,0,0,0,1,0,0
145.72,17,1,0,1,0,0,0,0,0,0,0,0,0,0,1,0,0,0
22.66,8,1,0,0,1,0,0,0,0,1,0,0,0,0,0,0,0,0
111.94,11,4,0,0,1,0,0,0,0,0,0,0,1,0,0,0,0,0
41.61,21,3,0,0,0,1,0,0,0,0,0,0,0,0,0,1,0,0
28.62,11,4,0,1,0,0,0,0,0,0,0,0,0,0,0,1,0,0
10.76,16,5,1,0,0,0,0,1,0,0,0,0,0,0,0,0,1,0
142.19,22,5,1,1,0,0,0,0,0,0,0,0,1,0,0,0,0,0
21.52,11,0,0,0,1,0,0,0,0,1,0,0,0,0,0,0,0,0
5.31,23,5,1,1,0,0,0,0,0,0,1,0,0,0,0,0,0,0
5.73,19,1,0,1,0,0,0,0,0,0,1,0,0,0,0,0,0,0
95.23,15,2,0,1,0,0,0,0,0,0,0,0,0,0,1,0,0,0
128.06,12,2,0,0,1,0,0,0,0,0,0,0,0,0,1,0,0,0
53.36,21,6,1,0,0,1,0,0,0,0,0,0,0,1,0,0,0,0
26.68,6,1,0,1,0,0,0,0,0,0,0,1,0,0,0,0,0,0
14.26,8,1,0,1,0,0,0,0,0,1,0,0,0,0,0,0,0,0
31.12,14,3,0,1,0,0,0,0,0,0,0,0,0,0,0,0,1,0
84.19,21,2,0,1,0,0,0,0,0,0,0,0,0,1,0,0,0,0
36.45,6,1,0,1,0,0,0,0,0,0,0,0,0,0,0,0,1,0
168.86,16,5,1,0,1,0,0,0,0,0,0,0,1,0,0,0,0,0
1857.54,11,2,0,0,0,0,0,0,1,0,0,0,0,0,0,1,0,1
63.96,3,1,0,0,0,0,0,0,1,0,0,0,0,0,0,0,1,1
196.76,14,6,1,0,0,0,0,0,1,0,0,0,0,0,1,0,0,0
12.91,13,5,1,0,1,0,0,0,0,0,0,0,0,0,0,1,0,0
20.23,16,1,0,1,0,0,0,0,0,1,0,0,0,0,0,0,0,0
72.91,16,3,0,1,0,0,0,0,0,0,0,0,1,0,0,0,0,0
135.7,11,6,1,0,0,0,0,1,0,0,0,0,1,0,0,0,0,0
903.79,12,4,0,0,0,0,1,0,0,0,0,0,0,0,0,0,1,1
69.09,16,3,0,0,0,1,0,0,0,0,0,0,0,1,0,0,0,0
52.55,4,4,0,0,0,0,0,0,1,0,0,1,0,0,0,0,0,1
118.04,20,6,1,1,0,0,0,0,0,0,0,0,0,1,0,0,0,0
92.74,6,5,1,0,0,1,0,0,0,0,0,0,0,1,0,0,0,0
10.7,23,1,0,0,0,1,0,0,0,0,0,0,0,0,0,1,0,0
69.45,12,0,0,0,0,1,0,0,0,0,0,0,0,0,1,0,0,0
16.15,10,1,0,0,0,0,1,0,0,1,0,0,0,0,0,0,0,0
2.98,13,0,0,0,1,0,0,0,0,0,1,0,0,0,0,0,0,0
623.26,0,3,0,0,0,0,0,0,1,0,0,1,0,0,0,0,0,1
22.71,12,1,0,1,0,0,0,0,0,0,0,1,0,0,0,0,0,0
107.99,9,6,1,1,0,0,0,0,0,0,0,0,1,0,0,0,0,0
71.42,13,5,1,0,0,0,1,0,0,0,0,1,0,0,0,0,0,0
2045.14,3,6,1,0,0,0,0,0,1,0,0,0,1,0,0,0,0,1
35.83,14,2,0,1,0,0,0,0,0,0,0,0,0,0,0,1,0,0
18.96,16,1,0,0,0,0,0,0,1,0,0,0,0,0,0,1,0,0
3.39,23,1,0,0,1,0,0,0,0,0,1,0,0,0,0,0,0,0
70.36,8,3,0,1,0,0,0,0,0,0,0,0,0,1,0,0,0,0
32.63,20,0,0,0,1,0,0,0,0,0,0,0,0,0,0,1,0,0
30.89,9,2,0,0,0,1,0,0,0,0,0,0,0,0,0,0,1,0
3.11,23,0,0,1,0,0,0,0,0,0,1,0,0,0,0,0,0,0
36.05,16,2,0,1,0,0,0,0,0,0,0,0,0,0,0,0,1,0
8.54,8,3,0,1,0,0,0,0,0,1,0,0,0,0,0,0,0,0
10.56,20,0,0,0,1,0,0,0,0,0,0,0,0,0,0,0,1,0
25.42,10,4,0,1,0,0,0,0,0,1,0,0,0,0,0,0,0,0
21.01,22,4,0,0,0,0,0,1,0,0,0,0,0,1,0,0,0,0
163.75,22,3,0,1,0,0,0,0,0,0,0,0,0,0,1,0,0,0
9.89,19,0,0,0,1,0,0,0,0,0,0,0,0,0,0,0,1,0
27.13,13,0,0,0,0,0,0,0,1,0,0,1,0,0,0,0,0,0
36.1,15,2,0,1,0,0,0,0,0,0,0,0,0,0,0,0,1,0
108.66,18,6,1,1,0,0,0,0,0,0,0,0,1,0,0,0,0,0
149.91,14,2,0,0,0,0,0,1,0,0,0,0,1,0,0,0,0,0
31.6,20,1,0,0,0,0,0,0,1,0,0,0,1,0,0,0,0,0
78.73,8,3,0,0,0,0,1,0,0,0,0,0,0,1,0,0,0,0
172.47,19,6,1,1,0,0,0,0,0,0,0,0,0,0,1,0,0,0
15.88,23,0,0,1,0,0,0,0,0,1,0,0,0,0,0,0,0,0
1210.53,21,3,0,0,0,0,1,0,0,0,0,0,0,1,0,0,0,1
733.91,16,0,0,0,0,0,0,0,1,1,0,0,0,0,0,0,0,1
102.68,23,2,0,0,0,1,0,0,0,0,0,0,0,1,0,0,0,0
39.2,11,6,1,0,0,1,0,0,0,0,0,0,0,0,0,1,0,0
173.04,8,5,1,1,0,0,0,0,0,0,0,0,1,0,0,0,0,0
3.8,11,3,0,1,0,0,0,0,0,0,1,0,0,0,0,0,0,0
2.12,19,6,1,1,0,0,0,0,0,0,1,0,0,0,0,0,0,0
19.89,9,6,1,1,0,0,0,0,0,0,0,0,0,0,0,0,1,0
1789.71,1,2,0,0,0,0,1,0,0,0,0,0,0,0,0,0,1,1
226.03,15,2,0,1,0,0,0,0,0,0,0,0,0,0,1,0,0,0
2.11,19,5,1,0,0,1,0,0,0,0,1,0,0,0,0,0,0,0
140.36,10,3,0,1,0,0,0,0,0,0,0,0,0,0,1,0,0,0
167.88,14,6,1,0,0,0,0,0,1,0,0,0,1,0,0,0,0,0
132.59,22,2,0,0,0,0,0,0,1,0,0,0,1,0,0,0,0,0
51.12,16,0,0,0,0,1,0,0,0,0,0,0,0,0,0,1,0,0
69.16,18,1,0,1,0,0,0,0,0,0,0,1,0,0,0,0,0,0
19.98,11,2,0,0,0,0,0,0,1,0,0,0,0,0,0,0,1,0
4.59,23,1,0,0,0,0,0,1,0,0,1,0,0,0,0,0,0,0
99.26,21,1,0,0,1,0,0,0,0,0,0,0,0,1,0,0,0,0
124.13,1,3,0,0,0,0,0,0,1,0,0,0,0,0,0,0,1,1
56.68,6,3,0,1,0,0,0,0,0,0,0,0,0,1,0,0,0,0
3.89,23,3,0,0,1,0,0,0,0,0,1,0,0,0,0,0,0,0
4.49,13,6,1,0,0,1,0,0,0,0,1,0,0,0,0,0,0,0
5.31,10,1,0,1,0,0,0,0,0,0,1,0,0,0,0,0,0,0
5.3,19,6,1,0,0,0,0,1,0,0,1,0,0,0,0,0,0,0
2.25,15,5,1,0,0,1,0,0,0,0,1,0,0,0,0,0,0,0
14.18,22,3,0,0,1,0,0,0,0,0,0,1,0,0,0,0,0,0
41.39,13,2,0,1,0,0,0,0,0,0,0,1,0,0,0,0,0,0
5.1,16,6,1,1,0,0,0,0,0,0,1,0,0,0,0,0,0,0
2.34,20,5,1,1,0,0,0,0,0,0,1,0,0,0,0,0,0,0
294.92,12,4,0,0,0,0,0,0,1,0,0,0,0,0,1,0,0,0
192.89,11,0,0,1,0,0,0,0,0,0,0,0,1,0,0,0,0,0
33.08,17,1,0,1,0,0,0,0,0,0,0,0,1,0,0,0,0,0
34.81,9,1,0,0,1,0,0,0,0,0,0,0,1,0,0,0,0,0
54.94,15,1,0,0,0,0,0,0,1,0,0,0,0,0,0,1,0,0
1.87,19,0,0,0,0,0,0,0,1,0,1,0,0,0,0,0,0,0
27.49,19,2,0,1,0,0,0,0,0,0,0,0,0,0,0,0,1,0
5.07,19,2,0,0,1,0,0,0,0,0,1,0,0,0,0,0,0,0
17.75,14,1,0,1,0,0,0,0,0,0,0,0,1,0,0,0,0,0
262.08,9,2,0,0,0,0,0,0,1,0,0,0,0,0,1,0,0,0
1.87,8,2,0,1,0,0,0,0,0,0,1,0,0,0,0,0,0,0
64.97,14,3,0,1,0,0,0,0,0,0,0,0,0,1,0,0,0,0
36.57,23,0,0,0,1,0,0,0,0,0,0,0,0,0,0,0,1,0
28.31,14,5,1,1,0,0,0,0,0,0,0,1,0,0,0,0,0,0
7.51,9,0,0,0,0,1,0,0,0,0,0,0,0,0,0,1,0,0
31.3,9,4,0,1,0,0,0,0,0,0,0,0,0,0,0,1,0,0
27.39,19,6,1,1,0,0,0,0,0,0,0,0,0,0,0,0,1,0
162.3,10,1,0,0,0,0,0,0,1,0,0,0,1,0,0,0,0,0
33.7,11,3,0,0,0,1,0,0,0,0,0,1,0,0,0,0,0,0
21.92,9,1,0,0,1,0,0,0,0,0,0,0,1,0,0,0,0,0
69.39,11,4,0,1,0,0,0,0,0,0,0,0,1,0,0,0,0,0
2.03,22,4,0,0,0,1,0,0,0,0,1,0,0,0,0,0,0,0
14.03,14,2,0,1,0,0,0,0,0,1,0,0,0,0,0,0,0,0
27.51,21,3,0,0,0,1,0,0,0,1,0,0,0,0,0,0,0,0
90.8,11,6,1,1,0,0,0,0,0,0,0,0,1,0,0,0,0,0
6.51,3,2,0,0,0,0,0,0,1,0,1,0,0,0,0,0,0,1
62.22,8,1,0,0,1,0,0,0,0,0,0,1,0,0,0,0,0,0
173.69,8,3,0,1,0,0,0,0,0,0,0,0,1,0,0,0,0,0
6.88,23,2,0,0,0,0,0,0,1,0,0,0,0,0,0,0,1,0
620.97,3,2,0,0,0,0,0,0,1,0,0,1,0,0,0,0,0,1
959.62,0,2,0,0,0,1,0,0,0,0,0,0,0,1,0,0,0,1
171.09,13,0,0,0,1,0,0,0,0,0,0,0,1,0,0,0,0,0
77.19,9,6,1,0,1,0,0,0,0,0,0,1,0,0,0,0,0,0
42.22,9,0,0,0,1,0,0,0,0,0,0,0,0,0,0,1,0,0
32.86,16,2,0,1,0,0,0,0,0,0,0,0,0,0,0,1,0,0
20.97,23,1,0,1,0,0,0,0,0,0,0,0,0,1,0,0,0,0
3773.72,2,2,0,1,0,0,0,0,0,0,0,0,0,0,1,0,0,1
35.09,7,2,0,0,1,0,0,0,0,0,0,0,0,0,0,0,1,0
5.86,23,2,0,0,1,0,0,0,0,0,1,0,0,0,0,0,0,0
569.25,0,5,1,0,0,0,0,0,1,0,0,0,0,1,0,0,0,1
232.77,0,6,1,0,0,0,0,0,1,0,0,0,0,1,0,0,0,1
143.26,17,0,0,0,1,0,0,0,0,0,0,0,1,0,0,0,0,0
585.8,3,1,0,0,0,0,0,0,1,0,0,0,0,0,1,0,0,1
5.67,21,1,0,1,0,0,0,0,0,0,1,0,0,0,0,0,0,0
21.69,23,0,0,1,0,0,0,0,0,0,0,1,0,0,0,0,0,0
10.38,0,4,0,0,0,0,0,0,1,0,1,0,0,0,0,0,0,1
79.59,16,6,1,0,0,1,0,0,0,0,0,0,0,1,0,0,0,0
110.74,0,0,0,0,0,0,0,0,1,0,0,1,0,0,0,0,0,1
17.42,13,3,0,1,0,0,0,0,0,0,0,0,0,0,0,0,1,0
15.26,20,3,0,0,0,0,0,0,1,1,0,0,0,0,0,0,0,0
190.96,19,1,0,1,0,0,0,0,0,0,0,0,1,0,0,0,0,0
28.44,8,1,0,1,0,0,0,0,0,0,0,0,0,0,0,0,1,0
116.47,9,2,0,0,0,0,0,0,1,0,0,0,0,0,1,0,0,0
79.09,12,0,0,1,0,0,0,0,0,0,0,0,0,1,0,0,0,0
21.69,13,5,1,0,0,1,0,0,0,0,0,0,0,0,0,0,1,0
2137.71,4,1,0,1,0,0,0,0,0,0,0,0,0,0,1,0,0,1
26.59,21,4,0,0,0,0,1,0,0,0,0,0,0,0,0,0,1,0
41.2,18,3,0,0,0,0,0,0,1,0,0,1,0,0,0,0,0,0
158.86,3,4,0,0,0,0,0,0,1,1,0,0,0,0,0,0,0,1
19.59,21,6,1,1,0,0,0,0,0,0,0,0,0,0,0,1,0,0
18.36,10,3,0,1,0,0,0,0,0,0,0,1,0,0,0,0,0,0
79.59,7,1,0,0,1,0,0,0,0,0,0,0,0,1,0,0,0,0
5.35,12,0,0,0,1,0,0,0,0,0,1,0,0,0,0,0,0,0
289.52,17,5,1,1,0,0,0,0,0,0,0,0,0,0,1,0,0,0
1.61,23,4,0,0,1,0,0,0,0,0,1,0,0,0,0,0,0,0
5.66,11,4,0,0,0,0,0,0,1,0,0,0,0,0,0,1,0,0
114.37,17,4,0,0,0,0,0,0,1,0,0,0,0,1,0,0,0,0
97.79,23,6,1,1,0,0,0,0,0,0,0,0,1,0,0,0,0,0
34.21,13,5,1,1,0,0,0,0,0,0,0,0,0,0,0,0,1,0
22.63,16,2,0,0,0,0,0,1,0,1,0,0,0,0,0,0,0,0
27.74,21,4,0,0,0,1,0,0,0,0,0,0,1,0,0,0,0,0
105.25,23,2,0,0,1,0,0,0,0,0,0,0,1,0,0,0,0,0
6.57,6,5,1,0,0,1,0,0,0,1,0,0,0,0,0,0,0,0
37.08,6,0,0,1,0,0,0,0,0,0,0,0,1,0,0,0,0,0
12.14,17,5,1,0,0,0,0,0,1,0,0,0,0,0,0,0,1,0
4.16,7,2,0,0,1,0,0,0,0,0,1,0,0,0,0,0,0,0
30.01,6,3,0,0,0,1,0,0,0,1,0,0,0,0,0,0,0,0
13.0,10,4,0,1,0,0,0,0,0,0,0,0,0,0,0,0,1,0
38.69,7,2,0,0,0,1,0,0,0,0,0,0,0,0,0,0,1,0
11.3,21,0,0,0,0,0,0,1,0,0,0,0,0,0,0,1,0,0
47.07,21,3,0,0,0,0,0,0,1,0,0,0,0,1,0,0,0,0
4.55,22,2,0,1,0,0,0,0,0,0,1,0,0,0,0,0,0,0
97.25,6,4,0,1,0,0,0,0,0,0,0,0,1,0,0,0,0,0
11.78,23,6,1,0,0,0,0,0,1,1,0,0,0,0,0,0,0,0
10.55,8,6,1,0,1,0,0,0,0,1,0,0,0,0,0,0,0,0
5.21,13,4,0,0,0,0,0,1,0,0,1,0,0,0,0,0,0,0
26.85,22,3,0,0,1,0,0,0,0,0,0,0,0,0,0,0,1,0
1166.04,15,6,1,0,1,0,0,0,0,0,0,0,0,0,0,1,0,1
28.87,22,0,0,0,0,0,0,0,1,1,0,0,0,0,0,0,0,0
43.17,20,4,0,0,0,1,0,0,0,0,0,1,0,0,0,0,0,0
39.56,16,4,0,0,0,0,0,0,1,0,0,0,0,0,0,0,1,0
22.03,14,4,0,0,0,1,0,0,0,1,0,0,0,0,0,0,0,0
4.39,20,4,0,1,0,0,0,0,0,0,1,0,0,0,0,0,0,0
39.42,6,5,1,0,1,0,0,0,0,0,0,0,0,0,0,0,1,0
1817.42,1,1,0,0,0,0,0,0,1,0,0,0,0,1,0,0,0,1
21.91,21,4,0,1,0,0,0,0,0,1,0,0,0,0,0,0,0,0
28.81,17,6,1,0,1,0,0,0,0,0,0,0,1,0,0,0,0,0
1243.24,14,2,0,0,0,0,0,0,1,0,0,0,0,0,0,0,1,1
3.3,23,5,1,1,0,0,0,0,0,0,1,0,0,0,0,0,0,0
1213.86,18,4,0,0,0,0,0,0,1,0,0,0,0,0,0,1,0,1
264.93,10,6,1,0,0,0,0,0,1,0,0,0,0,0,1,0,0,0
110.98,9,5,1,1,0,0,0,0,0,0,0,0,0,0,1,0,0,0
215.33,23,5,1,0,1,0,0,0,0,0,0,0,0,0,1,0,0,0
38.38,16,3,0,1,0,0,0,0,0,0,0,0,0,0,0,1,0,0
193.09,12,5,1,1,0,0,0,0,0,0,0,0,1,0,0,0,0,0
41.54,13,3,0,0,0,0,1,0,0,0,0,0,1,0,0,0,0,0
12.93,7,3,0,1,0,0,0,0,0,0,0,1,0,0,0,0,0,0
41.07,12,2,0,0,1,0,0,0,0,0,0,1,0,0,0,0,0,0
107.55,21,6,1,1,0,0,0,0,0,0,0,0,0,0,1,0,0,0
239.59,23,6,1,0,0,1,0,0,0,0,0,0,0,0,1,0,0,0
3.37,8,2,0,1,0,0,0,0,0,0,1,0,0,0,0,0,0,0
31.42,23,2,0,0,1,0,0,0,0,0,0,0,0,0,0,0,1,0
100.81,6,0,0,0,0,0,0,0,1,0,0,0,0,1,0,0,0,0
45.46,19,2,0,0,0,1,0,0,0,0,0,0,0,0,1,0,0,0
22.65,20,2,0,0,1,0,0,0,0,0,0,0,0,0,0,0,1,0
64.78,20,4,0,0,0,1,0,0,0,0,0,0,0,1,0,0,0,0
1271.65,18,6,1,0,0,1,0,0,0,0,0,0,0,0,0,1,0,1
269.77,20,2,0,1,0,0,0,0,0,0,0,0,0,0,1,0,0,0
47.65,19,3,0,1,0,0,0,0,0,0,0,1,0,0,0,0,0,0
41.74,16,6,1,0,0,0,0,0,1,0,0,0,0,0,0,1,0,0
699.69,14,4,0,0,0,0,0,0,1,1,0,0,0,0,0,0,0,1
59.46,21,1,0,0,1,0,0,0,0,0,0,0,0,1,0,0,0,0
88.15,14,0,0,1,0,0,0,0,0,0,0,0,0,1,0,0,0,0
38.43,7,2,0,0,0,1,0,0,0,0,0,0,1,0,0,0,0,0
59.75,14,3,0,1,0,0,0,0,0,0,0,0,0,1,0,0,0,0
34.6,10,5,1,0,0,0,0,0,1,0,0,0,0,0,0,0,1,0
809.48,2,6,1,0,0,0,1,0,0,1,0,0,0,0,0,0,0,1
36.86,14,5,1,1,0,0,0,0,0,0,0,0,0,0,0,1,0,0
132.4,14,1,0,0,1,0,0,0,0,0,0,0,0,0,1,0,0,0
12.98,23,1,0,1,0,0,0,0,0,0,0,0,0,0,0,0,1,0
5.6,22,5,1,0,0,1,0,0,0,0,1,0,0,0,0,0,0,0
122.68,21,3,0,1,0,0,0,0,0,0,0,0,1,0,0,0,0,0
3.44,7,1,0,0,0,0,0,0,1,0,1,0,0,0,0,0,0,0
31.88,23,3,0,0,0,1,0,0,0,0,0,0,0,0,0,0,1,0
42.65,20,6,1,1,0,0,0,0,0,0,0,0,0,1,0,0,0,0
86.54,11,6,1,0,1,0,0,0,0,0,0,0,0,1,0,0,0,0
2.9,11,2,0,0,1,0,0,0,0,0,1,0,0,0,0,0,0,0
134.82,13,4,0,1,0,0,0,0,0,0,0,0,0,0,1,0,0,0
24.46,22,5,1,0,1,0,0,0,0,0,0,0,0,0,0,0,1,0
52.67,16,0,0,1,0,0,0,0,0,0,0,0,0,0,0,1,0,0
192.89,15,4,0,0,0,0,0,1,0,0,0,0,1,0,0,0,0,0
31.14,13,3,0,0,0,1,0,0,0,0,0,0,0,0,0,0,1,0
193.38,8,5,1,0,0,0,0,0,1,0,0,0,1,0,0,0,0,0
55.43,18,3,0,1,0,0,0,0,0,0,0,0,0,0,0,1,0,0
207.45,16,1,0,0,0,0,0,1,0,0,0,0,0,0,1,0,0,0
33.97,7,4,0,0,0,0,0,0,1,0,0,0,1,0,0,0,0,0
22.87,15,6,1,1,0,0,0,0,0,0,0,0,0,0,0,0,1,0
2.0,7,2,0,1,0,0,0,0,0,0,1,0,0,0,0,0,0,0
6.23,9,5,1,1,0,0,0,0,0,1,0,0,0,0,0,0,0,0
33.17,23,3,0,1,0,0,0,0,0,1,0,0,0,0,0,0,0,0
28.58,9,4,0,0,1,0,0,0,0,0,0,0,0,0,0,0,1,0
21.93,20,4,0,1,0,0,0,0,0,0,0,0,0,0,0,0,1,0
76.24,15,3,0,1,0,0,0,0,0,0,0,0,1,0,0,0,0,0
15.02,16,4,0,1,0,0,0,0,0,0,0,1,0,0,0,0,0,0
60.08,12,4,0,0,1,0,0,0,0,0,0,1,0,0,0,0,0,0
25.08,21,1,0,0,0,1,0,0,0,0,0,0,0,0,0,0,1,0
6.27,8,1,0,0,1,0,0,0,0,0,0,0,0,0,0,0,1,0
57.25,9,4,0,0,0,0,0,1,0,0,0,1,0,0,0,0,0,0
458.93,3,0,0,0,0,0,0,0,1,0,1,0,0,0,0,0,0,1
37.12,22,2,0,0,1,0,0,0,0,0,0,0,0,1,0,0,0,0
27.07,19,0,0,1,0,0,0,0,0,1,0,0,0,0,0,0,0,0
112.91,6,4,0,0,1,0,0,0,0,0,0,0,0,1,0,0,0,0
34.12,12,3,0,0,0,0,1,0,0,1,0,0,0,0,0,0,0,0
54.01,14,3,0,0,1,0,0,0,0,0,0,0,0,0,0,1,0,0
12.34,18,6,1,1,0,0,0,0,0,1,0,0,0,0,0,0,0,0
69.04,18,5,1,0,0,0,1,0,0,0,0,0,0,1,0,0,0,0
2861.04,0,4,0,0,0,0,0,0,1,0,0,0,1,0,0,0,0,1
8.73,7,1,0,1,0,0,0,0,0,0,0,0,0,0,0,0,1,0
2773.31,11,1,0,0,0,0,0,0,1,0,0,0,0,0,1,0,0,1
8.69,20,1,0,1,0,0,0,0,0,0,0,0,0,0,0,0,1,0
64.8,22,2,0,1,0,0,0,0,0,0,0,0,0,0,1,0,0,0
70.98,13,6,1,0,0,0,0,0,1,0,0,0,0,1,0,0,0,0
49.97,12,6,1,1,0,0,0,0,0,0,0,0,0,0,0,1,0,0
26.53,19,0,0,1,0,0,0,0,0,0,0,0,0,0,0,1,0,0
77.68,23,0,0,1,0,0,0,0,0,0,0,0,0,0,1,0,0,0
79.24,10,5,1,0,1,0,0,0,0,0,0,0,0,1,0,0,0,0
90.42,2,1,0,0,0,0,0,0,1,0,0,0,0,0,0,0,1,1
34.3,19,5,1,0,0,0,0,0,1,0,0,0,0,0,0,1,0,0
4.3,16,3,0,0,1,0,0,0,0,0,1,0,0,0,0,0,0,0
83.81,10,3,0,1,0,0,0,0,0,0,0,0,0,1,0,0,0,0
4.55,10,1,0,0,0,0,0,0,1,0,1,0,0,0,0,0,0,0
29.38,18,1,0,0,1,0,0,0,0,1,0,0,0,0,0,0,0,0
30.91,7,2,0,1,0,0,0,0,0,0,0,0,0,1,0,0,0,0
44.48,21,4,0,0,1,0,0,0,0,0,0,0,0,0,1,0,0,0
4.44,8,3,0,0,0,0,0,0,1,0,1,0,0,0,0,0,0,0
66.16,15,2,0,0,0,1,0,0,0,0,0,1,0,0,0,0,0,0
74.12,13,1,0,0,0,0,1,0,0,0,0,0,0,0,1,0,0,0
52.4,18,6,1,0,0,0,0,0,1,0,0,0,0,0,0,1,0,0
38.26,9,0,0,0,1,0,0,0,0,0,0,0,0,0,0,0,1,0
1.97,14,4,0,0,1,0,0,0,0,0,1,0,0,0,0,0,0,0
146.98,8,4,0,0,1,0,0,0,0,0,0,0,1,0,0,0,0,0
23.53,17,5,1,1,0,0,0,0,0,1,0,0,0,0,0,0,0,0
35.42,13,4,0,0,0,0,0,0,1,0,0,0,0,0,0,0,1,0
58.55,16,5,1,0,1,0,0,0,0,0,0,0,0,1,0,0,0,0
36.44,18,6,1,0,1,0,0,0,0,0,0,0,0,0,0,1,0,0
71.5,16,1,0,1,0,0,0,0,0,0,0,0,0,1,0,0,0,0
52.16,15,1,0,1,0,0,0,0,0,0,0,0,1,0,0,0,0,0
15.78,14,5,1,1,0,0,0,0,0,0,0,0,0,0,0,0,1,0
10.82,9,4,0,0,0,1,0,0,0,1,0,0,0,0,0,0,0,0
33.61,9,0,0,1,0,0,0,0,0,0,0,0,0,1,0,0,0,0
74.21,11,1,0,1,0,0,0,0,0,0,0,0,1,0,0,0,0,0
32.42,23,0,0,0,1,0,0,0,0,1,0,0,0,0,0,0,0,0
91.22,22,5,1,0,0,0,0,0,1,0,0,0,0,1,0,0,0,0
2096.67,11,2,0,0,1,0,0,0,0,0,0,0,1,0,0,0,0,1
295.24,4,0,0,0,0,0,0,0,1,0,0,0,0,0,1,0,0,1
83.68,16,1,0,0,0,1,0,0,0,0,0,0,1,0,0,0,0,0
33.7,18,0,0,0,1,0,0,0,0,0,0,0,0,0,0,0,1,0
39.4,15,6,1,0,0,0,0,0,1,0,0,1,0,0,0,0,0,0
16.52,11,5,1,0,1,0,0,0,0,0,0,0,0,0,0,0,1,0
823.52,14,1,0,0,1,0,0,0,0,0,0,1,0,0,0,0,0,1
34.92,9,5,1,1,0,0,0,0,0,0,0,1,0,0,0,0,0,0
44.51,18,6,1,1,0,0,0,0,0,0,0,0,0,0,0,1,0,0
119.25,20,3,0,0,0,0,0,0,1,0,0,0,0,1,0,0,0,0
2626.23,21,6,1,0,0,0,0,0,1,0,0,0,0,0,1,0,0,1
10.03,8,2,0,0,0,0,0,1,0,0,0,0,0,0,0,1,0,0
4.56,17,6,1,0,0,1,0,0,0,0,1,0,0,0,0,0,0,0
26.74,15,5,1,0,0,1,0,0,0,0,0,0,0,0,1,0,0,0
74.23,8,4,0,1,0,0,0,0,0,0,0,0,1,0,0,0,0,0
196.51,12,6,1,1,0,0,0,0,0,0,0,0,1,0,0,0,0,0
32.08,12,5,1,1,0,0,0,0,0,1,0,0,0,0,0,0,0,0
60.79,7,2,0,0,0,0,0,1,0,0,0,0,1,0,0,0,0,0
1.89,17,3,0,1,0,0,0,0,0,0,1,0,0,0,0,0,0,0
162.91,0,6,1,0,0,0,0,0,1,1,0,0,0,0,0,0,0,1
2.07,8,3,0,1,0,0,0,0,0,0,1,0,0,0,0,0,0,0
26.51,23,1,0,0,1,0,0,0,0,0,0,0,0,0,0,1,0,0
220.27,7,1,0,1,0,0,0,0,0,0,0,0,0,0,1,0,0,0
1071.45,15,6,1,0,0,0,0,1,0,0,0,0,0,0,0,0,1,1
28.73,13,0,0,0,1,0,0,0,0,0,0,0,0,0,0,0,1,0
142.29,8,4,0,1,0,0,0,0,0,0,0,0,0,0,1,0,0,0
101.03,10,6,1,1,0,0,0,0,0,0,0,0,0,0,1,0,0,0
24.39,13,2,0,0,1,0,0,0,0,0,0,0,0,0,0,1,0,0
23.39,17,6,1,1,0,0,0,0,0,1,0,0,0,0,0,0,0,0
42.84,11,0,0,0,0,0,0,0,1,0,0,0,0,0,0,1,0,0
164.95,19,4,0,0,0,0,0,0,1,0,0,0,1,0,0,0,0,0
60.65,6,6,1,1,0,0,0,0,0,0,0,0,1,0,0,0,0,0
36.99,8,5,1,1,0,0,0,0,0,0,0,0,0,0,0,0,1,0
12.38,15,0,0,0,1,0,0,0,0,1,0,0,0,0,0,0,0,0
4.27,16,4,0,1,0,0,0,0,0,0,1,0,0,0,0,0,0,0
3.79,13,0,0,0,1,0,0,0,0,0,1,0,0,0,0,0,0,0
263.84,23,4,0,1,0,0,0,0,0,0,0,0,0,0,1,0,0,0
44.92,17,2,0,0,1,0,0,0,0,0,0,0,0,0,0,1,0,0
62.93,7,1,0,1,0,0,0,0,0,0,0,0,1,0,0,0,0,0
120.42,20,2,0,0,0,0,0,0,1,0,0,0,1,0,0,0,0,0
32.33,19,0,0,1,0,0,0,0,0,0,0,0,1,0,0,0,0,0
835.36,22,6,1,0,0,0,0,0,1,1,0,0,0,0,0,0,0,1
54.56,13,2,0,0,0,0,0,0,1,0,0,0,0,0,0,1,0,0
5.52,12,0,0,0,0,0,1,0,0,0,1,0,0,0,0,0,0,0
4.52,7,4,0,1,0,0,0,0,0,0,1,0,0,0,0,0,0,0
58.33,20,0,0,1,0,0,0,0,0,0,0,0,0,0,1,0,0,0
712.26,0,3,0,1,0,0,0,0,0,0,0,1,0,0,0,0,0,1
21.48,22,1,0,1,0,0,0,0,0,1,0,0,0,0,0,0,0,0
14.57,23,5,1,0,0,0,0,0,1,1,0,0,0,0,0,0,0,0
19.8,14,1,0,1,0,0,0,0,0,1,0,0,0,0,0,0,0,0
3.12,14,1,0,1,0,0,0,0,0,0,1,0,0,0,0,0,0,0
173.86,19,6,1,0,0,0,0,0,1,0,0,0,1,0,0,0,0,0
12.97,23,3,0,0,1,0,0,0,0,0,0,0,0,0,0,0,1,0
53.9,10,3,0,0,1,0,0,0,0,0,0,0,0,0,0,1,0,0
30.39,17,1,0,0,1,0,0,0,0,0,0,1,0,0,0,0,0,0
50.97,14,0,0,0,1,0,0,0,0,0,0,0,1,0,0,0,0,0
43.24,16,3,0,0,1,0,0,0,0,0,0,1,0,0,0,0,0,0
31.23,14,1,0,0,0,1,0,0,0,0,0,0,0,0,0,1,0,0
2434.08,20,1,0,0,0,0,0,0,1,0,0,0,0,1,0,0,0,1
14.74,12,0,0,1,0,0,0,0,0,0,0,0,0,0,0,0,1,0
40.08,18,6,1,1,0,0,0,0,0,0,0,1,0,0,0,0,0,0
1.89,7,4,0,0,0,1,0,0,0,0,1,0,0,0,0,0,0,0
187.88,14,1,0,1,0,0,0,0,0,0,0,0,1,0,0,0,0,0
201.72,10,2,0,0,0,0,0,0,1,0,0,0,0,0,1,0,0,0
164.03,13,4,0,0,0,0,0,0,1,0,0,0,0,0,1,0,0,0
56.77,23,2,0,0,1,0,0,0,0,0,0,0,1,0,0,0,0,0
24.7,10,5,1,0,0,0,1,0,0,0,0,0,0,1,0,0,0,0
12.95,6,1,0,1,0,0,0,0,0,0,0,0,0,0,0,0,1,0
56.63,21,1,0,1,0,0,0,0,0,0,0,1,0,0,0,0,0,0
31.88,16,4,0,0,0,0,0,0,1,0,0,1,0,0,0,0,0,0
21.23,12,2,0,0,0,0,1,0,0,1,0,0,0,0,0,0,0,0
10.99,18,2,0,1,0,0,0,0,0,0,0,1,0,0,0,0,0,0
168.69,14,4,0,0,1,0,0,0,0,0,0,0,1,0,0,0,0,0
198.63,14,1,0,1,0,0,0,0,0,0,0,0,0,0,1,0,0,0
26.78,23,5,1,1,0,0,0,0,0,1,0,0,0,0,0,0,0,0
7.21,10,3,0,0,1,0,0,0,0,1,0,0,0,0,0,0,0,0
399.24,7,3,0,0,0,1,0,0,0,0,1,0,0,0,0,0,0,1
67.04,22,5,1,1,0,0,0,0,0,0,0,0,0,1,0,0,0,0
38.93,17,0,0,1,0,0,0,0,0,0,0,0,0,0,0,0,1,0
32.31,23,1,0,0,0,0,0,1,0,1,0,0,0,0,0,0,0,0
68.29,22,2,0,1,0,0,0,0,0,0,0,1,0,0,0,0,0,0
106.23,15,2,0,1,0,0,0,0,0,0,0,0,0,1,0,0,0,0
25.13,18,1,0,0,0,0,0,0,1,1,0,0,0,0,0,0,0,0
4825.85,21,6,1,0,0,0,0,0,1,0,0,0,0,0,1,0,0,1
213.5,16,3,0,1,0,0,0,0,0,0,0,0,0,0,1,0,0,0
15.0,21,4,0,0,0,0,0,1,0,0,0,0,0,0,0,0,1,0
131.92,9,0,0,1,0,0,0,0,0,0,0,0,1,0,0,0,0,0
17.7,21,0,0,0,0,1,0,0,0,0,0,0,0,0,0,0,1,0
112.57,21,2,0,0,1,0,0,0,0,0,0,0,0,1,0,0,0,0
23.55,18,5,1,1,0,0,0,0,0,0,0,0,0,0,0,1,0,0
3505.11,20,1,0,0,0,0,0,0,1,0,0,0,0,0,1,0,0,1
30.67,16,6,1,1,0,0,0,0,0,1,0,0,0,0,0,0,0,0
28.03,18,3,0,0,1,0,0,0,0,0,0,0,0,0,0,1,0,0
2.52,20,3,0,0,0,0,0,0,1,0,1,0,0,0,0,0,0,0
45.47,9,6,1,1,0,0,0,0,0,0,0,0,0,0,0,1,0,0
77.1,23,3,0,0,0,0,0,0,1,0,0,1,0,0,0,0,0,0
41.39,19,0,0,0,0,0,0,0,1,0,0,0,0,0,0,1,0,0
511.55,20,0,0,0,0,0,0,0,1,0,0,1,0,0,0,0,0,1
33.01,15,1,0,1,0,0,0,0,0,0,0,0,0,0,0,1,0,0
73.81,20,0,0,0,1,0,0,0,0,0,0,1,0,0,0,0,0,0
58.27,19,0,0,0,1,0,0,0,0,0,0,0,0,0,0,1,0,0
16.63,23,0,0,0,0,1,0,0,0,0,0,1,0,0,0,0,0,0
81.26,23,4,0,0,0,0,0,0,1,0,0,0,0,1,0,0,0,0
33.03,1,6,1,0,0,0,0,0,1,0,0,0,0,0,0,0,1,1
32.63,16,1,0,0,0,0,0,0,1,0,0,0,0,0,1,0,0,0
41.37,20,2,0,1,0,0,0,0,0,0,0,0,0,0,0,1,0,0
1102.1,1,0,0,0,0,0,0,0,1,0,0,0,0,0,1,0,0,1
334.22,3,6,1,0,0,0,0,0,1,0,1,0,0,0,0,0,0,1
5.57,21,4,0,0,0,0,0,0,1,0,1,0,0,0,0,0,0,0
5.02,7,2,0,1,0,0,0,0,0,0,1,0,0,0,0,0,0,0
1787.63,1,0,0,0,0,0,0,0,1,0,0,0,0,0,0,0,1,1
60.74,13,2,0,1,0,0,0,0,0,0,0,0,0,1,0,0,0,0
21.82,15,1,0,0,0,1,0,0,0,0,0,0,0,0,0,1,0,0
958.43,3,3,0,0,0,0,0,0,1,0,0,0,0,0,0,1,0,1
149.22,4,4,0,0,0,0,0,0,1,1,0,0,0,0,0,0,0,1
274.64,22,5,1,1,0,0,0,0,0,0,0,0,0,0,1,0,0,0
3.4,13,5,1,0,0,0,0,0,1,0,1,0,0,0,0,0,0,0
49.8,21,5,1,1,0,0,0,0,0,0,0,0,1,0,0,0,0,0
5.63,12,0,0,0,1,0,0,0,0,0,0,0,0,0,0,0,1,0
55.73,14,6,1,1,0,0,0,0,0,0,0,0,0,0,0,1,0,0
45.05,21,0,0,0,0,1,0,0,0,0,0,0,1,0,0,0,0,0
17.85,23,3,0,1,0,0,0,0,0,0,0,0,0,0,0,0,1,0
40.53,7,0,0,1,0,0,0,0,0,0,0,1,0,0,0,0,0,0
139.33,9,4,0,0,0,0,0,0,1,0,0,0,0,0,1,0,0,0
20.71,7,6,1,0,0,0,1,0,0,0,0,0,1,0,0,0,0,0
2082.77,7,2,0,0,0,0,0,0,1,0,0,0,0,0,1,0,0,1
17.75,17,6,1,0,0,0,0,1,0,1,0,0,0,0,0,0,0,0
5.58,22,4,0,1,0,0,0,0,0,0,1,0,0,0,0,0,0,0
32.33,18,2,0,0,0,0,0,0,1,0,0,0,0,0,1,0,0,0
4.33,13,4,0,0,1,0,0,0,0,0,1,0,0,0,0,0,0,0
26.1,15,4,0,1,0,0,0,0,0,1,0,0,0,0,0,0,0,0
36.0,23,1,0,0,0,0,0,0,1,0,0,0,0,1,0,0,0,0
33.05,18,3,0,0,0,1,0,0,0,0,0,0,0,0,0,0,1,0
465.2,3,6,1,0,0,0,0,0,1,1,0,0,0,0,0,0,0,1
58.49,11,2,0,0,0,0,1,0,0,0,0,0,0,1,0,0,0,0
69.97,7,5,1,1,0,0,0,0,0,0,0,0,0,0,1,0,0,0
287.11,21,5,1,0,0,1,0,0,0,0,0,0,0,0,1,0,0,0
37.33,18,5,1,1,0,0,0,0,0,0,0,0,0,0,0,1,0,0
223.4,10,2,0,1,0,0,0,0,0,0,0,0,0,0,1,0,0,0
108.21,15,2,0,1,0,0,0,0,0,0,0,0,0,1,0,0,0,0
19.27,7,1,0,0,0,1,0,0,0,0,0,0,0,0,0,1,0,0
92.14,14,4,0,0,1,0,0,0,0,0,0,0,0,1,0,0,0,0
14.86,23,0,0,0,0,0,0,0,1,0,0,0,0,0,0,0,1,0
2.63,23,3,0,1,0,0,0,0,0,0,1,0,0,0,0,0,0,0
1.96,10,3,0,1,0,0,0,0,0,0,1,0,0,0,0,0,0,0
598.17,0,3,0,0,1,0,0,0,0,0,0,1,0,0,0,0,0,1
1.85,12,3,0,0,0,1,0,0,0,0,1,0,0,0,0,0,0,0
163.54,21,2,0,1,0,0,0,0,0,0,0,0,0,0,1,0,0,0
214.66,9,4,0,0,0,0,1,0,0,0,0,0,0,0,1,0,0,0
6.98,16,3,0,1,0,0,0,0,0,1,0,0,0,0,0,0,0,0
9.46,10,4,0,1,0,0,0,0,0,1,0,0,0,0,0,0,0,0
3.67,7,1,0,0,0,1,0,0,0,0,1,0,0,0,0,0,0,0
15.87,10,4,0,1,0,0,0,0,0,1,0,0,0,0,0,0,0,0
3.87,8,1,0,1,0,0,0,0,0,0,1,0,0,0,0,0,0,0
37.49,8,2,0,0,0,0,0,0,1,0,0,0,0,0,0,0,1,0
174.38,21,3,0,0,0,0,0,1,0,0,0,0,1,0,0,0,0,0
37.33,10,3,0,0,0,0,0,0,1,0,0,1,0,0,0,0,0,0
18.47,11,0,0,0,0,1,0,0,0,0,0,0,0,0,0,0,1,0
138.11,7,2,0,0,1,0,0,0,0,0,0,0,0,0,1,0,0,0
35.6,23,6,1,0,1,0,0,0,0,0,0,1,0,0,0,0,0,0
23.29,19,0,0,0,0,0,0,0,1,0,0,0,0,0,0,0,1,0
773.33,22,0,0,0,0,0,0,0,1,0,0,0,0,1,0,0,0,1
13.62,20,6,1,0,1,0,0,0,0,0,0,0,0,0,0,0,1,0
663.28,13,0,0,0,0,0,1,0,0,1,0,0,0,0,0,0,0,1
101.27,15,6,1,1,0,0,0,0,0,0,0,0,1,0,0,0,0,0
1337.94,8,4,0,0,0,0,1,0,0,0,0,0,0,0,0,1,0,1
14.9,23,5,1,1,0,0,0,0,0,1,0,0,0,0,0,0,0,0
57.82,13,0,0,0,0,1,0,0,0,0,0,0,0,0,0,1,0,0
164.16,11,4,0,1,0,0,0,0,0,0,0,0,0,0,1,0,0,0
190.45,14,5,1,0,1,0,0,0,0,0,0,0,1,0,0,0,0,0
5.84,9,3,0,0,0,0,0,0,1,0,1,0,0,0,0,0,0,0
84.66,2,2,0,0,0,0,0,0,1,0,0,0,0,0,0,0,1,1
20.35,22,0,0,1,0,0,0,0,0,1,0,0,0,0,0,0,0,0
7.09,6,1,0,1,0,0,0,0,0,1,0,0,0,0,0,0,0,0
58.75,10,0,0,0,0,0,0,0,1,0,0,0,0,1,0,0,0,0
24.57,11,1,0,0,0,1,0,0,0,1,0,0,0,0,0,0,0,0
15.4,22,1,0,0,0,1,0,0,0,0,0,0,0,0,0,1,0,0
10.35,19,3,0,1,0,0,0,0,0,1,0,0,0,0,0,0,0,0
50.64,11,1,0,1,0,0,0,0,0,0,0,1,0,0,0,0,0,0
45.87,17,6,1,1,0,0,0,0,0,0,0,0,0,0,0,1,0,0
32.57,7,5,1,1,0,0,0,0,0,1,0,0,0,0,0,0,0,0
33.12,11,6,1,0,0,0,0,0,1,0,0,1,0,0,0,0,0,0
446.9,17,4,0,0,0,1,0,0,0,0,1,0,0,0,0,0,0,1
48.85,16,0,0,0,0,0,0,0,1,0,0,0,0,1,0,0,0,0
12.0,10,0,0,0,0,0,0,0,1,0,0,0,0,0,0,0,1,0
1.96,12,4,0,1,0,0,0,0,0,0,1,0,0,0,0,0,0,0
38.96,20,3,0,1,0,0,0,0,0,0,0,0,0,0,0,1,0,0
36.8,23,6,1,1,0,0,0,0,0,0,0,0,0,0,0,0,1,0
93.13,16,2,0,1,0,0,0,0,0,0,0,0,0,1,0,0,0,0
25.05,23,0,0,0,0,0,0,0,1,1,0,0,0,0,0,0,0,0
17.8,21,5,1,1,0,0,0,0,0,1,0,0,0,0,0,0,0,0
24.61,7,1,0,0,0,1,0,0,0,0,0,0,0,1,0,0,0,0
21.04,7,1,0,1,0,0,0,0,0,0,0,0,0,0,0,0,1,0
32.52,10,2,0,1,0,0,0,0,0,0,0,0,1,0,0,0,0,0
35.99,8,2,0,1,0,0,0,0,0,0,0,1,0,0,0,0,0,0
2609.31,3,6,1,0,0,0,0,1,0,0,0,0,1,0,0,0,0,1
53.4,9,4,0,0,0,1,0,0,0,0,0,0,0,0,0,1,0,0
48.59,16,2,0,0,0,0,0,1,0,0,0,1,0,0,0,0,0,0
147.95,10,0,0,1,0,0,0,0,0,0,0,0,1,0,0,0,0,0
121.29,22,2,0,0,0,0,0,0,1,0,0,0,1,0,0,0,0,0
9.14,17,1,0,0,0,0,0,0,1,0,0,0,0,0,0,1,0,0
64.35,21,5,1,1,0,0,0,0,0,0,0,0,0,0,1,0,0,0
152.62,23,5,1,0,0,0,0,0,1,0,0,0,0,0,1,0,0,0
4.79,17,2,0,0,0,1,0,0,0,0,1,0,0,0,0,0,0,0
27.11,13,1,0,0,0,1,0,0,0,0,0,0,0,0,0,0,1,0
92.9,13,6,1,0,0,0,0,0,1,0,0,0,1,0,0,0,0,0
79.13,14,6,1,1,0,0,0,0,0,0,0,1,0,0,0,0,0,0
4.63,23,1,0,1,0,0,0,0,0,0,1,0,0,0,0,0,0,0
1728.64,7,3,0,0,0,0,0,0,1,0,0,0,0,0,0,0,1,1
50.42,23,0,0,0,1,0,0,0,0,0,0,0,0,0,0,1,0,0
40.09,23,3,0,0,0,0,0,1,0,0,0,0,0,1,0,0,0,0
49.11,17,6,1,0,1,0,0,0,0,0,0,0,0,0,0,1,0,0
182.59,22,0,0,1,0,0,0,0,0,0,0,0,1,0,0,0,0,0
168.84,23,1,0,0,0,1,0,0,0,0,0,0,1,0,0,0,0,0
38.81,10,0,0,1,0,0,0,0,0,0,0,0,1,0,0,0,0,0
56.52,7,3,0,0,0,1,0,0,0,0,0,0,0,0,0,1,0,0
1074.32,17,0,0,0,0,0,0,0,1,0,0,0,0,1,0,0,0,1
15.96,18,4,0,1,0,0,0,0,0,0,0,0,0,0,0,0,1,0
745.42,16,4,0,0,0,1,0,0,0,1,0,0,0,0,0,0,0,1
25.84,20,0,0,0,0,1,0,0,0,0,0,0,0,0,0,0,1,0
33.36,14,3,0,0,0,1,0,0,0,1,0,0,0,0,0,0,0,0
4282.54,4,5,1,0,0,0,0,0,1,0,0,0,0,0,1,0,0,1
274.41,19,3,0,1,0,0,0,0,0,0,0,0,0,0,1,0,0,0
17.57,12,3,0,0,0,0,0,0,1,0,0,0,1,0,0,0,0,0
13.01,9,0,0,0,0,0,0,1,0,0,0,1,0,0,0,0,0,0
11.1,19,5,1,0,0,1,0,0,0,0,0,0,0,0,0,1,0,0
3.2,11,2,0,0,1,0,0,0,0,0,1,0,0,0,0,0,0,0
27.69,14,5,1,0,0,0,0,0,1,0,0,0,0,0,0,0,1,0
28.07,10,1,0,0,0,0,1,0,0,0,0,0,0,0,1,0,0,0
46.71,19,5,1,1,0,0,0,0,0,0,0,0,0,0,0,1,0,0
122.49,18,5,1,0,0,0,0,0,1,0,0,0,1,0,0,0,0,0
26.0,12,1,0,0,0,0,0,0,1,0,0,0,0,0,0,0,1,0
26.05,17,4,0,0,0,1,0,0,0,1,0,0,0,0,0,0,0,0
33.05,19,3,0,0,0,0,0,0,1,0,0,0,0,1,0,0,0,0
27.04,15,0,0,1,0,0,0,0,0,1,0,0,0,0,0,0,0,0
11.04,15,3,0,0,0,0,0,0,1,0,0,0,0,1,0,0,0,0
1782.43,19,5,1,0,1,0,0,0,0,0,0,0,0,0,0,1,0,1
40.26,12,5,1,0,0,1,0,0,0,0,0,1,0,0,0,0,0,0
1.88,21,4,0,0,0,0,0,0,1,0,1,0,0,0,0,0,0,0
29.75,13,2,0,1,0,0,0,0,0,0,0,0,0,0,0,1,0,0
29.7,18,0,0,1,0,0,0,0,0,0,0,0,0,0,0,0,1,0
14.25,13,6,1,0,1,0,0,0,0,1,0,0,0,0,0,0,0,0
269.99,22,5,1,0,1,0,0,0,0,0,0,0,0,0,1,0,0,0
4.9,20,2,0,0,1,0,0,0,0,0,1,0,0,0,0,0,0,0
3.98,23,0,0,0,1,0,0,0,0,0,1,0,0,0,0,0,0,0
14.43,23,1,0,0,0,0,0,0,1,1,0,0,0,0,0,0,0,0
22.58,11,6,1,0,0,0,0,0,1,0,0,0,0,0,0,0,1,0
5.52,13,1,0,0,0,0,0,0,1,0,1,0,0,0,0,0,0,0
27.25,23,1,0,0,0,1,0,0,0,0,0,0,0,0,0,0,1,0
12.47,15,1,0,0,0,0,0,0,1,0,0,0,0,1,0,0,0,0
97.01,4,6,1,0,0,0,0,0,1,0,0,0,0,0,0,0,1,1
17.03,23,3,0,0,1,0,0,0,0,0,0,1,0,0,0,0,0,0
3.6,6,5,1,0,1,0,0,0,0,0,1,0,0,0,0,0,0,0
22.22,10,0,0,1,0,0,0,0,0,0,0,0,0,0,0,1,0,0
2.26,16,5,1,0,0,0,0,0,1,0,1,0,0,0,0,0,0,0
1655.99,19,2,0,0,0,0,0,0,1,0,0,0,0,0,0,0,1,1
2.1,22,4,0,0,1,0,0,0,0,0,1,0,0,0,0,0,0,0
20.48,14,4,0,1,0,0,0,0,0,0,0,0,0,0,0,0,1,0
12.69,12,6,1,1,0,0,0,0,0,0,0,0,0,0,0,1,0,0
26.26,13,2,0,0,1,0,0,0,0,1,0,0,0,0,0,0,0,0
12.0,10,3,0,0,0,1,0,0,0,0,0,0,0,0,0,0,1,0
22.56,14,2,0,0,1,0,0,0,0,0,0,0,0,0,0,1,0,0
64.32,10,0,0,0,1,0,0,0,0,0,0,0,0,0,1,0,0,0
155.94,23,2,0,0,1,0,0,0,0,0,0,0,1,0,0,0,0,0
76.39,13,6,1,1,0,0,0,0,0,0,0,1,0,0,0,0,0,0
676.2,10,6,1,1,0,0,0,0,0,0,0,0,0,1,0,0,0,1
11.58,18,3,0,0,0,0,0,0,1,0,0,0,0,0,0,0,1,0
160.21,19,4,0,1,0,0,0,0,0,0,0,0,1,0,0,0,0,0
934.99,22,2,0,0,0,0,1,0,0,0,0,1,0,0,0,0,0,1
12.47,10,4,0,0,0,0,0,0,1,0,0,0,0,0,0,0,1,0
145.27,3,2,0,0,0,0,0,0,1,1,0,0,0,0,0,0,0,1
7.48,18,2,0,0,0,1,0,0,0,0,0,0,0,0,0,0,1,0
77.87,6,6,1,1,0,0,0,0,0,0,0,1,0,0,0,0,0,0
76.97,14,6,1,1,0,0,0,0,0,0,0,0,0,1,0,0,0,0
20.54,22,6,1,0,0,0,0,1,0,0,0,0,0,0,0,1,0,0
40.53,9,3,0,1,0,0,0,0,0,0,0,0,0,0,0,1,0,0
38.14,6,4,0,0,1,0,0,0,0,0,0,0,0,0,1,0,0,0
52.15,19,5,1,1,0,0,0,0,0,0,0,0,0,1,0,0,0,0
13.6,23,6,1,1,0,0,0,0,0,0,0,0,0,1,0,0,0,0
3.89,17,3,0,0,0,0,1,0,0,0,1,0,0,0,0,0,0,0
3.1,21,0,0,1,0,0,0,0,0,0,1,0,0,0,0,0,0,0
34.68,17,4,0,0,0,0,0,0,1,0,0,0,0,0,0,1,0,0
25.84,3,1,0,0,0,0,0,0,1,0,1,0,0,0,0,0,0,1
35.78,17,0,0,1,0,0,0,0,0,0,0,0,1,0,0,0,0,0
1649.63,0,3,0,0,1,0,0,0,0,0,0,0,0,0,0,1,0,1
25.81,23,2,0,1,0,0,0,0,0,0,0,0,0,0,0,0,1,0
191.72,15,1,0,0,1,0,0,0,0,0,0,0,1,0,0,0,0,0
56.21,22,1,0,1,0,0,0,0,0,0,0,1,0,0,0,0,0,0
68.24,23,0,0,1,0,0,0,0,0,0,0,1,0,0,0,0,0,0
24.82,8,2,0,0,0,0,0,0,1,0,0,0,0,0,0,1,0,0
194.07,21,0,0,1,0,0,0,0,0,0,0,0,0,0,1,0,0,0
169.19,9,3,0,1,0,0,0,0,0,0,0,0,1,0,0,0,0,0
78.01,23,3,0,1,0,0,0,0,0,0,0,1,0,0,0,0,0,0
111.81,11,4,0,0,0,0,0,0,1,0,0,0,0,1,0,0,0,0
60.51,12,0,0,1,0,0,0,0,0,0,0,0,1,0,0,0,0,0
165.96,9,3,0,1,0,0,0,0,0,0,0,0,1,0,0,0,0,0
189.71,17,6,1,1,0,0,0,0,0,0,0,0,1,0,0,0,0,0
31.05,6,2,0,1,0,0,0,0,0,1,0,0,0,0,0,0,0,0
31.61,9,6,1,0,0,1,0,0,0,0,0,0,0,0,0,1,0,0
2307.89,9,5,1,0,1,0,0,0,0,0,0,0,0,1,0,0,0,1
32.22,7,5,1,0,1,0,0,0,0,1,0,0,0,0,0,0,0,0
171.59,15,1,0,0,0,0,0,0,1,0,0,0,1,0,0,0,0,0
2.83,9,5,1,0,0,0,0,0,1,0,1,0,0,0,0,0,0,0
31.47,10,4,0,0,0,0,0,0,1,0,0,0,1,0,0,0,0,0
46.75,23,4,0,1,0,0,0,0,0,0,0,0,1,0,0,0,0,0
8.2,13,2,0,0,0,0,0,0,1,1,0,0,0,0,0,0,0,0
46.73,11,6,1,1,0,0,0,0,0,0,0,0,0,0,1,0,0,0
1697.79,21,2,0,1,0,0,0,0,0,0,0,0,0,0,0,0,1,1
35.19,13,3,0,0,0,1,0,0,0,0,0,0,0,0,0,0,1,0
26.26,10,6,1,0,0,0,0,0,1,1,0,0,0,0,0,0,0,0
5.02,23,4,0,0,0,0,0,0,1,0,1,0,0,0,0,0,0,0
182.94,13,1,0,1,0,0,0,0,0,0,0,0,1,0,0,0,0,0
181.49,20,0,0,1,0,0,0,0,0,0,0,0,1,0,0,0,0,0
6.55,6,4,0,0,1,0,0,0,0,1,0,0,0,0,0,0,0,0
2.83,23,6,1,0,0,0,1,0,0,0,1,0,0,0,0,0,0,0
731.41,18,5,1,0,0,0,0,0,1,0,0,1,0,0,0,0,0,1
74.58,9,0,0,0,0,0,1,0,0,0,0,0,0,1,0,0,0,0
111.24,10,1,0,1,0,0,0,0,0,0,0,0,0,1,0,0,0,0
127.68,10,3,0,0,0,0,0,0,1,0,0,0,0,0,1,0,0,0
196.44,8,4,0,0,1,0,0,0,0,0,0,0,0,0,1,0,0,0
15.47,10,3,0,1,0,0,0,0,0,0,0,0,0,0,0,0,1,0
10.39,10,4,0,0,0,0,0,0,1,0,0,0,0,0,0,0,1,0
47.16,18,3,0,0,0,0,0,1,0,0,0,0,0,0,0,1,0,0
17.37,13,3,0,0,0,0,1,0,0,1,0,0,0,0,0,0,0,0
238.78,13,6,1,1,0,0,0,0,0,0,0,0,0,0,1,0,0,0
16.41,4,3,0,0,0,0,0,0,1,0,1,0,0,0,0,0,0,1
125.41,19,4,0,0,0,0,0,0,1,0,0,0,1,0,0,0,0,0
4.95,10,0,0,0,1,0,0,0,0,0,1,0,0,0,0,0,0,0
77.65,18,0,0,1,0,0,0,0,0,0,0,0,1,0,0,0,0,0
42.69,13,0,0,0,0,1,0,0,0,0,0,0,1,0,0,0,0,0
27.44,12,2,0,1,0,0,0,0,0,0,0,0,0,1,0,0,0,0
96.57,22,4,0,0,1,0,0,0,0,0,0,0,1,0,0,0,0,0
10.78,19,2,0,0,1,0,0,0,0,0,0,0,0,0,0,1,0,0
37.49,14,6,1,1,0,0,0,0,0,0,0,0,0,0,0,1,0,0
30.75,11,6,1,1,0,0,0,0,0,0,0,0,0,0,0,1,0,0
184.13,2,1,0,0,0,0,0,0,1,0,0,0,0,0,0,0,1,1
86.24,17,0,0,0,1,0,0,0,0,0,0,0,0,0,1,0,0,0
16.54,6,5,1,0,1,0,0,0,0,1,0,0,0,0,0,0,0,0
4.92,12,5,1,0,1,0,0,0,0,0,1,0,0,0,0,0,0,0
105.98,16,5,1,0,1,0,0,0,0,0,0,0,0,1,0,0,0,0
44.85,12,0,0,1,0,0,0,0,0,0,0,0,0,1,0,0,0,0
2.42,18,2,0,1,0,0,0,0,0,0,1,0,0,0,0,0,0,0
111.26,6,4,0,0,0,0,0,0,1,0,0,0,1,0,0,0,0,0
179.99,10,4,0,0,1,0,0,0,0,0,0,0,1,0,0,0,0,0
44.75,20,5,1,0,0,0,0,0,1,0,0,0,0,0,0,1,0,0
60.03,22,1,0,0,0,0,0,0,1,0,0,0,0,1,0,0,0,0
21.12,23,2,0,0,0,0,1,0,0,1,0,0,0,0,0,0,0,0
65.31,14,3,0,0,0,1,0,0,0,0,0,0,0,1,0,0,0,0
33.98,23,6,1,1,0,0,0,0,0,0,0,1,0,0,0,0,0,0
44.88,21,5,1,0,0,1,0,0,0,0,0,0,0,1,0,0,0,0
9.88,11,1,0,1,0,0,0,0,0,0,0,0,0,0,0,1,0,0
14.11,12,3,0,0,0,0,1,0,0,0,0,0,0,0,0,0,1,0
74.03,18,1,0,0,0,1,0,0,0,0,0,0,1,0,0,0,0,0
48.88,13,0,0,0,0,0,0,0,1,0,0,0,0,0,0,1,0,0
27.27,20,3,0,1,0,0,0,0,0,0,0,0,0,0,0,1,0,0
465.03,3,0,0,0,0,0,0,0,1,0,0,0,1,0,0,0,0,1
103.51,10,2,0,0,0,0,0,0,1,0,0,0,1,0,0,0,0,0
77.14,20,1,0,0,0,1,0,0,0,0,0,0,0,0,1,0,0,0
838.34,2,0,0,0,0,0,1,0,0,0,0,1,0,0,0,0,0,1
11.44,20,6,1,1,0,0,0,0,0,0,0,0,0,0,0,1,0,0
23.57,22,2,0,0,1,0,0,0,0,1,0,0,0,0,0,0,0,0
58.63,14,2,0,0,0,0,0,0,1,0,0,0,0,0,0,1,0,0
32.81,8,4,0,0,0,0,0,1,0,0,0,0,0,0,1,0,0,0
45.54,13,4,0,0,1,0,0,0,0,0,0,0,0,0,0,1,0,0
1602.73,1,1,0,0,0,0,0,1,0,0,0,0,0,0,0,0,1,1
14.48,10,3,0,0,1,0,0,0,0,0,0,0,0,0,0,1,0,0
24.09,22,6,1,0,0,0,0,1,0,0,0,0,0,0,0,1,0,0
131.69,11,6,1,0,0,0,0,0,1,0,0,0,1,0,0,0,0,0
91.5,10,5,1,0,0,0,0,0,1,0,0,0,0,0,1,0,0,0
25.82,17,6,1,0,0,1,0,0,0,0,0,0,0,0,0,0,1,0
38.82,19,5,1,0,0,1,0,0,0,0,0,0,0,0,0,0,1,0
3.28,11,6,1,0,1,0,0,0,0,0,1,0,0,0,0,0,0,0
128.59,22,4,0,1,0,0,0,0,0,0,0,0,1,0,0,0,0,0
14.55,12,1,0,0,0,0,0,0,1,0,0,1,0,0,0,0,0,0
67.86,12,0,0,0,1,0,0,0,0,0,0,1,0,0,0,0,0,0
12.25,7,0,0,1,0,0,0,0,0,0,0,1,0,0,0,0,0,0
100.71,16,4,0,0,0,0,1,0,0,0,0,0,0,1,0,0,0,0
670.8,0,6,1,0,0,0,0,0,1,0,1,0,0,0,0,0,0,1
15.83,12,1,0,0,0,0,0,1,0,0,0,0,0,1,0,0,0,0
36.02,16,4,0,0,0,0,0,0,1,0,0,0,0,0,0,0,1,0
37.26,21,3,0,1,0,0,0,0,0,0,0,0,0,0,0,0,1,0
32.98,6,4,0,0,0,1,0,0,0,0,0,0,0,0,0,0,1,0
159.94,9,2,0,0,0,0,0,0,1,0,0,0,1,0,0,0,0,0
291.89,21,4,0,0,0,0,0,0,1,0,0,0,0,0,1,0,0,0
17.62,14,1,0,1,0,0,0,0,0,0,0,0,0,0,0,1,0,0
9.42,6,5,1,0,1,0,0,0,0,1,0,0,0,0,0,0,0,0
142.77,20,3,0,0,0,0,1,0,0,0,0,0,1,0,0,0,0,0
60.31,17,0,0,1,0,0,0,0,0,0,0,1,0,0,0,0,0,0
77.32,7,2,0,0,0,1,0,0,0,0,0,1,0,0,0,0,0,0
2.14,19,1,0,1,0,0,0,0,0,0,1,0,0,0,0,0,0,0
2.0,11,0,0,1,0,0,0,0,0,0,1,0,0,0,0,0,0,0
28.54,3,2,0,0,0,0,0,0,1,0,0,0,0,0,0,1,0,1
5.89,23,5,1,0,0,0,0,1,0,0,1,0,0,0,0,0,0,0
104.91,9,5,1,1,0,0,0,0,0,0,0,0,0,1,0,0,0,0
51.62,6,3,0,0,1,0,0,0,0,0,0,0,0,0,1,0,0,0
2.82,15,0,0,0,0,0,0,0,1,0,1,0,0,0,0,0,0,0
111.82,6,3,0,1,0,0,0,0,0,0,0,0,0,1,0,0,0,0
29.37,22,4,0,1,0,0,0,0,0,0,0,0,0,0,0,0,1,0
253.18,11,5,1,0,0,0,0,0,1,0,0,0,0,0,1,0,0,0
3.94,17,2,0,0,1,0,0,0,0,0,1,0,0,0,0,0,0,0
47.36,7,4,0,1,0,0,0,0,0,0,0,1,0,0,0,0,0,0
26.75,6,1,0,0,0,1,0,0,0,0,0,0,0,0,0,0,1,0
18.73,15,0,0,0,0,0,0,0,1,0,0,1,0,0,0,0,0,0
5.71,18,3,0,0,0,0,0,0,1,0,1,0,0,0,0,0,0,0
51.07,7,6,1,1,0,0,0,0,0,0,0,0,1,0,0,0,0,0
15.77,8,1,0,0,0,0,0,0,1,0,0,0,0,0,0,0,1,0
3.87,17,1,0,0,0,0,1,0,0,0,1,0,0,0,0,0,0,0
58.93,23,4,0,0,0,0,0,0,1,0,0,0,0,0,0,1,0,0
133.25,16,1,0,0,0,0,0,1,0,0,0,0,1,0,0,0,0,0
266.25,19,0,0,1,0,0,0,0,0,0,0,0,0,0,1,0,0,0
94.42,6,5,1,1,0,0,0,0,0,0,0,0,0,1,0,0,0,0
185.37,16,1,0,0,0,1,0,0,0,0,0,0,1,0,0,0,0,0
64.14,19,2,0,1,0,0,0,0,0,0,0,0,0,1,0,0,0,0
37.57,21,6,1,1,0,0,0,0,0,0,0,1,0,0,0,0,0,0
16.26,8,5,1,0,0,1,0,0,0,0,0,1,0,0,0,0,0,0
72.16,12,4,0,0,0,0,0,0,1,0,0,1,0,0,0,0,0,0
133.38,9,6,1,0,0,0,0,0,1,0,0,0,0,0,1,0,0,0
23.45,21,6,1,1,0,0,0,0,0,1,0,0,0,0,0,0,0,0
4.24,11,2,0,0,0,0,0,0,1,0,1,0,0,0,0,0,0,0
14.67,17,4,0,0,0,0,0,0,1,1,0,0,0,0,0,0,0,0
171.57,8,5,1,0,0,0,1,0,0,0,0,0,1,0,0,0,0,0
10.08,23,4,0,0,1,0,0,0,0,1,0,0,0,0,0,0,0,0
31.73,15,0,0,1,0,0,0,0,0,0,0,1,0,0,0,0,0,0
11.8,22,4,0,0,0,0,0,0,1,0,0,1,0,0,0,0,0,0
13.02,16,2,0,1,0,0,0,0,0,0,0,0,0,0,0,0,1,0
14.42,20,4,0,0,1,0,0,0,0,0,0,1,0,0,0,0,0,0
18.51,22,1,0,0,1,0,0,0,0,1,0,0,0,0,0,0,0,0
16.28,8,4,0,0,0,0,0,0,1,0,0,0,0,1,0,0,0,0
59.6,12,1,0,1,0,0,0,0,0,0,0,0,1,0,0,0,0,0
38.38,12,1,0,0,1,0,0,0,0,0,0,0,0,0,0,0,1,0
229.62,15,1,0,1,0,0,0,0,0,0,0,0,0,0,1,0,0,0
2.76,23,3,0,0,0,0,0,1,0,0,1,0,0,0,0,0,0,0
23.97,8,5,1,1,0,0,0,0,0,0,0,1,0,0,0,0,0,0
32.31,21,4,0,0,0,0,1,0,0,0,0,0,0,0,0,1,0,0
64.55,23,6,1,1,0,0,0,0,0,0,0,1,0,0,0,0,0,0
10.21,10,2,0,0,1,0,0,0,0,1,0,0,0,0,0,0,0,0
77.84,23,3,0,1,0,0,0,0,0,0,0,0,1,0,0,0,0,0
3.25,19,2,0,0,1,0,0,0,0,0,1,0,0,0,0,0,0,0
36.83,16,1,0,0,1,0,0,0,0,0,0,0,0,0,0,0,1,0
3589.66,17,5,1,0,0,0,0,0,1,0,0,0,0,0,1,0,0,1
34.49,14,3,0,0,1,0,0,0,0,0,0,0,0,0,0,0,1,0
147.02,23,3,0,1,0,0,0,0,0,0,0,0,0,0,1,0,0,0
35.79,22,2,0,1,0,0,0,0,0,0,0,1,0,0,0,0,0,0
64.27,20,5,1,0,0,0,0,0,1,0,0,0,0,1,0,0,0,0
51.03,21,1,0,0,0,0,0,1,0,0,0,1,0,0,0,0,0,0
261.0,11,3,0,1,0,0,0,0,0,0,0,0,0,0,1,0,0,0
8.77,9,5,1,0,0,0,0,0,1,0,0,0,0,0,0,1,0,0
10.78,23,4,0,0,1,0,0,0,0,0,0,1,0,0,0,0,0,0
117.08,16,0,0,0,1,0,0,0,0,0,0,0,1,0,0,0,0,0
21.57,20,4,0,1,0,0,0,0,0,0,0,0,0,0,0,1,0,0
10.5,14,4,0,0,0,1,0,0,0,0,0,0,0,0,0,0,1,0
1249.1,1,5,1,1,0,0,0,0,0,0,0,0,0,1,0,0,0,1
72.45,10,0,0,0,0,0,1,0,0,0,0,0,0,0,1,0,0,0
673.07,2,2,0,0,0,0,0,0,1,0,1,0,0,0,0,0,0,1
226.1,4,6,1,0,0,0,0,0,1,0,0,0,0,1,0,0,0,1
34.22,14,6,1,1,0,0,0,0,0,0,0,0,1,0,0,0,0,0
95.32,0,6,1,0,0,0,0,0,1,1,0,0,0,0,0,0,0,1
47.57,23,2,0,0,0,0,1,0,0,0,0,0,0,0,0,1,0,0
114.05,8,1,0,1,0,0,0,0,0,0,0,0,0,1,0,0,0,0
17.61,12,5,1,0,0,1,0,0,0,0,0,0,0,1,0,0,0,0
52.92,13,4,0,0,0,0,0,1,0,0,0,1,0,0,0,0,0,0
32.07,13,0,0,1,0,0,0,0,0,0,0,0,0,0,0,0,1,0
84.57,22,2,0,1,0,0,0,0,0,0,0,0,0,1,0,0,0,0
2.56,23,6,1,0,1,0,0,0,0,0,1,0,0,0,0,0,0,0
110.88,23,1,0,0,0,0,1,0,0,0,0,0,0,0,1,0,0,0
2.73,23,0,0,0,0,1,0,0,0,0,1,0,0,0,0,0,0,0
24.61,9,3,0,1,0,0,0,0,0,0,0,0,0,0,0,0,1,0
187.89,17,0,0,0,0,0,0,0,1,0,0,0,1,0,0,0,0,0
14.14,22,1,0,0,1,0,0,0,0,1,0,0,0,0,0,0,0,0
55.79,16,6,1,1,0,0,0,0,0,0,0,0,0,0,0,1,0,0
177.65,15,4,0,1,0,0,0,0,0,0,0,0,1,0,0,0,0,0
25.13,20,4,0,1,0,0,0,0,0,0,0,1,0,0,0,0,0,0
424.09,0,3,0,0,0,0,0,0,1,0,0,0,0,0,1,0,0,1
38.48,23,6,1,0,0,0,0,1,0,0,0,0,0,0,0,0,1,0
4.5,13,5,1,0,0,1,0,0,0,0,1,0,0,0,0,0,0,0
26.53,10,4,0,0,1,0,0,0,0,1,0,0,0,0,0,0,0,0
25.09,8,5,1,0,0,0,0,0,1,1,0,0,0,0,0,0,0,0
837.88,2,2,0,0,0,1,0,0,0,0,0,0,0,0,0,0,1,1
22.54,22,2,0,0,0,0,0,0,1,0,0,0,0,0,0,1,0,0
5.5,11,3,0,1,0,0,0,0,0,0,1,0,0,0,0,0,0,0
39.4,19,1,0,1,0,0,0,0,0,0,0,0,0,0,0,0,1,0
16.67,17,4,0,0,0,0,1,0,0,0,0,0,0,0,0,0,1,0
1.65,18,6,1,0,0,0,0,1,0,0,1,0,0,0,0,0,0,0
73.38,16,3,0,0,0,0,0,0,1,0,0,1,0,0,0,0,0,0
410.39,4,3,0,0,0,0,0,0,1,0,0,0,0,1,0,0,0,1
41.8,17,4,0,1,0,0,0,0,0,0,0,1,0,0,0,0,0,0
33.46,17,4,0,1,0,0,0,0,0,1,0,0,0,0,0,0,0,0
59.59,15,1,0,0,0,0,1,0,0,0,0,0,0,0,0,1,0,0
3.28,21,1,0,1,0,0,0,0,0,0,1,0,0,0,0,0,0,0
25.03,11,0,0,0,0,1,0,0,0,1,0,0,0,0,0,0,0,0
14.14,14,5,1,0,1,0,0,0,0,0,0,1,0,0,0,0,0,0
37.71,16,2,0,0,0,0,0,0,1,0,0,0,0,0,0,0,1,0
119.14,6,5,1,0,0,0,0,0,1,0,0,0,0,1,0,0,0,0
4210.97,14,0,0,0,0,0,0,0,1,0,0,0,0,0,1,0,0,1
40.04,23,2,0,1,0,0,0,0,0,0,0,0,0,0,0,1,0,0
10.25,17,5,1,0,1,0,0,0,0,0,0,0,0,0,0,1,0,0
91.63,19,5,1,0,0,0,0,0,1,0,0,0,0,1,0,0,0,0
1091.56,2,0,0,0,0,0,0,0,1,0,0,0,0,0,1,0,0,1
18.98,18,5,1,1,0,0,0,0,0,0,0,0,1,0,0,0,0,0
37.54,10,2,0,1,0,0,0,0,0,0,0,0,0,1,0,0,0,0
157.99,8,4,0,0,0,0,0,0,1,0,0,0,1,0,0,0,0,0
37.65,10,1,0,1,0,0,0,0,0,0,0,1,0,0,0,0,0,0
75.53,9,2,0,1,0,0,0,0,0,0,0,0,1,0,0,0,0,0
65.84,7,5,1,0,1,0,0,0,0,0,0,0,1,0,0,0,0,0
31.08,6,5,1,0,1,0,0,0,0,0,0,0,0,0,0,0,1,0
291.97,15,2,0,0,1,0,0,0,0,0,0,0,0,0,1,0,0,0
17.75,20,4,0,0,0,0,1,0,0,0,0,1,0,0,0,0,0,0
7.06,9,5,1,0,1,0,0,0,0,0,0,0,0,0,0,0,1,0
32.23,18,3,0,1,0,0,0,0,0,0,0,0,0,0,0,1,0,0
23.44,7,4,0,0,0,1,0,0,0,0,0,0,0,0,0,1,0,0
5.8,21,2,0,0,0,0,1,0,0,0,1,0,0,0,0,0,0,0
49.46,9,0,0,1,0,0,0,0,0,0,0,0,0,0,0,1,0,0
138.21,0,3,0,0,0,0,0,0,1,0,0,0,0,0,0,0,1,1
15.38,15,0,0,0,0,0,0,0,1,0,0,0,0,0,0,0,1,0
68.72,9,6,1,1,0,0,0,0,0,0,0,0,1,0,0,0,0,0
12.0,4,5,1,0,0,0,0,0,1,0,1,0,0,0,0,0,0,1
297.33,14,2,0,0,0,1,0,0,0,0,0,0,0,0,1,0,0,0
7.52,10,3,0,0,1,0,0,0,0,1,0,0,0,0,0,0,0,0
33.55,14,0,0,1,0,0,0,0,0,0,0,1,0,0,0,0,0,0
46.63,21,4,0,0,0,0,0,0,1,0,0,0,0,0,0,1,0,0
77.34,8,0,0,0,0,0,0,0,1,0,0,1,0,0,0,0,0,0
56.73,6,2,0,1,0,0,0,0,0,0,0,1,0,0,0,0,0,0
1028.88,4,1,0,0,0,0,0,0,1,0,0,1,0,0,0,0,0,1
58.82,23,6,1,0,0,0,0,0,1,0,0,0,1,0,0,0,0,0
5.46,11,4,0,0,1,0,0,0,0,1,0,0,0,0,0,0,0,0
169.07,14,1,0,1,0,0,0,0,0,0,0,0,1,0,0,0,0,0
2184.86,9,1,0,0,0,0,0,0,1,0,0,0,0,0,1,0,0,1
48.6,19,5,1,0,0,0,0,0,1,0,0,0,0,1,0,0,0,0
30.8,23,1,0,1,0,0,0,0,0,0,0,0,0,0,0,1,0,0
10.1,16,1,0,1,0,0,0,0,0,0,0,0,0,0,0,1,0,0
11.54,16,4,0,0,1,0,0,0,0,1,0,0,0,0,0,0,0,0
33.19,16,5,1,1,0,0,0,0,0,0,0,0,0,1,0,0,0,0
19.95,10,4,0,1,0,0,0,0,0,0,0,0,0,0,0,1,0,0
41.31,11,5,1,0,0,1,0,0,0,0,0,0,1,0,0,0,0,0
280.93,18,6,1,0,0,0,0,0,1,0,0,0,0,0,1,0,0,0
20.26,8,4,0,1,0,0,0,0,0,1,0,0,0,0,0,0,0,0
91.77,17,4,0,1,0,0,0,0,0,0,0,0,0,1,0,0,0,0
5.59,16,1,0,0,0,0,1,0,0,0,1,0,0,0,0,0,0,0
288.01,3,5,1,0,0,0,0,0,1,0,0,1,0,0,0,0,0,1
51.76,17,1,0,0,1,0,0,0,0,0,0,0,1,0,0,0,0,0
17.9,16,3,0,0,0,0,0,0,1,1,0,0,0,0,0,0,0,0
102.74,16,5,1,0,0,0,1,0,0,0,0,0,0,1,0,0,0,0
44.09,16,3,0,1,0,0,0,0,0,0,0,0,1,0,0,0,0,0
20.43,19,1,0,1,0,0,0,0,0,0,0,0,0,0,0,0,1,0
4.69,6,6,1,0,0,0,1,0,0,0,1,0,0,0,0,0,0,0
50.91,18,5,1,0,0,1,0,0,0,0,0,0,0,0,0,1,0,0
3716.31,4,1,0,0,0,0,0,1,0,0,0,0,0,0,1,0,0,1
27.71,8,0,0,0,1,0,0,0,0,0,0,0,0,0,0,0,1,0
888.18,12,2,0,1,0,0,0,0,0,0,0,0,0,0,0,1,0,1
30.51,7,6,1,1,0,0,0,0,0,1,0,0,0,0,0,0,0,0
107.08,15,4,0,0,0,0,0,0,1,0,0,0,0,1,0,0,0,0
57.44,12,0,0,1,0,0,0,0,0,0,0,0,1,0,0,0,0,0
93.99,8,1,0,0,0,0,0,0,1,0,0,0,0,0,1,0,0,0
21.66,22,1,0,0,0,1,0,0,0,0,0,0,0,0,0,1,0,0
28.7,13,0,0,0,0,1,0,0,0,0,0,0,0,1,0,0,0,0
10.39,17,0,0,0,0,0,0,0,1,1,0,0,0,0,0,0,0,0
1.54,18,0,0,1,0,0,0,0,0,0,1,0,0,0,0,0,0,0
259.89,4,0,0,0,0,0,0,0,1,0,0,0,0,1,0,0,0,1
31.21,13,0,0,1,0,0,0,0,0,0,0,0,0,0,0,1,0,0
60.79,21,1,0,0,0,0,0,0,1,0,0,0,0,1,0,0,0,0
11.98,19,4,0,0,1,0,0,0,0,0,0,0,0,0,0,0,1,0
40.16,13,1,0,0,0,0,0,0,1,0,0,0,1,0,0,0,0,0
24.65,17,0,0,0,1,0,0,0,0,1,0,0,0,0,0,0,0,0
4.61,20,0,0,0,0,0,0,0,1,0,1,0,0,0,0,0,0,0
2654.51,13,6,1,0,0,0,0,0,1,0,0,0,1,0,0,0,0,1
123.25,21,0,0,0,0,1,0,0,0,0,0,0,1,0,0,0,0,0
3.86,20,6,1,1,0,0,0,0,0,0,1,0,0,0,0,0,0,0
21.2,16,6,1,0,0,0,1,0,0,0,0,0,0,0,0,0,1,0
2.78,12,5,1,0,1,0,0,0,0,0,1,0,0,0,0,0,0,0
1.8,9,1,0,0,0,0,0,0,1,0,1,0,0,0,0,0,0,0
226.53,14,0,0,1,0,0,0,0,0,0,0,0,0,0,1,0,0,0
7.13,16,4,0,1,0,0,0,0,0,0,0,0,0,0,0,1,0,0
62.31,21,2,0,0,0,1,0,0,0,0,0,1,0,0,0,0,0,0
4.68,18,6,1,1,0,0,0,0,0,0,1,0,0,0,0,0,0,0
116.33,9,4,0,0,0,0,0,0,1,0,0,0,0,0,1,0,0,0
18.96,19,5,1,1,0,0,0,0,0,0,0,0,0,0,0,0,1,0
60.05,18,4,0,1,0,0,0,0,0,0,0,1,0,0,0,0,0,0
23.77,18,2,0,0,1,0,0,0,0,0,0,0,0,0,0,0,1,0
37.35,11,4,0,0,1,0,0,0,0,0,0,0,0,0,0,0,1,0
27.75,8,3,0,1,0,0,0,0,0,0,0,1,0,0,0,0,0,0
166.17,16,3,0,1,0,0,0,0,0,0,0,0,1,0,0,0,0,0
4.3,11,3,0,0,1,0,0,0,0,0,1,0,0,0,0,0,0,0
254.82,12,3,0,0,0,0,0,1,0,0,0,0,0,0,1,0,0,0
30.02,23,4,0,1,0,0,0,0,0,0,0,1,0,0,0,0,0,0
9.48,8,0,0,0,0,0,0,0,1,0,0,0,0,0,0,1,0,0
90.11,7,3,0,1,0,0,0,0,0,0,0,0,1,0,0,0,0,0
28.46,3,2,0,0,0,0,0,0,1,0,0,0,0,0,0,1,0,1
13.48,16,2,0,1,0,0,0,0,0,0,0,0,0,0,0,0,1,0
74.14,19,6,1,1,0,0,0,0,0,0,0,1,0,0,0,0,0,0
6.83,20,2,0,1,0,0,0,0,0,0,0,0,0,0,0,1,0,0
36.61,8,4,0,0,0,0,0,0,1,0,0,1,0,0,0,0,0,0
33.04,14,6,1,1,0,0,0,0,0,1,0,0,0,0,0,0,0,0
11.12,13,6,1,1,0,0,0,0,0,0,0,0,0,0,0,1,0,0
67.09,7,3,0,1,0,0,0,0,0,0,0,1,0,0,0,0,0,0
25.81,22,5,1,1,0,0,0,0,0,1,0,0,0,0,0,0,0,0
7.96,13,0,0,1,0,0,0,0,0,0,0,0,0,0,0,1,0,0
118.83,7,0,0,0,0,1,0,0,0,0,0,0,0,1,0,0,0,0
113.95,18,5,1,0,0,0,1,0,0,0,0,0,0,1,0,0,0,0
19.3,8,2,0,0,1,0,0,0,0,0,0,0,0,0,0,0,1,0
286.73,6,3,0,1,0,0,0,0,0,0,0,0,0,0,1,0,0,0
35.04,17,5,1,0,0,0,0,0,1,0,0,0,0,0,0,0,1,0
177.81,21,4,0,1,0,0,0,0,0,0,0,0,0,0,1,0,0,0
79.76,17,3,0,1,0,0,0,0,0,0,0,0,0,1,0,0,0,0
70.21,17,5,1,1,0,0,0,0,0,0,0,1,0,0,0,0,0,0
259.62,18,0,0,0,1,0,0,0,0,0,0,0,0,0,1,0,0,0
5.34,16,0,0,0,0,1,0,0,0,0,1,0,0,0,0,0,0,0
39.78,8,1,0,0,0,0,0,0,1,0,0,1,0,0,0,0,0,0
58.11,23,5,1,0,1,0,0,0,0,0,0,1,0,0,0,0,0,0
94.84,7,1,0,0,0,0,0,0,1,0,0,0,0,1,0,0,0,0
253.16,2,0,0,0,0,0,0,0,1,0,0,0,0,0,0,1,0,1
33.22,19,6,1,1,0,0,0,0,0,0,0,0,0,0,0,0,1,0
74.56,7,5,1,0,0,0,0,0,1,0,0,0,0,1,0,0,0,0
24.27,6,6,1,0,1,0,0,0,0,0,0,0,0,0,0,0,1,0
10.01,11,4,0,1,0,0,0,0,0,0,0,0,0,0,0,0,1,0
14.35,17,3,0,0,0,0,0,0,1,0,0,0,0,0,0,1,0,0
14.94,19,4,0,0,0,0,0,0,1,0,0,1,0,0,0,0,0,0
15.78,13,6,1,0,0,0,1,0,0,1,0,0,0,0,0,0,0,0
10.21,13,0,0,0,0,1,0,0,0,0,0,0,0,0,0,0,1,0
1636.08,16,2,0,0,1,0,0,0,0,0,0,0,0,0,0,0,1,1
34.51,7,0,0,1,0,0,0,0,0,0,0,1,0,0,0,0,0,0
14.9,22,5,1,0,0,1,0,0,0,0,0,0,0,0,0,0,1,0
28.35,8,5,1,1,0,0,0,0,0,1,0,0,0,0,0,0,0,0
735.04,8,0,0,0,0,0,0,1,0,1,0,0,0,0,0,0,0,1
285.19,16,0,0,0,0,1,0,0,0,0,0,0,0,0,1,0,0,0
52.24,13,0,0,0,1,0,0,0,0,0,0,0,0,0,0,1,0,0
41.34,3,0,0,0,0,0,0,0,1,0,0,1,0,0,0,0,0,1
23.0,6,4,0,0,0,0,0,1,0,0,0,0,0,0,0,1,0,0
19.15,6,1,0,0,1,0,0,0,0,0,0,0,0,1,0,0,0,0
94.81,6,6,1,0,0,0,0,0,1,0,0,0,1,0,0,0,0,0
21.34,17,6,1,0,0,1,0,0,0,0,0,0,0,1,0,0,0,0
5.99,23,0,0,1,0,0,0,0,0,0,0,0,0,0,0,0,1,0
27.3,18,6,1,1,0,0,0,0,0,0,0,0,0,0,0,0,1,0
5.11,9,3,0,0,1,0,0,0,0,0,1,0,0,0,0,0,0,0
20.22,23,6,1,0,0,0,0,0,1,1,0,0,0,0,0,0,0,0
15.92,23,6,1,0,1,0,0,0,0,1,0,0,0,0,0,0,0,0
1252.98,22,5,1,0,0,0,0,0,1,0,0,0,0,1,0,0,0,1
16.71,9,4,0,1,0,0,0,0,0,0,0,1,0,0,0,0,0,0
13.4,15,3,0,0,1,0,0,0,0,1,0,0,0,0,0,0,0,0
213.21,3,5,1,0,0,0,0,0,1,0,0,0,0,0,0,1,0,1
5.09,20,2,0,1,0,0,0,0,0,0,0,0,0,0,0,0,1,0
50.82,9,1,0,0,1,0,0,0,0,0,0,0,0,1,0,0,0,0
99.74,16,2,0,1,0,0,0,0,0,0,0,0,0,1,0,0,0,0
33.2,12,5,1,1,0,0,0,0,0,0,0,0,0,0,0,0,1,0
36.19,8,0,0,1,0,0,0,0,0,0,0,0,0,0,0,0,1,0
5.36,6,5,1,1,0,0,0,0,0,1,0,0,0,0,0,0,0,0
101.56,21,5,1,0,0,0,0,0,1,0,0,0,1,0,0,0,0,0
10.95,20,3,0,1,0,0,0,0,0,1,0,0,0,0,0,0,0,0
24.25,19,5,1,0,1,0,0,0,0,0,0,0,0,0,0,0,1,0
35.97,17,2,0,0,1,0,0,0,0,0,0,1,0,0,0,0,0,0
214.71,23,0,0,0,0,0,0,0,1,0,0,0,0,0,1,0,0,0
189.15,23,5,1,0,1,0,0,0,0,0,0,0,1,0,0,0,0,0
19.73,11,0,0,1,0,0,0,0,0,0,0,1,0,0,0,0,0,0
31.85,15,5,1,0,0,0,0,0,1,0,0,0,0,0,0,1,0,0
46.12,22,5,1,1,0,0,0,0,0,0,0,0,0,0,0,1,0,0
32.63,7,4,0,0,0,1,0,0,0,0,0,0,1,0,0,0,0,0
43.29,11,6,1,0,0,1,0,0,0,0,0,1,0,0,0,0,0,0
9.77,10,2,0,0,0,1,0,0,0,0,0,0,0,0,0,0,1,0
3.32,12,2,0,1,0,0,0,0,0,0,1,0,0,0,0,0,0,0
70.71,9,4,0,0,0,0,1,0,0,0,0,1,0,0,0,0,0,0
56.08,17,4,0,1,0,0,0,0,0,0,0,0,0,1,0,0,0,0
29.63,19,0,0,0,1,0,0,0,0,0,0,0,0,0,0,1,0,0
31.49,6,6,1,0,0,0,0,0,1,0,0,0,0,0,0,0,1,0
47.19,23,6,1,1,0,0,0,0,0,0,0,1,0,0,0,0,0,0
12.57,21,3,0,0,1,0,0,0,0,1,0,0,0,0,0,0,0,0
90.15,2,5,1,0,0,0,0,0,1,1,0,0,0,0,0,0,0,1
194.65,20,0,0,1,0,0,0,0,0,0,0,0,1,0,0,0,0,0
115.09,15,0,0,0,1,0,0,0,0,0,0,0,0,1,0,0,0,0
8.16,18,0,0,1,0,0,0,0,0,0,0,0,0,0,0,1,0,0
98.5,12,3,0,0,0,1,0,0,0,0,0,0,0,1,0,0,0,0
1083.48,4,5,1,0,0,0,0,0,1,0,0,0,0,0,1,0,0,1
12.89,18,3,0,0,1,0,0,0,0,1,0,0,0,0,0,0,0,0
56.35,12,2,0,0,1,0,0,0,0,0,0,1,0,0,0,0,0,0
52.46,7,3,0,1,0,0,0,0,0,0,0,0,1,0,0,0,0,0
58.24,6,4,0,0,0,0,0,0,1,0,0,1,0,0,0,0,0,0
235.79,15,2,0,0,0,0,0,0,1,0,0,0,0,0,1,0,0,0
41.25,8,3,0,0,1,0,0,0,0,0,0,0,0,0,0,1,0,0
30.19,23,2,0,0,0,0,0,0,1,1,0,0,0,0,0,0,0,0
17.63,14,4,0,1,0,0,0,0,0,0,0,0,0,0,0,0,1,0
63.64,21,4,0,0,1,0,0,0,0,0,0,0,0,0,1,0,0,0
65.66,23,1,0,0,0,0,0,0,1,0,0,0,0,0,1,0,0,0
95.71,8,6,1,0,0,0,0,1,0,0,0,0,0,0,1,0,0,0
16.71,6,6,1,1,0,0,0,0,0,0,0,0,0,0,0,1,0,0
164.86,21,0,0,0,0,0,0,0,1,0,0,0,0,0,1,0,0,0
8.84,17,0,0,0,1,0,0,0,0,0,0,0,0,0,0,0,1,0
37.83,22,1,0,1,0,0,0,0,0,0,0,1,0,0,0,0,0,0
27.18,15,1,0,1,0,0,0,0,0,0,0,0,0,0,0,1,0,0
121.53,17,0,0,0,1,0,0,0,0,0,0,0,1,0,0,0,0,0
759.67,0,5,1,0,0,0,1,0,0,0,0,0,0,0,0,1,0,1
112.53,20,6,1,0,0,0,0,0,1,0,0,0,0,1,0,0,0,0
577.34,3,3,0,0,0,0,0,0,1,0,1,0,0,0,0,0,0,1
245.19,8,6,1,0,0,0,0,1,0,0,0,0,0,0,1,0,0,0
72.57,11,1,0,0,0,0,0,1,0,0,0,1,0,0,0,0,0,0
39.0,16,2,0,1,0,0,0,0,0,0,0,1,0,0,0,0,0,0
28.33,10,1,0,1,0,0,0,0,0,0,0,0,0,0,0,0,1,0
78.95,14,5,1,0,0,0,0,0,1,0,0,0,1,0,0,0,0,0
52.21,12,1,0,0,0,0,0,0,1,0,0,0,0,0,0,1,0,0
33.76,10,1,0,0,0,0,1,0,0,0,0,0,0,1,0,0,0,0
29.71,6,5,1,1,0,0,0,0,0,1,0,0,0,0,0,0,0,0
25.95,10,3,0,1,0,0,0,0,0,0,0,0,1,0,0,0,0,0
52.41,19,3,0,0,0,0,1,0,0,0,0,0,0,0,0,1,0,0
60.79,10,2,0,1,0,0,0,0,0,0,0,0,1,0,0,0,0,0
23.7,10,1,0,0,0,0,0,0,1,0,0,0,1,0,0,0,0,0
36.25,12,6,1,0,0,0,0,1,0,0,0,1,0,0,0,0,0,0
6.5,18,5,1,0,0,0,1,0,0,0,0,0,0,0,0,1,0,0
25.03,19,3,0,1,0,0,0,0,0,1,0,0,0,0,0,0,0,0
56.12,23,0,0,0,0,1,0,0,0,0,0,0,0,1,0,0,0,0
77.66,16,4,0,0,1,0,0,0,0,0,0,0,0,1,0,0,0,0
75.48,20,3,0,0,0,1,0,0,0,0,0,0,1,0,0,0,0,0
207.01,10,5,1,0,1,0,0,0,0,0,0,0,0,0,1,0,0,0
13.86,10,3,0,0,0,0,0,0,1,0,0,0,0,0,0,0,1,0
29.94,13,6,1,1,0,0,0,0,0,0,0,0,0,0,0,0,1,0
109.01,12,0,0,1,0,0,0,0,0,0,0,0,1,0,0,0,0,0
73.98,10,6,1,0,0,0,0,1,0,0,0,0,1,0,0,0,0,0
9.88,15,0,0,1,0,0,0,0,0,1,0,0,0,0,0,0,0,0
46.35,15,4,0,0,0,0,0,0,1,0,0,0,0,0,0,1,0,0
28.37,7,6,1,1,0,0,0,0,0,1,0,0,0,0,0,0,0,0
3.8,19,5,1,0,1,0,0,0,0,0,1,0,0,0,0,0,0,0
79.94,19,1,0,0,0,0,0,0,1,0,0,0,1,0,0,0,0,0
32.35,23,1,0,0,0,0,0,0,1,0,0,1,0,0,0,0,0,0
57.48,21,3,0,0,1,0,0,0,0,0,0,0,0,0,0,1,0,0
5.38,15,0,0,0,1,0,0,0,0,1,0,0,0,0,0,0,0,0
1.95,14,3,0,0,0,0,0,0,1,0,1,0,0,0,0,0,0,0
29.49,19,0,0,1,0,0,0,0,0,0,0,0,0,0,0,0,1,0
94.18,16,6,1,0,0,1,0,0,0,0,0,0,0,1,0,0,0,0
51.25,22,1,0,1,0,0,0,0,0,0,0,1,0,0,0,0,0,0
77.14,15,0,0,1,0,0,0,0,0,0,0,0,1,0,0,0,0,0
2.6,20,1,0,0,0,0,0,0,1,0,1,0,0,0,0,0,0,0
216.12,9,6,1,1,0,0,0,0,0,0,0,0,0,0,1,0,0,0
2281.82,16,1,0,0,0,0,0,0,1,0,0,0,0,1,0,0,0,1
9.09,6,6,1,0,0,0,0,0,1,0,0,0,0,0,0,0,1,0
137.91,6,3,0,1,0,0,0,0,0,0,0,0,0,0,1,0,0,0
9.79,19,3,0,1,0,0,0,0,0,0,0,0,0,0,0,0,1,0
2.25,23,3,0,0,0,1,0,0,0,0,1,0,0,0,0,0,0,0
72.6,13,5,1,0,0,1,0,0,0,0,0,1,0,0,0,0,0,0
10.55,22,3,0,1,0,0,0,0,0,1,0,0,0,0,0,0,0,0
53.63,17,1,0,0,0,0,1,0,0,0,0,0,0,0,0,1,0,0
112.91,23,0,0,1,0,0,0,0,0,0,0,0,0,1,0,0,0,0
11.48,9,5,1,0,0,0,0,0,1,0,0,0,0,0,0,0,1,0
16.13,11,1,0,1,0,0,0,0,0,1,0,0,0,0,0,0,0,0
32.41,23,3,0,1,0,0,0,0,0,1,0,0,0,0,0,0,0,0
83.76,21,2,0,0,0,1,0,0,0,0,0,0,1,0,0,0,0,0
33.35,7,0,0,1,0,0,0,0,0,0,0,0,0,0,0,0,1,0
34.29,9,0,0,0,0,0,0,1,0,0,0,0,0,0,0,0,1,0
173.25,23,3,0,0,1,0,0,0,0,0,0,0,0,0,1,0,0,0
178.42,7,6,1,0,0,0,0,0,1,0,0,0,1,0,0,0,0,0
75.19,8,6,1,0,1,0,0,0,0,0,0,0,0,1,0,0,0,0
44.2,16,1,0,0,1,0,0,0,0,0,0,1,0,0,0,0,0,0
36.12,22,6,1,1,0,0,0,0,0,0,0,0,0,0,0,0,1,0
16.25,16,5,1,1,0,0,0,0,0,1,0,0,0,0,0,0,0,0
27.83,14,4,0,1,0,0,0,0,0,0,0,0,0,0,0,1,0,0
42.36,16,5,1,0,0,0,0,1,0,0,0,0,1,0,0,0,0,0
5.52,22,2,0,1,0,0,0,0,0,0,1,0,0,0,0,0,0,0
14.25,16,0,0,0,1,0,0,0,0,1,0,0,0,0,0,0,0,0
1346.81,2,4,0,0,0,0,0,0,1,0,0,0,0,1,0,0,0,1
41.72,10,0,0,1,0,0,0,0,0,0,0,0,0,0,0,1,0,0
33.22,19,5,1,0,0,1,0,0,0,1,0,0,0,0,0,0,0,0
14.72,19,1,0,0,0,0,0,0,1,1,0,0,0,0,0,0,0,0
31.33,22,6,1,1,0,0,0,0,0,1,0,0,0,0,0,0,0,0
33.2,23,6,1,0,1,0,0,0,0,0,0,0,0,0,0,1,0,0
265.08,12,0,0,0,0,0,0,1,0,0,0,0,0,0,1,0,0,0
48.33,16,4,0,1,0,0,0,0,0,0,0,0,0,0,0,1,0,0
144.2,14,1,0,0,0,0,0,1,0,0,0,0,1,0,0,0,0,0
586.77,3,1,0,0,0,0,0,0,1,0,0,0,0,1,0,0,0,1
1.54,12,2,0,0,1,0,0,0,0,0,1,0,0,0,0,0,0,0
4.18,7,3,0,0,0,0,0,0,1,0,1,0,0,0,0,0,0,0
3.9,23,3,0,0,1,0,0,0,0,0,1,0,0,0,0,0,0,0
54.04,7,6,1,1,0,0,0,0,0,0,0,0,1,0,0,0,0,0
39.02,15,4,0,0,0,1,0,0,0,0,0,0,0,0,0,0,1,0
33.56,22,2,0,0,0,0,0,0,1,0,0,1,0,0,0,0,0,0
240.84,3,5,1,0,0,0,0,0,1,0,0,0,1,0,0,0,0,1
4.06,22,0,0,1,0,0,0,0,0,0,1,0,0,0,0,0,0,0
3832.71,15,3,0,0,1,0,0,0,0,0,0,0,0,0,1,0,0,1
13.33,8,0,0,0,0,0,0,1,0,1,0,0,0,0,0,0,0,0
99.13,23,5,1,1,0,0,0,0,0,0,0,0,1,0,0,0,0,0
2.28,16,1,0,0,1,0,0,0,0,0,1,0,0,0,0,0,0,0
27.59,8,1,0,0,1,0,0,0,0,0,0,1,0,0,0,0,0,0
9.05,23,6,1,0,0,1,0,0,0,0,0,0,0,0,0,1,0,0
5.5,14,0,0,0,0,0,0,0,1,1,0,0,0,0,0,0,0,0
34.57,15,0,0,0,1,0,0,0,0,0,0,0,0,0,0,0,1,0
13.67,18,1,0,1,0,0,0,0,0,1,0,0,0,0,0,0,0,0
63.86,21,1,0,1,0,0,0,0,0,0,0,1,0,0,0,0,0,0
13.28,11,3,0,1,0,0,0,0,0,0,0,0,0,0,0,1,0,0
14.96,22,4,0,0,1,0,0,0,0,0,0,0,0,0,0,0,1,0
10.1,10,0,0,0,1,0,0,0,0,1,0,0,0,0,0,0,0,0
35.36,12,6,1,0,1,0,0,0,0,0,0,0,0,0,0,0,1,0
177.37,16,1,0,0,1,0,0,0,0,0,0,0,1,0,0,0,0,0
36.16,23,0,0,0,1,0,0,0,0,0,0,0,0,0,0,0,1,0
162.24,9,5,1,0,0,1,0,0,0,0,0,0,1,0,0,0,0,0
1.7,10,0,0,0,0,0,0,0,1,0,1,0,0,0,0,0,0,0
7.11,12,3,0,0,0,0,0,0,1,0,0,0,0,0,0,0,1,0
734.57,9,5,1,0,1,0,0,0,0,0,0,0,0,0,0,1,0,1
99.9,23,5,1,0,0,0,0,1,0,0,0,0,0,1,0,0,0,0
14.98,14,2,0,0,0,1,0,0,0,1,0,0,0,0,0,0,0,0
33.71,15,6,1,1,0,0,0,0,0,1,0,0,0,0,0,0,0,0
14.67,12,0,0,1,0,0,0,0,0,0,0,0,0,0,0,1,0,0
33.45,22,1,0,1,0,0,0,0,0,1,0,0,0,0,0,0,0,0
97.44,10,1,0,1,0,0,0,0,0,0,0,0,0,1,0,0,0,0
41.93,19,4,0,0,0,0,0,0,1,0,0,1,0,0,0,0,0,0
15.6,2,6,1,0,0,0,0,0,1,0,1,0,0,0,0,0,0,1
803.53,0,0,0,0,0,0,0,0,1,0,0,0,0,1,0,0,0,1
852.19,3,1,0,0,0,0,0,0,1,0,0,0,1,0,0,0,0,1
26.87,12,2,0,0,0,0,0,0,1,0,0,0,0,0,0,1,0,0
14.5,11,3,0,1,0,0,0,0,0,0,0,0,0,0,0,1,0,0
128.78,10,0,0,1,0,0,0,0,0,0,0,0,1,0,0,0,0,0
5.25,12,4,0,0,0,0,0,0,1,0,0,0,0,0,0,1,0,0
16.24,10,0,0,0,0,0,0,0,1,1,0,0,0,0,0,0,0,0
19.56,23,3,0,0,1,0,0,0,0,1,0,0,0,0,0,0,0,0
19.27,11,6,1,1,0,0,0,0,0,0,0,1,0,0,0,0,0,0
6.92,23,3,0,0,1,0,0,0,0,0,0,0,0,0,0,0,1,0
82.03,10,0,0,0,0,0,1,0,0,0,0,0,0,1,0,0,0,0
28.08,14,4,0,0,0,0,0,1,0,0,0,0,0,1,0,0,0,0
54.09,21,6,1,0,1,0,0,0,0,0,0,0,1,0,0,0,0,0
27.82,8,1,0,0,1,0,0,0,0,1,0,0,0,0,0,0,0,0
112.2,18,5,1,0,0,0,1,0,0,0,0,0,0,0,1,0,0,0
4.84,14,1,0,0,0,1,0,0,0,0,1,0,0,0,0,0,0,0
11.99,14,0,0,1,0,0,0,0,0,0,0,0,0,0,0,0,1,0
4.44,7,1,0,1,0,0,0,0,0,0,1,0,0,0,0,0,0,0
3.79,18,1,0,1,0,0,0,0,0,0,1,0,0,0,0,0,0,0
571.0,2,0,0,1,0,0,0,0,0,1,0,0,0,0,0,0,0,1
13.53,18,6,1,1,0,0,0,0,0,1,0,0,0,0,0,0,0,0
141.99,15,2,0,1,0,0,0,0,0,0,0,0,0,0,1,0,0,0
53.04,15,6,1,0,0,0,0,0,1,0,0,0,0,1,0,0,0,0
46.08,22,5,1,1,0,0,0,0,0,0,0,0,1,0,0,0,0,0
2701.13,2,3,0,0,0,0,0,0,1,0,0,0,1,0,0,0,0,1
995.87,2,1,0,1,0,0,0,0,0,0,0,0,0,1,0,0,0,1
16.57,17,6,1,0,0,0,0,0,1,1,0,0,0,0,0,0,0,0
70.43,13,5,1,1,0,0,0,0,0,0,0,0,0,1,0,0,0,0
868.4,3,6,1,0,0,1,0,0,0,1,0,0,0,0,0,0,0,1
2.29,11,4,0,0,0,0,0,1,0,0,1,0,0,0,0,0,0,0
64.8,4,1,0,0,0,0,0,0,1,0,0,0,0,0,0,1,0,1
124.6,0,1,0,0,0,0,0,0,1,0,0,0,0,0,0,0,1,1
14.81,23,2,0,1,0,0,0,0,0,0,0,0,0,0,0,0,1,0
5.99,23,3,0,1,0,0,0,0,0,0,1,0,0,0,0,0,0,0
437.95,2,0,0,0,0,0,0,0,1,0,0,0,0,0,1,0,0,1
734.13,18,6,1,0,0,0,0,0,1,1,0,0,0,0,0,0,0,1
1446.12,10,0,0,0,0,0,0,0,1,0,0,0,1,0,0,0,0,1
32.93,8,3,0,0,1,0,0,0,0,0,0,0,0,0,0,0,1,0
144.29,2,3,0,0,0,0,0,0,1,0,0,0,0,0,0,0,1,1
109.97,23,4,0,0,0,0,0,1,0,0,0,0,0,1,0,0,0,0
40.93,12,0,0,1,0,0,0,0,0,0,0,0,0,0,0,1,0,0
169.86,8,2,0,1,0,0,0,0,0,0,0,0,0,0,1,0,0,0
1629.74,2,4,0,1,0,0,0,0,0,0,0,0,0,0,0,0,1,1
284.31,9,1,0,1,0,0,0,0,0,0,0,0,0,0,1,0,0,0
266.44,19,6,1,0,1,0,0,0,0,0,0,0,0,0,1,0,0,0
24.46,8,3,0,1,0,0,0,0,0,0,0,0,1,0,0,0,0,0
1458.18,0,5,1,1,0,0,0,0,0,0,0,0,0,0,0,1,0,1
61.6,7,6,1,0,0,0,0,0,1,0,0,0,0,0,1,0,0,0
143.4,20,4,0,1,0,0,0,0,0,0,0,0,1,0,0,0,0,0
54.71,13,0,0,0,1,0,0,0,0,0,0,0,0,0,0,1,0,0
81.98,11,6,1,0,0,0,1,0,0,0,0,0,1,0,0,0,0,0
30.2,14,3,0,1,0,0,0,0,0,0,0,0,0,0,1,0,0,0
37.54,12,0,0,0,0,0,0,0,1,0,0,0,0,0,0,0,1,0
12.74,20,3,0,0,1,0,0,0,0,0,0,1,0,0,0,0,0,0
15.16,13,2,0,1,0,0,0,0,0,1,0,0,0,0,0,0,0,0
72.81,12,0,0,0,0,1,0,0,0,0,0,1,0,0,0,0,0,0
3.88,6,0,0,0,0,0,0,0,1,0,1,0,0,0,0,0,0,0
3.76,15,6,1,0,1,0,0,0,0,0,1,0,0,0,0,0,0,0
176.82,22,4,0,1,0,0,0,0,0,0,0,0,1,0,0,0,0,0
78.03,9,4,0,0,0,0,0,0,1,0,0,1,0,0,0,0,0,0
80.75,16,0,0,0,0,0,0,0,1,0,0,0,0,1,0,0,0,0
32.48,8,3,0,0,0,1,0,0,0,0,0,0,0,0,0,0,1,0
16.42,18,5,1,0,1,0,0,0,0,1,0,0,0,0,0,0,0,0
50.68,20,5,1,1,0,0,0,0,0,0,0,0,0,0,0,1,0,0
3682.77,1,2,0,0,0,0,0,0,1,0,0,0,0,0,1,0,0,1
12.61,7,0,0,1,0,0,0,0,0,0,0,1,0,0,0,0,0,0
78.0,7,3,0,0,0,1,0,0,0,0,0,1,0,0,0,0,0,0
119.42,11,3,0,1,0,0,0,0,0,0,0,0,0,0,1,0,0,0
88.13,23,1,0,1,0,0,0,0,0,0,0,0,0,1,0,0,0,0
11.82,12,6,1,1,0,0,0,0,0,1,0,0,0,0,0,0,0,0
176.84,10,3,0,1,0,0,0,0,0,0,0,0,0,0,1,0,0,0
58.17,12,5,1,1,0,0,0,0,0,0,0,0,0,1,0,0,0,0
9.58,21,3,0,1,0,0,0,0,0,0,0,0,0,0,0,0,1,0
49.93,6,2,0,0,0,0,1,0,0,0,0,1,0,0,0,0,0,0
73.84,11,3,0,0,0,1,0,0,0,0,0,0,0,1,0,0,0,0
17.67,18,2,0,1,0,0,0,0,0,1,0,0,0,0,0,0,0,0
84.11,23,0,0,0,0,0,0,1,0,0,0,0,0,1,0,0,0,0
975.3,1,6,1,0,0,0,0,0,1,0,0,0,1,0,0,0,0,1
165.45,3,6,1,0,0,0,0,0,1,0,0,0,0,0,0,1,0,1
100.88,12,3,0,1,0,0,0,0,0,0,0,0,1,0,0,0,0,0
35.63,23,4,0,1,0,0,0,0,0,0,0,0,0,1,0,0,0,0
27.57,16,6,1,0,0,1,0,0,0,0,0,0,0,0,0,0,1,0
186.09,17,4,0,1,0,0,0,0,0,0,0,0,0,0,1,0,0,0
7.82,10,0,0,0,0,0,1,0,0,0,0,0,0,0,0,1,0,0
14.43,18,5,1,0,1,0,0,0,0,0,0,0,0,0,0,0,1,0
151.4,19,2,0,0,0,0,0,0,1,0,0,0,0,0,1,0,0,0
9.92,7,4,0,1,0,0,0,0,0,0,0,0,0,0,0,0,1,0
45.05,23,3,0,0,0,1,0,0,0,0,0,0,1,0,0,0,0,0
135.18,0,5,1,0,0,0,0,0,1,0,0,0,0,0,0,0,1,1
37.5,13,1,0,1,0,0,0,0,0,0,0,1,0,0,0,0,0,0
218.27,21,1,0,0,0,1,0,0,0,0,0,0,0,0,1,0,0,0
17.65,17,2,0,0,0,0,1,0,0,0,0,0,0,1,0,0,0,0
93.69,7,2,0,0,0,0,0,0,1,0,0,0,0,1,0,0,0,0
11.0,14,0,0,0,0,0,1,0,0,0,0,0,0,1,0,0,0,0
4617.69,18,6,1,0,0,0,0,0,1,0,0,0,0,0,1,0,0,1
94.49,9,0,0,1,0,0,0,0,0,0,0,0,1,0,0,0,0,0
32.36,12,1,0,0,0,0,0,1,0,1,0,0,0,0,0,0,0,0
111.9,19,2,0,0,0,0,0,0,1,0,0,0,0,1,0,0,0,0
1438.2,13,0,0,1,0,0,0,0,0,0,0,0,0,0,0,0,1,1
286.85,20,3,0,0,0,0,0,0,1,0,0,0,0,0,1,0,0,0
2247.51,3,3,0,0,1,0,0,0,0,0,0,0,0,1,0,0,0,1
59.14,17,1,0,0,1,0,0,0,0,0,0,0,0,0,0,1,0,0
108.95,21,0,0,1,0,0,0,0,0,0,0,0,0,0,1,0,0,0
162.44,20,5,1,0,1,0,0,0,0,0,0,0,0,0,1,0,0,0
9.04,23,4,0,0,0,0,1,0,0,1,0,0,0,0,0,0,0,0
83.87,23,5,1,1,0,0,0,0,0,0,0,0,0,1,0,0,0,0
135.25,22,4,0,1,0,0,0,0,0,0,0,0,0,0,1,0,0,0
165.01,11,4,0,0,1,0,0,0,0,0,0,0,0,0,1,0,0,0
735.3,3,3,0,0,0,0,0,0,1,0,0,0,0,0,0,0,1,1
78.37,17,2,0,0,1,0,0,0,0,0,0,1,0,0,0,0,0,0
5.96,10,6,1,1,0,0,0,0,0,0,1,0,0,0,0,0,0,0
46.82,21,6,1,0,0,0,0,1,0,0,0,0,0,0,0,1,0,0
29.4,13,4,0,0,0,1,0,0,0,1,0,0,0,0,0,0,0,0
65.05,22,6,1,1,0,0,0,0,0,0,0,0,0,1,0,0,0,0
58.23,9,0,0,0,0,0,0,0,1,0,0,1,0,0,0,0,0,0
2006.31,4,2,0,0,0,0,1,0,0,0,0,0,1,0,0,0,0,1
57.54,19,2,0,1,0,0,0,0,0,0,0,0,0,0,0,1,0,0
4.2,16,6,1,0,0,1,0,0,0,0,1,0,0,0,0,0,0,0
114.88,11,4,0,1,0,0,0,0,0,0,0,0,1,0,0,0,0,0
200.0,8,1,0,0,0,0,0,0,1,0,0,0,1,0,0,0,0,0
13.94,6,4,0,1,0,0,0,0,0,0,0,0,0,0,0,1,0,0
29.61,14,4,0,0,1,0,0,0,0,1,0,0,0,0,0,0,0,0
35.28,23,2,0,0,1,0,0,0,0,0,0,0,0,0,0,0,1,0
12.72,20,5,1,0,0,0,0,1,0,1,0,0,0,0,0,0,0,0
2.75,23,1,0,0,0,0,0,0,1,0,1,0,0,0,0,0,0,0
18.44,19,3,0,0,0,0,0,0,1,0,0,1,0,0,0,0,0,0
172.37,16,2,0,1,0,0,0,0,0,0,0,0,1,0,0,0,0,0
2639.02,4,1,0,1,0,0,0,0,0,0,0,0,1,0,0,0,0,1
4.61,16,4,0,1,0,0,0,0,0,0,1,0,0,0,0,0,0,0
148.37,8,6,1,1,0,0,0,0,0,0,0,0,0,0,1,0,0,0
7.69,23,6,1,0,0,1,0,0,0,0,0,0,0,0,0,0,1,0
124.79,11,3,0,0,0,0,0,0,1,0,0,0,0,0,1,0,0,0
81.28,11,5,1,0,1,0,0,0,0,0,0,0,0,0,1,0,0,0
22.65,20,1,0,0,1,0,0,0,0,0,0,0,0,0,0,0,1,0
206.1,18,0,0,0,0,0,0,1,0,0,0,0,0,0,1,0,0,0
59.26,7,5,1,0,1,0,0,0,0,0,0,0,0,0,0,1,0,0
7.99,20,0,0,0,0,0,0,0,1,1,0,0,0,0,0,0,0,0
28.29,19,4,0,0,1,0,0,0,0,0,0,0,0,0,0,0,1,0
25.08,18,0,0,1,0,0,0,0,0,0,0,1,0,0,0,0,0,0
116.56,17,1,0,1,0,0,0,0,0,0,0,0,0,0,1,0,0,0
22.48,6,4,0,0,0,0,0,0,1,0,0,0,0,1,0,0,0,0
2203.81,15,3,0,0,0,0,0,1,0,0,0,0,0,1,0,0,0,1
23.12,13,0,0,0,1,0,0,0,0,0,0,0,0,1,0,0,0,0
102.63,20,1,0,1,0,0,0,0,0,0,0,0,1,0,0,0,0,0
7.87,22,4,0,1,0,0,0,0,0,1,0,0,0,0,0,0,0,0
29.95,21,2,0,0,0,0,0,0,1,0,0,0,0,1,0,0,0,0
134.25,2,3,0,0,0,0,0,0,1,0,0,1,0,0,0,0,0,1
3.52,14,0,0,1,0,0,0,0,0,0,1,0,0,0,0,0,0,0
22.9,16,1,0,0,0,0,0,0,1,0,0,0,0,0,0,1,0,0
1121.52,2,5,1,0,0,0,0,0,1,0,0,0,1,0,0,0,0,1
21.25,20,2,0,0,0,0,0,0,1,0,0,1,0,0,0,0,0,0
40.63,15,3,0,1,0,0,0,0,0,0,0,0,0,1,0,0,0,0
42.7,17,4,0,0,1,0,0,0,0,0,0,1,0,0,0,0,0,0
194.21,15,6,1,1,0,0,0,0,0,0,0,0,0,0,1,0,0,0
12.05,21,6,1,0,0,0,0,0,1,0,0,1,0,0,0,0,0,0
50.87,16,1,0,1,0,0,0,0,0,0,0,0,0,1,0,0,0,0
15.06,13,6,1,0,0,0,0,0,1,1,0,0,0,0,0,0,0,0
28.93,20,3,0,0,1,0,0,0,0,0,0,0,1,0,0,0,0,0
206.09,0,5,1,0,0,0,0,0,1,0,0,0,0,0,0,1,0,1
5.19,13,2,0,0,0,0,0,0,1,0,1,0,0,0,0,0,0,0
12.8,13,2,0,0,1,0,0,0,0,0,0,0,0,0,0,0,1,0
31.2,7,5,1,1,0,0,0,0,0,1,0,0,0,0,0,0,0,0
1950.14,10,6,1,0,1,0,0,0,0,0,0,0,1,0,0,0,0,1
191.03,16,1,0,0,1,0,0,0,0,0,0,0,0,0,1,0,0,0
137.57,7,4,0,0,0,0,0,0,1,0,0,0,0,0,1,0,0,0
1232.58,1,4,0,0,0,0,0,0,1,0,0,0,0,0,0,0,1,1
2108.3,8,0,0,1,0,0,0,0,0,0,0,0,0,1,0,0,0,1
28.51,7,3,0,0,1,0,0,0,0,0,0,0,0,0,0,0,1,0
21.87,9,0,0,0,1,0,0,0,0,0,0,0,0,0,0,1,0,0
20.35,15,3,0,0,0,0,0,0,1,0,0,0,0,0,0,0,1,0
4.32,22,5,1,0,1,0,0,0,0,0,1,0,0,0,0,0,0,0
69.82,12,6,1,0,0,0,0,0,1,0,0,1,0,0,0,0,0,0
48.06,16,5,1,0,0,0,0,0,1,0,0,1,0,0,0,0,0,0
26.21,8,4,0,1,0,0,0,0,0,1,0,0,0,0,0,0,0,0
2081.92,15,0,0,0,0,0,0,0,1,0,0,0,1,0,0,0,0,1
670.91,21,3,0,0,0,1,0,0,0,0,0,0,0,0,0,0,1,1
15.96,12,3,0,1,0,0,0,0,0,1,0,0,0,0,0,0,0,0
52.49,15,4,0,0,0,0,0,0,1,0,0,0,0,0,0,1,0,0
44.09,16,3,0,0,0,1,0,0,0,0,0,0,0,0,0,1,0,0
38.69,13,6,1,0,0,0,0,0,1,0,0,0,0,0,0,1,0,0
70.18,7,3,0,1,0,0,0,0,0,0,0,0,1,0,0,0,0,0
35.47,7,0,0,1,0,0,0,0,0,0,0,0,0,1,0,0,0,0
4.98,23,6,1,1,0,0,0,0,0,0,1,0,0,0,0,0,0,0
267.8,9,0,0,1,0,0,0,0,0,0,0,0,0,0,1,0,0,0
12.63,14,6,1,0,0,0,0,0,1,1,0,0,0,0,0,0,0,0
39.55,16,5,1,0,0,0,0,0,1,0,0,0,0,0,0,0,1,0
167.58,10,2,0,0,0,0,0,0,1,0,0,0,1,0,0,0,0,0
28.72,23,0,0,1,0,0,0,0,0,0,0,0,0,1,0,0,0,0
2.08,15,2,0,0,1,0,0,0,0,0,1,0,0,0,0,0,0,0
23.84,15,3,0,1,0,0,0,0,0,1,0,0,0,0,0,0,0,0
90.03,0,0,0,0,0,0,0,0,1,0,0,0,0,0,0,1,0,1
44.14,10,2,0,1,0,0,0,0,0,0,0,0,0,0,0,1,0,0
138.15,10,5,1,1,0,0,0,0,0,0,0,0,0,0,1,0,0,0
13.84,23,5,1,0,1,0,0,0,0,0,0,0,0,0,0,0,1,0
8.5,18,1,0,0,0,0,1,0,0,1,0,0,0,0,0,0,0,0
2.9,14,6,1,0,0,0,0,0,1,0,1,0,0,0,0,0,0,0
11.89,12,5,1,0,0,0,1,0,0,0,0,0,0,0,0,0,1,0
189.34,12,2,0,0,0,1,0,0,0,0,0,0,1,0,0,0,0,0
34.55,23,2,0,0,0,1,0,0,0,1,0,0,0,0,0,0,0,0
72.02,9,5,1,1,0,0,0,0,0,0,0,0,1,0,0,0,0,0
13.79,15,4,0,0,1,0,0,0,0,1,0,0,0,0,0,0,0,0
230.05,16,6,1,1,0,0,0,0,0,0,0,0,0,0,1,0,0,0
39.93,15,6,1,0,0,1,0,0,0,0,0,1,0,0,0,0,0,0
49.26,10,5,1,1,0,0,0,0,0,0,0,0,0,0,0,1,0,0
10.9,18,0,0,0,1,0,0,0,0,0,0,0,0,0,0,0,1,0
2039.71,0,6,1,0,0,0,0,0,1,0,0,0,1,0,0,0,0,1
34.02,23,1,0,0,1,0,0,0,0,0,0,0,0,0,0,0,1,0
42.92,20,5,1,0,0,0,0,0,1,0,0,1,0,0,0,0,0,0
36.79,12,6,1,0,1,0,0,0,0,0,0,0,0,0,0,0,1,0
115.84,11,3,0,0,0,0,0,0,1,0,0,0,0,1,0,0,0,0
177.46,12,6,1,0,1,0,0,0,0,0,0,0,0,0,1,0,0,0
103.77,20,4,0,0,0,0,0,0,1,0,0,0,0,1,0,0,0,0
15.31,9,4,0,0,0,0,0,1,0,0,0,1,0,0,0,0,0,0
87.66,8,5,1,1,0,0,0,0,0,0,0,0,1,0,0,0,0,0
3.61,10,3,0,0,0,0,0,1,0,0,1,0,0,0,0,0,0,0
5.82,19,3,0,1,0,0,0,0,0,0,1,0,0,0,0,0,0,0
2351.55,3,5,1,0,0,0,0,0,1,0,0,0,1,0,0,0,0,1
27.66,9,2,0,0,1,0,0,0,0,0,0,0,0,1,0,0,0,0
72.61,19,5,1,0,0,0,0,0,1,0,0,0,0,1,0,0,0,0
16.84,8,6,1,1,0,0,0,0,0,0,0,0,0,0,0,1,0,0
2.38,6,5,1,1,0,0,0,0,0,0,1,0,0,0,0,0,0,0
43.59,6,1,0,0,0,0,0,0,1,0,0,0,0,0,1,0,0,0
56.75,0,1,0,0,0,0,0,0,1,1,0,0,0,0,0,0,0,1
195.95,8,0,0,1,0,0,0,0,0,0,0,0,1,0,0,0,0,0
4889.76,3,3,0,1,0,0,0,0,0,0,0,0,0,0,1,0,0,1
27.58,19,5,1,0,0,0,0,0,1,1,0,0,0,0,0,0,0,0
11.08,23,1,0,1,0,0,0,0,0,0,0,0,0,0,0,0,1,0
669.64,8,4,0,0,1,0,0,0,0,0,0,0,0,0,0,0,1,1
60.69,11,4,0,0,0,0,0,1,0,0,0,0,0,1,0,0,0,0
71.8,9,5,1,1,0,0,0,0,0,0,0,1,0,0,0,0,0,0
467.39,0,5,1,1,0,0,0,0,0,1,0,0,0,0,0,0,0,1
3.6,22,4,0,0,0,1,0,0,0,0,1,0,0,0,0,0,0,0
100.54,17,1,0,0,0,0,0,0,1,0,0,0,0,1,0,0,0,0
76.97,6,5,1,1,0,0,0,0,0,0,0,1,0,0,0,0,0,0
5.14,17,0,0,0,1,0,0,0,0,1,0,0,0,0,0,0,0,0
65.18,10,2,0,1,0,0,0,0,0,0,0,1,0,0,0,0,0,0
29.72,12,0,0,1,0,0,0,0,0,0,0,0,0,0,0,0,1,0
28.47,22,1,0,1,0,0,0,0,0,0,0,0,0,0,0,0,1,0
43.68,14,4,0,1,0,0,0,0,0,0,0,0,0,0,1,0,0,0
6.88,10,3,0,0,0,0,0,0,1,1,0,0,0,0,0,0,0,0
38.37,6,5,1,0,1,0,0,0,0,0,0,1,0,0,0,0,0,0
35.83,13,5,1,1,0,0,0,0,0,0,0,1,0,0,0,0,0,0
19.67,19,4,0,0,0,1,0,0,0,0,0,1,0,0,0,0,0,0
10.78,6,2,0,0,1,0,0,0,0,0,0,0,0,0,0,0,1,0
27.96,6,3,0,0,0,1,0,0,0,1,0,0,0,0,0,0,0,0
16.76,13,3,0,1,0,0,0,0,0,1,0,0,0,0,0,0,0,0
68.85,20,1,0,0,0,0,0,1,0,0,0,0,0,1,0,0,0,0
97.95,8,3,0,0,0,0,0,1,0,0,0,0,0,1,0,0,0,0
1522.91,14,6,1,1,0,0,0,0,0,0,0,0,0,0,0,1,0,1
585.5,14,2,0,0,0,0,0,0,1,1,0,0,0,0,0,0,0,1
621.5,0,6,1,0,0,0,1,0,0,1,0,0,0,0,0,0,0,1
91.45,23,6,1,1,0,0,0,0,0,0,0,0,1,0,0,0,0,0
43.09,16,2,0,0,0,0,1,0,0,0,0,0,0,0,0,1,0,0
3.47,16,0,0,1,0,0,0,0,0,0,1,0,0,0,0,0,0,0
15.02,17,5,1,0,1,0,0,0,0,0,0,0,0,0,0,0,1,0
37.99,19,3,0,0,0,1,0,0,0,0,0,0,0,0,0,1,0,0
4.42,21,2,0,1,0,0,0,0,0,0,1,0,0,0,0,0,0,0
2.08,21,4,0,0,1,0,0,0,0,0,1,0,0,0,0,0,0,0
2.31,19,5,1,1,0,0,0,0,0,0,1,0,0,0,0,0,0,0
69.52,8,4,0,0,1,0,0,0,0,0,0,0,1,0,0,0,0,0
78.44,6,0,0,0,0,0,0,0,1,0,0,0,0,0,1,0,0,0
184.8,20,1,0,0,0,0,0,1,0,0,0,0,1,0,0,0,0,0
75.26,14,6,1,1,0,0,0,0,0,0,0,1,0,0,0,0,0,0
20.07,11,4,0,0,0,0,0,0,1,1,0,0,0,0,0,0,0,0
1693.22,17,0,0,0,0,0,0,0,1,0,0,0,1,0,0,0,0,1
2.19,14,1,0,1,0,0,0,0,0,0,1,0,0,0,0,0,0,0
2699.2,12,0,0,0,0,0,0,0,1,0,0,0,1,0,0,0,0,1
111.37,6,6,1,0,0,0,0,0,1,0,0,0,0,1,0,0,0,0
796.76,0,1,0,0,0,0,0,0,1,1,0,0,0,0,0,0,0,1
57.9,13,2,0,0,1,0,0,0,0,0,0,1,0,0,0,0,0,0
66.23,16,4,0,1,0,0,0,0,0,0,0,0,0,1,0,0,0,0
164.1,18,4,0,0,1,0,0,0,0,0,0,0,1,0,0,0,0,0
13.65,12,5,1,0,0,0,1,0,0,0,0,0,0,0,0,0,1,0
240.69,4,1,0,0,0,0,0,0,1,0,0,1,0,0,0,0,0,1
1506.75,19,6,1,1,0,0,0,0,0,0,0,0,0,0,0,0,1,1
3.57,11,2,0,0,0,0,0,1,0,0,1,0,0,0,0,0,0,0
1889.5,8,1,0,0,0,0,0,0,1,0,0,0,0,0,0,1,0,1
36.53,13,1,0,1,0,0,0,0,0,0,0,0,0,0,0,0,1,0
38.17,18,4,0,0,0,1,0,0,0,0,0,0,0,0,0,1,0,0
4.47,16,2,0,1,0,0,0,0,0,0,1,0,0,0,0,0,0,0
30.42,15,2,0,0,0,0,0,0,1,0,0,0,0,1,0,0,0,0
11.28,18,1,0,1,0,0,0,0,0,0,0,0,0,0,0,0,1,0
218.55,17,3,0,0,1,0,0,0,0,0,0,0,0,0,1,0,0,0
9.53,23,3,0,0,0,0,0,0,1,1,0,0,0,0,0,0,0,0
282.45,2,5,1,0,0,0,0,0,1,0,0,1,0,0,0,0,0,1
79.02,19,2,0,1,0,0,0,0,0,0,0,1,0,0,0,0,0,0
4.58,9,2,0,1,0,0,0,0,0,0,1,0,0,0,0,0,0,0
28.08,20,6,1,0,0,0,0,0,1,0,0,0,1,0,0,0,0,0
141.9,13,2,0,1,0,0,0,0,0,0,0,0,1,0,0,0,0,0
22.63,22,6,1,1,0,0,0,0,0,0,0,0,0,0,0,0,1,0
26.25,12,4,0,1,0,0,0,0,0,0,0,0,1,0,0,0,0,0
59.82,18,0,0,1,0,0,0,0,0,0,0,0,0,0,0,1,0,0
40.9,19,6,1,0,0,1,0,0,0,0,0,0,0,0,0,1,0,0
5.19,10,3,0,1,0,0,0,0,0,0,1,0,0,0,0,0,0,0
98.64,16,6,1,1,0,0,0,0,0,0,0,0,0,1,0,0,0,0
522.21,3,6,1,0,0,1,0,0,0,1,0,0,0,0,0,0,0,1
13.55,19,6,1,0,1,0,0,0,0,1,0,0,0,0,0,0,0,0
13.72,13,2,0,0,1,0,0,0,0,0,0,0,0,0,0,0,1,0
104.33,4,3,0,0,0,0,0,0,1,0,0,0,0,1,0,0,0,1
73.52,7,4,0,1,0,0,0,0,0,0,0,1,0,0,0,0,0,0
112.54,13,5,1,1,0,0,0,0,0,0,0,0,0,1,0,0,0,0
70.07,11,4,0,0,1,0,0,0,0,0,0,1,0,0,0,0,0,0
34.14,7,5,1,0,0,0,0,0,1,0,0,0,0,0,0,1,0,0
51.3,2,3,0,0,0,0,0,0,1,1,0,0,0,0,0,0,0,1
40.34,12,4,0,0,0,0,0,0,1,0,0,0,0,0,0,1,0,0
11.79,9,1,0,0,1,0,0,0,0,1,0,0,0,0,0,0,0,0
137.95,23,3,0,0,1,0,0,0,0,0,0,0,1,0,0,0,0,0
33.06,9,5,1,1,0,0,0,0,0,0,0,0,0,0,0,0,1,0
259.54,23,3,0,0,1,0,0,0,0,0,0,0,0,0,1,0,0,0
83.76,10,2,0,1,0,0,0,0,0,0,0,0,1,0,0,0,0,0
185.1,1,5,1,0,0,0,0,0,1,0,0,0,1,0,0,0,0,1
26.1,10,3,0,1,0,0,0,0,0,1,0,0,0,0,0,0,0,0
24.86,16,5,1,1,0,0,0,0,0,0,0,0,0,0,1,0,0,0
49.32,21,5,1,0,0,0,0,0,1,0,0,1,0,0,0,0,0,0
32.09,13,6,1,1,0,0,0,0,0,0,0,0,0,0,0,0,1,0
36.32,8,2,0,0,1,0,0,0,0,0,0,0,0,0,0,0,1,0
44.15,11,0,0,0,1,0,0,0,0,0,0,1,0,0,0,0,0,0
53.26,11,3,0,0,0,0,0,0,1,0,0,0,0,1,0,0,0,0
5.75,17,6,1,1,0,0,0,0,0,0,1,0,0,0,0,0,0,0
1901.53,3,3,0,1,0,0,0,0,0,0,0,0,1,0,0,0,0,1
2.71,13,6,1,0,0,0,0,0,1,0,1,0,0,0,0,0,0,0
59.48,6,4,0,0,0,0,0,0,1,0,0,1,0,0,0,0,0,0
13.66,23,3,0,0,0,0,0,0,1,0,0,1,0,0,0,0,0,0
37.5,15,1,0,1,0,0,0,0,0,0,0,0,1,0,0,0,0,0
23.31,22,3,0,0,1,0,0,0,0,0,0,0,0,0,1,0,0,0
50.46,9,1,0,0,1,0,0,0,0,0,0,0,0,0,0,1,0,0
137.29,8,1,0,1,0,0,0,0,0,0,0,0,1,0,0,0,0,0
129.9,12,6,1,0,1,0,0,0,0,0,0,0,1,0,0,0,0,0
42.77,20,3,0,0,0,0,0,0,1,0,0,0,0,0,1,0,0,0
203.67,20,6,1,0,1,0,0,0,0,0,0,0,0,0,1,0,0,0
56.26,11,5,1,1,0,0,0,0,0,0,0,0,0,0,0,1,0,0
2.04,8,6,1,1,0,0,0,0,0,0,1,0,0,0,0,0,0,0
65.19,7,5,1,0,0,0,0,0,1,0,0,1,0,0,0,0,0,0
455.62,2,2,0,1,0,0,0,0,0,0,1,0,0,0,0,0,0,1
884.51,3,6,1,1,0,0,0,0,0,0,0,0,0,0,0,0,1,1
15.77,2,1,0,0,0,0,0,0,1,0,1,0,0,0,0,0,0,1
28.57,11,5,1,1,0,0,0,0,0,0,0,0,0,0,0,0,1,0
39.94,17,1,0,0,0,0,0,0,1,0,0,0,0,1,0,0,0,0
28.66,13,0,0,1,0,0,0,0,0,1,0,0,0,0,0,0,0,0
259.61,22,1,0,1,0,0,0,0,0,0,0,0,0,0,1,0,0,0
662.65,6,4,0,0,0,0,0,0,1,0,0,0,0,0,0,0,1,1
29.76,18,0,0,1,0,0,0,0,0,0,0,1,0,0,0,0,0,0
33.74,16,6,1,0,0,1,0,0,0,0,0,0,0,0,0,1,0,0
31.63,7,0,0,0,0,1,0,0,0,0,0,0,0,0,1,0,0,0
38.7,14,2,0,1,0,0,0,0,0,0,0,0,0,0,0,0,1,0
239.48,12,5,1,0,0,0,0,0,1,0,0,0,0,0,1,0,0,0
5.9,9,4,0,0,0,0,0,0,1,1,0,0,0,0,0,0,0,0
12.99,8,5,1,0,0,1,0,0,0,0,0,1,0,0,0,0,0,0
96.64,13,0,0,0,0,0,1,0,0,0,0,0,0,1,0,0,0,0
885.28,16,1,0,0,0,0,0,1,0,0,0,1,0,0,0,0,0,1
97.64,21,6,1,0,0,1,0,0,0,0,0,0,0,1,0,0,0,0
5.13,11,0,0,0,0,1,0,0,0,0,0,0,0,0,0,1,0,0
76.1,9,2,0,0,1,0,0,0,0,0,0,1,0,0,0,0,0,0
24.83,13,1,0,1,0,0,0,0,0,0,0,1,0,0,0,0,0,0
30.97,23,6,1,0,0,0,0,0,1,0,0,0,0,0,0,1,0,0
30.64,15,0,0,1,0,0,0,0,0,0,0,0,0,0,0,0,1,0
47.97,16,2,0,0,0,0,1,0,0,0,0,1,0,0,0,0,0,0
176.89,20,1,0,1,0,0,0,0,0,0,0,0,0,0,1,0,0,0
33.42,21,6,1,0,0,0,0,1,0,1,0,0,0,0,0,0,0,0
25.32,22,5,1,0,0,0,0,1,0,1,0,0,0,0,0,0,0,0
38.27,22,6,1,1,0,0,0,0,0,0,0,0,0,0,0,1,0,0
39.05,16,1,0,0,0,0,0,0,1,0,0,0,0,0,0,0,1,0
504.79,4,3,0,0,0,0,0,0,1,0,1,0,0,0,0,0,0,1
48.63,13,6,1,0,1,0,0,0,0,0,0,0,0,0,0,1,0,0
18.75,10,4,0,0,1,0,0,0,0,0,0,0,0,0,0,0,1,0
87.07,18,3,0,0,1,0,0,0,0,0,0,0,0,1,0,0,0,0
184.02,10,6,1,0,0,0,0,0,1,0,0,0,0,0,1,0,0,0
22.28,7,3,0,0,0,0,0,0,1,0,0,0,0,0,0,0,1,0
97.64,7,4,0,0,0,0,0,0,1,0,0,0,1,0,0,0,0,0
77.6,13,1,0,1,0,0,0,0,0,0,0,0,0,1,0,0,0,0
51.4,21,0,0,1,0,0,0,0,0,0,0,1,0,0,0,0,0,0
265.63,23,5,1,1,0,0,0,0,0,0,0,0,0,0,1,0,0,0
16.76,9,1,0,0,0,0,0,0,1,0,0,1,0,0,0,0,0,0
20.84,13,4,0,1,0,0,0,0,0,0,0,0,0,0,0,1,0,0
581.35,4,0,0,1,0,0,0,0,0,0,0,1,0,0,0,0,0,1
169.98,6,6,1,0,0,0,1,0,0,0,0,0,1,0,0,0,0,0
35.31,23,1,0,0,1,0,0,0,0,0,0,0,0,0,0,0,1,0
112.36,18,3,0,0,1,0,0,0,0,0,0,0,0,1,0,0,0,0
55.84,23,5,1,0,0,0,0,1,0,0,0,0,0,0,1,0,0,0
1.73,20,6,1,0,0,0,1,0,0,0,1,0,0,0,0,0,0,0
109.41,11,0,0,1,0,0,0,0,0,0,0,0,0,1,0,0,0,0
104.62,8,5,1,0,1,0,0,0,0,0,0,0,0,1,0,0,0,0
19.88,6,0,0,1,0,0,0,0,0,1,0,0,0,0,0,0,0,0
895.75,2,4,0,0,0,0,0,0,1,0,0,0,1,0,0,0,0,1
11.73,19,1,0,1,0,0,0,0,0,1,0,0,0,0,0,0,0,0
56.76,23,5,1,1,0,0,0,0,0,0,0,0,0,0,1,0,0,0
20.89,8,2,0,0,0,1,0,0,0,0,0,0,0,0,0,0,1,0
18.69,17,6,1,1,0,0,0,0,0,1,0,0,0,0,0,0,0,0
29.55,16,2,0,0,0,0,1,0,0,0,0,0,0,0,0,0,1,0
48.46,21,3,0,0,0,0,1,0,0,0,0,0,0,1,0,0,0,0
6.01,23,2,0,1,0,0,0,0,0,1,0,0,0,0,0,0,0,0
37.34,13,1,0,1,0,0,0,0,0,0,0,0,0,0,0,1,0,0
220.38,15,6,1,1,0,0,0,0,0,0,0,0,0,0,1,0,0,0
158.82,7,0,0,1,0,0,0,0,0,0,0,0,0,0,1,0,0,0
14.17,18,6,1,0,0,0,0,0,1,0,0,1,0,0,0,0,0,0
5.61,14,2,0,1,0,0,0,0,0,0,1,0,0,0,0,0,0,0
66.61,20,1,0,0,0,0,0,0,1,0,0,0,0,1,0,0,0,0
58.03,22,4,0,0,1,0,0,0,0,0,0,0,1,0,0,0,0,0
41.05,11,3,0,0,1,0,0,0,0,0,0,0,0,0,1,0,0,0
9.2,6,2,0,1,0,0,0,0,0,1,0,0,0,0,0,0,0,0
1416.97,4,0,0,0,0,0,1,0,0,0,0,0,0,0,0,0,1,1
8.32,10,0,0,0,1,0,0,0,0,1,0,0,0,0,0,0,0,0
272.29,10,4,0,1,0,0,0,0,0,0,0,0,0,0,1,0,0,0
76.08,13,1,0,0,0,0,0,0,1,0,0,1,0,0,0,0,0,0
299.85,9,2,0,1,0,0,0,0,0,0,0,0,0,0,1,0,0,0
20.46,14,6,1,1,0,0,0,0,0,0,0,0,0,0,0,0,1,0
22.02,17,5,1,0,0,0,0,0,1,1,0,0,0,0,0,0,0,0
1000.99,1,2,0,0,0,0,0,0,1,0,0,1,0,0,0,0,0,1
26.14,4,3,0,0,0,0,0,0,1,1,0,0,0,0,0,0,0,1
44.76,9,5,1,0,0,0,0,1,0,0,0,0,0,0,0,1,0,0
34.33,12,4,0,0,0,1,0,0,0,0,0,0,1,0,0,0,0,0
55.53,10,5,1,0,0,0,0,0,1,0,0,0,0,0,0,1,0,0
31.71,16,2,0,0,0,1,0,0,0,0,0,0,0,0,0,1,0,0
223.51,23,1,0,1,0,0,0,0,0,0,0,0,0,0,1,0,0,0
5.14,11,6,1,0,0,1,0,0,0,0,0,0,0,0,0,1,0,0
294.42,9,4,0,0,0,0,1,0,0,0,0,0,0,0,1,0,0,0
260.52,19,3,0,0,0,1,0,0,0,0,0,0,0,0,1,0,0,0
52.33,8,6,1,0,0,0,0,0,1,0,0,1,0,0,0,0,0,0
37.68,17,0,0,0,0,0,0,0,1,0,0,0,0,0,0,0,1,0
111.7,14,5,1,0,1,0,0,0,0,0,0,0,0,1,0,0,0,0
26.47,23,0,0,0,1,0,0,0,0,0,0,0,0,1,0,0,0,0
15.82,17,0,0,1,0,0,0,0,0,0,0,0,1,0,0,0,0,0
48.79,23,1,0,1,0,0,0,0,0,0,0,0,0,0,0,1,0,0
2217.48,10,0,0,0,0,0,0,0,1,0,0,0,0,1,0,0,0,1
174.07,23,0,0,1,0,0,0,0,0,0,0,0,0,0,1,0,0,0
5.03,17,0,0,0,0,0,0,0,1,1,0,0,0,0,0,0,0,0
148.3,13,1,0,0,0,1,0,0,0,0,0,0,0,0,1,0,0,0
78.55,20,5,1,1,0,0,0,0,0,0,0,1,0,0,0,0,0,0
31.01,12,2,0,0,0,0,1,0,0,0,0,1,0,0,0,0,0,0
253.3,11,6,1,1,0,0,0,0,0,0,0,0,0,0,1,0,0,0
84.59,9,1,0,1,0,0,0,0,0,0,0,0,0,0,1,0,0,0
163.52,17,1,0,0,0,1,0,0,0,0,0,0,1,0,0,0,0,0
1.83,6,3,0,0,1,0,0,0,0,0,1,0,0,0,0,0,0,0
130.19,2,2,0,0,0,0,0,0,1,0,0,0,0,0,0,1,0,1
76.69,17,2,0,0,0,0,1,0,0,0,0,0,0,0,1,0,0,0
7.9,12,0,0,1,0,0,0,0,0,0,0,0,0,0,0,0,1,0
2409.6,6,3,0,0,1,0,0,0,0,0,0,0,0,1,0,0,0,1
29.76,8,1,0,0,0,0,0,0,1,1,0,0,0,0,0,0,0,0
14.61,23,3,0,0,0,0,0,0,1,1,0,0,0,0,0,0,0,0
26.83,17,0,0,1,0,0,0,0,0,0,0,1,0,0,0,0,0,0
451.77,3,1,0,0,1,0,0,0,0,1,0,0,0,0,0,0,0,1
4.2,9,2,0,0,1,0,0,0,0,0,1,0,0,0,0,0,0,0
36.41,11,6,1,0,0,0,0,0,1,0,0,0,0,0,0,1,0,0
33.37,9,1,0,1,0,0,0,0,0,1,0,0,0,0,0,0,0,0
5.91,15,3,0,1,0,0,0,0,0,0,0,0,0,0,0,0,1,0
3.75,21,0,0,0,0,1,0,0,0,0,1,0,0,0,0,0,0,0
172.29,9,6,1,1,0,0,0,0,0,0,0,0,1,0,0,0,0,0
18.66,20,4,0,0,1,0,0,0,0,0,0,0,0,0,0,0,1,0
28.28,23,2,0,1,0,0,0,0,0,0,0,1,0,0,0,0,0,0
9.71,7,0,0,0,1,0,0,0,0,1,0,0,0,0,0,0,0,0
98.32,23,1,0,1,0,0,0,0,0,0,0,0,0,1,0,0,0,0
4.76,11,5,1,0,0,0,0,0,1,0,1,0,0,0,0,0,0,0
192.16,14,1,0,0,0,0,0,0,1,0,0,0,0,0,1,0,0,0
262.75,8,0,0,0,0,0,0,0,1,0,0,0,0,0,1,0,0,0
45.2,22,1,0,0,0,0,0,0,1,0,0,0,0,1,0,0,0,0
17.63,8,4,0,0,0,1,0,0,0,0,0,0,1,0,0,0,0,0
32.06,7,3,0,1,0,0,0,0,0,0,0,0,0,1,0,0,0,0
46.95,13,6,1,1,0,0,0,0,0,0,0,0,0,0,0,1,0,0
62.66,19,0,0,0,0,0,0,0,1,0,0,0,0,1,0,0,0,0
199.83,19,5,1,1,0,0,0,0,0,0,0,0,0,0,1,0,0,0
4.92,17,2,0,0,0,0,0,0,1,0,1,0,0,0,0,0,0,0
100.06,21,3,0,0,0,0,0,0,1,0,0,0,1,0,0,0,0,0
3.28,9,1,0,1,0,0,0,0,0,0,1,0,0,0,0,0,0,0
44.13,21,1,0,0,0,0,0,0,1,0,0,0,0,0,0,1,0,0
13.06,8,2,0,0,1,0,0,0,0,0,0,0,0,0,0,1,0,0
16.02,6,1,0,0,1,0,0,0,0,0,0,0,0,0,0,0,1,0
123.15,21,1,0,0,0,0,0,1,0,0,0,0,0,0,1,0,0,0
264.88,1,4,0,0,0,0,0,0,1,0,0,1,0,0,0,0,0,1
1289.34,0,2,0,0,0,0,1,0,0,0,0,0,0,0,0,1,0,1
21.23,7,0,0,1,0,0,0,0,0,0,0,0,0,0,0,0,1,0
29.36,22,6,1,0,0,1,0,0,0,1,0,0,0,0,0,0,0,0
48.75,1,1,0,0,0,0,0,0,1,1,0,0,0,0,0,0,0,1
4.94,12,1,0,1,0,0,0,0,0,0,1,0,0,0,0,0,0,0
185.47,2,4,0,0,0,0,0,0,1,0,0,0,0,0,0,1,0,1
5.19,3,0,0,0,0,0,0,0,1,0,1,0,0,0,0,0,0,1
140.38,17,6,1,1,0,0,0,0,0,0,0,0,1,0,0,0,0,0
52.07,14,1,0,0,0,0,0,0,1,0,0,0,1,0,0,0,0,0
61.2,7,3,0,1,0,0,0,0,0,0,0,0,0,0,1,0,0,0
185.68,8,1,0,0,1,0,0,0,0,0,0,0,0,0,1,0,0,0
114.0,7,1,0,0,0,0,0,0,1,0,0,0,1,0,0,0,0,0
13.39,10,1,0,0,1,0,0,0,0,1,0,0,0,0,0,0,0,0
52.96,23,5,1,0,0,1,0,0,0,0,0,0,0,0,1,0,0,0
12.54,15,3,0,1,0,0,0,0,0,0,0,1,0,0,0,0,0,0
62.58,9,0,0,0,0,1,0,0,0,0,0,1,0,0,0,0,0,0
3.66,18,1,0,0,0,0,0,0,1,0,1,0,0,0,0,0,0,0
24.14,19,4,0,1,0,0,0,0,0,0,0,0,0,0,0,1,0,0
18.0,9,4,0,0,0,0,0,0,1,1,0,0,0,0,0,0,0,0
14.86,21,1,0,0,1,0,0,0,0,0,0,1,0,0,0,0,0,0
655.07,14,0,0,0,0,0,0,0,1,1,0,0,0,0,0,0,0,1
2516.63,4,5,1,0,1,0,0,0,0,0,0,0,1,0,0,0,0,1
78.24,20,2,0,1,0,0,0,0,0,0,0,1,0,0,0,0,0,0
13.53,17,6,1,1,0,0,0,0,0,0,0,1,0,0,0,0,0,0
96.19,21,6,1,1,0,0,0,0,0,0,0,0,0,1,0,0,0,0
5.31,17,3,0,1,0,0,0,0,0,0,1,0,0,0,0,0,0,0
51.82,9,6,1,1,0,0,0,0,0,0,0,0,0,0,0,1,0,0
2.49,11,5,1,0,0,1,0,0,0,0,1,0,0,0,0,0,0,0
69.68,6,3,0,0,0,0,0,1,0,0,0,1,0,0,0,0,0,0
27.12,8,5,1,0,0,0,0,0,1,0,0,0,0,1,0,0,0,0
3.32,14,0,0,1,0,0,0,0,0,0,1,0,0,0,0,0,0,0
5.31,17,0,0,0,0,1,0,0,0,0,0,0,0,0,0,0,1,0
8.43,17,5,1,0,1,0,0,0,0,0,0,0,0,0,0,1,0,0
70.14,11,5,1,0,0,0,0,0,1,0,0,1,0,0,0,0,0,0
353.61,9,5,1,0,0,0,0,0,1,0,1,0,0,0,0,0,0,1
9.39,22,3,0,0,1,0,0,0,0,0,0,0,0,0,0,0,1,0
184.7,0,1,0,0,0,0,0,0,1,0,0,0,0,0,0,0,1,1
35.45,7,6,1,1,0,0,0,0,0,0,0,0,0,0,0,0,1,0
5.7,21,4,0,0,0,0,0,0,1,0,1,0,0,0,0,0,0,0
100.21,6,3,0,0,0,1,0,0,0,0,0,0,0,1,0,0,0,0
532.34,19,5,1,0,0,1,0,0,0,0,1,0,0,0,0,0,0,1
35.94,13,0,0,0,0,0,0,1,0,0,0,0,0,0,0,0,1,0
138.11,4,4,0,0,0,0,0,0,1,0,0,1,0,0,0,0,0,1
96.66,22,4,0,1,0,0,0,0,0,0,0,0,0,1,0,0,0,0
11.09,10,4,0,1,0,0,0,0,0,0,0,0,0,1,0,0,0,0
162.04,12,4,0,0,0,1,0,0,0,0,0,0,0,0,1,0,0,0
33.05,20,1,0,1,0,0,0,0,0,0,0,1,0,0,0,0,0,0
14.08,21,1,0,1,0,0,0,0,0,1,0,0,0,0,0,0,0,0
26.07,23,5,1,0,0,0,0,0,1,1,0,0,0,0,0,0,0,0
961.6,4,2,0,1,0,0,0,0,0,0,0,0,0,0,0,0,1,1
19.01,8,6,1,0,1,0,0,0,0,0,0,0,0,0,0,0,1,0
20.36,23,6,1,0,1,0,0,0,0,1,0,0,0,0,0,0,0,0
85.83,8,4,0,1,0,0,0,0,0,0,0,0,0,1,0,0,0,0
5.27,9,0,0,1,0,0,0,0,0,0,1,0,0,0,0,0,0,0
1019.61,20,2,0,0,0,0,0,0,1,0,0,1,0,0,0,0,0,1
2164.33,2,4,0,0,0,1,0,0,0,0,0,0,0,1,0,0,0,1
49.95,15,0,0,0,0,1,0,0,0,0,0,0,0,0,0,1,0,0
56.03,18,5,1,0,0,0,1,0,0,0,0,1,0,0,0,0,0,0
3.79,18,1,0,0,0,0,0,0,1,0,1,0,0,0,0,0,0,0
38.97,21,0,0,1,0,0,0,0,0,0,0,0,0,0,0,0,1,0
21.82,21,0,0,1,0,0,0,0,0,0,0,0,0,0,0,1,0,0
29.55,13,0,0,0,1,0,0,0,0,0,0,0,0,0,0,1,0,0
16.13,23,5,1,1,0,0,0,0,0,0,0,0,0,0,0,1,0,0
43.39,4,5,1,0,0,0,0,0,1,1,0,0,0,0,0,0,0,1
52.45,21,0,0,1,0,0,0,0,0,0,0,0,0,0,1,0,0,0
38.77,21,6,1,1,0,0,0,0,0,0,0,0,0,1,0,0,0,0
266.71,0,0,0,0,0,0,0,0,1,0,0,0,0,1,0,0,0,1
83.87,11,2,0,0,0,0,1,0,0,0,0,0,1,0,0,0,0,0
120.07,18,2,0,0,0,0,0,0,1,0,0,0,1,0,0,0,0,0
4.21,20,2,0,1,0,0,0,0,0,0,1,0,0,0,0,0,0,0
16.88,7,6,1,0,1,0,0,0,0,1,0,0,0,0,0,0,0,0
24.69,17,6,1,0,0,0,0,0,1,0,0,0,0,1,0,0,0,0
47.13,7,5,1,1,0,0,0,0,0,0,0,0,0,1,0,0,0,0
71.77,11,5,1,0,0,1,0,0,0,0,0,0,1,0,0,0,0,0
17.73,9,5,1,0,0,1,0,0,0,0,0,0,0,0,0,0,1,0
3.86,7,1,0,1,0,0,0,0,0,0,1,0,0,0,0,0,0,0
38.83,7,5,1,1,0,0,0,0,0,0,0,0,0,0,0,0,1,0
66.34,23,3,0,0,0,0,0,0,1,0,0,0,0,1,0,0,0,0
2.3,23,6,1,0,0,0,0,0,1,0,1,0,0,0,0,0,0,0
152.09,11,1,0,1,0,0,0,0,0,0,0,0,1,0,0,0,0,0
99.81,12,5,1,1,0,0,0,0,0,0,0,0,0,1,0,0,0,0
24.55,8,6,1,1,0,0,0,0,0,0,0,0,0,0,0,0,1,0
60.79,17,2,0,0,0,0,0,0,1,0,0,0,0,1,0,0,0,0
9.94,18,1,0,0,0,0,0,0,1,1,0,0,0,0,0,0,0,0
40.44,18,2,0,1,0,0,0,0,0,0,0,0,0,0,0,1,0,0
26.82,12,2,0,0,1,0,0,0,0,0,0,0,0,0,0,1,0,0
70.07,9,1,0,1,0,0,0,0,0,0,0,0,1,0,0,0,0,0
1094.82,22,0,0,0,0,0,0,1,0,0,0,0,0,0,0,0,1,1
22.63,7,1,0,0,1,0,0,0,0,0,0,0,0,0,0,1,0,0
724.71,0,6,1,0,0,0,0,0,1,1,0,0,0,0,0,0,0,1
31.63,17,5,1,1,0,0,0,0,0,0,0,0,0,0,1,0,0,0
5.12,11,0,0,1,0,0,0,0,0,0,1,0,0,0,0,0,0,0
63.73,9,6,1,1,0,0,0,0,0,0,0,1,0,0,0,0,0,0
43.85,15,6,1,0,0,0,0,0,1,0,0,0,0,0,0,1,0,0
27.65,19,6,1,0,1,0,0,0,0,0,0,1,0,0,0,0,0,0
182.96,7,6,1,1,0,0,0,0,0,0,0,0,1,0,0,0,0,0
2339.4,1,1,0,0,0,0,0,0,1,0,0,0,0,1,0,0,0,1
1832.98,3,1,0,0,0,0,0,0,1,0,0,0,1,0,0,0,0,1
17.91,7,1,0,1,0,0,0,0,0,0,0,1,0,0,0,0,0,0
7.96,16,1,0,0,1,0,0,0,0,0,0,0,0,0,0,0,1,0
675.55,4,1,0,0,0,0,0,0,1,0,0,0,1,0,0,0,0,1
36.88,15,4,0,0,0,0,1,0,0,0,0,0,0,0,0,0,1,0
26.02,16,4,0,0,1,0,0,0,0,0,0,0,0,1,0,0,0,0
576.17,9,6,1,0,0,0,0,0,1,0,0,1,0,0,0,0,0,1
21.72,11,6,1,0,0,0,0,1,0,0,0,0,0,0,0,1,0,0
38.81,10,5,1,0,1,0,0,0,0,0,0,0,0,0,0,0,1,0
941.94,3,3,0,1,0,0,0,0,0,0,0,1,0,0,0,0,0,1
244.28,8,1,0,0,0,0,1,0,0,0,0,0,0,0,1,0,0,0
3.13,17,2,0,0,1,0,0,0,0,0,1,0,0,0,0,0,0,0
7.21,20,6,1,1,0,0,0,0,0,1,0,0,0,0,0,0,0,0
38.48,15,5,1,0,0,0,0,1,0,0,0,0,1,0,0,0,0,0
3.42,23,4,0,0,1,0,0,0,0,0,1,0,0,0,0,0,0,0
23.18,9,4,0,1,0,0,0,0,0,0,0,0,1,0,0,0,0,0
24.7,8,6,1,1,0,0,0,0,0,0,0,0,0,0,0,0,1,0
22.59,8,1,0,1,0,0,0,0,0,0,0,0,0,0,0,1,0,0
38.82,6,1,0,1,0,0,0,0,0,0,0,0,0,0,0,0,1,0
644.46,2,0,0,0,0,0,0,0,1,0,1,0,0,0,0,0,0,1
22.61,13,4,0,0,0,0,0,0,1,0,0,0,0,0,0,1,0,0
1461.22,0,3,0,0,0,0,0,0,1,0,0,0,0,0,1,0,0,1
1.57,18,6,1,1,0,0,0,0,0,0,1,0,0,0,0,0,0,0
49.3,19,5,1,1,0,0,0,0,0,0,0,0,0,1,0,0,0,0
10.18,11,0,0,1,0,0,0,0,0,0,0,1,0,0,0,0,0,0
188.38,21,3,0,1,0,0,0,0,0,0,0,0,1,0,0,0,0,0
16.66,16,1,0,0,1,0,0,0,0,0,0,1,0,0,0,0,0,0
17.67,21,1,0,1,0,0,0,0,0,1,0,0,0,0,0,0,0,0
44.27,6,5,1,1,0,0,0,0,0,0,0,0,0,1,0,0,0,0
292.05,7,6,1,1,0,0,0,0,0,0,0,0,0,0,1,0,0,0
61.63,18,4,0,0,1,0,0,0,0,0,0,1,0,0,0,0,0,0
18.67,14,0,0,0,1,0,0,0,0,0,0,0,0,0,0,1,0,0
79.03,20,6,1,0,1,0,0,0,0,0,0,1,0,0,0,0,0,0
66.3,21,0,0,0,0,0,0,0,1,0,0,0,1,0,0,0,0,0
186.24,23,1,0,1,0,0,0,0,0,0,0,0,1,0,0,0,0,0
5.68,15,0,0,0,1,0,0,0,0,0,1,0,0,0,0,0,0,0
61.37,14,1,0,0,0,0,0,0,1,0,0,1,0,0,0,0,0,0
36.01,20,5,1,0,1,0,0,0,0,0,0,0,0,0,0,1,0,0
103.91,19,2,0,1,0,0,0,0,0,0,0,0,0,1,0,0,0,0
588.13,2,4,0,0,0,0,0,0,1,0,0,0,0,1,0,0,0,1
49.95,10,3,0,0,0,0,1,0,0,0,0,0,1,0,0,0,0,0
20.88,15,0,0,1,0,0,0,0,0,0,0,0,0,0,0,1,0,0
177.9,1,1,0,0,0,0,0,0,1,0,0,1,0,0,0,0,0,1
32.04,23,5,1,0,0,0,0,0,1,0,0,0,0,0,0,1,0,0
136.11,23,4,0,1,0,0,0,0,0,0,0,0,1,0,0,0,0,0
3.8,9,3,0,1,0,0,0,0,0,0,1,0,0,0,0,0,0,0
8.62,8,4,0,1,0,0,0,0,0,0,0,0,0,0,0,0,1,0
30.51,18,4,0,1,0,0,0,0,0,1,0,0,0,0,0,0,0,0
72.42,1,2,0,0,0,0,0,0,1,0,0,0,0,1,0,0,0,1
3.37,23,2,0,0,1,0,0,0,0,0,1,0,0,0,0,0,0,0
101.35,21,3,0,1,0,0,0,0,0,0,0,0,0,1,0,0,0,0
1568.07,3,4,0,0,0,0,0,1,0,0,0,0,0,0,1,0,0,1
5.94,22,5,1,0,0,1,0,0,0,0,1,0,0,0,0,0,0,0
36.79,11,6,1,1,0,0,0,0,0,0,0,1,0,0,0,0,0,0
34.69,14,1,0,1,0,0,0,0,0,0,0,0,0,0,0,0,1,0
4.2,14,3,0,1,0,0,0,0,0,0,1,0,0,0,0,0,0,0
2.91,12,2,0,1,0,0,0,0,0,0,1,0,0,0,0,0,0,0
43.89,20,2,0,0,1,0,0,0,0,0,0,0,0,0,1,0,0,0
19.66,13,4,0,1,0,0,0,0,0,1,0,0,0,0,0,0,0,0
4.82,8,4,0,1,0,0,0,0,0,0,1,0,0,0,0,0,0,0
16.99,14,1,0,0,0,0,0,1,0,1,0,0,0,0,0,0,0,0
16.74,6,6,1,0,0,0,0,0,1,0,0,1,0,0,0,0,0,0
119.7,4,6,1,0,0,0,0,0,1,1,0,0,0,0,0,0,0,1
6.56,13,2,0,0,0,0,0,0,1,1,0,0,0,0,0,0,0,0
1.98,9,0,0,0,0,0,0,0,1,0,1,0,0,0,0,0,0,0
42.79,21,0,0,1,0,0,0,0,0,0,0,0,1,0,0,0,0,0
107.6,9,4,0,0,0,0,0,0,1,0,0,0,0,0,1,0,0,0
33.37,10,2,0,1,0,0,0,0,0,1,0,0,0,0,0,0,0,0
29.86,23,6,1,0,0,0,0,0,1,0,0,0,0,0,0,1,0,0
4.17,23,3,0,0,0,1,0,0,0,0,1,0,0,0,0,0,0,0
47.92,8,3,0,1,0,0,0,0,0,0,0,0,1,0,0,0,0,0
71.07,17,0,0,1,0,0,0,0,0,0,0,0,0,1,0,0,0,0
232.26,18,2,0,0,1,0,0,0,0,0,0,0,0,0,1,0,0,0
2.61,23,2,0,1,0,0,0,0,0,0,1,0,0,0,0,0,0,0
4.22,15,5,1,0,0,1,0,0,0,0,1,0,0,0,0,0,0,0
230.07,23,3,0,1,0,0,0,0,0,0,0,0,0,0,1,0,0,0
165.5,11,2,0,1,0,0,0,0,0,0,0,0,0,0,1,0,0,0
100.36,17,5,1,1,0,0,0,0,0,0,0,0,0,1,0,0,0,0
49.27,21,2,0,0,0,0,0,0,1,0,0,0,0,0,0,1,0,0
1239.5,4,2,0,0,0,0,0,0,1,0,0,0,0,0,1,0,0,1
21.92,22,3,0,0,1,0,0,0,0,1,0,0,0,0,0,0,0,0
16.45,14,6,1,0,0,1,0,0,0,1,0,0,0,0,0,0,0,0
6.08,15,0,0,0,0,0,0,0,1,1,0,0,0,0,0,0,0,0
1822.72,22,4,0,0,0,1,0,0,0,0,0,0,0,1,0,0,0,1
20.83,18,5,1,0,0,0,0,0,1,0,0,0,0,0,0,0,1,0
4.17,6,4,0,0,1,0,0,0,0,0,1,0,0,0,0,0,0,0
22.24,7,0,0,1,0,0,0,0,0,1,0,0,0,0,0,0,0,0
21.58,18,3,0,0,0,0,0,0,1,0,0,0,0,0,0,0,1,0
33.8,19,4,0,0,1,0,0,0,0,1,0,0,0,0,0,0,0,0
4.36,17,6,1,1,0,0,0,0,0,0,1,0,0,0,0,0,0,0
226.68,20,4,0,1,0,0,0,0,0,0,0,0,0,0,1,0,0,0
18.43,13,0,0,1,0,0,0,0,0,0,0,1,0,0,0,0,0,0
36.51,7,1,0,1,0,0,0,0,0,0,0,1,0,0,0,0,0,0
47.35,6,5,1,0,1,0,0,0,0,0,0,0,0,0,0,1,0,0
140.63,19,3,0,0,0,0,0,0,1,0,0,0,1,0,0,0,0,0
5.07,9,1,0,0,1,0,0,0,0,0,1,0,0,0,0,0,0,0
915.85,10,1,0,0,0,0,1,0,0,0,0,0,0,1,0,0,0,1
40.34,22,3,0,0,0,0,0,0,1,0,0,0,0,1,0,0,0,0
37.67,7,6,1,0,1,0,0,0,0,0,0,1,0,0,0,0,0,0
119.58,20,1,0,0,0,1,0,0,0,0,0,0,0,1,0,0,0,0
32.22,6,6,1,0,1,0,0,0,0,0,0,0,0,0,0,0,1,0
36.62,23,1,0,1,0,0,0,0,0,0,0,1,0,0,0,0,0,0
30.38,17,2,0,0,1,0,0,0,0,0,0,1,0,0,0,0,0,0
30.6,14,3,0,1,0,0,0,0,0,0,0,0,0,0,0,0,1,0
37.83,13,1,0,1,0,0,0,0,0,0,0,0,0,0,0,0,1,0
24.42,19,4,0,0,0,0,0,1,0,0,0,0,0,0,0,0,1,0
3.54,6,0,0,0,0,0,0,1,0,0,1,0,0,0,0,0,0,0
49.72,14,6,1,1,0,0,0,0,0,0,0,0,0,1,0,0,0,0
699.08,19,3,0,0,0,0,0,0,1,0,0,0,0,0,0,0,1,1
17.49,23,1,0,0,0,0,0,0,1,0,0,0,1,0,0,0,0,0
52.17,9,4,0,1,0,0,0,0,0,0,0,0,0,0,0,1,0,0
4.1,17,1,0,0,0,0,0,0,1,0,1,0,0,0,0,0,0,0
86.6,4,1,0,0,0,0,0,0,1,0,0,1,0,0,0,0,0,1
44.22,23,4,0,1,0,0,0,0,0,0,0,0,0,0,0,1,0,0
211.38,7,6,1,0,0,0,0,0,1,0,0,0,0,0,1,0,0,0
75.81,15,6,1,1,0,0,0,0,0,0,0,0,1,0,0,0,0,0
166.59,19,6,1,0,0,0,0,0,1,0,0,0,1,0,0,0,0,0
20.35,12,6,1,1,0,0,0,0,0,1,0,0,0,0,0,0,0,0
56.12,23,2,0,1,0,0,0,0,0,0,0,0,0,1,0,0,0,0
121.63,16,5,1,1,0,0,0,0,0,0,0,0,1,0,0,0,0,0
269.85,8,1,0,0,0,0,0,1,0,0,0,0,0,0,1,0,0,0
14.51,11,2,0,1,0,0,0,0,0,0,0,0,0,0,0,1,0,0
5.89,13,0,0,0,1,0,0,0,0,0,1,0,0,0,0,0,0,0
77.92,18,2,0,1,0,0,0,0,0,0,0,1,0,0,0,0,0,0
64.61,9,0,0,0,0,0,1,0,0,0,0,0,0,1,0,0,0,0
285.32,10,3,0,0,0,0,0,0,1,0,0,0,0,0,1,0,0,0
50.85,16,3,0,0,1,0,0,0,0,0,0,0,0,0,0,1,0,0
117.68,15,6,1,0,1,0,0,0,0,0,0,0,1,0,0,0,0,0
65.26,23,1,0,0,0,1,0,0,0,0,0,1,0,0,0,0,0,0
107.21,23,3,0,0,0,1,0,0,0,0,0,0,0,1,0,0,0,0
27.14,8,0,0,0,0,0,1,0,0,0,0,1,0,0,0,0,0,0
1.52,7,0,0,0,0,0,0,0,1,0,1,0,0,0,0,0,0,0
77.31,11,1,0,0,0,1,0,0,0,0,0,1,0,0,0,0,0,0
2248.83,0,3,0,0,0,0,0,0,1,0,0,0,0,0,1,0,0,1
9.4,23,1,0,1,0,0,0,0,0,0,0,0,0,0,0,0,1,0
727.76,21,2,0,0,0,0,0,0,1,0,0,1,0,0,0,0,0,1
724.66,12,6,1,0,0,1,0,0,0,0,0,1,0,0,0,0,0,1
96.37,22,0,0,0,1,0,0,0,0,0,0,0,0,1,0,0,0,0
13.96,23,1,0,0,1,0,0,0,0,1,0,0,0,0,0,0,0,0
20.9,11,3,0,0,1,0,0,0,0,0,0,0,0,0,0,1,0,0
604.43,11,3,0,0,0,0,0,0,1,0,0,0,0,1,0,0,0,1
8.28,8,0,0,0,1,0,0,0,0,0,0,0,0,0,0,0,1,0
30.12,16,6,1,0,0,1,0,0,0,1,0,0,0,0,0,0,0,0
28.32,2,3,0,0,0,0,0,0,1,0,1,0,0,0,0,0,0,1
87.07,13,5,1,1,0,0,0,0,0,0,0,0,1,0,0,0,0,0
198.54,19,2,0,0,0,0,0,0,1,0,0,0,0,0,1,0,0,0
26.24,23,1,0,0,0,0,0,1,0,1,0,0,0,0,0,0,0,0
143.1,19,3,0,0,0,0,1,0,0,0,0,0,1,0,0,0,0,0
230.25,13,6,1,0,0,0,1,0,0,0,0,0,0,0,1,0,0,0
257.48,15,4,0,1,0,0,0,0,0,0,0,0,0,0,1,0,0,0
12.87,7,2,0,1,0,0,0,0,0,1,0,0,0,0,0,0,0,0
86.53,18,0,0,1,0,0,0,0,0,0,0,0,0,1,0,0,0,0
16.88,9,1,0,0,1,0,0,0,0,0,0,0,0,0,0,0,1,0
59.11,19,6,1,1,0,0,0,0,0,0,0,0,0,1,0,0,0,0
2489.15,4,1,0,0,0,0,0,0,1,0,0,0,0,1,0,0,0,1
93.51,23,5,1,0,1,0,0,0,0,0,0,0,0,0,1,0,0,0
21.85,6,0,0,0,1,0,0,0,0,0,0,0,1,0,0,0,0,0
9.62,20,0,0,0,0,1,0,0,0,1,0,0,0,0,0,0,0,0
3.01,9,2,0,1,0,0,0,0,0,0,1,0,0,0,0,0,0,0
27.39,2,0,0,0,0,0,0,0,1,0,1,0,0,0,0,0,0,1
2.27,14,4,0,1,0,0,0,0,0,0,1,0,0,0,0,0,0,0
5.14,9,2,0,0,0,0,1,0,0,0,1,0,0,0,0,0,0,0
32.93,22,1,0,0,0,0,0,0,1,0,0,0,0,0,0,0,1,0
193.22,10,4,0,0,1,0,0,0,0,0,0,0,1,0,0,0,0,0
2.88,12,0,0,0,0,0,0,0,1,0,1,0,0,0,0,0,0,0
59.38,15,4,0,0,1,0,0,0,0,0,0,0,0,0,0,1,0,0
3.72,7,1,0,1,0,0,0,0,0,0,1,0,0,0,0,0,0,0
14.52,14,1,0,0,0,0,0,1,0,0,0,0,0,0,0,0,1,0
440.78,8,6,1,1,0,0,0,0,0,1,0,0,0,0,0,0,0,1
30.77,22,4,0,0,0,1,0,0,0,0,0,0,0,0,0,1,0,0
1670.04,1,2,0,0,0,0,1,0,0,0,0,0,0,1,0,0,0,1
203.42,6,1,0,0,0,0,0,1,0,0,0,0,0,0,1,0,0,0
22.72,19,5,1,0,1,0,0,0,0,0,0,0,0,0,0,0,1,0
35.2,18,4,0,1,0,0,0,0,0,0,0,0,0,1,0,0,0,0
108.41,8,2,0,0,0,0,0,0,1,0,0,0,0,1,0,0,0,0
6.63,11,5,1,1,0,0,0,0,0,0,0,0,0,0,0,0,1,0
64.57,4,3,0,0,0,0,0,0,1,1,0,0,0,0,0,0,0,1
32.45,16,0,0,0,1,0,0,0,0,1,0,0,0,0,0,0,0,0
12.82,22,3,0,1,0,0,0,0,0,0,0,1,0,0,0,0,0,0
428.48,0,6,1,0,0,0,0,0,1,1,0,0,0,0,0,0,0,1
263.0,9,1,0,1,0,0,0,0,0,0,0,0,0,0,1,0,0,0
2292.3,8,4,0,0,0,0,1,0,0,0,0,0,1,0,0,0,0,1
198.36,4,1,0,0,0,0,0,0,1,0,0,1,0,0,0,0,0,1
1661.16,2,0,0,1,0,0,0,0,0,0,0,0,0,0,0,1,0,1
26.8,2,4,0,0,0,0,0,0,1,0,0,0,0,0,0,0,1,1
80.2,16,6,1,1,0,0,0,0,0,0,0,0,0,0,1,0,0,0
3.9,13,3,0,1,0,0,0,0,0,0,1,0,0,0,0,0,0,0
197.04,23,6,1,0,0,1,0,0,0,0,0,0,1,0,0,0,0,0
897.73,2,5,1,0,1,0,0,0,0,0,0,1,0,0,0,0,0,1
12.07,11,4,0,1,0,0,0,0,0,0,0,0,0,0,0,1,0,0
87.93,0,5,1,0,0,0,0,0,1,0,0,0,0,1,0,0,0,1
115.19,23,6,1,1,0,0,0,0,0,0,0,0,0,1,0,0,0,0
1.78,9,6,1,1,0,0,0,0,0,0,1,0,0,0,0,0,0,0
996.1,1,0,0,0,0,0,0,0,1,0,0,0,1,0,0,0,0,1
113.36,18,4,0,0,0,1,0,0,0,0,0,0,0,0,1,0,0,0
58.16,8,2,0,1,0,0,0,0,0,0,0,0,0,0,0,1,0,0
59.61,10,2,0,1,0,0,0,0,0,0,0,0,0,0,0,1,0,0
856.45,9,1,0,0,0,0,0,0,1,0,0,1,0,0,0,0,0,1
4.24,17,0,0,1,0,0,0,0,0,0,1,0,0,0,0,0,0,0
149.05,18,6,1,0,0,0,0,0,1,0,0,0,1,0,0,0,0,0
9.35,7,6,1,1,0,0,0,0,0,1,0,0,0,0,0,0,0,0
1617.51,0,0,0,0,0,0,0,0,1,0,0,0,0,0,0,1,0,1
80.26,15,1,0,0,1,0,0,0,0,0,0,0,0,1,0,0,0,0
61.2,21,3,0,0,0,0,0,0,1,0,0,1,0,0,0,0,0,0
25.53,20,6,1,1,0,0,0,0,0,0,0,1,0,0,0,0,0,0
20.11,11,3,0,0,1,0,0,0,0,0,0,0,0,0,0,1,0,0
30.43,20,5,1,1,0,0,0,0,0,0,0,0,0,0,1,0,0,0
44.4,21,4,0,0,0,1,0,0,0,0,0,0,0,1,0,0,0,0
363.59,1,3,0,0,0,0,0,0,1,0,0,1,0,0,0,0,0,1
59.29,20,4,0,0,0,1,0,0,0,0,0,0,0,1,0,0,0,0
2.82,14,3,0,0,0,0,0,0,1,0,1,0,0,0,0,0,0,0
278.77,7,4,0,0,1,0,0,0,0,0,0,0,0,0,1,0,0,0
9.39,10,0,0,1,0,0,0,0,0,1,0,0,0,0,0,0,0,0
36.93,17,5,1,0,0,0,1,0,0,0,0,1,0,0,0,0,0,0
29.36,12,6,1,1,0,0,0,0,0,0,0,0,1,0,0,0,0,0
276.02,1,2,0,0,0,0,0,0,1,0,0,0,0,1,0,0,0,1
283.23,23,2,0,0,1,0,0,0,0,0,0,0,0,0,1,0,0,0
65.82,22,4,0,0,0,0,0,1,0,0,0,0,0,0,1,0,0,0
25.47,16,4,0,0,0,0,0,0,1,1,0,0,0,0,0,0,0,0
649.21,16,0,0,0,0,0,0,0,1,0,0,0,0,1,0,0,0,1
17.96,18,6,1,0,0,0,1,0,0,1,0,0,0,0,0,0,0,0
264.39,23,4,0,0,1,0,0,0,0,0,0,0,0,0,1,0,0,0
21.96,17,4,0,0,0,0,0,0,1,1,0,0,0,0,0,0,0,0
210.44,21,0,0,1,0,0,0,0,0,0,0,0,0,0,1,0,0,0
4.76,14,3,0,1,0,0,0,0,0,0,1,0,0,0,0,0,0,0
4646.24,4,5,1,0,0,0,0,1,0,0,0,0,0,0,1,0,0,1
63.7,22,5,1,1,0,0,0,0,0,0,0,1,0,0,0,0,0,0
34.86,13,3,0,1,0,0,0,0,0,1,0,0,0,0,0,0,0,0
4.8,8,5,1,0,0,0,0,1,0,0,1,0,0,0,0,0,0,0
63.04,13,1,0,0,0,0,0,0,1,0,0,1,0,0,0,0,0,0
39.27,17,6,1,0,0,1,0,0,0,0,0,1,0,0,0,0,0,0
3.08,9,1,0,0,0,1,0,0,0,0,1,0,0,0,0,0,0,0
4.53,15,6,1,1,0,0,0,0,0,0,1,0,0,0,0,0,0,0
182.41,16,0,0,0,0,1,0,0,0,0,0,0,1,0,0,0,0,0
1605.27,2,6,1,0,0,0,1,0,0,0,0,0,0,0,0,0,1,1
78.81,19,5,1,0,0,0,0,0,1,0,0,0,0,1,0,0,0,0
2740.73,2,0,0,0,0,0,0,1,0,0,0,0,1,0,0,0,0,1
13.27,2,5,1,0,0,0,0,0,1,0,1,0,0,0,0,0,0,1
28.17,23,2,0,1,0,0,0,0,0,0,0,1,0,0,0,0,0,0
4.68,12,6,1,1,0,0,0,0,0,0,1,0,0,0,0,0,0,0
115.52,20,4,0,1,0,0,0,0,0,0,0,0,1,0,0,0,0,0
15.7,16,3,0,0,0,0,0,1,0,1,0,0,0,0,0,0,0,0
91.07,8,2,0,1,0,0,0,0,0,0,0,0,1,0,0,0,0,0
45.41,19,1,0,1,0,0,0,0,0,0,0,0,0,1,0,0,0,0
231.34,16,4,0,1,0,0,0,0,0,0,0,0,0,0,1,0,0,0
24.81,10,1,0,0,1,0,0,0,0,1,0,0,0,0,0,0,0,0
40.42,19,5,1,1,0,0,0,0,0,0,0,0,0,0,0,1,0,0
141.98,14,2,0,1,0,0,0,0,0,0,0,0,0,0,1,0,0,0
8.5,21,0,0,0,0,0,0,0,1,0,0,0,0,0,0,0,1,0
85.98,13,3,0,0,1,0,0,0,0,0,0,0,1,0,0,0,0,0
87.46,19,0,0,0,1,0,0,0,0,0,0,0,0,0,1,0,0,0
145.35,7,0,0,0,0,0,0,1,0,0,0,0,1,0,0,0,0,0
78.96,20,4,0,0,0,1,0,0,0,0,0,1,0,0,0,0,0,0
30.14,6,1,0,1,0,0,0,0,0,0,0,0,0,1,0,0,0,0
48.37,12,1,0,1,0,0,0,0,0,0,0,0,0,0,0,1,0,0
940.06,0,4,0,0,0,0,0,0,1,0,0,0,0,0,1,0,0,1
5.4,15,1,0,1,0,0,0,0,0,0,0,0,0,0,0,1,0,0
167.18,10,4,0,0,0,1,0,0,0,0,0,0,1,0,0,0,0,0
188.1,12,1,0,1,0,0,0,0,0,0,0,0,1,0,0,0,0,0
31.52,10,0,0,1,0,0,0,0,0,0,0,1,0,0,0,0,0,0
32.64,23,3,0,1,0,0,0,0,0,1,0,0,0,0,0,0,0,0
13.85,13,1,0,0,0,0,0,0,1,0,0,1,0,0,0,0,0,0
83.5,13,5,1,1,0,0,0,0,0,0,0,0,0,0,1,0,0,0
59.06,23,0,0,1,0,0,0,0,0,0,0,0,0,0,0,1,0,0
2.12,23,1,0,1,0,0,0,0,0,0,1,0,0,0,0,0,0,0
17.72,18,1,0,0,0,0,1,0,0,0,0,0,0,0,0,0,1,0
54.13,10,5,1,1,0,0,0,0,0,0,0,0,0,0,0,1,0,0
34.38,7,0,0,1,0,0,0,0,0,0,0,0,0,0,0,1,0,0
4.2,22,6,1,0,0,0,0,0,1,0,1,0,0,0,0,0,0,0
102.16,21,0,0,0,0,1,0,0,0,0,0,0,0,1,0,0,0,0
46.44,22,1,0,0,1,0,0,0,0,0,0,1,0,0,0,0,0,0
14.64,15,1,0,0,0,0,0,0,1,1,0,0,0,0,0,0,0,0
14.99,14,2,0,1,0,0,0,0,0,1,0,0,0,0,0,0,0,0
64.9,23,4,0,0,1,0,0,0,0,0,0,0,0,1,0,0,0,0
65.9,8,0,0,1,0,0,0,0,0,0,0,0,0,1,0,0,0,0
31.7,19,1,0,0,0,0,0,0,1,0,0,0,0,0,0,1,0,0
110.9,6,1,0,1,0,0,0,0,0,0,0,0,1,0,0,0,0,0
6.04,12,2,0,0,0,0,0,0,1,0,0,0,0,0,0,0,1,0
26.49,10,3,0,0,0,1,0,0,0,0,0,0,1,0,0,0,0,0
18.07,15,6,1,1,0,0,0,0,0,0,0,0,0,0,0,1,0,0
23.51,12,0,0,0,1,0,0,0,0,1,0,0,0,0,0,0,0,0
31.46,12,1,0,0,0,0,0,0,1,0,0,0,1,0,0,0,0,0
677.46,4,0,0,0,0,0,0,0,1,0,0,0,1,0,0,0,0,1
52.36,22,4,0,0,0,0,0,0,1,0,0,0,0,0,0,1,0,0
220.87,9,2,0,1,0,0,0,0,0,0,0,0,0,0,1,0,0,0
276.29,14,2,0,0,0,1,0,0,0,0,0,0,0,0,1,0,0,0
17.67,11,4,0,0,1,0,0,0,0,0,0,0,0,1,0,0,0,0
30.88,10,1,0,0,0,0,0,0,1,1,0,0,0,0,0,0,0,0
31.38,20,0,0,0,1,0,0,0,0,0,0,0,1,0,0,0,0,0
78.72,17,5,1,1,0,0,0,0,0,0,0,0,0,1,0,0,0,0
57.9,13,2,0,0,0,1,0,0,0,0,0,0,0,0,0,1,0,0
72.99,6,3,0,1,0,0,0,0,0,0,0,0,1,0,0,0,0,0
79.1,7,5,1,1,0,0,0,0,0,0,0,0,0,0,1,0,0,0
47.86,9,4,0,0,0,0,0,0,1,0,0,0,0,1,0,0,0,0
501.07,16,4,0,0,0,0,0,0,1,0,0,1,0,0,0,0,0,1
30.12,13,1,0,0,0,1,0,0,0,0,0,1,0,0,0,0,0,0
28.83,15,0,0,0,1,0,0,0,0,0,0,0,0,0,0,0,1,0
10.71,21,4,0,1,0,0,0,0,0,0,0,0,0,1,0,0,0,0
15.12,8,5,1,1,0,0,0,0,0,1,0,0,0,0,0,0,0,0
178.34,10,1,0,0,0,0,0,0,1,0,0,0,0,0,1,0,0,0
3.63,7,5,1,1,0,0,0,0,0,0,1,0,0,0,0,0,0,0
229.77,21,0,0,0,0,0,1,0,0,0,0,0,0,0,1,0,0,0
7.24,23,6,1,0,0,0,1,0,0,0,0,0,0,0,0,0,1,0
116.6,23,6,1,0,0,0,1,0,0,0,0,0,0,1,0,0,0,0
41.56,22,3,0,0,0,1,0,0,0,0,0,0,1,0,0,0,0,0
14.99,9,2,0,0,0,0,0,0,1,0,0,1,0,0,0,0,0,0
126.56,17,3,0,0,1,0,0,0,0,0,0,0,0,0,1,0,0,0
20.87,12,2,0,1,0,0,0,0,0,1,0,0,0,0,0,0,0,0
29.24,7,0,0,1,0,0,0,0,0,0,0,0,0,0,0,1,0,0
3.77,14,6,1,0,0,0,0,1,0,0,1,0,0,0,0,0,0,0
11.27,15,1,0,1,0,0,0,0,0,1,0,0,0,0,0,0,0,0
91.68,6,6,1,1,0,0,0,0,0,0,0,0,0,1,0,0,0,0
58.4,14,0,0,0,0,0,0,0,1,0,0,0,0,1,0,0,0,0
12.11,6,0,0,1,0,0,0,0,0,0,0,0,0,0,0,0,1,0
437.81,1,5,1,0,0,0,0,0,1,0,0,0,1,0,0,0,0,1
31.95,16,6,1,1,0,0,0,0,0,0,0,1,0,0,0,0,0,0
1112.67,2,5,1,0,0,1,0,0,0,0,0,1,0,0,0,0,0,1
164.38,22,6,1,0,1,0,0,0,0,0,0,0,1,0,0,0,0,0
4.78,7,0,0,1,0,0,0,0,0,0,1,0,0,0,0,0,0,0
13.89,13,1,0,0,0,0,0,0,1,0,0,1,0,0,0,0,0,0
250.6,6,2,0,0,0,0,0,0,1,0,0,0,0,0,1,0,0,0
40.97,18,2,0,0,1,0,0,0,0,0,0,0,0,0,0,1,0,0
33.5,17,3,0,1,0,0,0,0,0,0,0,0,0,0,0,0,1,0
59.67,19,6,1,0,1,0,0,0,0,0,0,0,0,0,0,1,0,0
20.1,21,0,0,0,1,0,0,0,0,0,0,1,0,0,0,0,0,0
19.7,7,0,0,0,1,0,0,0,0,0,0,0,0,0,0,1,0,0
15.9,11,1,0,1,0,0,0,0,0,0,0,1,0,0,0,0,0,0
716.12,15,4,0,0,0,0,0,0,1,1,0,0,0,0,0,0,0,1
66.02,13,6,1,0,0,0,1,0,0,0,0,1,0,0,0,0,0,0
33.25,6,0,0,1,0,0,0,0,0,0,0,1,0,0,0,0,0,0
59.31,17,3,0,1,0,0,0,0,0,0,0,0,0,0,0,1,0,0
108.34,23,2,0,1,0,0,0,0,0,0,0,0,0,1,0,0,0,0
3.78,15,4,0,0,0,1,0,0,0,0,1,0,0,0,0,0,0,0
77.55,13,3,0,0,1,0,0,0,0,0,0,0,1,0,0,0,0,0
33.83,2,1,0,0,0,0,0,0,1,0,0,0,0,0,0,1,0,1
975.92,3,6,1,0,0,0,0,0,1,0,0,0,1,0,0,0,0,1
10.64,7,4,0,1,0,0,0,0,0,0,0,0,0,0,0,1,0,0
260.66,11,5,1,0,1,0,0,0,0,0,0,0,0,0,1,0,0,0
195.57,8,3,0,0,0,0,0,0,1,0,0,0,1,0,0,0,0,0
36.11,9,3,0,1,0,0,0,0,0,0,0,1,0,0,0,0,0,0
12.22,20,0,0,1,0,0,0,0,0,0,0,0,0,0,0,0,1,0
135.66,13,6,1,1,0,0,0,0,0,0,0,0,0,0,1,0,0,0
2942.27,2,5,1,0,0,0,0,0,1,0,0,0,1,0,0,0,0,1
241.24,11,6,1,0,0,0,0,0,1,0,0,0,0,0,1,0,0,0
91.93,18,2,0,1,0,0,0,0,0,0,0,0,0,1,0,0,0,0
132.98,22,5,1,0,0,0,0,0,1,0,0,0,1,0,0,0,0,0
26.23,23,2,0,0,1,0,0,0,0,0,0,1,0,0,0,0,0,0
2.47,12,6,1,1,0,0,0,0,0,0,1,0,0,0,0,0,0,0
63.82,13,6,1,0,1,0,0,0,0,0,0,1,0,0,0,0,0,0
27.74,22,0,0,0,0,1,0,0,0,1,0,0,0,0,0,0,0,0
1684.92,3,4,0,0,0,0,0,0,1,0,0,0,0,0,0,0,1,1
33.95,13,0,0,1,0,0,0,0,0,0,0,0,0,0,0,0,1,0
17.73,23,6,1,0,1,0,0,0,0,0,0,0,0,0,0,0,1,0
53.67,10,1,0,0,0,0,0,0,1,0,0,1,0,0,0,0,0,0
170.02,1,4,0,0,0,0,0,0,1,0,0,0,0,1,0,0,0,1
1.88,12,4,0,1,0,0,0,0,0,0,1,0,0,0,0,0,0,0
21.68,10,6,1,1,0,0,0,0,0,0,0,0,0,0,0,1,0,0
166.88,22,1,0,0,1,0,0,0,0,0,0,0,1,0,0,0,0,0
4.44,11,1,0,0,0,0,0,0,1,0,1,0,0,0,0,0,0,0
127.08,7,5,1,1,0,0,0,0,0,0,0,0,0,0,1,0,0,0
61.82,23,1,0,0,1,0,0,0,0,0,0,1,0,0,0,0,0,0
14.22,6,3,0,1,0,0,0,0,0,0,0,0,0,0,0,0,1,0
113.5,12,6,1,1,0,0,0,0,0,0,0,0,0,1,0,0,0,0
35.47,15,5,1,0,1,0,0,0,0,0,0,1,0,0,0,0,0,0
1.65,15,0,0,0,0,0,0,1,0,0,1,0,0,0,0,0,0,0
38.31,16,4,0,1,0,0,0,0,0,0,0,0,0,0,0,0,1,0
3.25,23,4,0,0,0,0,0,0,1,0,1,0,0,0,0,0,0,0
2969.26,9,5,1,0,0,0,0,0,1,0,0,0,0,0,1,0,0,1
157.43,17,5,1,1,0,0,0,0,0,0,0,0,0,0,1,0,0,0
2.31,6,6,1,1,0,0,0,0,0,0,1,0,0,0,0,0,0,0
12.68,17,1,0,0,0,0,0,0,1,1,0,0,0,0,0,0,0,0
168.85,12,5,1,1,0,0,0,0,0,0,0,0,1,0,0,0,0,0
33.9,21,3,0,0,0,0,0,0,1,0,0,1,0,0,0,0,0,0
21.62,13,2,0,0,1,0,0,0,0,0,0,0,0,0,0,0,1,0
62.14,21,4,0,1,0,0,0,0,0,0,0,0,0,0,1,0,0,0
99.05,9,5,1,0,0,0,0,0,1,0,0,0,0,1,0,0,0,0
5.99,20,2,0,0,0,1,0,0,0,0,1,0,0,0,0,0,0,0
31.51,20,2,0,1,0,0,0,0,0,0,0,1,0,0,0,0,0,0
72.05,23,3,0,1,0,0,0,0,0,0,0,1,0,0,0,0,0,0
31.45,11,4,0,0,1,0,0,0,0,0,0,0,0,1,0,0,0,0
41.15,14,1,0,1,0,0,0,0,0,0,0,0,1,0,0,0,0,0
5.75,21,4,0,0,1,0,0,0,0,0,1,0,0,0,0,0,0,0
17.95,12,4,0,1,0,0,0,0,0,0,0,1,0,0,0,0,0,0
166.91,6,6,1,0,1,0,0,0,0,0,0,0,0,0,1,0,0,0
4.48,16,0,0,0,0,0,0,1,0,0,1,0,0,0,0,0,0,0
84.92,10,5,1,0,0,0,1,0,0,0,0,0,0,1,0,0,0,0
93.64,23,2,0,0,1,0,0,0,0,0,0,0,0,0,1,0,0,0
234.06,15,6,1,0,1,0,0,0,0,0,0,0,0,0,1,0,0,0
20.75,10,3,0,0,0,0,0,0,1,1,0,0,0,0,0,0,0,0
23.09,13,3,0,1,0,0,0,0,0,0,0,0,0,0,0,0,1,0
14.15,8,2,0,1,0,0,0,0,0,0,0,1,0,0,0,0,0,0
21.16,16,5,1,0,0,0,1,0,0,0,0,0,0,1,0,0,0,0
3.52,6,1,0,0,0,1,0,0,0,0,1,0,0,0,0,0,0,0
49.08,19,4,0,0,0,0,0,0,1,0,0,0,0,0,0,1,0,0
33.22,10,2,0,0,0,1,0,0,0,0,0,0,0,0,0,1,0,0
3.78,23,5,1,0,1,0,0,0,0,0,1,0,0,0,0,0,0,0
44.74,7,2,0,0,0,0,0,0,1,0,0,0,0,0,1,0,0,0
2.9,20,1,0,0,0,0,0,0,1,0,1,0,0,0,0,0,0,0
24.05,21,0,0,0,1,0,0,0,0,0,0,0,0,0,0,0,1,0
29.63,20,1,0,0,1,0,0,0,0,0,0,0,0,1,0,0,0,0
114.96,20,6,1,1,0,0,0,0,0,0,0,0,1,0,0,0,0,0
50.07,3,0,0,0,0,0,0,0,1,0,0,0,0,0,0,0,1,1
27.12,12,3,0,0,0,0,0,0,1,0,0,0,0,1,0,0,0,0
28.56,9,3,0,1,0,0,0,0,0,1,0,0,0,0,0,0,0,0
3.29,12,2,0,0,0,0,0,0,1,0,1,0,0,0,0,0,0,0
80.13,23,0,0,0,0,0,0,0,1,0,0,0,0,1,0,0,0,0
13.05,16,5,1,0,1,0,0,0,0,0,0,0,0,0,0,1,0,0
567.07,11,1,0,0,0,0,1,0,0,0,0,1,0,0,0,0,0,1
31.81,17,4,0,0,0,0,1,0,0,1,0,0,0,0,0,0,0,0
640.17,2,0,0,0,0,0,0,0,1,0,0,0,0,0,1,0,0,1
31.77,21,3,0,0,0,0,0,1,0,1,0,0,0,0,0,0,0,0
19.24,18,6,1,0,1,0,0,0,0,0,0,0,0,0,0,0,1,0
12.84,13,5,1,0,1,0,0,0,0,1,0,0,0,0,0,0,0,0
14.57,11,3,0,0,0,0,0,1,0,0,0,0,0,0,0,0,1,0
57.28,12,5,1,0,0,1,0,0,0,0,0,1,0,0,0,0,0,0
700.35,2,5,1,0,0,0,1,0,0,1,0,0,0,0,0,0,0,1
54.06,23,1,0,1,0,0,0,0,0,0,0,0,0,0,0,1,0,0
1849.77,3,1,0,0,0,0,0,0,1,0,0,0,0,0,1,0,0,1
27.63,15,0,0,0,0,1,0,0,0,1,0,0,0,0,0,0,0,0
18.85,0,6,1,0,0,0,0,0,1,0,1,0,0,0,0,0,0,1
134.36,13,3,0,0,0,0,0,1,0,0,0,0,0,0,1,0,0,0
840.53,12,1,0,0,0,0,0,0,1,0,0,0,0,0,0,0,1,1
60.96,15,1,0,0,0,0,0,1,0,0,0,0,1,0,0,0,0,0
10.98,18,3,0,1,0,0,0,0,0,0,0,0,0,0,0,1,0,0
87.29,10,4,0,0,0,1,0,0,0,0,0,0,0,0,1,0,0,0
24.39,17,6,1,1,0,0,0,0,0,1,0,0,0,0,0,0,0,0
31.32,18,0,0,0,0,1,0,0,0,0,0,0,0,0,0,0,1,0
883.24,4,5,1,0,0,0,0,0,1,1,0,0,0,0,0,0,0,1
4.44,19,4,0,0,1,0,0,0,0,0,1,0,0,0,0,0,0,0
23.21,15,4,0,0,1,0,0,0,0,1,0,0,0,0,0,0,0,0
14.21,18,5,1,1,0,0,0,0,0,1,0,0,0,0,0,0,0,0
6.43,23,3,0,0,1,0,0,0,0,0,0,0,0,0,0,0,1,0
4733.1,0,4,0,0,0,0,0,1,0,0,0,0,0,0,1,0,0,1
73.63,9,6,1,1,0,0,0,0,0,0,0,0,0,1,0,0,0,0
69.37,7,4,0,0,0,0,1,0,0,0,0,1,0,0,0,0,0,0
61.01,20,5,1,1,0,0,0,0,0,0,0,1,0,0,0,0,0,0
182.52,21,0,0,0,1,0,0,0,0,0,0,0,0,0,1,0,0,0
5.0,19,3,0,0,0,0,1,0,0,0,1,0,0,0,0,0,0,0
270.78,15,3,0,1,0,0,0,0,0,0,0,0,0,0,1,0,0,0
36.55,15,6,1,0,1,0,0,0,0,0,0,0,0,1,0,0,0,0
122.92,23,1,0,0,0,0,0,1,0,0,0,0,0,0,1,0,0,0
20.93,11,0,0,0,0,1,0,0,0,0,0,0,1,0,0,0,0,0
179.18,8,6,1,0,0,0,0,0,1,0,0,0,0,0,1,0,0,0
46.73,11,6,1,1,0,0,0,0,0,0,0,0,0,0,0,1,0,0
92.77,17,5,1,0,0,0,0,1,0,0,0,0,0,1,0,0,0,0
70.55,21,4,0,0,0,0,0,1,0,0,0,0,0,0,1,0,0,0
62.17,18,6,1,0,1,0,0,0,0,0,0,1,0,0,0,0,0,0
31.3,20,0,0,1,0,0,0,0,0,1,0,0,0,0,0,0,0,0
20.28,22,0,0,1,0,0,0,0,0,0,0,0,0,0,0,0,1,0
31.13,8,0,0,0,1,0,0,0,0,0,0,0,0,1,0,0,0,0
46.83,12,4,0,0,0,0,0,0,1,0,0,1,0,0,0,0,0,0
11.19,23,1,0,0,1,0,0,0,0,0,0,1,0,0,0,0,0,0
31.09,6,4,0,0,0,1,0,0,0,0,0,0,0,0,0,1,0,0
3380.08,3,6,1,0,0,0,0,0,1,0,0,0,0,0,1,0,0,1
2.55,12,2,0,0,1,0,0,0,0,0,1,0,0,0,0,0,0,0
1.98,15,3,0,1,0,0,0,0,0,0,1,0,0,0,0,0,0,0
58.66,19,2,0,0,0,0,1,0,0,0,0,0,0,1,0,0,0,0
18.06,18,5,1,0,0,0,0,1,0,1,0,0,0,0,0,0,0,0
219.01,10,3,0,0,0,0,0,0,1,0,0,0,0,0,1,0,0,0
36.67,11,5,1,0,0,0,1,0,0,0,0,0,1,0,0,0,0,0
95.2,17,5,1,0,1,0,0,0,0,0,0,0,0,1,0,0,0,0
7.47,23,2,0,1,0,0,0,0,0,1,0,0,0,0,0,0,0,0
49.68,20,4,0,1,0,0,0,0,0,0,0,1,0,0,0,0,0,0
53.92,23,3,0,1,0,0,0,0,0,0,0,0,0,0,0,1,0,0
208.37,6,3,0,1,0,0,0,0,0,0,0,0,0,0,1,0,0,0
44.31,19,4,0,1,0,0,0,0,0,0,0,1,0,0,0,0,0,0
23.53,23,5,1,1,0,0,0,0,0,1,0,0,0,0,0,0,0,0
21.76,10,3,0,0,1,0,0,0,0,0,0,0,0,0,0,0,1,0
3139.39,1,2,0,0,1,0,0,0,0,0,0,0,0,0,1,0,0,1
18.85,23,2,0,0,0,0,0,1,0,0,0,0,0,0,0,0,1,0
828.58,0,5,1,0,0,0,1,0,0,0,0,0,1,0,0,0,0,1
20.15,14,4,0,1,0,0,0,0,0,0,0,1,0,0,0,0,0,0
74.71,17,4,0,0,0,0,0,0,1,0,0,1,0,0,0,0,0,0
13.6,0,5,1,0,0,0,0,0,1,0,1,0,0,0,0,0,0,1
8.21,16,5,1,1,0,0,0,0,0,1,0,0,0,0,0,0,0,0
35.85,16,2,0,0,0,0,1,0,0,0,0,0,0,0,0,0,1,0
46.43,15,0,0,1,0,0,0,0,0,0,0,1,0,0,0,0,0,0
28.51,6,4,0,1,0,0,0,0,0,1,0,0,0,0,0,0,0,0
14.1,21,1,0,1,0,0,0,0,0,0,0,1,0,0,0,0,0,0
2.52,22,0,0,0,1,0,0,0,0,0,1,0,0,0,0,0,0,0
21.12,23,1,0,0,1,0,0,0,0,0,0,0,0,1,0,0,0,0
55.21,7,0,0,0,1,0,0,0,0,0,0,0,0,0,0,1,0,0
17.8,17,3,0,0,0,0,1,0,0,0,0,0,0,0,0,1,0,0
141.6,11,5,1,0,0,1,0,0,0,0,0,0,1,0,0,0,0,0
87.74,15,1,0,1,0,0,0,0,0,0,0,0,1,0,0,0,0,0
26.37,23,0,0,1,0,0,0,0,0,1,0,0,0,0,0,0,0,0
2784.97,1,6,1,1,0,0,0,0,0,0,0,0,0,0,1,0,0,1
25.96,11,2,0,0,0,0,1,0,0,0,0,0,0,0,0,0,1,0
5.79,21,2,0,1,0,0,0,0,0,0,1,0,0,0,0,0,0,0
717.07,10,0,0,0,0,0,0,0,1,0,0,1,0,0,0,0,0,1
54.15,6,0,0,1,0,0,0,0,0,0,0,0,0,1,0,0,0,0
9.55,17,4,0,1,0,0,0,0,0,1,0,0,0,0,0,0,0,0
94.56,23,3,0,1,0,0,0,0,0,0,0,0,0,1,0,0,0,0
41.19,17,0,0,1,0,0,0,0,0,0,0,1,0,0,0,0,0,0
85.53,23,5,1,1,0,0,0,0,0,0,0,0,0,0,1,0,0,0
243.45,23,2,0,1,0,0,0,0,0,0,0,0,0,0,1,0,0,0
2558.23,21,5,1,0,1,0,0,0,0,0,0,0,0,0,1,0,0,1
5.95,8,4,0,0,0,0,0,0,1,0,1,0,0,0,0,0,0,0
29.06,6,6,1,0,0,0,0,0,1,1,0,0,0,0,0,0,0,0
4.17,23,6,1,0,0,1,0,0,0,0,1,0,0,0,0,0,0,0
4.52,14,0,0,0,0,0,0,0,1,0,1,0,0,0,0,0,0,0
51.44,14,1,0,0,0,1,0,0,0,0,0,0,0,0,0,1,0,0
3.05,22,6,1,1,0,0,0,0,0,0,1,0,0,0,0,0,0,0
52.11,21,6,1,0,0,1,0,0,0,0,0,0,0,1,0,0,0,0
21.67,18,3,0,0,0,1,0,0,0,0,0,0,0,0,0,1,0,0
44.17,12,5,1,0,0,1,0,0,0,0,0,1,0,0,0,0,0,0
3.77,9,0,0,1,0,0,0,0,0,0,1,0,0,0,0,0,0,0
65.74,9,6,1,1,0,0,0,0,0,0,0,0,1,0,0,0,0,0
2.64,22,1,0,0,0,0,1,0,0,0,1,0,0,0,0,0,0,0
16.13,22,2,0,0,0,1,0,0,0,1,0,0,0,0,0,0,0,0
42.79,18,6,1,1,0,0,0,0,0,0,0,0,0,0,0,1,0,0
3.42,21,2,0,1,0,0,0,0,0,0,1,0,0,0,0,0,0,0
160.92,13,4,0,1,0,0,0,0,0,0,0,0,1,0,0,0,0,0
7.0,6,4,0,1,0,0,0,0,0,1,0,0,0,0,0,0,0,0
27.68,7,1,0,0,0,0,0,0,1,0,0,0,0,0,0,1,0,0
77.19,20,2,0,1,0,0,0,0,0,0,0,0,0,1,0,0,0,0
16.98,23,1,0,1,0,0,0,0,0,1,0,0,0,0,0,0,0,0
3.03,23,0,0,0,0,0,1,0,0,0,1,0,0,0,0,0,0,0
4.11,6,5,1,1,0,0,0,0,0,0,1,0,0,0,0,0,0,0
24.9,7,6,1,1,0,0,0,0,0,0,0,0,0,0,0,0,1,0
24.25,12,6,1,0,0,1,0,0,0,0,0,0,0,0,0,1,0,0
15.83,8,6,1,0,1,0,0,0,0,1,0,0,0,0,0,0,0,0
4.39,9,1,0,1,0,0,0,0,0,0,1,0,0,0,0,0,0,0
17.22,13,6,1,1,0,0,0,0,0,0,0,0,0,0,0,0,1,0
17.86,9,2,0,1,0,0,0,0,0,0,0,0,0,0,0,0,1,0
80.26,7,1,0,1,0,0,0,0,0,0,0,0,0,1,0,0,0,0
117.12,20,6,1,1,0,0,0,0,0,0,0,0,0,1,0,0,0,0
30.33,7,4,0,0,0,1,0,0,0,1,0,0,0,0,0,0,0,0
647.63,9,0,0,0,0,0,1,0,0,0,0,0,0,0,0,0,1,1
5.99,18,0,0,0,0,1,0,0,0,0,1,0,0,0,0,0,0,0
174.88,19,6,1,0,0,0,0,0,1,0,0,0,0,0,1,0,0,0
12.07,16,0,0,1,0,0,0,0,0,0,0,0,0,0,0,0,1,0
11.29,7,3,0,0,0,1,0,0,0,0,0,0,0,0,0,1,0,0
109.63,19,4,0,1,0,0,0,0,0,0,0,0,0,1,0,0,0,0
11.6,16,2,0,0,1,0,0,0,0,0,0,0,0,0,0,0,1,0
27.88,6,2,0,0,1,0,0,0,0,1,0,0,0,0,0,0,0,0
230.41,10,2,0,0,1,0,0,0,0,0,0,0,0,0,1,0,0,0
14.57,8,2,0,0,1,0,0,0,0,1,0,0,0,0,0,0,0,0
50.3,21,6,1,0,1,0,0,0,0,0,0,0,0,0,1,0,0,0
7.1,19,6,1,1,0,0,0,0,0,0,0,0,0,0,0,0,1,0
25.59,21,1,0,0,0,0,0,0,1,0,0,0,1,0,0,0,0,0
20.63,12,6,1,0,0,0,0,0,1,1,0,0,0,0,0,0,0,0
5.9,12,0,0,0,0,0,0,0,1,0,1,0,0,0,0,0,0,0
35.28,23,3,0,1,0,0,0,0,0,0,0,0,0,0,0,0,1,0
229.21,14,3,0,1,0,0,0,0,0,0,0,0,0,0,1,0,0,0
13.4,18,6,1,0,1,0,0,0,0,0,0,1,0,0,0,0,0,0
1556.18,3,1,0,0,0,1,0,0,0,0,0,0,0,0,0,1,0,1
3.73,7,5,1,0,1,0,0,0,0,0,1,0,0,0,0,0,0,0
28.27,13,1,0,1,0,0,0,0,0,1,0,0,0,0,0,0,0,0
182.61,17,5,1,1,0,0,0,0,0,0,0,0,1,0,0,0,0,0
2.06,9,2,0,1,0,0,0,0,0,0,1,0,0,0,0,0,0,0
14.93,23,4,0,0,0,0,1,0,0,0,0,0,0,0,0,0,1,0
95.9,19,4,0,0,0,0,0,1,0,0,0,0,0,1,0,0,0,0
22.8,7,3,0,0,1,0,0,0,0,1,0,0,0,0,0,0,0,0
22.97,18,0,0,0,0,0,1,0,0,0,0,0,1,0,0,0,0,0
223.58,11,2,0,1,0,0,0,0,0,0,0,0,0,0,1,0,0,0
893.2,6,5,1,0,0,0,0,0,1,1,0,0,0,0,0,0,0,1
4.11,21,5,1,1,0,0,0,0,0,0,1,0,0,0,0,0,0,0
4.89,13,6,1,0,0,0,0,1,0,0,1,0,0,0,0,0,0,0
28.81,20,2,0,0,1,0,0,0,0,0,0,1,0,0,0,0,0,0
571.16,16,5,1,0,0,0,0,0,1,0,0,1,0,0,0,0,0,1
249.89,15,6,1,0,0,0,0,0,1,0,0,0,0,0,1,0,0,0
16.31,9,4,0,0,0,0,0,0,1,0,0,0,0,0,0,1,0,0
37.12,18,6,1,0,0,0,0,0,1,0,0,0,0,1,0,0,0,0
152.53,10,5,1,0,0,0,0,0,1,0,0,0,1,0,0,0,0,0
94.54,15,3,0,0,1,0,0,0,0,0,0,0,0,1,0,0,0,0
61.82,21,2,0,1,0,0,0,0,0,0,0,0,0,0,1,0,0,0
29.14,13,3,0,1,0,0,0,0,0,0,0,0,0,0,0,0,1,0
179.32,19,2,0,0,0,1,0,0,0,0,0,0,1,0,0,0,0,0
14.08,13,6,1,1,0,0,0,0,0,1,0,0,0,0,0,0,0,0
176.68,7,0,0,1,0,0,0,0,0,0,0,0,1,0,0,0,0,0
13.43,8,3,0,1,0,0,0,0,0,0,0,0,0,1,0,0,0,0
3.31,22,2,0,0,0,0,0,0,1,0,1,0,0,0,0,0,0,0
43.91,14,6,1,0,0,1,0,0,0,0,0,0,0,0,0,1,0,0
166.63,20,2,0,1,0,0,0,0,0,0,0,0,1,0,0,0,0,0
28.82,10,3,0,0,0,0,0,1,0,0,0,0,1,0,0,0,0,0
89.97,14,3,0,0,0,1,0,0,0,0,0,0,0,1,0,0,0,0
116.59,18,6,1,1,0,0,0,0,0,0,0,0,0,1,0,0,0,0
7.67,12,3,0,1,0,0,0,0,0,0,0,0,0,0,0,1,0,0
12.24,18,0,0,0,0,0,0,1,0,0,0,0,0,0,0,0,1,0
33.02,23,5,1,1,0,0,0,0,0,0,0,0,0,0,1,0,0,0
84.45,6,1,0,0,0,1,0,0,0,0,0,0,0,1,0,0,0,0
73.0,11,6,1,0,0,1,0,0,0,0,0,1,0,0,0,0,0,0
24.45,19,2,0,1,0,0,0,0,0,0,0,0,0,0,0,0,1,0
6.33,19,4,0,1,0,0,0,0,0,0,0,0,0,0,0,1,0,0
3.04,9,0,0,0,0,0,0,0,1,0,1,0,0,0,0,0,0,0
99.79,19,2,0,0,0,1,0,0,0,0,0,0,0,1,0,0,0,0
686.63,12,4,0,0,0,0,0,0,1,0,1,0,0,0,0,0,0,1
13.36,8,2,0,0,0,1,0,0,0,0,0,0,0,1,0,0,0,0
47.67,20,3,0,0,0,0,0,1,0,0,0,0,0,1,0,0,0,0
95.66,21,3,0,0,1,0,0,0,0,0,0,0,1,0,0,0,0,0
18.12,7,4,0,1,0,0,0,0,0,0,0,0,0,0,0,1,0,0
856.81,3,6,1,0,0,0,0,0,1,0,0,1,0,0,0,0,0,1
17.76,9,0,0,1,0,0,0,0,0,1,0,0,0,0,0,0,0,0
34.61,7,1,0,0,1,0,0,0,0,0,0,0,0,1,0,0,0,0
30.56,10,1,0,1,0,0,0,0,0,0,0,1,0,0,0,0,0,0
307.94,1,3,0,0,0,0,0,0,1,0,0,0,0,1,0,0,0,1
26.07,19,3,0,0,0,1,0,0,0,0,0,0,0,0,0,0,1,0
211.06,22,3,0,1,0,0,0,0,0,0,0,0,0,0,1,0,0,0
5.1,22,2,0,0,0,1,0,0,0,0,1,0,0,0,0,0,0,0
13.06,15,0,0,1,0,0,0,0,0,0,0,1,0,0,0,0,0,0
49.84,21,2,0,0,0,0,1,0,0,0,0,1,0,0,0,0,0,0
26.35,12,5,1,1,0,0,0,0,0,1,0,0,0,0,0,0,0,0
146.47,23,1,0,1,0,0,0,0,0,0,0,0,1,0,0,0,0,0
36.06,15,5,1,1,0,0,0,0,0,0,0,0,0,0,0,0,1,0
117.37,6,6,1,1,0,0,0,0,0,0,0,0,0,1,0,0,0,0
41.39,23,3,0,0,0,0,0,0,1,0,0,0,0,1,0,0,0,0
14.32,23,4,0,1,0,0,0,0,0,1,0,0,0,0,0,0,0,0
1128.42,3,2,0,0,0,0,0,0,1,0,0,0,0,0,1,0,0,1
86.79,16,0,0,0,0,0,0,0,1,0,0,0,0,1,0,0,0,0
78.84,22,0,0,0,0,1,0,0,0,0,0,0,0,0,1,0,0,0
8.74,6,5,1,1,0,0,0,0,0,0,0,0,0,0,0,0,1,0
665.16,4,0,0,0,0,0,0,0,1,1,0,0,0,0,0,0,0,1
147.16,19,6,1,0,0,1,0,0,0,0,0,0,1,0,0,0,0,0
18.81,23,2,0,1,0,0,0,0,0,1,0,0,0,0,0,0,0,0
29.31,14,2,0,0,0,0,0,0,1,1,0,0,0,0,0,0,0,0
40.91,18,0,0,0,0,1,0,0,0,0,0,0,0,0,0,1,0,0
619.82,2,0,0,0,0,0,0,0,1,0,1,0,0,0,0,0,0,1
41.93,18,0,0,0,1,0,0,0,0,0,0,0,0,0,0,1,0,0
24.77,8,2,0,0,0,0,0,1,0,1,0,0,0,0,0,0,0,0
16.69,20,1,0,1,0,0,0,0,0,0,0,0,0,0,0,1,0,0
515.66,2,2,0,0,0,0,0,1,0,1,0,0,0,0,0,0,0,1
63.81,13,6,1,1,0,0,0,0,0,0,0,0,1,0,0,0,0,0
18.5,22,1,0,0,0,1,0,0,0,0,0,0,0,0,0,1,0,0
36.62,10,0,0,0,1,0,0,0,0,0,0,0,0,1,0,0,0,0
12.93,7,4,0,0,1,0,0,0,0,0,0,1,0,0,0,0,0,0
29.27,16,6,1,0,0,0,0,0,1,0,0,0,0,0,0,0,1,0
21.34,11,6,1,0,0,0,0,0,1,1,0,0,0,0,0,0,0,0
42.8,11,6,1,1,0,0,0,0,0,0,0,0,0,1,0,0,0,0
690.41,11,1,0,0,1,0,0,0,0,0,0,0,0,0,0,0,1,1
23.52,6,2,0,0,0,0,1,0,0,0,0,0,0,0,0,0,1,0
161.01,13,0,0,1,0,0,0,0,0,0,0,0,1,0,0,0,0,0
60.02,8,6,1,0,1,0,0,0,0,0,0,0,1,0,0,0,0,0
37.93,18,2,0,0,1,0,0,0,0,0,0,0,0,0,1,0,0,0
148.41,16,6,1,0,0,1,0,0,0,0,0,0,1,0,0,0,0,0
1.77,10,3,0,0,1,0,0,0,0,0,1,0,0,0,0,0,0,0
4.96,23,1,0,0,0,0,0,1,0,0,1,0,0,0,0,0,0,0
60.69,15,5,1,1,0,0,0,0,0,0,0,1,0,0,0,0,0,0
2.13,23,4,0,1,0,0,0,0,0,0,1,0,0,0,0,0,0,0
21.7,16,0,0,0,1,0,0,0,0,0,0,0,0,0,0,1,0,0
53.61,11,0,0,0,0,0,0,0,1,0,0,1,0,0,0,0,0,0
77.77,23,2,0,1,0,0,0,0,0,0,0,1,0,0,0,0,0,0
82.02,11,5,1,0,0,1,0,0,0,0,0,0,0,1,0,0,0,0
45.15,18,6,1,0,0,0,1,0,0,0,0,1,0,0,0,0,0,0
27.65,11,1,0,0,0,0,1,0,0,1,0,0,0,0,0,0,0,0
23.98,23,4,0,0,0,0,1,0,0,1,0,0,0,0,0,0,0,0
27.92,23,2,0,0,0,0,0,0,1,1,0,0,0,0,0,0,0,0
212.23,19,0,0,0,0,0,0,0,1,0,0,0,0,0,1,0,0,0
34.9,22,0,0,0,0,0,0,0,1,1,0,0,0,0,0,0,0,0
16.56,21,3,0,1,0,0,0,0,0,0,0,0,0,0,0,0,1,0
75.22,14,0,0,1,0,0,0,0,0,0,0,0,0,0,1,0,0,0
26.0,23,6,1,0,0,0,0,0,1,1,0,0,0,0,0,0,0,0
65.62,18,6,1,1,0,0,0,0,0,0,0,0,1,0,0,0,0,0
264.87,19,1,0,1,0,0,0,0,0,0,0,0,0,0,1,0,0,0
86.1,23,3,0,0,0,0,0,0,1,0,0,0,0,1,0,0,0,0
175.51,18,5,1,1,0,0,0,0,0,0,0,0,1,0,0,0,0,0
4.58,8,0,0,0,0,1,0,0,0,0,1,0,0,0,0,0,0,0
85.53,15,2,0,1,0,0,0,0,0,0,0,0,0,1,0,0,0,0
69.19,14,4,0,0,0,0,0,0,1,0,0,1,0,0,0,0,0,0
821.79,4,0,0,0,0,0,0,0,1,0,0,0,1,0,0,0,0,1
23.72,21,3,0,1,0,0,0,0,0,0,0,0,0,0,0,1,0,0
121.27,23,4,0,0,0,0,0,1,0,0,0,0,0,0,1,0,0,0
583.26,21,5,1,1,0,0,0,0,0,0,0,0,0,0,0,0,1,1
1.58,22,2,0,1,0,0,0,0,0,0,1,0,0,0,0,0,0,0
12.57,8,1,0,0,0,0,0,1,0,0,0,0,0,0,0,0,1,0
40.21,16,5,1,0,0,1,0,0,0,0,0,0,0,0,0,1,0,0
124.33,11,3,0,0,1,0,0,0,0,0,0,0,1,0,0,0,0,0
1733.08,7,4,0,0,0,1,0,0,0,0,0,0,1,0,0,0,0,1
36.95,23,4,0,0,0,1,0,0,0,0,0,0,0,0,0,0,1,0
78.86,14,2,0,0,0,0,0,0,1,0,0,1,0,0,0,0,0,0
18.11,23,4,0,1,0,0,0,0,0,0,0,0,0,0,0,0,1,0
60.91,22,2,0,0,0,1,0,0,0,0,0,0,0,1,0,0,0,0
265.36,15,5,1,1,0,0,0,0,0,0,0,0,0,0,1,0,0,0
876.56,21,3,0,0,0,0,0,0,1,0,0,1,0,0,0,0,0,1
47.52,13,0,0,0,0,0,0,1,0,0,0,1,0,0,0,0,0,0
39.89,10,3,0,1,0,0,0,0,0,0,0,0,0,1,0,0,0,0
2167.38,15,3,0,0,0,0,0,0,1,0,0,0,0,1,0,0,0,1
73.56,16,1,0,1,0,0,0,0,0,0,0,0,0,0,1,0,0,0
20.92,19,4,0,0,0,0,0,1,0,0,0,0,0,0,0,0,1,0
5.76,17,1,0,0,0,1,0,0,0,0,1,0,0,0,0,0,0,0
12.2,18,0,0,0,0,0,0,0,1,0,0,0,0,0,0,0,1,0
136.22,21,2,0,1,0,0,0,0,0,0,0,0,1,0,0,0,0,0
3.85,17,3,0,0,0,0,0,0,1,0,1,0,0,0,0,0,0,0
2.19,16,2,0,1,0,0,0,0,0,0,1,0,0,0,0,0,0,0
36.47,8,4,0,0,0,0,1,0,0,0,0,0,0,0,0,0,1,0
111.62,19,4,0,1,0,0,0,0,0,0,0,0,0,1,0,0,0,0
3.66,15,2,0,0,0,0,0,0,1,0,1,0,0,0,0,0,0,0
31.93,19,3,0,0,1,0,0,0,0,0,0,0,0,0,1,0,0,0
5.22,6,2,0,0,0,0,0,0,1,0,1,0,0,0,0,0,0,0
48.22,20,3,0,1,0,0,0,0,0,0,0,0,0,0,0,1,0,0
26.82,14,6,1,0,0,0,1,0,0,0,0,0,0,0,0,1,0,0
179.18,14,4,0,0,1,0,0,0,0,0,0,0,0,0,1,0,0,0
137.95,22,6,1,0,0,1,0,0,0,0,0,0,1,0,0,0,0,0
253.07,15,4,0,1,0,0,0,0,0,0,0,0,0,0,1,0,0,0
13.24,23,1,0,1,0,0,0,0,0,1,0,0,0,0,0,0,0,0
321.18,14,4,0,0,0,0,0,1,0,0,1,0,0,0,0,0,0,1
41.19,23,2,0,1,0,0,0,0,0,0,0,0,0,0,0,1,0,0
9.3,6,5,1,0,0,1,0,0,0,0,0,0,0,0,0,0,1,0
104.16,17,6,1,0,0,0,0,0,1,0,0,0,0,1,0,0,0,0
8.65,10,1,0,0,1,0,0,0,0,0,0,0,0,0,0,0,1,0
55.65,20,5,1,0,0,0,0,1,0,0,0,1,0,0,0,0,0,0
2.01,13,0,0,0,0,0,0,0,1,0,1,0,0,0,0,0,0,0
37.79,11,5,1,1,0,0,0,0,0,0,0,0,0,0,0,1,0,0
23.8,23,2,0,0,0,1,0,0,0,0,0,0,0,0,0,0,1,0
118.54,3,2,0,0,0,0,0,0,1,0,0,0,0,0,0,0,1,1
2946.73,17,6,1,0,1,0,0,0,0,0,0,0,1,0,0,0,0,1
25.6,7,1,0,0,0,1,0,0,0,0,0,0,0,1,0,0,0,0
5.33,17,6,1,1,0,0,0,0,0,1,0,0,0,0,0,0,0,0
21.83,18,1,0,1,0,0,0,0,0,1,0,0,0,0,0,0,0,0
14.25,23,4,0,0,0,0,0,1,0,1,0,0,0,0,0,0,0,0
93.79,23,1,0,1,0,0,0,0,0,0,0,0,0,0,1,0,0,0
11.51,21,1,0,0,0,0,0,0,1,1,0,0,0,0,0,0,0,0
12.43,9,1,0,0,0,0,0,1,0,1,0,0,0,0,0,0,0,0
184.53,6,0,0,1,0,0,0,0,0,0,0,0,0,0,1,0,0,0
126.43,15,0,0,0,1,0,0,0,0,0,0,0,0,0,1,0,0,0
28.43,18,6,1,1,0,0,0,0,0,0,0,0,0,0,0,1,0,0
20.98,11,4,0,0,0,1,0,0,0,0,0,0,0,0,0,0,1,0
1564.37,1,3,0,0,0,0,1,0,0,0,0,0,0,0,0,0,1,1
38.71,9,6,1,1,0,0,0,0,0,0,0,0,0,0,0,1,0,0
111.64,10,6,1,1,0,0,0,0,0,0,0,0,1,0,0,0,0,0
15.66,7,4,0,1,0,0,0,0,0,0,0,1,0,0,0,0,0,0
18.34,21,2,0,0,1,0,0,0,0,1,0,0,0,0,0,0,0,0
63.59,9,0,0,1,0,0,0,0,0,0,0,1,0,0,0,0,0,0
3.6,19,2,0,1,0,0,0,0,0,0,1,0,0,0,0,0,0,0
4.4,9,4,0,0,1,0,0,0,0,0,1,0,0,0,0,0,0,0
12.63,7,1,0,0,0,0,0,0,1,1,0,0,0,0,0,0,0,0
59.67,6,2,0,0,1,0,0,0,0,0,0,1,0,0,0,0,0,0
535.0,1,3,0,0,0,0,0,0,1,0,1,0,0,0,0,0,0,1
246.11,17,4,0,1,0,0,0,0,0,0,0,0,0,0,1,0,0,0
58.1,15,1,0,0,1,0,0,0,0,0,0,0,0,1,0,0,0,0
56.6,11,5,1,0,0,1,0,0,0,0,0,0,0,0,0,1,0,0
29.71,16,4,0,0,0,0,0,0,1,0,0,0,0,0,0,0,1,0
446.88,2,2,0,0,1,0,0,0,0,1,0,0,0,0,0,0,0,1
12.94,12,3,0,0,1,0,0,0,0,0,0,1,0,0,0,0,0,0
65.81,16,3,0,0,1,0,0,0,0,0,0,0,1,0,0,0,0,0
20.92,15,3,0,0,0,0,0,1,0,0,0,0,0,0,0,0,1,0
21.94,17,4,0,0,0,1,0,0,0,0,0,0,0,0,0,0,1,0
51.12,6,2,0,1,0,0,0,0,0,0,0,1,0,0,0,0,0,0
34.26,9,4,0,0,0,0,0,1,0,0,0,0,0,1,0,0,0,0
4.2,6,6,1,1,0,0,0,0,0,0,1,0,0,0,0,0,0,0
197.04,8,5,1,0,0,0,0,0,1,0,0,0,1,0,0,0,0,0
352.51,3,3,0,0,0,0,0,0,1,0,0,0,0,1,0,0,0,1
127.38,8,2,0,0,0,0,0,0,1,0,0,0,0,0,1,0,0,0
89.77,6,0,0,1,0,0,0,0,0,0,0,0,0,0,1,0,0,0
4.54,6,2,0,0,0,0,0,0,1,0,1,0,0,0,0,0,0,0
9.07,18,4,0,0,0,0,0,1,0,1,0,0,0,0,0,0,0,0
6.43,11,3,0,0,0,0,0,0,1,1,0,0,0,0,0,0,0,0
638.69,0,3,0,0,0,0,0,1,0,0,1,0,0,0,0,0,0,1
14.17,9,4,0,0,0,0,0,0,1,0,0,0,0,0,0,0,1,0
144.15,15,2,0,1,0,0,0,0,0,0,0,0,1,0,0,0,0,0
29.75,12,6,1,1,0,0,0,0,0,1,0,0,0,0,0,0,0,0
35.17,6,5,1,0,0,1,0,0,0,0,0,0,0,0,0,0,1,0
183.74,20,2,0,0,1,0,0,0,0,0,0,0,1,0,0,0,0,0
25.21,19,6,1,0,1,0,0,0,0,1,0,0,0,0,0,0,0,0
86.56,21,0,0,1,0,0,0,0,0,0,0,0,0,1,0,0,0,0
3.98,14,4,0,0,0,1,0,0,0,0,1,0,0,0,0,0,0,0
37.88,18,1,0,0,0,1,0,0,0,0,0,0,0,0,0,0,1,0
23.26,11,1,0,0,1,0,0,0,0,0,0,0,0,0,0,1,0,0
283.85,16,0,0,0,0,1,0,0,0,0,0,0,0,0,1,0,0,0
15.11,22,1,0,0,1,0,0,0,0,0,0,0,0,0,0,1,0,0
31.25,12,1,0,0,1,0,0,0,0,0,0,0,0,0,0,0,1,0
151.78,19,1,0,0,0,0,1,0,0,0,0,0,1,0,0,0,0,0
17.3,20,6,1,0,0,0,0,1,0,1,0,0,0,0,0,0,0,0
2.79,11,4,0,1,0,0,0,0,0,0,1,0,0,0,0,0,0,0
30.07,20,2,0,0,1,0,0,0,0,0,0,0,0,0,0,0,1,0
106.83,23,1,0,1,0,0,0,0,0,0,0,0,0,1,0,0,0,0
4005.54,10,4,0,0,0,0,0,0,1,0,0,0,0,0,1,0,0,1
24.09,15,3,0,0,1,0,0,0,0,0,0,0,0,1,0,0,0,0
67.83,6,5,1,0,0,0,1,0,0,0,0,1,0,0,0,0,0,0
2081.54,11,3,0,0,0,0,0,0,1,0,0,0,0,1,0,0,0,1
6.13,6,6,1,1,0,0,0,0,0,0,0,0,0,0,0,1,0,0
32.6,18,3,0,1,0,0,0,0,0,0,0,0,0,0,0,1,0,0
127.56,22,3,0,0,0,0,1,0,0,0,0,0,1,0,0,0,0,0
251.89,22,1,0,1,0,0,0,0,0,0,0,0,0,0,1,0,0,0
14.58,21,3,0,1,0,0,0,0,0,0,0,0,0,0,0,1,0,0
3.26,20,1,0,0,1,0,0,0,0,0,1,0,0,0,0,0,0,0
15.83,19,3,0,1,0,0,0,0,0,1,0,0,0,0,0,0,0,0
125.84,11,4,0,0,0,0,0,1,0,0,0,0,1,0,0,0,0,0
19.23,18,0,0,1,0,0,0,0,0,0,0,0,0,0,0,1,0,0
22.4,8,1,0,0,0,1,0,0,0,1,0,0,0,0,0,0,0,0
174.28,11,5,1,1,0,0,0,0,0,0,0,0,1,0,0,0,0,0
151.79,18,5,1,1,0,0,0,0,0,0,0,0,0,0,1,0,0,0
60.89,8,0,0,0,0,0,0,0,1,0,0,0,0,1,0,0,0,0
66.19,23,3,0,0,0,1,0,0,0,0,0,0,1,0,0,0,0,0
866.52,2,0,0,0,0,0,0,1,0,0,0,0,0,0,0,1,0,1
10.78,19,0,0,1,0,0,0,0,0,0,0,0,0,0,0,1,0,0
44.22,19,1,0,0,1,0,0,0,0,0,0,1,0,0,0,0,0,0
14.56,8,6,1,0,0,1,0,0,0,0,0,0,0,1,0,0,0,0
7.17,17,4,0,1,0,0,0,0,0,1,0,0,0,0,0,0,0,0
392.53,1,5,1,0,0,0,0,0,1,0,0,0,1,0,0,0,0,1
283.02,18,2,0,1,0,0,0,0,0,0,0,0,0,0,1,0,0,0
3.54,8,4,0,0,0,0,0,1,0,0,1,0,0,0,0,0,0,0
584.73,9,5,1,0,0,0,0,0,1,0,0,1,0,0,0,0,0,1
2.63,14,1,0,0,0,0,0,0,1,0,1,0,0,0,0,0,0,0
80.96,11,2,0,1,0,0,0,0,0,0,0,0,0,1,0,0,0,0
33.32,13,0,0,1,0,0,0,0,0,1,0,0,0,0,0,0,0,0
595.5,4,6,1,0,1,0,0,0,0,0,0,1,0,0,0,0,0,1
1045.7,1,1,0,0,0,0,0,1,0,0,0,0,0,1,0,0,0,1
275.73,10,0,0,1,0,0,0,0,0,0,0,0,0,0,1,0,0,0
34.2,23,6,1,1,0,0,0,0,0,0,0,0,0,1,0,0,0,0
537.99,9,1,0,0,0,0,1,0,0,0,1,0,0,0,0,0,0,1
27.75,23,0,0,0,0,1,0,0,0,1,0,0,0,0,0,0,0,0
7.03,15,5,1,1,0,0,0,0,0,0,0,0,0,0,0,0,1,0
36.09,8,1,0,1,0,0,0,0,0,0,0,1,0,0,0,0,0,0
99.13,12,4,0,1,0,0,0,0,0,0,0,0,0,1,0,0,0,0
17.01,23,5,1,1,0,0,0,0,0,0,0,0,0,0,0,1,0,0
77.16,7,2,0,1,0,0,0,0,0,0,0,1,0,0,0,0,0,0
85.44,16,4,0,0,0,0,0,0,1,0,0,0,0,0,1,0,0,0
14.02,14,0,0,0,0,0,1,0,0,0,0,1,0,0,0,0,0,0
9.78,18,2,0,0,1,0,0,0,0,0,0,0,0,0,0,1,0,0
810.28,3,2,0,0,0,0,0,0,1,0,0,0,1,0,0,0,0,1
89.59,6,5,1,0,1,0,0,0,0,0,0,0,0,1,0,0,0,0
77.15,8,6,1,0,1,0,0,0,0,0,0,0,1,0,0,0,0,0
644.4,3,6,1,0,0,0,0,1,0,1,0,0,0,0,0,0,0,1
44.93,6,1,0,0,0,0,0,1,0,0,0,1,0,0,0,0,0,0
30.32,23,1,0,0,0,0,0,0,1,0,0,0,0,0,0,0,1,0
8.1,19,5,1,0,1,0,0,0,0,1,0,0,0,0,0,0,0,0
48.66,15,2,0,1,0,0,0,0,0,0,0,0,0,0,1,0,0,0
10.15,23,3,0,0,0,1,0,0,0,1,0,0,0,0,0,0,0,0
13.17,11,2,0,1,0,0,0,0,0,0,0,0,0,1,0,0,0,0
55.93,20,6,1,0,0,0,1,0,0,0,0,0,0,0,0,1,0,0
12.42,8,6,1,0,0,1,0,0,0,0,0,1,0,0,0,0,0,0
34.01,17,5,1,1,0,0,0,0,0,0,0,0,0,1,0,0,0,0
60.74,16,0,0,1,0,0,0,0,0,0,0,0,0,1,0,0,0,0
218.71,12,5,1,0,1,0,0,0,0,0,0,0,0,0,1,0,0,0
15.59,19,1,0,0,1,0,0,0,0,1,0,0,0,0,0,0,0,0
83.2,10,0,0,0,0,0,0,0,1,0,0,0,0,1,0,0,0,0
75.23,9,5,1,1,0,0,0,0,0,0,0,0,1,0,0,0,0,0
7.81,12,2,0,1,0,0,0,0,0,0,0,0,0,0,0,0,1,0
137.68,6,6,1,1,0,0,0,0,0,0,0,0,0,0,1,0,0,0
2.03,7,0,0,1,0,0,0,0,0,0,1,0,0,0,0,0,0,0
1552.21,15,5,1,0,0,0,1,0,0,0,0,0,0,1,0,0,0,1
12.89,23,5,1,1,0,0,0,0,0,1,0,0,0,0,0,0,0,0
99.55,12,6,1,0,1,0,0,0,0,0,0,0,1,0,0,0,0,0
542.5,20,5,1,0,0,0,0,0,1,0,0,0,0,0,0,0,1,1
56.03,7,3,0,0,0,1,0,0,0,0,0,1,0,0,0,0,0,0
218.67,21,4,0,0,0,0,0,0,1,0,0,0,0,0,1,0,0,0
40.92,7,5,1,0,1,0,0,0,0,0,0,0,0,0,0,1,0,0
3.63,6,3,0,0,1,0,0,0,0,0,1,0,0,0,0,0,0,0
954.25,17,6,1,0,0,0,0,0,1,0,0,0,0,0,0,0,1,1
92.17,23,3,0,1,0,0,0,0,0,0,0,0,0,1,0,0,0,0
15.38,14,2,0,1,0,0,0,0,0,0,0,0,0,0,0,1,0,0
111.65,8,6,1,1,0,0,0,0,0,0,0,0,0,1,0,0,0,0
2.87,12,0,0,0,1,0,0,0,0,0,1,0,0,0,0,0,0,0
38.64,15,6,1,0,0,0,0,0,1,0,0,0,0,0,0,0,1,0
147.5,22,0,0,1,0,0,0,0,0,0,0,0,1,0,0,0,0,0
203.29,12,0,0,1,0,0,0,0,0,0,0,0,0,0,1,0,0,0
29.71,8,5,1,0,0,0,0,0,1,0,0,0,0,0,0,0,1,0
39.82,12,1,0,1,0,0,0,0,0,0,0,0,0,0,0,0,1,0
26.09,9,4,0,0,0,1,0,0,0,1,0,0,0,0,0,0,0,0
117.19,20,3,0,0,0,0,0,0,1,0,0,0,0,1,0,0,0,0
5.95,17,2,0,0,0,1,0,0,0,1,0,0,0,0,0,0,0,0
111.13,7,5,1,0,0,0,1,0,0,0,0,0,0,1,0,0,0,0
176.89,1,2,0,0,0,0,0,0,1,0,0,0,0,0,0,0,1,1
187.3,6,4,0,0,0,0,0,0,1,0,0,0,0,0,1,0,0,0
18.54,13,1,0,0,0,0,0,0,1,0,0,0,0,0,0,1,0,0
75.86,17,1,0,1,0,0,0,0,0,0,0,0,0,1,0,0,0,0
26.83,22,4,0,0,0,1,0,0,0,0,0,1,0,0,0,0,0,0
33.08,15,3,0,0,1,0,0,0,0,0,0,0,0,0,1,0,0,0
1109.26,22,3,0,1,0,0,0,0,0,0,0,0,0,0,0,1,0,1
769.0,0,0,0,0,0,0,0,0,1,0,0,0,0,0,1,0,0,1
51.14,17,1,0,1,0,0,0,0,0,0,0,0,0,0,0,1,0,0
47.06,6,5,1,0,0,0,0,0,1,0,0,0,1,0,0,0,0,0
7.84,22,3,0,0,1,0,0,0,0,0,0,0,0,0,0,0,1,0
46.91,13,5,1,0,1,0,0,0,0,0,0,0,0,0,0,1,0,0
197.36,4,6,1,0,0,0,0,0,1,0,0,0,0,1,0,0,0,1
2675.36,17,4,0,0,0,0,0,0,1,0,0,0,1,0,0,0,0,1
5.73,9,4,0,0,0,0,0,1,0,0,0,0,0,0,0,1,0,0
21.71,6,3,0,0,0,0,0,0,1,1,0,0,0,0,0,0,0,0
162.36,11,1,0,0,0,0,0,0,1,0,0,0,0,0,1,0,0,0
263.17,18,0,0,1,0,0,0,0,0,0,0,0,0,0,1,0,0,0
3.22,9,3,0,0,0,1,0,0,0,0,1,0,0,0,0,0,0,0
1988.74,2,1,0,0,0,0,0,0,1,0,0,0,0,0,0,1,0,1
26.62,10,2,0,0,0,1,0,0,0,1,0,0,0,0,0,0,0,0
4.92,21,4,0,1,0,0,0,0,0,0,1,0,0,0,0,0,0,0
4.99,6,6,1,1,0,0,0,0,0,0,1,0,0,0,0,0,0,0
34.16,17,0,0,1,0,0,0,0,0,1,0,0,0,0,0,0,0,0
42.27,11,3,0,0,0,1,0,0,0,0,0,0,1,0,0,0,0,0
32.59,22,5,1,0,0,0,0,0,1,0,0,0,0,0,0,0,1,0
48.0,20,4,0,0,0,0,0,1,0,0,0,0,1,0,0,0,0,0
561.05,3,4,0,0,0,0,0,0,1,0,1,0,0,0,0,0,0,1
15.71,21,0,0,0,1,0,0,0,0,0,0,0,0,0,0,1,0,0
18.46,16,1,0,0,0,1,0,0,0,1,0,0,0,0,0,0,0,0
146.42,17,5,1,0,0,1,0,0,0,0,0,0,1,0,0,0,0,0
11.05,13,0,0,1,0,0,0,0,0,1,0,0,0,0,0,0,0,0
2.35,22,1,0,1,0,0,0,0,0,0,1,0,0,0,0,0,0,0
59.26,19,3,0,1,0,0,0,0,0,0,0,0,0,1,0,0,0,0
35.13,23,3,0,0,0,0,1,0,0,0,0,1,0,0,0,0,0,0
293.16,2,3,0,0,0,0,0,0,1,0,0,0,1,0,0,0,0,1
35.52,20,3,0,0,1,0,0,0,0,0,0,0,1,0,0,0,0,0
14.4,19,2,0,0,0,1,0,0,0,0,0,0,0,0,0,1,0,0
188.89,17,2,0,1,0,0,0,0,0,0,0,0,1,0,0,0,0,0
108.91,19,6,1,0,0,0,0,0,1,0,0,0,0,0,1,0,0,0
56.51,11,4,0,0,0,0,0,1,0,0,0,1,0,0,0,0,0,0
95.13,22,6,1,1,0,0,0,0,0,0,0,0,1,0,0,0,0,0
84.68,11,5,1,0,0,1,0,0,0,0,0,0,0,1,0,0,0,0
71.2,19,2,0,0,1,0,0,0,0,0,0,0,1,0,0,0,0,0
54.98,12,1,0,0,0,0,1,0,0,0,0,1,0,0,0,0,0,0
43.3,16,6,1,0,0,0,0,0,1,0,0,0,0,0,0,1,0,0
32.39,22,5,1,1,0,0,0,0,0,0,0,0,0,0,1,0,0,0
43.99,20,5,1,1,0,0,0,0,0,0,0,1,0,0,0,0,0,0
15.47,16,4,0,0,0,1,0,0,0,0,0,0,0,0,0,1,0,0
9.65,17,3,0,1,0,0,0,0,0,1,0,0,0,0,0,0,0,0
68.94,12,3,0,0,0,0,1,0,0,0,0,0,1,0,0,0,0,0
19.16,22,2,0,1,0,0,0,0,0,0,0,0,1,0,0,0,0,0
19.22,6,4,0,1,0,0,0,0,0,0,0,0,0,0,0,0,1,0
211.56,6,2,0,1,0,0,0,0,0,0,0,0,0,0,1,0,0,0
1427.47,22,4,0,0,1,0,0,0,0,0,0,0,0,0,0,0,1,1
7.85,15,2,0,0,0,0,0,0,1,1,0,0,0,0,0,0,0,0
73.9,18,2,0,1,0,0,0,0,0,0,0,0,1,0,0,0,0,0
5.04,21,5,1,1,0,0,0,0,0,0,0,0,0,0,0,0,1,0
2.31,7,0,0,0,0,0,0,0,1,0,1,0,0,0,0,0,0,0
1107.93,6,6,1,0,1,0,0,0,0,0,0,1,0,0,0,0,0,1
109.4,15,1,0,1,0,0,0,0,0,0,0,0,0,1,0,0,0,0
1.53,23,4,0,1,0,0,0,0,0,0,1,0,0,0,0,0,0,0
31.59,21,0,0,1,0,0,0,0,0,0,0,0,0,0,0,0,1,0
65.96,8,2,0,1,0,0,0,0,0,0,0,0,0,1,0,0,0,0
27.33,14,0,0,1,0,0,0,0,0,0,0,0,0,0,0,0,1,0
7.52,21,1,0,1,0,0,0,0,0,0,0,0,0,0,0,0,1,0
5.14,7,0,0,0,0,0,0,1,0,0,1,0,0,0,0,0,0,0
62.85,14,5,1,1,0,0,0,0,0,0,0,0,0,1,0,0,0,0
16.81,23,3,0,0,1,0,0,0,0,0,0,0,0,0,0,0,1,0
22.57,15,5,1,0,0,0,1,0,0,0,0,0,0,0,0,0,1,0
119.28,1,2,0,0,0,0,0,0,1,0,0,0,0,1,0,0,0,1
766.52,1,2,0,0,0,0,0,0,1,0,0,0,1,0,0,0,0,1
59.74,8,1,0,0,0,0,0,0,1,0,0,0,1,0,0,0,0,0
86.79,20,5,1,1,0,0,0,0,0,0,0,0,0,1,0,0,0,0
24.72,7,1,0,0,0,0,0,1,0,1,0,0,0,0,0,0,0,0
970.87,14,4,0,0,0,0,0,0,1,0,0,1,0,0,0,0,0,1
28.24,14,3,0,0,0,1,0,0,0,0,0,0,0,1,0,0,0,0
29.68,18,0,0,0,0,0,0,0,1,0,0,0,0,0,0,0,1,0
15.91,18,1,0,1,0,0,0,0,0,0,0,0,0,0,0,0,1,0
89.86,13,5,1,0,0,1,0,0,0,0,0,0,0,1,0,0,0,0
112.34,9,0,0,1,0,0,0,0,0,0,0,0,0,1,0,0,0,0
28.37,15,4,0,1,0,0,0,0,0,1,0,0,0,0,0,0,0,0
26.83,7,6,1,0,0,1,0,0,0,1,0,0,0,0,0,0,0,0
9.98,12,3,0,0,0,1,0,0,0,1,0,0,0,0,0,0,0,0
100.78,9,2,0,1,0,0,0,0,0,0,0,0,0,1,0,0,0,0
1.6,23,2,0,0,1,0,0,0,0,0,1,0,0,0,0,0,0,0
13.15,17,0,0,1,0,0,0,0,0,0,0,0,0,0,0,0,1,0
53.17,15,0,0,0,0,0,0,1,0,0,0,0,0,1,0,0,0,0
8.07,13,1,0,0,0,0,0,0,1,0,0,0,0,0,0,0,1,0
21.31,6,1,0,0,1,0,0,0,0,0,0,0,0,1,0,0,0,0
41.79,0,4,0,0,0,0,0,0,1,1,0,0,0,0,0,0,0,1
22.62,17,3,0,1,0,0,0,0,0,0,0,0,0,0,0,1,0,0
144.65,15,2,0,1,0,0,0,0,0,0,0,0,1,0,0,0,0,0
61.87,8,6,1,1,0,0,0,0,0,0,0,1,0,0,0,0,0,0
55.25,21,1,0,0,0,0,0,0,1,0,0,1,0,0,0,0,0,0
142.39,7,0,0,0,0,0,0,1,0,0,0,0,1,0,0,0,0,0
10.21,16,5,1,0,0,0,0,1,0,0,0,0,0,0,0,0,1,0
2.06,11,6,1,0,0,0,0,1,0,0,1,0,0,0,0,0,0,0
22.73,19,6,1,0,0,0,1,0,0,1,0,0,0,0,0,0,0,0
68.09,23,3,0,0,0,1,0,0,0,0,0,0,0,1,0,0,0,0
15.03,17,1,0,0,1,0,0,0,0,0,0,0,0,0,0,0,1,0
38.86,12,4,0,0,0,1,0,0,0,0,0,0,0,0,0,1,0,0
5.87,11,5,1,0,1,0,0,0,0,0,1,0,0,0,0,0,0,0
31.06,17,4,0,0,0,1,0,0,0,0,0,0,0,0,0,0,1,0
28.19,11,1,0,0,0,0,0,0,1,0,0,0,0,0,0,0,1,0
20.3,19,2,0,0,0,0,0,0,1,0,0,0,0,0,0,1,0,0
19.13,22,1,0,1,0,0,0,0,0,0,0,0,0,0,0,0,1,0
524.67,19,4,0,0,0,0,0,0,1,0,1,0,0,0,0,0,0,1
34.26,19,5,1,1,0,0,0,0,0,1,0,0,0,0,0,0,0,0
279.86,19,0,0,1,0,0,0,0,0,0,0,0,0,0,1,0,0,0
7.36,11,6,1,1,0,0,0,0,0,0,0,0,0,0,0,0,1,0
1.71,15,0,0,0,0,0,0,0,1,0,1,0,0,0,0,0,0,0
62.45,6,5,1,1,0,0,0,0,0,0,0,0,0,1,0,0,0,0
18.1,23,3,0,0,0,1,0,0,0,1,0,0,0,0,0,0,0,0
30.77,21,5,1,0,1,0,0,0,0,0,0,0,0,1,0,0,0,0
180.19,1,0,0,0,0,0,0,0,1,0,0,0,0,0,0,1,0,1
40.94,3,5,1,0,0,0,0,0,1,0,0,0,0,0,0,0,1,1
94.33,19,3,0,0,1,0,0,0,0,0,0,0,1,0,0,0,0,0
29.98,13,2,0,1,0,0,0,0,0,0,0,0,0,1,0,0,0,0
5.83,7,3,0,0,0,0,0,0,1,0,1,0,0,0,0,0,0,0
123.45,14,0,0,1,0,0,0,0,0,0,0,0,0,0,1,0,0,0
259.25,9,1,0,0,1,0,0,0,0,0,0,0,0,0,1,0,0,0
2.82,18,3,0,0,0,1,0,0,0,0,1,0,0,0,0,0,0,0
470.67,3,4,0,0,0,0,0,0,1,0,1,0,0,0,0,0,0,1
30.96,16,6,1,0,0,0,0,0,1,1,0,0,0,0,0,0,0,0
52.44,15,1,0,0,1,0,0,0,0,0,0,0,1,0,0,0,0,0
65.97,20,5,1,0,0,1,0,0,0,0,0,1,0,0,0,0,0,0
147.96,17,3,0,0,0,0,0,0,1,0,0,0,1,0,0,0,0,0
745.79,4,2,0,0,0,0,0,0,1,0,0,0,1,0,0,0,0,1
68.88,23,5,1,1,0,0,0,0,0,0,0,0,0,1,0,0,0,0
8.89,8,3,0,0,0,0,0,0,1,1,0,0,0,0,0,0,0,0
30.09,23,5,1,0,1,0,0,0,0,0,0,0,0,1,0,0,0,0
13.24,23,2,0,0,0,0,0,0,1,1,0,0,0,0,0,0,0,0
929.14,4,3,0,0,0,0,0,0,1,0,0,0,0,0,1,0,0,1
2194.07,2,3,0,0,0,0,0,1,0,0,0,0,1,0,0,0,0,1
23.31,1,1,0,0,0,0,0,0,1,0,1,0,0,0,0,0,0,1
6.48,15,2,0,0,0,0,0,0,1,0,0,0,0,0,0,0,1,0
664.59,2,6,1,0,0,0,1,0,0,0,0,0,0,0,0,0,1,1
47.77,12,1,0,0,1,0,0,0,0,0,0,0,0,1,0,0,0,0
46.2,8,1,0,0,0,1,0,0,0,0,0,0,0,0,0,1,0,0
33.73,8,1,0,0,0,0,0,0,1,0,0,0,0,0,0,1,0,0
4569.44,0,5,1,0,0,0,0,0,1,0,0,0,0,0,1,0,0,1
13.42,14,1,0,0,1,0,0,0,0,0,0,0,0,0,0,0,1,0
101.08,17,3,0,0,0,0,0,0,1,0,0,0,0,1,0,0,0,0
77.18,18,0,0,1,0,0,0,0,0,0,0,0,0,1,0,0,0,0
103.93,15,0,0,0,0,0,0,0,1,0,0,0,0,0,1,0,0,0
36.89,11,4,0,0,1,0,0,0,0,0,0,0,0,1,0,0,0,0
65.02,0,1,0,0,0,0,0,0,1,1,0,0,0,0,0,0,0,1
278.63,3,6,1,0,0,0,0,0,1,0,0,0,0,0,0,1,0,1
85.97,14,4,0,1,0,0,0,0,0,0,0,0,0,1,0,0,0,0
711.23,0,0,0,0,0,0,0,0,1,0,0,0,0,0,0,1,0,1
87.67,9,1,0,0,0,1,0,0,0,0,0,0,1,0,0,0,0,0
18.31,10,4,0,1,0,0,0,0,0,0,0,0,0,0,0,1,0,0
39.2,19,2,0,0,0,0,0,0,1,0,0,0,0,0,0,1,0,0
26.52,17,1,0,0,0,0,1,0,0,0,0,0,0,0,1,0,0,0
30.62,10,5,1,0,0,1,0,0,0,0,0,0,0,0,0,0,1,0
194.6,17,6,1,1,0,0,0,0,0,0,0,0,1,0,0,0,0,0
33.71,7,0,0,0,1,0,0,0,0,0,0,0,0,0,0,1,0,0
118.14,19,4,0,0,0,1,0,0,0,0,0,0,1,0,0,0,0,0
5.62,23,4,0,1,0,0,0,0,0,0,1,0,0,0,0,0,0,0
28.27,8,5,1,0,1,0,0,0,0,0,0,0,0,0,0,1,0,0
5.11,22,1,0,1,0,0,0,0,0,0,1,0,0,0,0,0,0,0
27.0,12,1,0,0,1,0,0,0,0,0,0,1,0,0,0,0,0,0
4.25,17,3,0,0,1,0,0,0,0,0,1,0,0,0,0,0,0,0
84.17,12,1,0,1,0,0,0,0,0,0,0,0,0,0,1,0,0,0
145.77,12,4,0,1,0,0,0,0,0,0,0,0,0,0,1,0,0,0
123.71,15,5,1,0,1,0,0,0,0,0,0,0,1,0,0,0,0,0
21.82,13,4,0,0,0,0,0,0,1,0,0,0,0,0,0,0,1,0
22.66,20,2,0,1,0,0,0,0,0,1,0,0,0,0,0,0,0,0
32.32,1,2,0,0,0,0,0,0,1,1,0,0,0,0,0,0,0,1
118.24,6,5,1,1,0,0,0,0,0,0,0,0,0,1,0,0,0,0
15.07,10,4,0,0,0,0,0,0,1,0,0,0,0,0,0,0,1,0
1251.4,22,4,0,0,0,0,0,0,1,0,0,0,0,0,0,1,0,1
49.87,23,3,0,0,0,0,1,0,0,0,0,1,0,0,0,0,0,0
52.0,19,5,1,0,0,0,0,0,1,0,0,0,1,0,0,0,0,0
4.28,6,5,1,1,0,0,0,0,0,0,1,0,0,0,0,0,0,0
138.7,14,6,1,1,0,0,0,0,0,0,0,0,1,0,0,0,0,0
1.81,9,3,0,1,0,0,0,0,0,0,1,0,0,0,0,0,0,0
133.44,12,4,0,0,0,0,0,0,1,0,0,0,1,0,0,0,0,0
2.31,13,3,0,1,0,0,0,0,0,0,1,0,0,0,0,0,0,0
89.29,6,6,1,1,0,0,0,0,0,0,0,0,0,1,0,0,0,0
2.76,20,5,1,1,0,0,0,0,0,0,1,0,0,0,0,0,0,0
194.2,8,1,0,0,0,0,0,0,1,0,0,0,1,0,0,0,0,0
602.29,12,3,0,0,0,0,0,0,1,0,1,0,0,0,0,0,0,1
223.0,2,1,0,0,0,0,0,0,1,0,0,1,0,0,0,0,0,1
193.75,8,0,0,0,0,0,0,1,0,0,0,0,1,0,0,0,0,0
19.86,4,1,0,0,0,0,0,0,1,0,1,0,0,0,0,0,0,1
125.89,21,4,0,1,0,0,0,0,0,0,0,0,1,0,0,0,0,0
39.69,18,0,0,0,0,0,0,0,1,0,0,0,0,0,0,0,1,0
8.7,20,0,0,1,0,0,0,0,0,1,0,0,0,0,0,0,0,0
42.83,10,3,0,0,0,0,0,0,1,0,0,0,0,0,0,1,0,0
157.57,23,6,1,0,1,0,0,0,0,0,0,0,1,0,0,0,0,0
55.66,16,1,0,0,0,1,0,0,0,0,0,0,0,0,0,1,0,0
64.44,10,4,0,0,1,0,0,0,0,0,0,1,0,0,0,0,0,0
24.92,9,2,0,1,0,0,0,0,0,0,0,0,0,0,0,0,1,0
8.59,7,6,1,0,0,0,0,0,1,1,0,0,0,0,0,0,0,0
19.39,21,6,1,1,0,0,0,0,0,0,0,0,0,0,0,1,0,0
84.51,22,4,0,0,1,0,0,0,0,0,0,0,0,0,1,0,0,0
28.03,22,3,0,0,0,1,0,0,0,0,0,0,1,0,0,0,0,0
17.09,15,1,0,0,0,1,0,0,0,0,0,0,0,1,0,0,0,0
5.58,15,1,0,1,0,0,0,0,0,0,1,0,0,0,0,0,0,0
238.46,13,3,0,0,0,0,0,0,1,0,0,0,0,0,1,0,0,0
32.42,7,4,0,1,0,0,0,0,0,0,0,0,0,0,0,1,0,0
8.32,8,5,1,1,0,0,0,0,0,1,0,0,0,0,0,0,0,0
64.59,20,3,0,0,0,0,0,0,1,0,0,0,0,0,1,0,0,0
1.63,19,3,0,0,0,0,0,0,1,0,1,0,0,0,0,0,0,0
5.31,23,6,1,1,0,0,0,0,0,1,0,0,0,0,0,0,0,0
898.22,0,1,0,1,0,0,0,0,0,1,0,0,0,0,0,0,0,1
36.38,10,4,0,1,0,0,0,0,0,0,0,0,0,0,0,0,1,0
24.15,14,1,0,1,0,0,0,0,0,0,0,0,0,0,0,0,1,0
18.63,22,6,1,1,0,0,0,0,0,0,0,0,0,0,0,1,0,0
15.24,17,6,1,0,0,0,0,0,1,0,0,0,0,0,0,0,1,0
21.89,15,5,1,0,0,1,0,0,0,0,0,0,0,1,0,0,0,0
1351.42,0,4,0,0,0,0,0,0,1,0,0,0,0,0,1,0,0,1
46.13,9,5,1,0,0,0,0,0,1,0,0,0,0,0,0,1,0,0
3.51,14,5,1,0,1,0,0,0,0,0,1,0,0,0,0,0,0,0
2.66,18,0,0,1,0,0,0,0,0,0,1,0,0,0,0,0,0,0
3.88,18,1,0,1,0,0,0,0,0,0,1,0,0,0,0,0,0,0
39.33,8,4,0,0,1,0,0,0,0,0,0,0,0,1,0,0,0,0
17.02,12,4,0,0,0,0,0,0,1,1,0,0,0,0,0,0,0,0
246.96,22,5,1,1,0,0,0,0,0,0,0,0,0,0,1,0,0,0
115.13,19,3,0,1,0,0,0,0,0,0,0,0,0,0,1,0,0,0
117.07,17,4,0,1,0,0,0,0,0,0,0,0,0,1,0,0,0,0
1249.77,1,6,1,0,0,0,0,0,1,0,0,0,0,0,1,0,0,1
139.4,18,3,0,1,0,0,0,0,0,0,0,0,0,0,1,0,0,0
303.8,1,2,0,0,0,0,0,0,1,0,0,0,1,0,0,0,0,1
17.81,17,1,0,0,1,0,0,0,0,0,0,0,0,0,0,0,1,0
115.73,21,2,0,1,0,0,0,0,0,0,0,0,1,0,0,0,0,0
34.29,15,1,0,0,1,0,0,0,0,0,0,0,0,0,0,1,0,0
17.57,11,6,1,0,0,0,0,0,1,0,0,0,0,0,0,0,1,0
56.67,9,6,1,0,1,0,0,0,0,0,0,0,0,0,0,1,0,0
16.72,13,3,0,1,0,0,0,0,0,0,0,0,0,0,0,1,0,0
25.31,4,1,0,0,0,0,0,0,1,0,1,0,0,0,0,0,0,1
16.03,18,5,1,0,1,0,0,0,0,0,0,0,0,0,0,0,1,0
51.15,14,0,0,0,0,0,1,0,0,0,0,0,0,0,0,1,0,0
73.95,17,3,0,0,0,0,0,0,1,0,0,0,1,0,0,0,0,0
21.38,6,2,0,0,0,1,0,0,0,0,0,0,0,0,0,0,1,0
27.4,13,0,0,1,0,0,0,0,0,0,0,0,0,0,0,1,0,0
12.6,6,3,0,1,0,0,0,0,0,0,0,0,0,0,0,0,1,0
13.28,19,2,0,0,0,0,0,0,1,0,0,0,0,0,0,1,0,0
29.44,10,3,0,0,1,0,0,0,0,0,0,0,0,0,0,1,0,0
64.49,10,2,0,1,0,0,0,0,0,0,0,0,0,1,0,0,0,0
23.3,9,1,0,0,0,0,0,0,1,0,0,1,0,0,0,0,0,0
125.51,13,2,0,1,0,0,0,0,0,0,0,0,0,0,1,0,0,0
159.81,3,4,0,0,0,0,0,0,1,1,0,0,0,0,0,0,0,1
33.83,18,1,0,1,0,0,0,0,0,1,0,0,0,0,0,0,0,0
27.97,16,6,1,0,0,0,0,0,1,0,0,0,0,0,1,0,0,0
92.51,23,1,0,1,0,0,0,0,0,0,0,0,0,0,1,0,0,0
76.28,16,5,1,1,0,0,0,0,0,0,0,1,0,0,0,0,0,0
60.49,8,0,0,1,0,0,0,0,0,0,0,0,0,0,1,0,0,0
1.87,7,3,0,0,0,0,1,0,0,0,1,0,0,0,0,0,0,0
37.58,23,3,0,0,1,0,0,0,0,0,0,0,0,0,0,0,1,0
53.44,9,0,0,0,0,0,0,1,0,0,0,0,0,0,1,0,0,0
2.37,23,6,1,0,1,0,0,0,0,0,1,0,0,0,0,0,0,0
14.62,12,0,0,1,0,0,0,0,0,0,0,0,0,0,0,1,0,0
976.98,3,4,0,0,0,0,0,0,1,0,0,1,0,0,0,0,0,1
16.77,20,2,0,0,0,0,0,0,1,0,0,0,0,0,0,0,1,0
10.27,23,6,1,0,0,0,0,0,1,0,0,0,0,1,0,0,0,0
26.97,11,4,0,0,1,0,0,0,0,0,0,0,0,0,0,1,0,0
6.4,17,2,0,0,0,0,0,0,1,1,0,0,0,0,0,0,0,0
183.6,21,5,1,1,0,0,0,0,0,0,0,0,0,0,1,0,0,0
222.29,22,4,0,1,0,0,0,0,0,0,0,0,0,0,1,0,0,0
2997.41,1,6,1,0,0,0,1,0,0,0,0,0,1,0,0,0,0,1
12.06,23,6,1,0,0,1,0,0,0,1,0,0,0,0,0,0,0,0
27.86,6,4,0,1,0,0,0,0,0,0,0,0,0,0,1,0,0,0
4.98,12,2,0,0,0,0,0,0,1,0,1,0,0,0,0,0,0,0
287.65,12,0,0,1,0,0,0,0,0,0,0,0,0,0,1,0,0,0
39.18,22,3,0,1,0,0,0,0,0,0,0,0,0,0,0,0,1,0
24.95,12,5,1,1,0,0,0,0,0,0,0,0,0,0,0,1,0,0
49.6,15,5,1,0,0,0,0,1,0,0,0,1,0,0,0,0,0,0
62.86,20,5,1,0,0,1,0,0,0,0,0,0,1,0,0,0,0,0
27.78,13,2,0,0,1,0,0,0,0,0,0,1,0,0,0,0,0,0
128.07,0,4,0,0,0,0,0,0,1,0,0,0,0,0,0,0,1,1
7.0,23,0,0,0,0,0,0,0,1,0,0,0,0,0,0,0,1,0
16.6,17,0,0,1,0,0,0,0,0,0,0,1,0,0,0,0,0,0
32.11,19,2,0,0,0,1,0,0,0,0,0,0,0,0,0,0,1,0
26.54,18,5,1,1,0,0,0,0,0,0,0,0,0,0,0,0,1,0
557.94,2,4,0,0,0,0,0,1,0,0,1,0,0,0,0,0,0,1
60.48,10,5,1,0,0,0,0,0,1,0,0,0,0,0,1,0,0,0
158.54,2,6,1,0,0,0,0,0,1,1,0,0,0,0,0,0,0,1
19.94,14,5,1,0,0,0,0,0,1,0,0,0,0,0,0,1,0,0
17.5,8,6,1,0,0,1,0,0,0,0,0,0,0,0,0,1,0,0
28.7,18,5,1,0,1,0,0,0,0,1,0,0,0,0,0,0,0,0
3.86,19,1,0,0,0,0,1,0,0,0,1,0,0,0,0,0,0,0
11.59,6,4,0,0,0,0,0,0,1,0,0,0,0,1,0,0,0,0
3.73,12,3,0,0,0,0,1,0,0,0,1,0,0,0,0,0,0,0
37.18,21,2,0,0,1,0,0,0,0,0,0,0,0,0,0,1,0,0
347.51,0,4,0,0,0,0,0,0,1,0,0,0,0,1,0,0,0,1
4267.13,1,4,0,1,0,0,0,0,0,0,0,0,0,0,1,0,0,1
136.66,23,3,0,1,0,0,0,0,0,0,0,0,0,0,1,0,0,0
224.99,23,5,1,1,0,0,0,0,0,0,0,0,0,0,1,0,0,0
5.42,16,3,0,1,0,0,0,0,0,0,0,0,0,0,0,0,1,0
17.83,19,4,0,1,0,0,0,0,0,0,0,1,0,0,0,0,0,0
40.57,0,5,1,0,0,0,0,0,1,1,0,0,0,0,0,0,0,1
37.17,21,1,0,1,0,0,0,0,0,0,0,0,0,0,0,1,0,0
28.37,22,4,0,1,0,0,0,0,0,1,0,0,0,0,0,0,0,0
199.66,10,0,0,0,1,0,0,0,0,0,0,0,1,0,0,0,0,0
2390.97,3,5,1,0,0,0,0,0,1,0,0,0,0,1,0,0,0,1
109.54,2,2,0,0,0,0,0,0,1,0,0,0,0,0,0,0,1,1
26.45,9,6,1,1,0,0,0,0,0,1,0,0,0,0,0,0,0,0
296.59,17,2,0,1,0,0,0,0,0,0,0,0,0,0,1,0,0,0
1.99,23,5,1,0,0,0,0,0,1,0,1,0,0,0,0,0,0,0
127.19,17,1,0,0,0,0,1,0,0,0,0,0,0,0,1,0,0,0
1.77,20,3,0,0,0,1,0,0,0,0,1,0,0,0,0,0,0,0
1.53,9,1,0,1,0,0,0,0,0,0,1,0,0,0,0,0,0,0
36.95,23,1,0,0,0,0,0,1,0,0,0,1,0,0,0,0,0,0
129.37,8,1,0,0,0,0,0,0,1,0,0,0,0,0,1,0,0,0
10.22,20,4,0,0,0,0,0,0,1,1,0,0,0,0,0,0,0,0
15.98,10,6,1,0,0,0,0,0,1,1,0,0,0,0,0,0,0,0
180.88,7,5,1,1,0,0,0,0,0,0,0,0,1,0,0,0,0,0
123.96,19,0,0,0,0,0,0,0,1,0,0,0,1,0,0,0,0,0
37.22,18,0,0,1,0,0,0,0,0,0,0,0,0,0,0,1,0,0
15.4,8,6,1,0,0,0,0,0,1,0,0,0,0,0,0,0,1,0
51.53,19,3,0,1,0,0,0,0,0,0,0,1,0,0,0,0,0,0
14.94,23,1,0,0,0,0,0,0,1,0,0,1,0,0,0,0,0,0
266.18,16,0,0,1,0,0,0,0,0,0,0,0,0,0,1,0,0,0
116.18,8,0,0,0,0,0,0,1,0,0,0,0,0,0,1,0,0,0
4431.53,3,3,0,0,0,0,0,0,1,0,0,0,0,0,1,0,0,1
35.83,8,1,0,1,0,0,0,0,0,0,0,0,0,0,1,0,0,0
39.25,6,3,0,1,0,0,0,0,0,0,0,1,0,0,0,0,0,0
175.45,20,0,0,0,0,0,0,1,0,0,0,0,1,0,0,0,0,0
15.23,4,4,0,0,0,0,0,0,1,0,0,0,0,0,0,0,1,1
63.56,18,0,0,0,0,1,0,0,0,0,0,0,1,0,0,0,0,0
31.91,11,5,1,0,0,1,0,0,0,0,0,0,0,0,0,1,0,0
274.16,16,0,0,1,0,0,0,0,0,0,0,0,0,0,1,0,0,0
109.16,8,0,0,1,0,0,0,0,0,0,0,0,0,0,1,0,0,0
15.27,7,0,0,0,0,1,0,0,0,0,0,0,0,0,0,0,1,0
3.0,23,2,0,0,0,0,0,0,1,0,1,0,0,0,0,0,0,0
23.58,8,0,0,1,0,0,0,0,0,0,0,0,0,0,0,1,0,0
44.75,10,4,0,0,0,0,0,0,1,0,0,0,0,0,0,1,0,0
26.5,10,2,0,1,0,0,0,0,0,0,0,0,0,0,0,0,1,0
30.23,10,6,1,1,0,0,0,0,0,0,0,1,0,0,0,0,0,0
97.98,15,1,0,1,0,0,0,0,0,0,0,0,1,0,0,0,0,0
31.41,14,1,0,0,1,0,0,0,0,1,0,0,0,0,0,0,0,0
9.73,17,1,0,0,0,1,0,0,0,1,0,0,0,0,0,0,0,0
3.92,23,3,0,0,0,0,0,0,1,0,1,0,0,0,0,0,0,0
164.8,22,3,0,0,0,0,0,0,1,0,0,0,0,0,1,0,0,0
11.01,12,3,0,0,0,0,0,0,1,0,0,0,0,0,0,0,1,0
58.95,16,1,0,1,0,0,0,0,0,0,0,1,0,0,0,0,0,0
14.11,20,2,0,1,0,0,0,0,0,0,0,0,0,0,0,0,1,0
82.06,3,1,0,0,0,0,0,0,1,0,0,0,0,0,0,1,0,1
262.78,21,6,1,0,0,0,0,0,1,0,0,0,0,0,1,0,0,0
5.52,12,2,0,1,0,0,0,0,0,0,1,0,0,0,0,0,0,0
101.65,4,6,1,0,0,0,0,0,1,1,0,0,0,0,0,0,0,1
31.97,13,2,0,1,0,0,0,0,0,1,0,0,0,0,0,0,0,0
10.88,12,5,1,1,0,0,0,0,0,0,0,0,0,0,0,1,0,0
48.28,20,6,1,1,0,0,0,0,0,0,0,0,0,0,0,1,0,0
125.26,1,3,0,0,0,0,0,0,1,0,0,0,0,0,0,1,0,1
53.01,23,2,0,0,0,1,0,0,0,0,0,0,1,0,0,0,0,0
50.23,12,3,0,1,0,0,0,0,0,0,0,0,0,0,0,1,0,0
34.84,11,0,0,0,1,0,0,0,0,0,0,0,0,0,0,0,1,0
16.69,15,4,0,0,1,0,0,0,0,0,0,0,0,0,0,0,1,0
33.82,9,1,0,0,0,0,0,0,1,0,0,0,0,0,0,0,1,0
1278.42,15,2,0,0,0,0,0,0,1,0,0,0,0,0,0,0,1,1
40.16,23,2,0,0,0,1,0,0,0,0,0,0,0,0,0,1,0,0
10.06,22,4,0,0,1,0,0,0,0,1,0,0,0,0,0,0,0,0
97.53,3,5,1,0,0,0,0,0,1,0,0,0,0,0,0,1,0,1
30.04,15,1,0,0,0,1,0,0,0,0,0,0,0,0,0,0,1,0
30.57,16,6,1,0,0,0,1,0,0,1,0,0,0,0,0,0,0,0
31.5,22,2,0,0,1,0,0,0,0,0,0,0,0,1,0,0,0,0
191.74,14,2,0,1,0,0,0,0,0,0,0,0,1,0,0,0,0,0
21.05,22,5,1,0,0,0,0,0,1,1,0,0,0,0,0,0,0,0
2.82,13,6,1,0,0,1,0,0,0,0,1,0,0,0,0,0,0,0
21.85,1,6,1,0,0,0,0,0,1,0,1,0,0,0,0,0,0,1
161.16,15,0,0,0,0,1,0,0,0,0,0,0,1,0,0,0,0,0
39.99,11,6,1,1,0,0,0,0,0,0,0,1,0,0,0,0,0,0
481.09,1,1,0,0,0,0,0,0,1,0,1,0,0,0,0,0,0,1
15.19,19,6,1,1,0,0,0,0,0,1,0,0,0,0,0,0,0,0
3.41,21,0,0,0,1,0,0,0,0,0,1,0,0,0,0,0,0,0
115.56,16,5,1,1,0,0,0,0,0,0,0,0,1,0,0,0,0,0
1036.36,9,4,0,0,0,0,0,0,1,0,0,1,0,0,0,0,0,1
281.07,22,1,0,1,0,0,0,0,0,0,0,0,0,0,1,0,0,0
174.47,18,2,0,0,1,0,0,0,0,0,0,0,0,0,1,0,0,0
96.5,10,5,1,0,0,0,0,0,1,0,0,0,0,0,1,0,0,0
33.29,23,2,0,0,1,0,0,0,0,1,0,0,0,0,0,0,0,0
29.41,12,1,0,0,0,0,0,1,0,0,0,0,0,0,0,0,1,0
27.71,11,3,0,0,1,0,0,0,0,0,0,0,0,0,0,0,1,0
1.53,23,2,0,0,1,0,0,0,0,0,1,0,0,0,0,0,0,0
4509.28,9,0,0,0,0,1,0,0,0,0,0,0,0,0,1,0,0,1
788.05,1,4,0,0,0,0,0,1,0,1,0,0,0,0,0,0,0,1
60.78,2,6,1,0,0,0,0,0,1,1,0,0,0,0,0,0,0,1
25.67,12,0,0,1,0,0,0,0,0,0,0,0,0,1,0,0,0,0
155.07,2,5,1,0,0,0,0,0,1,1,0,0,0,0,0,0,0,1
17.19,8,5,1,1,0,0,0,0,0,0,0,0,0,1,0,0,0,0
48.0,11,4,0,1,0,0,0,0,0,0,0,0,1,0,0,0,0,0
133.56,0,2,0,0,0,0,0,0,1,0,0,0,0,0,0,0,1,1
53.07,17,1,0,0,0,0,0,0,1,0,0,0,0,0,0,1,0,0
12.31,14,1,0,0,1,0,0,0,0,0,0,0,0,0,0,1,0,0
14.74,22,1,0,0,1,0,0,0,0,0,0,0,0,0,0,0,1,0
5.47,18,4,0,1,0,0,0,0,0,0,1,0,0,0,0,0,0,0
13.71,20,5,1,0,0,0,0,0,1,1,0,0,0,0,0,0,0,0
37.24,23,6,1,0,0,0,1,0,0,0,0,0,0,0,0,0,1,0
884.66,17,3,0,0,0,1,0,0,0,0,0,0,0,0,0,1,0,1
16.71,7,1,0,1,0,0,0,0,0,1,0,0,0,0,0,0,0,0
388.56,1,5,1,0,0,0,0,0,1,0,0,0,0,0,1,0,0,1
47.15,21,2,0,0,0,0,0,0,1,0,0,0,1,0,0,0,0,0
13.12,18,5,1,1,0,0,0,0,0,0,0,0,0,0,0,0,1,0
62.12,19,4,0,0,1,0,0,0,0,0,0,0,1,0,0,0,0,0
35.17,9,2,0,1,0,0,0,0,0,0,0,0,0,1,0,0,0,0
5.03,8,2,0,1,0,0,0,0,0,0,1,0,0,0,0,0,0,0
20.86,11,6,1,1,0,0,0,0,0,0,0,0,1,0,0,0,0,0
135.95,22,4,0,0,0,0,1,0,0,0,0,0,1,0,0,0,0,0
868.04,3,2,0,0,0,0,0,0,1,0,0,0,0,0,0,1,0,1
877.68,17,4,0,0,0,0,0,0,1,1,0,0,0,0,0,0,0,1
77.37,12,1,0,0,0,0,0,0,1,0,0,0,0,1,0,0,0,0
113.92,13,5,1,0,1,0,0,0,0,0,0,0,0,1,0,0,0,0
17.8,10,0,0,0,1,0,0,0,0,0,0,0,0,0,0,0,1,0
626.51,22,6,1,0,0,0,1,0,0,0,1,0,0,0,0,0,0,1
39.31,14,3,0,1,0,0,0,0,0,0,0,0,0,0,1,0,0,0
43.09,20,6,1,1,0,0,0,0,0,0,0,1,0,0,0,0,0,0
63.77,8,1,0,0,1,0,0,0,0,0,0,0,1,0,0,0,0,0
132.96,23,5,1,0,1,0,0,0,0,0,0,0,0,0,1,0,0,0
1043.22,0,2,0,0,0,0,0,1,0,0,0,0,0,0,0,1,0,1
124.33,21,6,1,0,1,0,0,0,0,0,0,0,0,0,1,0,0,0
9.94,22,6,1,0,0,0,0,0,1,1,0,0,0,0,0,0,0,0
20.08,13,6,1,0,0,0,0,0,1,1,0,0,0,0,0,0,0,0
18.01,18,6,1,0,1,0,0,0,0,0,0,0,0,0,0,1,0,0
87.9,22,3,0,0,0,0,1,0,0,0,0,0,0,1,0,0,0,0
174.08,20,5,1,0,1,0,0,0,0,0,0,0,1,0,0,0,0,0
2471.82,21,6,1,0,0,0,0,0,1,0,0,0,1,0,0,0,0,1
74.89,15,0,0,1,0,0,0,0,0,0,0,0,0,0,1,0,0,0
3877.49,3,0,0,0,0,1,0,0,0,0,0,0,0,0,1,0,0,1
20.58,22,0,0,1,0,0,0,0,0,1,0,0,0,0,0,0,0,0
4.97,11,0,0,0,0,0,1,0,0,0,1,0,0,0,0,0,0,0
3.13,14,3,0,1,0,0,0,0,0,0,1,0,0,0,0,0,0,0
24.02,14,5,1,0,0,0,0,0,1,1,0,0,0,0,0,0,0,0
49.22,20,3,0,0,1,0,0,0,0,0,0,0,0,0,0,1,0,0
3.06,11,5,1,0,0,0,0,0,1,0,1,0,0,0,0,0,0,0
96.93,8,3,0,1,0,0,0,0,0,0,0,0,1,0,0,0,0,0
1.82,13,0,0,1,0,0,0,0,0,0,1,0,0,0,0,0,0,0
25.46,6,2,0,0,0,1,0,0,0,1,0,0,0,0,0,0,0,0
56.57,17,2,0,1,0,0,0,0,0,0,0,0,0,1,0,0,0,0
19.4,23,1,0,1,0,0,0,0,0,0,0,1,0,0,0,0,0,0
1279.21,21,6,1,0,0,1,0,0,0,0,0,0,0,0,0,0,1,1
272.85,21,3,0,1,0,0,0,0,0,0,0,0,0,0,1,0,0,0
61.38,21,3,0,1,0,0,0,0,0,0,0,0,0,0,1,0,0,0
269.92,9,2,0,0,0,0,0,1,0,0,0,0,0,0,1,0,0,0
110.03,16,4,0,0,0,0,0,0,1,0,0,0,0,0,1,0,0,0
18.08,9,2,0,0,1,0,0,0,0,0,0,1,0,0,0,0,0,0
32.43,10,4,0,0,1,0,0,0,0,0,0,1,0,0,0,0,0,0
74.64,21,4,0,0,1,0,0,0,0,0,0,0,0,0,1,0,0,0
31.68,17,4,0,0,1,0,0,0,0,0,0,0,1,0,0,0,0,0
1.9,23,1,0,1,0,0,0,0,0,0,1,0,0,0,0,0,0,0
15.39,21,3,0,0,0,0,0,0,1,1,0,0,0,0,0,0,0,0
257.22,21,2,0,0,1,0,0,0,0,0,0,0,0,0,1,0,0,0
114.29,12,4,0,0,0,0,0,1,0,0,0,0,0,0,1,0,0,0
31.26,10,0,0,1,0,0,0,0,0,0,0,0,0,1,0,0,0,0
77.35,14,1,0,1,0,0,0,0,0,0,0,0,0,1,0,0,0,0
148.49,22,1,0,0,0,0,0,0,1,0,0,0,1,0,0,0,0,0
5.78,10,3,0,0,1,0,0,0,0,0,1,0,0,0,0,0,0,0
34.56,20,2,0,0,0,0,1,0,0,0,0,1,0,0,0,0,0,0
2.43,19,6,1,0,0,0,0,0,1,0,1,0,0,0,0,0,0,0
5.16,17,2,0,1,0,0,0,0,0,0,1,0,0,0,0,0,0,0
5.72,14,3,0,1,0,0,0,0,0,0,1,0,0,0,0,0,0,0
2.95,10,4,0,1,0,0,0,0,0,0,1,0,0,0,0,0,0,0
14.6,9,1,0,0,1,0,0,0,0,1,0,0,0,0,0,0,0,0
46.81,13,3,0,0,1,0,0,0,0,0,0,1,0,0,0,0,0,0
271.84,12,2,0,0,0,0,0,0,1,0,0,0,0,0,1,0,0,0
2.18,15,3,0,0,0,1,0,0,0,0,1,0,0,0,0,0,0,0
96.41,19,3,0,0,0,0,0,1,0,0,0,0,0,1,0,0,0,0
55.71,20,1,0,0,1,0,0,0,0,0,0,0,0,0,0,1,0,0
598.2,2,6,1,0,1,0,0,0,0,1,0,0,0,0,0,0,0,1
12.49,23,1,0,0,1,0,0,0,0,1,0,0,0,0,0,0,0,0
24.82,19,0,0,0,0,0,0,1,0,0,0,0,0,0,0,1,0,0
5.04,8,0,0,1,0,0,0,0,0,0,1,0,0,0,0,0,0,0
47.43,23,4,0,0,0,1,0,0,0,0,0,0,0,0,0,1,0,0
31.19,7,5,1,0,0,0,0,0,1,1,0,0,0,0,0,0,0,0
22.91,12,1,0,0,0,0,1,0,0,0,0,0,0,0,0,1,0,0
14.1,20,4,0,0,0,0,0,0,1,0,0,0,0,0,0,0,1,0
16.11,22,4,0,1,0,0,0,0,0,0,0,0,0,0,0,1,0,0
24.25,21,5,1,1,0,0,0,0,0,1,0,0,0,0,0,0,0,0
3.24,13,6,1,0,0,0,0,0,1,0,1,0,0,0,0,0,0,0
109.32,19,4,0,1,0,0,0,0,0,0,0,0,1,0,0,0,0,0
27.94,9,5,1,0,0,1,0,0,0,0,0,0,0,0,0,0,1,0
16.42,11,1,0,1,0,0,0,0,0,1,0,0,0,0,0,0,0,0
23.51,19,1,0,1,0,0,0,0,0,0,0,0,0,0,0,0,1,0
21.32,9,0,0,1,0,0,0,0,0,0,0,0,0,1,0,0,0,0
8.36,23,0,0,0,1,0,0,0,0,1,0,0,0,0,0,0,0,0
267.1,22,1,0,0,0,0,1,0,0,0,0,0,0,0,1,0,0,0
134.68,1,4,0,0,0,0,0,0,1,0,0,1,0,0,0,0,0,1
75.29,12,2,0,1,0,0,0,0,0,0,0,0,1,0,0,0,0,0
1507.05,1,4,0,0,0,1,0,0,0,0,0,0,0,0,0,0,1,1
56.27,23,1,0,0,1,0,0,0,0,0,0,0,0,0,0,1,0,0
23.47,6,4,0,1,0,0,0,0,0,0,0,0,0,0,0,0,1,0
70.41,15,6,1,0,0,0,0,0,1,0,0,0,0,1,0,0,0,0
2.7,6,1,0,0,0,0,0,0,1,0,1,0,0,0,0,0,0,0
1117.69,2,1,0,0,0,0,1,0,0,0,0,1,0,0,0,0,0,1
33.07,6,6,1,0,0,0,0,0,1,0,0,0,0,0,0,1,0,0
183.46,19,1,0,1,0,0,0,0,0,0,0,0,0,0,1,0,0,0
3.85,13,6,1,0,0,0,0,0,1,0,1,0,0,0,0,0,0,0
1107.96,13,1,0,0,0,0,1,0,0,0,0,0,0,0,0,1,0,1
2422.25,16,3,0,0,0,0,0,0,1,0,0,0,0,1,0,0,0,1
32.0,21,1,0,1,0,0,0,0,0,0,0,0,0,0,0,0,1,0
24.05,15,1,0,0,1,0,0,0,0,0,0,0,0,0,0,1,0,0
61.68,17,2,0,0,0,0,0,0,1,0,0,0,0,0,1,0,0,0
5.32,10,5,1,0,0,1,0,0,0,1,0,0,0,0,0,0,0,0
93.68,20,3,0,0,0,0,0,1,0,0,0,0,0,1,0,0,0,0
123.23,8,0,0,0,0,0,1,0,0,0,0,0,1,0,0,0,0,0
36.57,23,2,0,0,0,0,0,1,0,0,0,1,0,0,0,0,0,0
743.23,18,2,0,0,0,0,0,0,1,1,0,0,0,0,0,0,0,1
78.63,18,3,0,1,0,0,0,0,0,0,0,1,0,0,0,0,0,0
24.96,17,0,0,0,0,0,0,1,0,0,0,0,1,0,0,0,0,0
114.04,1,0,0,0,0,0,0,0,1,0,0,0,0,0,0,1,0,1
91.35,20,6,1,0,1,0,0,0,0,0,0,0,0,1,0,0,0,0
7.91,7,0,0,0,1,0,0,0,0,0,0,0,0,0,0,1,0,0
255.74,19,5,1,1,0,0,0,0,0,0,0,0,0,0,1,0,0,0
4.48,17,4,0,1,0,0,0,0,0,0,1,0,0,0,0,0,0,0
24.29,3,0,0,0,0,0,0,0,1,0,1,0,0,0,0,0,0,1
13.64,10,2,0,0,1,0,0,0,0,0,0,0,0,0,0,1,0,0
14.58,23,1,0,0,1,0,0,0,0,0,0,0,0,1,0,0,0,0
17.77,6,1,0,0,0,0,0,0,1,0,0,1,0,0,0,0,0,0
694.24,8,3,0,0,0,0,0,0,1,1,0,0,0,0,0,0,0,1
1096.13,21,2,0,0,0,0,0,1,0,0,0,0,0,0,0,0,1,1
20.05,6,2,0,1,0,0,0,0,0,1,0,0,0,0,0,0,0,0
987.35,1,3,0,0,0,0,0,0,1,0,0,0,1,0,0,0,0,1
79.81,23,4,0,1,0,0,0,0,0,0,0,0,1,0,0,0,0,0
11.03,6,5,1,1,0,0,0,0,0,0,0,0,0,1,0,0,0,0
3.31,13,5,1,0,0,1,0,0,0,0,1,0,0,0,0,0,0,0
93.46,13,4,0,1,0,0,0,0,0,0,0,0,0,1,0,0,0,0
28.53,16,1,0,0,0,1,0,0,0,0,0,1,0,0,0,0,0,0
71.52,19,4,0,1,0,0,0,0,0,0,0,1,0,0,0,0,0,0
107.03,11,6,1,0,0,1,0,0,0,0,0,0,0,0,1,0,0,0
1089.96,4,5,1,0,0,0,0,0,1,0,0,0,0,0,0,0,1,1
158.58,4,4,0,0,0,0,0,0,1,0,0,0,0,0,0,0,1,1
24.97,7,2,0,1,0,0,0,0,0,0,0,0,0,1,0,0,0,0
13.66,13,1,0,1,0,0,0,0,0,0,0,0,0,0,0,0,1,0
93.48,22,0,0,1,0,0,0,0,0,0,0,0,1,0,0,0,0,0
89.13,6,6,1,0,0,0,1,0,0,0,0,0,1,0,0,0,0,0
4.47,14,2,0,0,0,1,0,0,0,0,1,0,0,0,0,0,0,0
7.81,7,4,0,1,0,0,0,0,0,1,0,0,0,0,0,0,0,0
165.91,23,6,1,1,0,0,0,0,0,0,0,0,0,0,1,0,0,0
5.9,14,5,1,1,0,0,0,0,0,0,1,0,0,0,0,0,0,0
72.3,23,0,0,0,0,1,0,0,0,0,0,0,0,1,0,0,0,0
28.3,3,0,0,0,0,0,0,0,1,0,1,0,0,0,0,0,0,1
56.69,9,3,0,0,0,0,0,0,1,0,0,1,0,0,0,0,0,0
168.05,13,4,0,0,0,0,0,0,1,0,0,0,0,0,1,0,0,0
79.24,20,1,0,0,0,0,0,0,1,0,0,1,0,0,0,0,0,0
60.88,8,5,1,1,0,0,0,0,0,0,0,1,0,0,0,0,0,0
153.86,15,5,1,1,0,0,0,0,0,0,0,0,1,0,0,0,0,0
11.67,23,0,0,0,0,0,0,1,0,1,0,0,0,0,0,0,0,0
91.86,6,6,1,1,0,0,0,0,0,0,0,0,0,0,1,0,0,0
8.46,6,2,0,1,0,0,0,0,0,1,0,0,0,0,0,0,0,0
7.66,23,4,0,0,1,0,0,0,0,1,0,0,0,0,0,0,0,0
40.35,23,3,0,0,1,0,0,0,0,0,0,0,0,0,0,1,0,0
9.06,23,5,1,1,0,0,0,0,0,0,0,0,0,0,0,1,0,0
5.0,21,5,1,0,0,1,0,0,0,0,1,0,0,0,0,0,0,0
23.1,16,5,1,0,1,0,0,0,0,0,0,0,0,0,0,1,0,0
3.1,7,2,0,0,1,0,0,0,0,0,1,0,0,0,0,0,0,0
31.2,13,4,0,0,0,0,0,0,1,0,0,0,0,0,0,1,0,0
38.41,20,4,0,0,1,0,0,0,0,0,0,1,0,0,0,0,0,0
46.79,9,5,1,0,0,0,0,0,1,0,0,0,0,0,0,1,0,0
2.72,10,6,1,0,1,0,0,0,0,0,1,0,0,0,0,0,0,0
8.73,23,2,0,0,1,0,0,0,0,0,0,0,0,0,0,0,1,0
53.6,20,0,0,0,0,0,0,0,1,0,0,0,0,0,0,1,0,0
18.15,8,6,1,0,0,0,0,0,1,1,0,0,0,0,0,0,0,0
24.49,20,4,0,0,0,0,1,0,0,0,0,0,0,0,0,1,0,0
12.23,11,5,1,0,0,0,0,0,1,1,0,0,0,0,0,0,0,0
36.53,9,4,0,0,0,0,0,0,1,0,0,0,0,0,0,0,1,0
58.3,19,1,0,0,0,0,0,0,1,0,0,0,0,0,0,1,0,0
27.92,18,5,1,0,0,1,0,0,0,0,0,0,0,1,0,0,0,0
117.76,17,3,0,1,0,0,0,0,0,0,0,0,0,1,0,0,0,0
16.36,20,6,1,1,0,0,0,0,0,0,0,0,0,0,0,0,1,0
18.08,0,3,0,0,0,0,0,0,1,1,0,0,0,0,0,0,0,1
35.67,6,0,0,1,0,0,0,0,0,0,0,0,0,0,0,0,1,0
7.69,11,0,0,0,0,0,0,0,1,0,0,0,0,0,0,1,0,0
143.88,7,2,0,0,0,1,0,0,0,0,0,0,1,0,0,0,0,0
70.4,12,6,1,0,1,0,0,0,0,0,0,1,0,0,0,0,0,0
99.55,20,6,1,0,1,0,0,0,0,0,0,0,1,0,0,0,0,0
35.67,11,5,1,0,1,0,0,0,0,0,0,0,0,0,0,1,0,0
41.13,18,5,1,0,0,0,0,0,1,0,0,0,0,0,0,1,0,0
111.36,1,3,0,0,0,0,0,0,1,0,0,0,0,0,0,1,0,1
49.46,14,5,1,1,0,0,0,0,0,0,0,0,0,0,0,1,0,0
1.87,9,2,0,1,0,0,0,0,0,0,1,0,0,0,0,0,0,0
61.08,15,4,0,0,1,0,0,0,0,0,0,1,0,0,0,0,0,0
11.33,7,1,0,1,0,0,0,0,0,0,0,0,0,0,0,0,1,0
101.02,19,1,0,0,0,0,0,0,1,0,0,0,0,0,1,0,0,0
30.0,22,0,0,0,0,1,0,0,0,0,0,0,0,0,0,0,1,0
187.67,9,6,1,0,1,0,0,0,0,0,0,0,1,0,0,0,0,0
2023.87,14,4,0,1,0,0,0,0,0,0,0,0,0,1,0,0,0,1
182.28,15,0,0,1,0,0,0,0,0,0,0,0,1,0,0,0,0,0
89.98,13,0,0,0,0,0,0,1,0,0,0,0,0,0,1,0,0,0
5.49,14,3,0,1,0,0,0,0,0,0,1,0,0,0,0,0,0,0
185.07,2,3,0,0,0,0,0,0,1,0,0,0,0,0,0,1,0,1
87.64,22,3,0,1,0,0,0,0,0,0,0,0,0,1,0,0,0,0
35.62,7,4,0,0,0,0,0,0,1,0,0,1,0,0,0,0,0,0
104.12,11,2,0,1,0,0,0,0,0,0,0,0,1,0,0,0,0,0
12.03,23,5,1,0,0,0,0,0,1,1,0,0,0,0,0,0,0,0
95.83,14,2,0,1,0,0,0,0,0,0,0,0,1,0,0,0,0,0
50.87,6,2,0,1,0,0,0,0,0,0,0,0,0,0,0,1,0,0
4.88,14,0,0,0,0,1,0,0,0,0,1,0,0,0,0,0,0,0
54.34,20,3,0,0,0,0,0,0,1,0,0,1,0,0,0,0,0,0
8.41,14,3,0,1,0,0,0,0,0,0,0,0,0,0,0,0,1,0
3.69,7,6,1,1,0,0,0,0,0,0,1,0,0,0,0,0,0,0
20.12,23,4,0,0,0,0,0,0,1,0,0,0,0,1,0,0,0,0
15.94,15,4,0,0,1,0,0,0,0,0,0,0,0,0,0,0,1,0
17.17,22,3,0,0,0,0,0,0,1,1,0,0,0,0,0,0,0,0
31.32,7,1,0,0,1,0,0,0,0,0,0,0,0,0,0,1,0,0
5.94,7,2,0,0,1,0,0,0,0,0,1,0,0,0,0,0,0,0
33.15,20,3,0,0,0,0,0,0,1,1,0,0,0,0,0,0,0,0
121.25,20,3,0,0,0,0,0,1,0,0,0,0,0,0,1,0,0,0
1.62,16,6,1,1,0,0,0,0,0,0,1,0,0,0,0,0,0,0
34.85,18,3,0,0,0,0,0,0,1,0,0,0,0,1,0,0,0,0
210.69,1,4,0,0,0,0,0,0,1,0,0,0,0,0,0,1,0,1
10.38,16,2,0,0,0,0,0,0,1,1,0,0,0,0,0,0,0,0
57.88,14,4,0,0,0,1,0,0,0,0,0,0,0,0,0,1,0,0
39.89,19,3,0,1,0,0,0,0,0,0,0,0,0,0,0,1,0,0
531.3,0,3,0,0,0,0,0,0,1,0,1,0,0,0,0,0,0,1
54.11,15,6,1,0,0,1,0,0,0,0,0,0,0,0,1,0,0,0
48.99,20,5,1,0,1,0,0,0,0,0,0,1,0,0,0,0,0,0
20.49,18,0,0,0,0,1,0,0,0,0,0,0,0,0,0,0,1,0
28.77,22,1,0,0,0,1,0,0,0,0,0,0,0,0,0,1,0,0
20.34,23,0,0,1,0,0,0,0,0,0,0,1,0,0,0,0,0,0
28.53,7,5,1,0,0,0,0,0,1,1,0,0,0,0,0,0,0,0
12.17,15,1,0,0,0,0,0,0,1,0,0,0,0,1,0,0,0,0
22.14,7,5,1,0,0,0,0,0,1,0,0,0,0,0,0,1,0,0
80.72,17,6,1,1,0,0,0,0,0,0,0,0,0,1,0,0,0,0
803.86,3,0,0,0,0,1,0,0,0,0,0,0,0,0,0,1,0,1
45.23,18,1,0,0,1,0,0,0,0,0,0,1,0,0,0,0,0,0
56.33,23,3,0,0,1,0,0,0,0,0,0,1,0,0,0,0,0,0
5.71,20,0,0,0,0,0,0,1,0,0,1,0,0,0,0,0,0,0
3.46,21,5,1,0,0,0,0,0,1,0,1,0,0,0,0,0,0,0
47.48,15,1,0,1,0,0,0,0,0,0,0,1,0,0,0,0,0,0
9.7,23,2,0,1,0,0,0,0,0,0,0,0,0,0,0,0,1,0
14.94,13,0,0,0,1,0,0,0,0,0,0,0,0,0,0,0,1,0
24.45,9,1,0,0,1,0,0,0,0,0,0,0,0,0,0,0,1,0
345.77,13,4,0,0,1,0,0,0,0,0,1,0,0,0,0,0,0,1
818.7,7,1,0,0,0,1,0,0,0,0,0,1,0,0,0,0,0,1
2.88,6,3,0,1,0,0,0,0,0,0,1,0,0,0,0,0,0,0
5.25,11,4,0,1,0,0,0,0,0,1,0,0,0,0,0,0,0,0
24.03,17,6,1,0,0,1,0,0,0,1,0,0,0,0,0,0,0,0
1.71,22,6,1,0,0,1,0,0,0,0,1,0,0,0,0,0,0,0
1.8,12,6,1,0,1,0,0,0,0,0,1,0,0,0,0,0,0,0
23.1,12,6,1,0,0,0,0,0,1,0,0,0,0,0,0,0,1,0
29.36,3,2,0,0,0,0,0,0,1,0,1,0,0,0,0,0,0,1
35.42,7,3,0,0,0,0,0,0,1,0,0,0,0,0,0,1,0,0
538.17,10,2,0,0,0,1,0,0,0,0,1,0,0,0,0,0,0,1
27.68,19,2,0,1,0,0,0,0,0,0,0,0,0,0,0,0,1,0
23.23,9,6,1,0,0,0,1,0,0,0,0,0,0,0,0,0,1,0
3.62,22,4,0,0,0,0,0,0,1,0,1,0,0,0,0,0,0,0
40.97,14,5,1,0,0,1,0,0,0,0,0,0,0,0,0,1,0,0
592.21,0,5,1,0,0,0,0,0,1,0,0,1,0,0,0,0,0,1
886.91,0,3,0,0,0,0,0,0,1,0,0,0,0,0,1,0,0,1
4.86,19,3,0,1,0,0,0,0,0,0,1,0,0,0,0,0,0,0
50.59,16,1,0,1,0,0,0,0,0,0,0,0,1,0,0,0,0,0
14.53,23,3,0,0,1,0,0,0,0,0,0,0,0,0,0,1,0,0
4.58,15,2,0,0,0,0,0,0,1,0,1,0,0,0,0,0,0,0
18.77,10,5,1,0,0,1,0,0,0,1,0,0,0,0,0,0,0,0
75.4,21,2,0,0,0,0,0,1,0,0,0,0,0,0,1,0,0,0
37.25,9,5,1,0,0,1,0,0,0,0,0,0,0,0,0,0,1,0
38.29,6,1,0,0,0,0,0,1,0,0,0,0,1,0,0,0,0,0
5.1,22,4,0,0,0,0,0,0,1,0,1,0,0,0,0,0,0,0
57.66,17,6,1,1,0,0,0,0,0,0,0,0,0,1,0,0,0,0
97.92,14,6,1,0,0,0,0,1,0,0,0,0,1,0,0,0,0,0
1.84,17,6,1,1,0,0,0,0,0,0,1,0,0,0,0,0,0,0
70.63,18,2,0,0,0,1,0,0,0,0,0,0,0,0,1,0,0,0
39.45,18,0,0,0,1,0,0,0,0,0,0,1,0,0,0,0,0,0
42.85,19,3,0,1,0,0,0,0,0,0,0,0,1,0,0,0,0,0
276.02,12,3,0,0,0,0,0,1,0,0,0,0,0,0,1,0,0,0
260.68,0,4,0,0,0,0,0,0,1,0,0,1,0,0,0,0,0,1
16.68,15,3,0,1,0,0,0,0,0,0,0,0,0,0,0,0,1,0
49.5,12,4,0,0,0,0,0,0,1,0,0,0,0,1,0,0,0,0
196.1,14,1,0,1,0,0,0,0,0,0,0,0,0,0,1,0,0,0
1615.92,20,4,0,0,1,0,0,0,0,0,0,0,0,0,0,1,0,1
1064.79,18,2,0,0,0,1,0,0,0,0,0,1,0,0,0,0,0,1
40.81,20,0,0,1,0,0,0,0,0,0,0,1,0,0,0,0,0,0
136.62,3,1,0,0,0,0,0,0,1,0,0,0,0,0,0,1,0,1
35.42,11,4,0,0,0,0,0,0,1,0,0,0,0,0,0,0,1,0
106.94,7,3,0,0,0,0,1,0,0,0,0,0,0,1,0,0,0,0
149.55,21,0,0,0,0,1,0,0,0,0,0,0,1,0,0,0,0,0
5.67,14,0,0,0,0,0,0,1,0,0,0,0,0,0,0,0,1,0
15.35,13,0,0,0,1,0,0,0,0,1,0,0,0,0,0,0,0,0
1.58,16,1,0,1,0,0,0,0,0,0,1,0,0,0,0,0,0,0
159.4,2,4,0,0,0,0,0,0,1,0,0,0,0,0,0,0,1,1
21.08,19,4,0,1,0,0,0,0,0,1,0,0,0,0,0,0,0,0
2.45,8,3,0,1,0,0,0,0,0,0,1,0,0,0,0,0,0,0
433.15,3,5,1,0,0,0,0,0,1,0,1,0,0,0,0,0,0,1
77.28,19,5,1,0,1,0,0,0,0,0,0,0,0,1,0,0,0,0
193.21,10,4,0,0,1,0,0,0,0,0,0,0,1,0,0,0,0,0
118.61,23,0,0,0,1,0,0,0,0,0,0,0,1,0,0,0,0,0
1728.75,17,0,0,0,1,0,0,0,0,0,0,0,0,0,1,0,0,1
16.59,12,3,0,0,1,0,0,0,0,0,0,0,0,1,0,0,0,0
2.94,20,4,0,1,0,0,0,0,0,0,1,0,0,0,0,0,0,0
38.13,8,0,0,0,0,0,0,0,1,0,0,1,0,0,0,0,0,0
4.76,18,5,1,0,1,0,0,0,0,0,1,0,0,0,0,0,0,0
30.55,16,3,0,0,0,0,0,0,1,0,0,0,0,0,0,0,1,0
30.86,7,4,0,0,1,0,0,0,0,0,0,0,0,0,0,0,1,0
83.0,19,0,0,0,0,0,0,0,1,0,0,0,0,1,0,0,0,0
11.71,15,2,0,1,0,0,0,0,0,0,0,0,0,0,0,0,1,0
17.87,13,2,0,1,0,0,0,0,0,0,0,0,0,1,0,0,0,0
2221.97,4,6,1,0,0,0,0,0,1,0,0,0,0,1,0,0,0,1
178.28,9,1,0,1,0,0,0,0,0,0,0,0,0,0,1,0,0,0
20.4,8,4,0,0,0,0,0,0,1,0,0,0,0,0,0,0,1,0
120.65,22,6,1,0,1,0,0,0,0,0,0,0,1,0,0,0,0,0
161.16,11,1,0,0,1,0,0,0,0,0,0,0,1,0,0,0,0,0
1095.85,3,5,1,0,0,0,0,0,1,0,0,0,0,0,1,0,0,1
4.01,10,4,0,0,0,0,0,0,1,0,1,0,0,0,0,0,0,0
180.66,12,6,1,1,0,0,0,0,0,0,0,0,1,0,0,0,0,0
5.87,6,4,0,1,0,0,0,0,0,0,1,0,0,0,0,0,0,0
46.04,18,1,0,1,0,0,0,0,0,0,0,0,0,1,0,0,0,0
25.97,9,4,0,0,1,0,0,0,0,1,0,0,0,0,0,0,0,0
32.04,20,5,1,0,1,0,0,0,0,0,0,1,0,0,0,0,0,0
159.4,10,4,0,1,0,0,0,0,0,0,0,0,0,0,1,0,0,0
64.44,16,5,1,1,0,0,0,0,0,0,0,0,0,1,0,0,0,0
28.92,22,2,0,0,1,0,0,0,0,1,0,0,0,0,0,0,0,0
16.06,12,3,0,1,0,0,0,0,0,0,0,0,0,0,0,0,1,0
34.79,21,2,0,1,0,0,0,0,0,0,0,1,0,0,0,0,0,0
4.67,13,4,0,1,0,0,0,0,0,0,1,0,0,0,0,0,0,0
80.83,10,3,0,0,0,1,0,0,0,0,0,0,1,0,0,0,0,0
40.41,16,3,0,1,0,0,0,0,0,0,0,0,0,0,1,0,0,0
40.55,11,6,1,0,0,1,0,0,0,0,0,0,0,0,0,1,0,0
41.17,8,0,0,0,0,0,0,0,1,0,0,0,1,0,0,0,0,0
19.32,12,3,0,0,1,0,0,0,0,0,0,0,0,1,0,0,0,0
83.83,19,4,0,0,0,0,0,0,1,0,0,0,1,0,0,0,0,0
33.87,20,2,0,0,1,0,0,0,0,0,0,1,0,0,0,0,0,0
640.75,18,4,0,0,0,0,0,1,0,0,0,1,0,0,0,0,0,1
465.17,1,0,0,0,0,0,0,0,1,0,0,0,1,0,0,0,0,1
1490.14,0,1,0,1,0,0,0,0,0,0,0,0,0,0,0,1,0,1
294.77,6,0,0,0,1,0,0,0,0,0,0,0,0,0,1,0,0,0
8.19,23,4,0,0,0,0,0,0,1,0,0,0,0,0,0,1,0,0
14.86,14,6,1,1,0,0,0,0,0,0,0,0,0,0,0,1,0,0
16.67,23,4,0,0,0,0,0,0,1,0,0,1,0,0,0,0,0,0
267.81,14,4,0,0,1,0,0,0,0,0,0,0,0,0,1,0,0,0
328.87,0,6,1,0,0,0,0,0,1,0,0,0,0,1,0,0,0,1
74.54,21,4,0,0,1,0,0,0,0,0,0,0,1,0,0,0,0,0
39.99,21,4,0,0,0,1,0,0,0,0,0,1,0,0,0,0,0,0
143.27,17,5,1,0,1,0,0,0,0,0,0,0,0,0,1,0,0,0
12.34,17,2,0,0,0,0,0,0,1,1,0,0,0,0,0,0,0,0
17.23,6,6,1,0,0,1,0,0,0,1,0,0,0,0,0,0,0,0
82.32,15,4,0,1,0,0,0,0,0,0,0,0,0,0,1,0,0,0
21.18,18,1,0,1,0,0,0,0,0,0,0,0,0,0,0,0,1,0
4.08,16,0,0,0,1,0,0,0,0,0,1,0,0,0,0,0,0,0
56.01,10,4,0,1,0,0,0,0,0,0,0,1,0,0,0,0,0,0
612.42,1,5,1,0,0,0,0,0,1,1,0,0,0,0,0,0,0,1
195.19,13,0,0,1,0,0,0,0,0,0,0,0,1,0,0,0,0,0
43.61,18,2,0,0,1,0,0,0,0,0,0,0,0,0,0,1,0,0
32.38,7,5,1,1,0,0,0,0,0,0,0,0,0,0,0,0,1,0
114.27,13,2,0,0,0,0,0,0,1,0,0,0,0,1,0,0,0,0
3.42,23,6,1,0,0,0,0,0,1,0,1,0,0,0,0,0,0,0
341.21,4,1,0,0,0,0,0,0,1,0,0,0,0,1,0,0,0,1
126.15,19,0,0,1,0,0,0,0,0,0,0,0,1,0,0,0,0,0
1.66,10,0,0,0,0,0,0,1,0,0,1,0,0,0,0,0,0,0
24.17,9,4,0,0,1,0,0,0,0,0,0,0,0,0,0,0,1,0
25.78,15,2,0,0,0,0,0,0,1,0,0,0,0,0,0,1,0,0
34.9,17,5,1,0,0,0,0,0,1,0,0,0,0,0,0,1,0,0
6.18,22,5,1,0,0,1,0,0,0,0,0,0,0,0,0,1,0,0
695.5,0,0,0,0,1,0,0,0,0,0,0,1,0,0,0,0,0,1
172.96,14,6,1,0,1,0,0,0,0,0,0,0,0,0,1,0,0,0
60.1,14,5,1,0,0,0,0,0,1,0,0,1,0,0,0,0,0,0
5.8,11,5,1,0,1,0,0,0,0,0,1,0,0,0,0,0,0,0
4.71,22,5,1,0,0,1,0,0,0,0,1,0,0,0,0,0,0,0
51.71,13,2,0,0,0,0,0,0,1,0,0,0,1,0,0,0,0,0
1352.92,3,3,0,0,1,0,0,0,0,0,0,0,0,0,0,0,1,1
107.43,20,1,0,0,0,0,0,0,1,0,0,0,0,1,0,0,0,0
23.28,21,0,0,0,0,0,0,0,1,0,0,0,0,0,0,0,1,0
24.95,21,3,0,1,0,0,0,0,0,1,0,0,0,0,0,0,0,0
46.13,14,2,0,0,1,0,0,0,0,0,0,0,0,0,0,1,0,0
37.14,19,5,1,0,0,0,0,1,0,0,0,0,0,0,0,0,1,0
10.03,7,5,1,0,0,0,1,0,0,1,0,0,0,0,0,0,0,0
5.24,6,3,0,0,1,0,0,0,0,0,0,0,0,0,0,0,1,0
2.02,16,1,0,0,1,0,0,0,0,0,1,0,0,0,0,0,0,0
58.36,6,5,1,1,0,0,0,0,0,0,0,0,0,0,0,1,0,0
63.39,9,3,0,0,0,0,0,0,1,0,0,1,0,0,0,0,0,0
177.47,22,5,1,1,0,0,0,0,0,0,0,0,0,0,1,0,0,0
46.65,6,4,0,1,0,0,0,0,0,0,0,0,0,1,0,0,0,0
399.04,19,5,1,0,0,0,0,1,0,0,1,0,0,0,0,0,0,1
19.31,22,6,1,0,1,0,0,0,0,0,0,0,0,0,0,1,0,0
57.54,6,4,0,1,0,0,0,0,0,0,0,1,0,0,0,0,0,0
57.17,11,3,0,1,0,0,0,0,0,0,0,0,0,0,0,1,0,0
57.86,13,4,0,0,0,0,0,0,1,0,0,1,0,0,0,0,0,0
32.68,10,1,0,0,0,0,0,0,1,1,0,0,0,0,0,0,0,0
8.52,10,3,0,0,0,0,0,0,1,0,0,0,0,0,0,0,1,0
18.03,9,1,0,0,1,0,0,0,0,0,0,1,0,0,0,0,0,0
2.32,14,0,0,0,0,0,0,0,1,0,1,0,0,0,0,0,0,0
14.85,13,6,1,0,0,1,0,0,0,1,0,0,0,0,0,0,0,0
142.23,15,1,0,0,1,0,0,0,0,0,0,0,1,0,0,0,0,0
39.26,12,5,1,0,0,0,1,0,0,0,0,1,0,0,0,0,0,0
4.91,22,3,0,0,1,0,0,0,0,0,1,0,0,0,0,0,0,0
61.22,16,6,1,0,0,0,1,0,0,0,0,0,0,1,0,0,0,0
176.15,11,4,0,0,0,1,0,0,0,0,0,0,1,0,0,0,0,0
45.17,8,4,0,1,0,0,0,0,0,0,0,0,0,1,0,0,0,0
289.29,18,1,0,0,0,0,0,1,0,0,0,0,0,0,1,0,0,0
14.47,10,1,0,0,1,0,0,0,0,1,0,0,0,0,0,0,0,0
91.66,17,4,0,1,0,0,0,0,0,0,0,0,0,0,1,0,0,0
105.19,13,3,0,0,0,1,0,0,0,0,0,0,0,1,0,0,0,0
38.76,19,4,0,1,0,0,0,0,0,0,0,0,0,0,0,1,0,0
90.67,18,6,1,0,1,0,0,0,0,0,0,0,0,0,1,0,0,0
2.71,8,4,0,1,0,0,0,0,0,0,1,0,0,0,0,0,0,0
85.69,0,3,0,0,0,0,0,0,1,0,0,1,0,0,0,0,0,1
5.28,9,4,0,0,1,0,0,0,0,0,1,0,0,0,0,0,0,0
28.05,20,1,0,0,0,0,1,0,0,0,0,0,0,0,0,0,1,0
101.43,8,6,1,0,1,0,0,0,0,0,0,0,0,1,0,0,0,0
13.25,13,0,0,0,1,0,0,0,0,0,0,0,0,0,0,0,1,0
39.81,21,2,0,1,0,0,0,0,0,0,0,0,0,0,0,1,0,0
116.76,23,3,0,0,0,0,0,1,0,0,0,0,0,0,1,0,0,0
182.81,11,3,0,0,0,0,0,0,1,0,0,0,0,0,1,0,0,0
42.79,8,5,1,1,0,0,0,0,0,0,0,0,0,0,1,0,0,0
26.6,19,5,1,1,0,0,0,0,0,1,0,0,0,0,0,0,0,0
50.12,23,3,0,0,1,0,0,0,0,0,0,0,0,0,0,1,0,0
153.23,16,6,1,1,0,0,0,0,0,0,0,0,0,0,1,0,0,0
1930.55,1,1,0,0,1,0,0,0,0,0,0,0,0,0,0,1,0,1
35.56,9,1,0,1,0,0,0,0,0,0,0,0,0,0,0,1,0,0
68.91,19,3,0,0,0,0,0,0,1,0,0,0,0,0,1,0,0,0
1.61,20,1,0,0,0,1,0,0,0,0,1,0,0,0,0,0,0,0
904.57,2,0,0,0,0,0,0,0,1,0,0,0,0,0,1,0,0,1
13.19,23,2,0,0,1,0,0,0,0,1,0,0,0,0,0,0,0,0
61.9,13,4,0,1,0,0,0,0,0,0,0,0,0,0,1,0,0,0
12.81,10,4,0,1,0,0,0,0,0,0,0,0,0,0,0,0,1,0
31.69,9,6,1,0,0,0,0,0,1,0,0,0,0,0,0,1,0,0
5.48,15,5,1,0,1,0,0,0,0,0,1,0,0,0,0,0,0,0
33.3,10,2,0,0,1,0,0,0,0,0,0,0,0,0,0,0,1,0
872.23,2,4,0,0,0,0,0,0,1,0,0,0,1,0,0,0,0,1
3.56,15,5,1,1,0,0,0,0,0,0,1,0,0,0,0,0,0,0
101.08,7,5,1,0,0,1,0,0,0,0,0,0,1,0,0,0,0,0
24.83,23,5,1,1,0,0,0,0,0,0,0,0,0,0,0,1,0,0
195.58,10,4,0,0,1,0,0,0,0,0,0,0,1,0,0,0,0,0
35.22,19,3,0,0,0,0,1,0,0,0,0,0,0,0,0,0,1,0
1.85,16,3,0,1,0,0,0,0,0,0,1,0,0,0,0,0,0,0
13.05,9,4,0,0,0,0,0,0,1,0,0,1,0,0,0,0,0,0
267.41,20,5,1,1,0,0,0,0,0,0,0,0,0,0,1,0,0,0
5.19,20,1,0,0,0,1,0,0,0,0,1,0,0,0,0,0,0,0
1241.25,14,2,0,0,0,0,0,0,1,0,0,0,0,1,0,0,0,1
8.64,7,2,0,0,0,1,0,0,0,1,0,0,0,0,0,0,0,0
239.41,9,2,0,1,0,0,0,0,0,0,0,0,0,0,1,0,0,0
53.21,16,5,1,1,0,0,0,0,0,0,0,1,0,0,0,0,0,0
199.89,14,1,0,0,0,0,1,0,0,0,0,0,0,0,1,0,0,0
1977.53,22,6,1,0,0,0,0,0,1,0,0,0,0,0,1,0,0,1
44.17,4,6,1,0,0,0,0,0,1,0,0,1,0,0,0,0,0,1
8.7,23,0,0,0,0,0,1,0,0,0,0,0,0,0,0,0,1,0
28.67,9,4,0,0,0,0,0,0,1,0,0,0,0,0,0,1,0,0
2.69,23,1,0,1,0,0,0,0,0,0,1,0,0,0,0,0,0,0
495.98,0,5,1,0,0,0,0,0,1,0,0,0,0,1,0,0,0,1
31.9,12,2,0,1,0,0,0,0,0,0,0,0,0,1,0,0,0,0
36.91,19,2,0,1,0,0,0,0,0,0,0,0,0,0,0,1,0,0
3.32,23,0,0,0,0,0,0,0,1,0,1,0,0,0,0,0,0,0
11.69,23,2,0,0,0,0,0,0,1,0,0,0,0,0,0,0,1,0
39.71,19,5,1,0,0,0,1,0,0,0,0,0,0,1,0,0,0,0
19.59,13,6,1,1,0,0,0,0,0,0,0,0,0,0,0,0,1,0
222.88,18,1,0,0,1,0,0,0,0,0,0,0,0,0,1,0,0,0
199.37,13,2,0,0,1,0,0,0,0,0,0,0,0,0,1,0,0,0
560.35,21,2,0,0,0,0,0,0,1,0,0,1,0,0,0,0,0,1
51.45,8,6,1,0,0,1,0,0,0,0,0,0,0,0,1,0,0,0
26.94,9,2,0,0,0,1,0,0,0,0,0,0,0,0,0,0,1,0
982.01,1,6,1,0,0,0,0,1,0,0,0,0,1,0,0,0,0,1
678.71,15,0,0,0,0,0,0,1,0,0,0,1,0,0,0,0,0,1
33.66,9,5,1,1,0,0,0,0,0,1,0,0,0,0,0,0,0,0
137.24,12,6,1,0,0,0,1,0,0,0,0,0,1,0,0,0,0,0
1.59,17,0,0,0,0,1,0,0,0,0,1,0,0,0,0,0,0,0
105.51,7,0,0,1,0,0,0,0,0,0,0,0,1,0,0,0,0,0
42.47,23,3,0,1,0,0,0,0,0,0,0,0,0,0,0,1,0,0
590.38,11,2,0,0,0,0,0,0,1,0,1,0,0,0,0,0,0,1
19.95,6,2,0,0,0,0,1,0,0,0,0,0,0,0,0,1,0,0
53.29,8,2,0,0,0,0,1,0,0,0,0,1,0,0,0,0,0,0
29.45,11,2,0,0,0,0,1,0,0,0,0,0,0,0,0,0,1,0
388.81,4,0,0,0,0,0,0,0,1,0,0,0,0,0,1,0,0,1
47.83,22,5,1,0,1,0,0,0,0,0,0,0,0,1,0,0,0,0
238.71,20,1,0,0,0,0,0,0,1,0,0,0,0,0,1,0,0,0
75.55,7,1,0,0,1,0,0,0,0,0,0,0,0,0,1,0,0,0
66.67,6,5,1,1,0,0,0,0,0,0,0,1,0,0,0,0,0,0
82.53,15,4,0,0,0,0,0,1,0,0,0,0,0,0,1,0,0,0
79.35,4,0,0,0,0,0,0,0,1,0,0,0,0,1,0,0,0,1
32.25,18,1,0,0,0,0,0,0,1,0,0,1,0,0,0,0,0,0
3.35,13,4,0,0,0,0,0,1,0,0,1,0,0,0,0,0,0,0
36.2,23,6,1,0,0,0,0,0,1,0,0,0,0,0,0,1,0,0
5.3,10,5,1,1,0,0,0,0,0,0,1,0,0,0,0,0,0,0
62.79,13,6,1,0,1,0,0,0,0,0,0,0,1,0,0,0,0,0
43.06,20,0,0,1,0,0,0,0,0,0,0,0,0,1,0,0,0,0
70.78,16,0,0,0,0,1,0,0,0,0,0,1,0,0,0,0,0,0
4.64,10,6,1,0,1,0,0,0,0,0,1,0,0,0,0,0,0,0
162.16,11,4,0,0,0,1,0,0,0,0,0,0,0,0,1,0,0,0
21.41,16,0,0,0,1,0,0,0,0,1,0,0,0,0,0,0,0,0
125.52,15,6,1,1,0,0,0,0,0,0,0,0,0,0,1,0,0,0
6.83,6,2,0,0,1,0,0,0,0,1,0,0,0,0,0,0,0,0
35.66,20,0,0,0,0,1,0,0,0,0,0,0,0,1,0,0,0,0
140.85,14,4,0,1,0,0,0,0,0,0,0,0,0,0,1,0,0,0
8.83,18,0,0,0,1,0,0,0,0,0,0,0,0,0,0,1,0,0
103.84,16,0,0,1,0,0,0,0,0,0,0,0,0,1,0,0,0,0
107.21,3,4,0,0,0,0,0,0,1,0,0,1,0,0,0,0,0,1
37.1,19,6,1,1,0,0,0,0,0,0,0,0,0,0,0,0,1,0
23.03,23,6,1,1,0,0,0,0,0,0,0,0,0,0,0,0,1,0
59.55,12,5,1,1,0,0,0,0,0,0,0,0,0,1,0,0,0,0
27.12,9,5,1,0,0,0,0,0,1,1,0,0,0,0,0,0,0,0
13.53,13,1,0,0,0,0,0,0,1,0,0,0,0,0,0,1,0,0
165.15,1,0,0,0,0,0,0,0,1,0,0,0,0,0,0,1,0,1
31.7,20,4,0,0,1,0,0,0,0,0,0,1,0,0,0,0,0,0
16.58,17,5,1,0,0,0,0,0,1,0,0,0,0,0,0,1,0,0
8.51,11,3,0,0,1,0,0,0,0,1,0,0,0,0,0,0,0,0
35.09,18,1,0,0,0,0,1,0,0,0,0,0,0,0,0,1,0,0
33.92,8,3,0,1,0,0,0,0,0,1,0,0,0,0,0,0,0,0
158.54,17,0,0,0,0,1,0,0,0,0,0,0,1,0,0,0,0,0
2.97,23,0,0,0,0,0,0,0,1,0,1,0,0,0,0,0,0,0
5.53,7,6,1,1,0,0,0,0,0,0,1,0,0,0,0,0,0,0
5.21,6,3,0,1,0,0,0,0,0,1,0,0,0,0,0,0,0,0
499.64,0,2,0,0,0,0,0,0,1,0,0,0,0,0,1,0,0,1
10.08,6,4,0,1,0,0,0,0,0,1,0,0,0,0,0,0,0,0
79.08,9,5,1,0,1,0,0,0,0,0,0,0,0,1,0,0,0,0
148.14,8,1,0,1,0,0,0,0,0,0,0,0,0,0,1,0,0,0
527.55,3,4,0,0,0,1,0,0,0,0,0,0,0,0,0,0,1,1
11.03,17,2,0,1,0,0,0,0,0,1,0,0,0,0,0,0,0,0
22.99,23,6,1,1,0,0,0,0,0,0,0,0,0,0,0,0,1,0
48.13,13,4,0,0,0,0,0,1,0,0,0,0,0,0,0,1,0,0
40.05,22,0,0,1,0,0,0,0,0,0,0,0,0,0,0,1,0,0
33.18,20,0,0,0,1,0,0,0,0,0,0,1,0,0,0,0,0,0
58.83,13,3,0,0,0,0,0,0,1,0,0,0,1,0,0,0,0,0
53.05,13,3,0,0,0,0,0,0,1,0,0,0,0,1,0,0,0,0
26.26,17,1,0,0,1,0,0,0,0,0,0,0,0,1,0,0,0,0
2.29,11,1,0,0,1,0,0,0,0,0,1,0,0,0,0,0,0,0
36.36,13,5,1,0,0,1,0,0,0,0,0,0,0,0,0,0,1,0
3.15,6,3,0,1,0,0,0,0,0,0,1,0,0,0,0,0,0,0
40.26,7,0,0,0,1,0,0,0,0,0,0,0,0,0,0,1,0,0
171.94,23,3,0,1,0,0,0,0,0,0,0,0,0,0,1,0,0,0
3271.77,17,3,0,0,0,0,0,0,1,0,0,0,0,0,1,0,0,1
85.86,12,6,1,0,1,0,0,0,0,0,0,0,1,0,0,0,0,0
11.98,20,2,0,0,1,0,0,0,0,0,0,0,0,0,0,0,1,0
35.25,21,1,0,1,0,0,0,0,0,0,0,0,0,0,0,0,1,0
2.02,6,4,0,0,0,0,0,0,1,0,1,0,0,0,0,0,0,0
9.27,15,2,0,0,0,0,0,0,1,1,0,0,0,0,0,0,0,0
21.47,23,1,0,0,1,0,0,0,0,0,0,0,0,1,0,0,0,0
48.29,10,1,0,0,0,1,0,0,0,0,0,0,0,0,1,0,0,0
4.54,11,6,1,1,0,0,0,0,0,0,1,0,0,0,0,0,0,0
30.49,16,6,1,0,0,0,1,0,0,0,0,0,0,0,0,0,1,0
652.95,19,0,0,0,1,0,0,0,0,0,0,0,0,0,0,0,1,1
5.2,18,4,0,0,0,0,0,0,1,0,1,0,0,0,0,0,0,0
21.66,7,3,0,0,1,0,0,0,0,0,0,1,0,0,0,0,0,0
37.87,11,5,1,0,0,0,0,0,1,0,0,0,0,0,0,0,1,0
350.11,0,6,1,1,0,0,0,0,0,0,1,0,0,0,0,0,0,1
39.84,6,3,0,1,0,0,0,0,0,0,0,0,0,0,0,1,0,0
16.55,23,1,0,0,0,0,0,0,1,0,0,1,0,0,0,0,0,0
56.01,6,1,0,0,0,0,0,0,1,0,0,1,0,0,0,0,0,0
17.67,8,0,0,0,1,0,0,0,0,1,0,0,0,0,0,0,0,0
40.93,6,3,0,1,0,0,0,0,0,0,0,1,0,0,0,0,0,0
517.48,2,4,0,0,0,0,1,0,0,0,0,1,0,0,0,0,0,1
1.66,7,6,1,1,0,0,0,0,0,0,1,0,0,0,0,0,0,0
1741.27,6,1,0,0,0,0,0,0,1,0,0,0,0,1,0,0,0,1
52.64,13,0,0,0,0,0,0,0,1,0,0,1,0,0,0,0,0,0
30.41,16,5,1,0,0,0,0,0,1,1,0,0,0,0,0,0,0,0
14.46,8,6,1,0,0,0,0,0,1,0,0,1,0,0,0,0,0,0
22.12,14,1,0,0,0,0,0,0,1,1,0,0,0,0,0,0,0,0
27.72,23,3,0,1,0,0,0,0,0,0,0,0,0,0,0,1,0,0
56.33,21,6,1,1,0,0,0,0,0,0,0,0,0,1,0,0,0,0
2.68,21,5,1,0,0,0,0,0,1,0,1,0,0,0,0,0,0,0
164.38,10,4,0,0,0,0,1,0,0,0,0,0,1,0,0,0,0,0
118.29,15,2,0,1,0,0,0,0,0,0,0,0,0,0,1,0,0,0
39.14,16,0,0,1,0,0,0,0,0,0,0,0,0,0,0,0,1,0
14.08,13,4,0,0,1,0,0,0,0,1,0,0,0,0,0,0,0,0
672.84,2,0,0,0,0,0,0,0,1,0,0,0,1,0,0,0,0,1
171.53,23,1,0,0,1,0,0,0,0,0,0,0,1,0,0,0,0,0
34.86,15,5,1,1,0,0,0,0,0,0,0,0,0,0,0,1,0,0
22.98,9,6,1,0,1,0,0,0,0,1,0,0,0,0,0,0,0,0
8.2,17,5,1,0,1,0,0,0,0,0,0,0,0,0,0,0,1,0
8.58,7,0,0,0,1,0,0,0,0,1,0,0,0,0,0,0,0,0
2.63,12,6,1,0,0,0,0,0,1,0,1,0,0,0,0,0,0,0
14.69,6,3,0,0,1,0,0,0,0,0,0,0,0,1,0,0,0,0
5.14,18,1,0,1,0,0,0,0,0,0,1,0,0,0,0,0,0,0
25.09,7,2,0,0,0,0,0,0,1,1,0,0,0,0,0,0,0,0
164.59,3,5,1,0,0,0,0,0,1,0,0,0,0,0,0,1,0,1
15.58,18,5,1,1,0,0,0,0,0,0,0,0,0,0,0,0,1,0
79.11,20,2,0,0,0,0,0,0,1,0,0,1,0,0,0,0,0,0
4.93,12,2,0,0,0,0,0,1,0,0,1,0,0,0,0,0,0,0
52.63,13,6,1,0,0,0,0,0,1,0,0,0,0,0,0,1,0,0
3.24,15,6,1,0,0,0,0,0,1,0,1,0,0,0,0,0,0,0
73.25,9,3,0,0,0,0,1,0,0,0,0,0,0,1,0,0,0,0
31.65,21,3,0,0,0,0,0,0,1,1,0,0,0,0,0,0,0,0
118.35,12,3,0,1,0,0,0,0,0,0,0,0,0,1,0,0,0,0
2.88,11,6,1,1,0,0,0,0,0,0,1,0,0,0,0,0,0,0
4.38,23,1,0,1,0,0,0,0,0,0,1,0,0,0,0,0,0,0
27.51,10,2,0,0,1,0,0,0,0,0,0,0,0,0,0,1,0,0
244.77,12,1,0,1,0,0,0,0,0,0,0,0,0,0,1,0,0,0
1843.53,11,1,0,0,0,0,1,0,0,0,0,0,1,0,0,0,0,1
98.04,15,1,0,1,0,0,0,0,0,0,0,0,0,1,0,0,0,0
5.24,23,6,1,1,0,0,0,0,0,0,1,0,0,0,0,0,0,0
50.05,23,2,0,1,0,0,0,0,0,0,0,0,0,0,0,1,0,0
4.75,7,4,0,1,0,0,0,0,0,0,1,0,0,0,0,0,0,0
59.01,19,1,0,1,0,0,0,0,0,0,0,0,0,0,0,1,0,0
10.8,6,5,1,0,0,1,0,0,0,0,0,1,0,0,0,0,0,0
45.14,18,3,0,0,0,1,0,0,0,0,0,0,1,0,0,0,0,0
49.44,23,0,0,1,0,0,0,0,0,0,0,0,0,0,0,1,0,0
236.89,23,0,0,1,0,0,0,0,0,0,0,0,0,0,1,0,0,0
22.46,7,6,1,0,0,0,1,0,0,0,0,0,0,1,0,0,0,0
6.03,23,6,1,1,0,0,0,0,0,1,0,0,0,0,0,0,0,0
30.7,11,0,0,1,0,0,0,0,0,1,0,0,0,0,0,0,0,0
150.19,0,2,0,0,0,0,0,0,1,0,0,0,0,0,0,0,1,1
29.63,17,4,0,0,0,1,0,0,0,1,0,0,0,0,0,0,0,0
5.17,19,5,1,0,0,0,1,0,0,0,1,0,0,0,0,0,0,0
47.29,12,2,0,0,0,0,0,0,1,0,0,0,0,1,0,0,0,0
186.09,6,5,1,0,0,1,0,0,0,0,0,0,1,0,0,0,0,0
87.98,11,4,0,0,1,0,0,0,0,0,0,0,0,1,0,0,0,0
248.94,15,4,0,0,1,0,0,0,0,0,0,0,0,0,1,0,0,0
103.73,14,5,1,1,0,0,0,0,0,0,0,0,1,0,0,0,0,0
48.84,20,4,0,1,0,0,0,0,0,0,0,0,0,0,0,1,0,0
30.82,6,6,1,0,0,0,0,0,1,0,0,0,1,0,0,0,0,0
110.24,22,4,0,0,0,0,0,0,1,0,0,0,1,0,0,0,0,0
2.45,19,1,0,0,0,0,0,0,1,0,1,0,0,0,0,0,0,0
34.02,11,2,0,1,0,0,0,0,0,0,0,0,1,0,0,0,0,0
32.51,18,6,1,1,0,0,0,0,0,0,0,0,0,0,0,1,0,0
36.04,6,0,0,1,0,0,0,0,0,0,0,1,0,0,0,0,0,0
35.57,15,5,1,1,0,0,0,0,0,0,0,1,0,0,0,0,0,0
55.62,20,0,0,0,1,0,0,0,0,0,0,1,0,0,0,0,0,0
37.74,16,6,1,0,0,1,0,0,0,0,0,0,1,0,0,0,0,0
71.23,13,1,0,1,0,0,0,0,0,0,0,0,0,1,0,0,0,0
58.74,11,2,0,1,0,0,0,0,0,0,0,1,0,0,0,0,0,0
678.94,3,6,1,1,0,0,0,0,0,1,0,0,0,0,0,0,0,1
855.0,1,1,0,0,0,0,0,0,1,0,0,1,0,0,0,0,0,1
3.9,7,3,0,0,0,1,0,0,0,0,1,0,0,0,0,0,0,0
109.23,18,3,0,0,0,0,0,1,0,0,0,0,1,0,0,0,0,0
30.77,8,0,0,1,0,0,0,0,0,0,0,1,0,0,0,0,0,0
71.43,22,5,1,0,0,0,0,1,0,0,0,1,0,0,0,0,0,0
3.21,18,4,0,0,1,0,0,0,0,0,1,0,0,0,0,0,0,0
87.85,7,0,0,0,1,0,0,0,0,0,0,0,0,1,0,0,0,0
4.12,6,1,0,0,0,1,0,0,0,0,1,0,0,0,0,0,0,0
117.13,23,4,0,1,0,0,0,0,0,0,0,0,0,1,0,0,0,0
27.21,20,1,0,1,0,0,0,0,0,0,0,0,0,0,0,1,0,0
5.24,19,5,1,1,0,0,0,0,0,0,1,0,0,0,0,0,0,0
123.11,16,1,0,0,1,0,0,0,0,0,0,0,1,0,0,0,0,0
47.36,6,3,0,0,0,0,0,0,1,0,0,1,0,0,0,0,0,0
534.7,2,3,0,0,0,0,0,0,1,0,0,1,0,0,0,0,0,1
340.5,4,6,1,0,0,0,0,0,1,0,0,1,0,0,0,0,0,1
72.57,19,5,1,0,0,0,0,0,1,0,0,1,0,0,0,0,0,0
5.35,11,4,0,0,0,0,0,0,1,1,0,0,0,0,0,0,0,0
10.11,21,1,0,0,0,1,0,0,0,0,0,0,0,1,0,0,0,0
19.14,22,1,0,0,1,0,0,0,0,0,0,0,0,0,0,0,1,0
5.2,17,4,0,1,0,0,0,0,0,0,1,0,0,0,0,0,0,0
5.77,18,4,0,1,0,0,0,0,0,1,0,0,0,0,0,0,0,0
10.39,16,4,0,0,1,0,0,0,0,1,0,0,0,0,0,0,0,0
356.54,14,0,0,0,0,1,0,0,0,0,1,0,0,0,0,0,0,1
20.13,12,0,0,0,0,0,0,0,1,0,0,0,0,0,0,1,0,0
3645.85,8,4,0,0,0,0,0,0,1,0,0,0,0,0,1,0,0,1
13.23,21,1,0,1,0,0,0,0,0,0,0,0,0,0,0,1,0,0
48.33,10,0,0,1,0,0,0,0,0,0,0,1,0,0,0,0,0,0
19.16,18,0,0,1,0,0,0,0,0,0,0,0,0,0,0,0,1,0
1.53,13,0,0,1,0,0,0,0,0,0,1,0,0,0,0,0,0,0
1.76,14,2,0,0,0,1,0,0,0,0,1,0,0,0,0,0,0,0
72.28,15,0,0,1,0,0,0,0,0,0,0,0,0,0,1,0,0,0
28.14,16,0,0,0,0,0,1,0,0,0,0,0,0,0,0,0,1,0
3.23,16,4,0,1,0,0,0,0,0,0,1,0,0,0,0,0,0,0
4.4,9,5,1,0,0,0,0,1,0,0,1,0,0,0,0,0,0,0
120.61,21,1,0,1,0,0,0,0,0,0,0,0,0,0,1,0,0,0
5.79,23,3,0,0,0,1,0,0,0,0,1,0,0,0,0,0,0,0
764.64,6,5,1,0,0,0,0,1,0,0,0,1,0,0,0,0,0,1
248.48,9,5,1,1,0,0,0,0,0,0,0,0,0,0,1,0,0,0
35.14,13,6,1,1,0,0,0,0,0,0,0,0,0,0,0,1,0,0
1037.07,4,5,1,0,0,0,0,0,1,0,0,0,0,0,0,1,0,1
25.42,21,6,1,1,0,0,0,0,0,0,0,0,0,0,0,1,0,0
82.6,4,6,1,0,0,0,0,0,1,0,0,1,0,0,0,0,0,1
2.5,23,0,0,1,0,0,0,0,0,0,1,0,0,0,0,0,0,0
21.54,17,0,0,0,1,0,0,0,0,1,0,0,0,0,0,0,0,0
29.77,9,6,1,0,0,0,0,0,1,1,0,0,0,0,0,0,0,0
3989.08,12,0,0,0,0,1,0,0,0,0,0,0,0,0,1,0,0,1
38.73,13,2,0,1,0,0,0,0,0,0,0,1,0,0,0,0,0,0
15.08,17,3,0,1,0,0,0,0,0,0,0,0,0,0,0,0,1,0
92.95,21,0,0,1,0,0,0,0,0,0,0,0,1,0,0,0,0,0
39.86,17,3,0,0,1,0,0,0,0,0,0,0,0,1,0,0,0,0
19.75,19,2,0,0,1,0,0,0,0,1,0,0,0,0,0,0,0,0
12.68,23,4,0,0,0,0,0,0,1,0,0,0,0,0,0,0,1,0
41.61,18,4,0,1,0,0,0,0,0,0,0,0,0,1,0,0,0,0
884.96,0,0,0,0,0,0,0,1,0,0,0,0,0,0,0,0,1,1
74.39,20,2,0,1,0,0,0,0,0,0,0,1,0,0,0,0,0,0
176.62,21,2,0,0,0,1,0,0,0,0,0,0,1,0,0,0,0,0
16.64,13,1,0,0,0,0,0,0,1,1,0,0,0,0,0,0,0,0
95.0,12,4,0,0,0,0,0,0,1,0,0,0,0,1,0,0,0,0
96.63,7,4,0,0,0,1,0,0,0,0,0,0,1,0,0,0,0,0
19.9,15,4,0,0,1,0,0,0,0,0,0,0,0,0,0,1,0,0
383.36,0,6,1,0,0,0,0,0,1,0,0,0,0,1,0,0,0,1
50.61,11,5,1,1,0,0,0,0,0,0,0,1,0,0,0,0,0,0
33.95,20,6,1,0,1,0,0,0,0,1,0,0,0,0,0,0,0,0
84.55,10,6,1,1,0,0,0,0,0,0,0,0,0,1,0,0,0,0
689.66,14,3,0,0,0,0,0,0,1,1,0,0,0,0,0,0,0,1
46.46,7,4,0,1,0,0,0,0,0,0,0,0,0,1,0,0,0,0
1069.83,16,1,0,0,0,0,0,0,1,0,0,0,1,0,0,0,0,1
177.18,22,0,0,0,1,0,0,0,0,0,0,0,1,0,0,0,0,0
28.16,19,3,0,0,1,0,0,0,0,1,0,0,0,0,0,0,0,0
13.17,15,1,0,1,0,0,0,0,0,1,0,0,0,0,0,0,0,0
15.52,7,3,0,0,0,0,0,0,1,0,0,0,0,1,0,0,0,0
164.65,7,3,0,0,1,0,0,0,0,0,0,0,1,0,0,0,0,0
7.36,20,5,1,0,0,0,0,0,1,0,0,0,0,0,0,1,0,0
663.67,15,5,1,0,0,0,0,0,1,0,0,1,0,0,0,0,0,1
18.95,10,3,0,0,0,0,1,0,0,1,0,0,0,0,0,0,0,0
3130.0,20,0,0,0,0,0,0,0,1,0,0,0,0,0,1,0,0,1
7.42,10,4,0,0,0,0,0,0,1,1,0,0,0,0,0,0,0,0
33.48,21,2,0,0,0,0,0,0,1,0,0,0,0,0,0,0,1,0
35.04,22,6,1,1,0,0,0,0,0,0,0,1,0,0,0,0,0,0
34.27,14,4,0,1,0,0,0,0,0,1,0,0,0,0,0,0,0,0
116.54,22,4,0,0,0,1,0,0,0,0,0,0,0,1,0,0,0,0
25.54,17,5,1,0,0,0,0,0,1,0,0,0,0,0,0,0,1,0
13.14,21,4,0,1,0,0,0,0,0,1,0,0,0,0,0,0,0,0
2.03,11,0,0,0,0,0,0,0,1,0,1,0,0,0,0,0,0,0
66.79,22,5,1,0,0,0,0,0,1,0,0,1,0,0,0,0,0,0
67.07,7,5,1,1,0,0,0,0,0,0,0,1,0,0,0,0,0,0
2006.43,8,0,0,0,0,0,0,1,0,0,0,0,0,1,0,0,0,1
4.09,8,6,1,0,0,0,0,0,1,0,1,0,0,0,0,0,0,0
2692.96,0,6,1,0,1,0,0,0,0,0,0,0,0,0,1,0,0,1
58.33,18,3,0,1,0,0,0,0,0,0,0,0,0,0,0,1,0,0
1060.68,8,3,0,0,0,0,0,0,1,0,0,0,0,1,0,0,0,1
15.96,16,6,1,0,0,1,0,0,0,0,0,0,0,1,0,0,0,0
28.28,18,0,0,1,0,0,0,0,0,1,0,0,0,0,0,0,0,0
10.05,12,3,0,0,0,0,1,0,0,1,0,0,0,0,0,0,0,0
317.64,0,4,0,0,0,0,0,0,1,0,0,1,0,0,0,0,0,1
20.52,14,1,0,1,0,0,0,0,0,0,0,0,0,0,0,1,0,0
23.69,17,2,0,0,0,0,0,0,1,0,0,0,0,0,0,0,1,0
51.41,8,6,1,0,1,0,0,0,0,0,0,0,1,0,0,0,0,0
5.54,20,4,0,0,0,0,1,0,0,0,1,0,0,0,0,0,0,0
30.02,20,5,1,1,0,0,0,0,0,0,0,0,0,0,0,1,0,0
80.51,10,3,0,0,0,0,0,0,1,0,0,0,1,0,0,0,0,0
5.82,17,4,0,1,0,0,0,0,0,0,1,0,0,0,0,0,0,0
55.43,18,3,0,1,0,0,0,0,0,0,0,1,0,0,0,0,0,0
183.29,21,3,0,1,0,0,0,0,0,0,0,0,0,0,1,0,0,0
90.15,7,6,1,0,0,1,0,0,0,0,0,0,0,0,1,0,0,0
4.03,16,3,0,0,0,0,0,1,0,0,1,0,0,0,0,0,0,0
14.59,10,4,0,1,0,0,0,0,0,0,0,0,0,1,0,0,0,0
71.34,23,4,0,0,0,0,1,0,0,0,0,1,0,0,0,0,0,0
19.57,23,3,0,0,0,0,0,1,0,0,0,0,0,1,0,0,0,0
734.19,15,6,1,0,0,0,0,0,1,0,0,0,0,0,0,0,1,1
23.72,19,5,1,0,1,0,0,0,0,0,0,0,0,0,0,0,1,0
1159.42,2,0,0,0,0,1,0,0,0,0,0,0,0,0,0,1,0,1
1586.35,10,6,1,0,0,0,0,0,1,0,0,0,0,1,0,0,0,1
30.02,6,3,0,1,0,0,0,0,0,0,0,0,0,0,0,0,1,0
18.82,21,2,0,0,0,0,1,0,0,0,0,0,0,0,0,1,0,0
25.0,16,1,0,1,0,0,0,0,0,0,0,0,1,0,0,0,0,0
8.64,12,1,0,0,1,0,0,0,0,1,0,0,0,0,0,0,0,0
4.02,17,2,0,1,0,0,0,0,0,0,1,0,0,0,0,0,0,0
31.17,21,1,0,1,0,0,0,0,0,0,0,0,0,0,0,0,1,0
724.32,3,0,0,0,0,1,0,0,0,0,0,0,0,1,0,0,0,1
32.16,11,5,1,1,0,0,0,0,0,1,0,0,0,0,0,0,0,0
28.79,16,5,1,0,0,1,0,0,0,0,0,0,0,0,0,1,0,0
12.72,22,1,0,0,1,0,0,0,0,1,0,0,0,0,0,0,0,0
5.83,8,0,0,0,0,1,0,0,0,0,0,0,0,0,0,0,1,0
22.9,13,0,0,0,0,0,0,0,1,0,0,0,0,0,0,1,0,0
57.85,16,3,0,0,1,0,0,0,0,0,0,1,0,0,0,0,0,0
55.96,15,1,0,0,0,0,0,1,0,0,0,1,0,0,0,0,0,0
4.84,11,0,0,1,0,0,0,0,0,0,1,0,0,0,0,0,0,0
9.25,13,6,1,1,0,0,0,0,0,0,0,0,0,0,0,0,1,0
5.25,8,1,0,1,0,0,0,0,0,1,0,0,0,0,0,0,0,0
11.8,11,2,0,0,1,0,0,0,0,0,0,0,0,0,0,1,0,0
71.44,19,3,0,0,1,0,0,0,0,0,0,1,0,0,0,0,0,0
262.94,12,1,0,0,0,0,0,0,1,0,0,0,0,0,1,0,0,0
2460.66,15,3,0,0,0,0,0,0,1,0,0,0,0,1,0,0,0,1
45.67,21,4,0,1,0,0,0,0,0,0,0,0,0,0,0,1,0,0
52.42,13,6,1,1,0,0,0,0,0,0,0,0,0,0,0,1,0,0
23.85,13,1,0,0,1,0,0,0,0,1,0,0,0,0,0,0,0,0
24.28,13,3,0,0,0,0,0,1,0,0,0,0,0,0,0,1,0,0
57.25,20,4,0,1,0,0,0,0,0,0,0,1,0,0,0,0,0,0
56.2,13,1,0,1,0,0,0,0,0,0,0,1,0,0,0,0,0,0
4.4,22,1,0,0,0,0,0,0,1,0,1,0,0,0,0,0,0,0
144.09,0,1,0,0,0,0,0,0,1,0,0,0,0,0,0,1,0,1
102.07,9,6,1,1,0,0,0,0,0,0,0,0,0,1,0,0,0,0
34.5,11,5,1,0,0,0,0,0,1,0,0,0,1,0,0,0,0,0
93.32,0,0,0,0,0,0,0,0,1,1,0,0,0,0,0,0,0,1
19.01,7,6,1,0,0,1,0,0,0,0,0,1,0,0,0,0,0,0
111.13,18,6,1,1,0,0,0,0,0,0,0,0,0,1,0,0,0,0
17.53,23,3,0,1,0,0,0,0,0,1,0,0,0,0,0,0,0,0
56.94,21,5,1,0,0,0,0,0,1,0,0,0,0,1,0,0,0,0
24.24,23,6,1,1,0,0,0,0,0,0,0,0,0,1,0,0,0,0
73.24,23,5,1,0,1,0,0,0,0,0,0,1,0,0,0,0,0,0
25.48,12,2,0,1,0,0,0,0,0,0,0,0,0,0,0,1,0,0
104.01,7,1,0,1,0,0,0,0,0,0,0,0,1,0,0,0,0,0
39.73,19,6,1,1,0,0,0,0,0,0,0,0,0,0,0,0,1,0
42.94,23,2,0,0,0,0,0,1,0,0,0,0,0,0,0,1,0,0
339.36,4,6,1,0,0,0,0,0,1,0,0,1,0,0,0,0,0,1
56.38,9,6,1,1,0,0,0,0,0,0,0,1,0,0,0,0,0,0
64.89,21,2,0,1,0,0,0,0,0,0,0,1,0,0,0,0,0,0
886.81,1,3,0,0,1,0,0,0,0,0,0,1,0,0,0,0,0,1
13.43,15,0,0,0,0,0,1,0,0,0,0,0,0,0,0,0,1,0
270.16,23,0,0,1,0,0,0,0,0,0,0,0,0,0,1,0,0,0
183.2,15,4,0,0,1,0,0,0,0,0,0,0,0,0,1,0,0,0
7.28,21,0,0,0,0,1,0,0,0,1,0,0,0,0,0,0,0,0
41.49,8,0,0,0,0,0,0,0,1,0,0,1,0,0,0,0,0,0
29.53,23,2,0,1,0,0,0,0,0,1,0,0,0,0,0,0,0,0
38.52,13,3,0,1,0,0,0,0,0,0,0,1,0,0,0,0,0,0
26.54,14,1,0,1,0,0,0,0,0,0,0,1,0,0,0,0,0,0
74.77,21,3,0,0,1,0,0,0,0,0,0,0,0,1,0,0,0,0
33.79,23,6,1,0,0,0,0,0,1,0,0,0,0,0,0,0,1,0
4.37,7,1,0,0,0,0,0,1,0,0,1,0,0,0,0,0,0,0
79.51,22,5,1,0,0,0,0,0,1,0,0,1,0,0,0,0,0,0
7.08,23,4,0,0,1,0,0,0,0,0,0,0,0,0,0,0,1,0
10.79,22,5,1,1,0,0,0,0,0,0,0,0,0,0,0,0,1,0
7.91,11,5,1,0,0,0,0,0,1,0,0,0,0,0,0,0,1,0
36.5,11,0,0,0,0,0,1,0,0,0,0,0,0,0,0,0,1,0
91.42,23,3,0,1,0,0,0,0,0,0,0,0,1,0,0,0,0,0
66.85,8,5,1,0,0,0,0,1,0,0,0,1,0,0,0,0,0,0
26.59,19,0,0,0,0,0,0,0,1,0,0,0,0,0,0,1,0,0
47.8,23,0,0,1,0,0,0,0,0,0,0,0,1,0,0,0,0,0
139.65,15,4,0,0,0,0,0,1,0,0,0,0,1,0,0,0,0,0
28.26,14,3,0,0,1,0,0,0,0,0,0,0,0,0,0,0,1,0
15.41,15,2,0,0,1,0,0,0,0,0,0,0,1,0,0,0,0,0
58.32,16,0,0,0,0,0,0,0,1,0,0,0,0,0,0,1,0,0
1149.51,2,5,1,0,0,0,0,0,1,0,0,1,0,0,0,0,0,1
33.46,17,3,0,0,0,0,0,0,1,1,0,0,0,0,0,0,0,0
68.2,13,1,0,0,0,0,0,0,1,0,0,0,1,0,0,0,0,0
170.43,8,2,0,0,0,1,0,0,0,0,0,0,1,0,0,0,0,0
22.65,19,5,1,0,1,0,0,0,0,1,0,0,0,0,0,0,0,0
29.6,7,1,0,0,0,0,0,0,1,0,0,0,0,0,0,1,0,0
995.61,3,6,1,1,0,0,0,0,0,0,0,1,0,0,0,0,0,1
14.2,19,2,0,0,0,1,0,0,0,1,0,0,0,0,0,0,0,0
390.21,12,4,0,0,0,0,0,0,1,0,1,0,0,0,0,0,0,1
14.61,18,1,0,0,0,0,0,0,1,1,0,0,0,0,0,0,0,0
116.53,23,1,0,1,0,0,0,0,0,0,0,0,1,0,0,0,0,0
26.22,21,5,1,0,1,0,0,0,0,0,0,0,0,0,0,1,0,0
13.89,18,6,1,0,0,0,0,0,1,0,0,0,0,0,0,0,1,0
12.15,17,6,1,0,0,0,0,0,1,0,0,0,0,0,0,1,0,0
11.61,8,0,0,0,0,1,0,0,0,0,0,1,0,0,0,0,0,0
28.11,17,4,0,1,0,0,0,0,0,0,0,0,0,1,0,0,0,0
24.02,21,4,0,1,0,0,0,0,0,0,0,0,0,0,0,0,1,0
38.35,19,4,0,0,1,0,0,0,0,0,0,0,0,0,0,1,0,0
15.88,20,3,0,0,1,0,0,0,0,0,0,0,0,0,0,1,0,0
53.93,10,3,0,1,0,0,0,0,0,0,0,0,0,0,0,1,0,0
73.96,10,1,0,0,0,0,0,0,1,0,0,0,0,1,0,0,0,0
11.0,22,5,1,0,1,0,0,0,0,0,0,1,0,0,0,0,0,0
484.41,3,0,0,0,0,0,0,0,1,1,0,0,0,0,0,0,0,1
154.83,12,6,1,0,1,0,0,0,0,0,0,0,1,0,0,0,0,0
176.73,7,3,0,1,0,0,0,0,0,0,0,0,1,0,0,0,0,0
56.02,0,4,0,0,0,0,0,0,1,1,0,0,0,0,0,0,0,1
26.58,11,2,0,1,0,0,0,0,0,0,0,0,0,1,0,0,0,0
1365.88,10,6,1,0,0,0,0,0,1,0,0,0,0,0,0,1,0,1
114.12,10,4,0,0,0,0,1,0,0,0,0,0,1,0,0,0,0,0
30.89,6,1,0,1,0,0,0,0,0,1,0,0,0,0,0,0,0,0
124.67,0,0,0,0,0,0,0,0,1,0,0,0,0,0,0,0,1,1
36.41,20,0,0,0,1,0,0,0,0,0,0,0,0,0,0,0,1,0
11.28,18,6,1,0,0,0,0,0,1,0,0,0,0,0,0,1,0,0
28.88,21,3,0,1,0,0,0,0,0,1,0,0,0,0,0,0,0,0
572.89,19,5,1,0,1,0,0,0,0,1,0,0,0,0,0,0,0,1
4.84,15,6,1,0,0,0,0,0,1,0,1,0,0,0,0,0,0,0
296.9,20,6,1,0,1,0,0,0,0,0,0,0,0,0,1,0,0,0
3.45,15,1,0,1,0,0,0,0,0,0,1,0,0,0,0,0,0,0
102.21,17,6,1,0,0,1,0,0,0,0,0,0,0,1,0,0,0,0
247.75,12,6,1,0,0,0,0,0,1,0,0,0,0,0,1,0,0,0
157.88,20,3,0,1,0,0,0,0,0,0,0,0,0,0,1,0,0,0
61.6,21,6,1,1,0,0,0,0,0,0,0,1,0,0,0,0,0,0
46.61,22,1,0,0,0,0,0,0,1,0,0,0,0,1,0,0,0,0
1842.56,0,1,0,0,0,0,1,0,0,0,0,0,1,0,0,0,0,1
30.77,15,5,1,1,0,0,0,0,0,1,0,0,0,0,0,0,0,0
11.61,23,1,0,0,0,0,1,0,0,1,0,0,0,0,0,0,0,0
148.82,21,2,0,0,1,0,0,0,0,0,0,0,1,0,0,0,0,0
110.75,16,1,0,1,0,0,0,0,0,0,0,0,0,1,0,0,0,0
5.28,14,1,0,1,0,0,0,0,0,0,1,0,0,0,0,0,0,0
60.19,17,1,0,0,0,0,0,0,1,0,0,1,0,0,0,0,0,0
26.68,10,1,0,1,0,0,0,0,0,1,0,0,0,0,0,0,0,0
42.26,13,1,0,1,0,0,0,0,0,0,0,0,0,0,1,0,0,0
88.36,7,4,0,0,0,0,0,0,1,0,0,0,1,0,0,0,0,0
9.21,19,1,0,1,0,0,0,0,0,1,0,0,0,0,0,0,0,0
44.82,7,6,1,0,0,0,0,1,0,0,0,0,0,0,0,1,0,0
1748.25,19,2,0,0,0,1,0,0,0,0,0,0,0,0,0,0,1,1
22.1,16,4,0,1,0,0,0,0,0,0,0,0,0,0,0,1,0,0
5.98,22,1,0,1,0,0,0,0,0,0,1,0,0,0,0,0,0,0
165.2,19,4,0,1,0,0,0,0,0,0,0,0,1,0,0,0,0,0
54.73,10,2,0,0,0,1,0,0,0,0,0,0,0,0,0,1,0,0
55.12,13,2,0,0,0,0,0,1,0,0,0,0,0,1,0,0,0,0
8.83,23,2,0,1,0,0,0,0,0,1,0,0,0,0,0,0,0,0
173.83,15,2,0,0,0,1,0,0,0,0,0,0,0,0,1,0,0,0
2.79,8,5,1,1,0,0,0,0,0,0,1,0,0,0,0,0,0,0
638.15,1,6,1,0,0,0,0,0,1,0,0,0,0,0,1,0,0,1
178.9,0,1,0,0,0,0,0,0,1,0,0,0,0,0,0,0,1,1
119.25,16,1,0,1,0,0,0,0,0,0,0,0,1,0,0,0,0,0
2.79,17,0,0,1,0,0,0,0,0,0,1,0,0,0,0,0,0,0
47.4,6,1,0,0,1,0,0,0,0,0,0,1,0,0,0,0,0,0
23.7,8,1,0,0,0,0,0,1,0,0,0,0,0,0,0,0,1,0
43.24,13,1,0,1,0,0,0,0,0,0,0,0,0,1,0,0,0,0
78.92,12,6,1,1,0,0,0,0,0,0,0,0,1,0,0,0,0,0
14.3,1,5,1,0,0,0,0,0,1,0,1,0,0,0,0,0,0,1
25.9,22,3,0,0,0,0,0,0,1,0,0,0,0,0,0,0,1,0
1.77,18,5,1,1,0,0,0,0,0,0,1,0,0,0,0,0,0,0
1.68,12,0,0,1,0,0,0,0,0,0,1,0,0,0,0,0,0,0
58.93,17,6,1,0,0,0,0,1,0,0,0,0,0,0,0,1,0,0
23.86,17,5,1,0,0,0,1,0,0,0,0,0,0,0,0,1,0,0
33.29,19,1,0,0,1,0,0,0,0,0,0,0,0,0,0,0,1,0
107.37,16,4,0,0,0,0,0,1,0,0,0,0,1,0,0,0,0,0
38.53,0,2,0,0,0,0,0,0,1,0,0,1,0,0,0,0,0,1
738.38,4,2,0,0,0,1,0,0,0,0,0,1,0,0,0,0,0,1
16.82,7,3,0,0,1,0,0,0,0,0,0,0,0,0,0,0,1,0
20.49,23,3,0,0,0,0,0,0,1,0,0,0,0,0,0,0,1,0
27.78,4,0,0,0,0,0,0,0,1,0,0,0,0,0,0,1,0,1
2.86,10,6,1,0,0,1,0,0,0,0,1,0,0,0,0,0,0,0
804.81,15,5,1,0,0,0,0,1,0,1,0,0,0,0,0,0,0,1
15.84,21,2,0,1,0,0,0,0,0,0,0,0,0,0,0,0,1,0
60.76,8,1,0,0,1,0,0,0,0,0,0,0,1,0,0,0,0,0
42.03,7,3,0,0,0,1,0,0,0,0,0,1,0,0,0,0,0,0
3416.89,16,2,0,0,0,0,0,0,1,0,0,0,0,0,1,0,0,1
85.77,10,4,0,0,0,0,1,0,0,0,0,0,1,0,0,0,0,0
5.98,9,2,0,0,0,1,0,0,0,0,1,0,0,0,0,0,0,0
8.51,23,3,0,1,0,0,0,0,0,0,0,0,0,0,0,0,1,0
11.03,20,6,1,1,0,0,0,0,0,1,0,0,0,0,0,0,0,0
53.44,9,0,0,0,0,1,0,0,0,0,0,1,0,0,0,0,0,0
43.86,9,5,1,1,0,0,0,0,0,0,0,0,0,0,0,1,0,0
46.59,23,2,0,0,1,0,0,0,0,0,0,0,1,0,0,0,0,0
19.9,8,5,1,0,0,0,0,1,0,1,0,0,0,0,0,0,0,0
7.5,6,1,0,0,0,1,0,0,0,1,0,0,0,0,0,0,0,0
43.89,11,3,0,1,0,0,0,0,0,0,0,0,0,0,0,1,0,0
15.56,22,6,1,0,1,0,0,0,0,0,0,0,1,0,0,0,0,0
25.83,22,1,0,0,0,0,0,1,0,0,0,0,0,1,0,0,0,0
93.59,16,4,0,1,0,0,0,0,0,0,0,0,0,1,0,0,0,0
34.72,10,1,0,1,0,0,0,0,0,1,0,0,0,0,0,0,0,0
9.82,14,0,0,0,0,0,1,0,0,1,0,0,0,0,0,0,0,0
6.29,15,6,1,0,0,1,0,0,0,1,0,0,0,0,0,0,0,0
35.14,18,5,1,0,0,0,0,0,1,0,0,0,0,0,1,0,0,0
8.4,6,1,0,0,0,0,0,0,1,1,0,0,0,0,0,0,0,0
21.57,13,2,0,0,0,0,0,0,1,1,0,0,0,0,0,0,0,0
15.38,19,5,1,0,0,0,1,0,0,1,0,0,0,0,0,0,0,0
4.09,23,5,1,0,1,0,0,0,0,0,1,0,0,0,0,0,0,0
26.81,23,0,0,1,0,0,0,0,0,0,0,1,0,0,0,0,0,0
25.3,4,2,0,0,0,0,0,0,1,0,1,0,0,0,0,0,0,1
33.05,9,5,1,0,0,0,0,1,0,0,0,1,0,0,0,0,0,0
111.96,23,0,0,0,0,0,0,0,1,0,0,0,0,0,1,0,0,0
78.59,9,4,0,0,0,0,0,0,1,0,0,0,0,1,0,0,0,0
65.21,16,2,0,0,1,0,0,0,0,0,0,0,0,1,0,0,0,0
131.71,8,4,0,0,1,0,0,0,0,0,0,0,0,0,1,0,0,0
15.91,4,4,0,0,0,0,0,0,1,0,1,0,0,0,0,0,0,1
31.73,11,5,1,1,0,0,0,0,0,0,0,0,0,0,0,0,1,0
121.51,12,4,0,0,0,0,0,0,1,0,0,0,1,0,0,0,0,0
19.02,22,2,0,1,0,0,0,0,0,0,0,0,0,1,0,0,0,0
692.36,4,5,1,0,0,0,0,0,1,0,0,0,1,0,0,0,0,1
35.69,23,6,1,0,1,0,0,0,0,0,0,0,0,0,0,1,0,0
32.55,19,5,1,0,1,0,0,0,0,0,0,0,0,0,0,1,0,0
18.18,12,6,1,0,0,0,0,0,1,1,0,0,0,0,0,0,0,0
29.77,20,6,1,0,1,0,0,0,0,0,0,0,0,0,0,0,1,0
270.41,23,3,0,1,0,0,0,0,0,0,0,0,0,0,1,0,0,0
59.02,16,1,0,0,1,0,0,0,0,0,0,0,0,1,0,0,0,0
85.37,23,2,0,0,0,0,0,0,1,0,0,0,1,0,0,0,0,0
1.58,7,1,0,0,0,0,0,0,1,0,1,0,0,0,0,0,0,0
43.16,23,6,1,1,0,0,0,0,0,0,0,0,0,0,0,1,0,0
20.95,6,6,1,0,0,0,0,0,1,0,0,0,1,0,0,0,0,0
18.59,6,3,0,0,1,0,0,0,0,0,0,1,0,0,0,0,0,0
25.71,13,3,0,0,1,0,0,0,0,0,0,1,0,0,0,0,0,0
19.05,11,4,0,0,0,0,0,0,1,0,0,0,0,1,0,0,0,0
24.76,17,4,0,1,0,0,0,0,0,0,0,0,1,0,0,0,0,0
65.69,11,2,0,0,0,1,0,0,0,0,0,0,1,0,0,0,0,0
3.71,10,2,0,0,0,0,0,0,1,0,1,0,0,0,0,0,0,0
38.87,10,5,1,1,0,0,0,0,0,0,0,1,0,0,0,0,0,0
128.99,14,6,1,0,0,0,0,0,1,0,0,0,1,0,0,0,0,0
44.05,10,3,0,0,0,1,0,0,0,0,0,0,1,0,0,0,0,0
613.23,0,0,0,0,0,0,0,0,1,1,0,0,0,0,0,0,0,1
9.4,20,5,1,0,0,0,0,0,1,0,0,0,0,0,0,1,0,0
1474.71,4,0,0,0,0,0,0,0,1,0,0,0,0,0,0,0,1,1
4.62,14,2,0,0,1,0,0,0,0,0,1,0,0,0,0,0,0,0
128.94,23,3,0,0,0,1,0,0,0,0,0,0,1,0,0,0,0,0
7.53,21,1,0,1,0,0,0,0,0,0,0,0,0,0,0,1,0,0
25.91,9,0,0,1,0,0,0,0,0,0,0,0,0,0,0,1,0,0
29.79,8,2,0,1,0,0,0,0,0,0,0,0,1,0,0,0,0,0
79.87,20,0,0,1,0,0,0,0,0,0,0,0,1,0,0,0,0,0
150.99,15,6,1,0,0,0,0,0,1,0,0,0,0,0,1,0,0,0
4.07,13,4,0,1,0,0,0,0,0,0,1,0,0,0,0,0,0,0
13.63,18,2,0,0,0,0,0,0,1,0,0,0,0,0,0,0,1,0
4.0,6,4,0,0,0,0,0,0,1,0,1,0,0,0,0,0,0,0
27.39,13,2,0,1,0,0,0,0,0,0,0,0,0,0,0,1,0,0
26.68,8,0,0,0,0,0,0,0,1,0,0,0,0,0,0,0,1,0
27.25,16,2,0,0,1,0,0,0,0,0,0,0,0,0,0,1,0,0
145.4,20,1,0,0,0,0,0,0,1,0,0,0,0,0,1,0,0,0
24.72,23,6,1,1,0,0,0,0,0,1,0,0,0,0,0,0,0,0
111.06,8,3,0,1,0,0,0,0,0,0,0,0,0,1,0,0,0,0
9.31,6,4,0,0,0,0,0,0,1,0,0,0,0,0,0,0,1,0
20.63,10,2,0,1,0,0,0,0,0,0,0,0,0,0,0,1,0,0
4.18,16,6,1,0,0,0,0,0,1,0,1,0,0,0,0,0,0,0
81.62,23,0,0,0,0,1,0,0,0,0,0,0,0,1,0,0,0,0
18.06,0,0,0,0,0,0,0,0,1,0,1,0,0,0,0,0,0,1
4.98,14,0,0,0,1,0,0,0,0,0,1,0,0,0,0,0,0,0
76.78,15,5,1,1,0,0,0,0,0,0,0,1,0,0,0,0,0,0
24.73,20,1,0,1,0,0,0,0,0,1,0,0,0,0,0,0,0,0
21.5,20,2,0,1,0,0,0,0,0,0,0,0,0,0,0,0,1,0
8.75,9,4,0,1,0,0,0,0,0,1,0,0,0,0,0,0,0,0
871.98,17,1,0,0,0,0,0,0,1,0,0,1,0,0,0,0,0,1
32.31,20,1,0,0,0,0,0,1,0,1,0,0,0,0,0,0,0,0
77.94,21,5,1,0,1,0,0,0,0,0,0,1,0,0,0,0,0,0
30.54,15,4,0,0,1,0,0,0,0,0,0,1,0,0,0,0,0,0
13.53,10,1,0,1,0,0,0,0,0,0,0,0,0,0,0,0,1,0
6.64,8,4,0,1,0,0,0,0,0,1,0,0,0,0,0,0,0,0
46.43,11,4,0,0,1,0,0,0,0,0,0,0,0,0,0,1,0,0
9.23,12,1,0,0,0,1,0,0,0,1,0,0,0,0,0,0,0,0
64.66,22,0,0,1,0,0,0,0,0,0,0,1,0,0,0,0,0,0
99.58,10,1,0,1,0,0,0,0,0,0,0,0,0,0,1,0,0,0
674.71,9,0,0,0,0,0,0,0,1,0,0,1,0,0,0,0,0,1
38.48,23,2,0,0,0,1,0,0,0,0,0,0,0,0,0,1,0,0
18.94,23,1,0,0,1,0,0,0,0,0,0,0,0,0,0,0,1,0
5.46,6,5,1,0,1,0,0,0,0,0,1,0,0,0,0,0,0,0
91.93,23,1,0,1,0,0,0,0,0,0,0,0,0,0,1,0,0,0
5.97,14,4,0,0,0,0,1,0,0,0,0,0,0,0,0,1,0,0
147.2,12,6,1,0,1,0,0,0,0,0,0,0,0,0,1,0,0,0
30.37,12,5,1,0,0,1,0,0,0,0,0,1,0,0,0,0,0,0
39.41,20,6,1,0,1,0,0,0,0,0,0,0,0,0,0,0,1,0
82.51,10,2,0,0,1,0,0,0,0,0,0,0,0,1,0,0,0,0
35.29,10,0,0,1,0,0,0,0,0,0,0,0,0,0,0,0,1,0
40.4,12,6,1,1,0,0,0,0,0,0,0,0,0,0,0,1,0,0
129.46,11,6,1,0,1,0,0,0,0,0,0,0,1,0,0,0,0,0
37.42,23,2,0,0,0,0,1,0,0,0,0,0,0,0,0,0,1,0
1969.55,4,1,0,0,0,0,0,0,1,0,0,0,0,0,0,1,0,1
181.38,0,0,0,0,0,0,0,0,1,0,0,0,0,0,0,0,1,1
17.58,19,3,0,0,0,0,0,0,1,1,0,0,0,0,0,0,0,0
9.36,9,6,1,0,0,1,0,0,0,0,0,0,0,0,0,0,1,0
19.8,11,5,1,1,0,0,0,0,0,0,0,0,0,1,0,0,0,0
74.41,15,6,1,0,0,0,0,0,1,0,0,0,0,1,0,0,0,0
29.46,11,4,0,1,0,0,0,0,0,0,0,0,1,0,0,0,0,0
3.51,12,2,0,1,0,0,0,0,0,0,1,0,0,0,0,0,0,0
60.82,21,2,0,1,0,0,0,0,0,0,0,1,0,0,0,0,0,0
19.92,4,6,1,0,0,0,0,0,1,0,1,0,0,0,0,0,0,1
73.76,22,0,0,0,0,0,0,1,0,0,0,1,0,0,0,0,0,0
3.91,20,1,0,1,0,0,0,0,0,0,1,0,0,0,0,0,0,0
18.94,9,5,1,0,1,0,0,0,0,0,0,0,1,0,0,0,0,0
39.64,12,6,1,0,0,0,0,0,1,0,0,0,0,0,0,1,0,0
26.43,14,0,0,0,1,0,0,0,0,1,0,0,0,0,0,0,0,0
25.67,15,2,0,0,0,0,0,0,1,0,0,0,0,0,0,0,1,0
5.12,16,3,0,1,0,0,0,0,0,0,1,0,0,0,0,0,0,0
4.48,11,4,0,1,0,0,0,0,0,0,1,0,0,0,0,0,0,0
104.91,6,6,1,1,0,0,0,0,0,0,0,0,0,0,1,0,0,0
405.93,20,6,1,0,0,1,0,0,0,1,0,0,0,0,0,0,0,1
5.95,23,3,0,0,0,1,0,0,0,0,1,0,0,0,0,0,0,0
4.18,20,1,0,0,0,0,0,0,1,0,1,0,0,0,0,0,0,0
5.33,7,5,1,0,0,0,0,0,1,0,1,0,0,0,0,0,0,0
4.85,21,1,0,1,0,0,0,0,0,0,1,0,0,0,0,0,0,0
194.4,22,6,1,0,1,0,0,0,0,0,0,0,1,0,0,0,0,0
2105.16,21,1,0,0,0,0,0,0,1,0,0,0,0,1,0,0,0,1
127.1,6,6,1,0,0,0,0,0,1,0,0,0,1,0,0,0,0,0
39.92,15,1,0,0,1,0,0,0,0,0,0,1,0,0,0,0,0,0
277.89,13,5,1,0,1,0,0,0,0,0,0,0,0,0,1,0,0,0
94.43,23,6,1,0,0,1,0,0,0,0,0,0,0,1,0,0,0,0
16.9,16,5,1,1,0,0,0,0,0,1,0,0,0,0,0,0,0,0
2535.13,4,2,0,1,0,0,0,0,0,0,0,0,1,0,0,0,0,1
13.34,23,4,0,1,0,0,0,0,0,1,0,0,0,0,0,0,0,0
2011.96,9,2,0,0,0,1,0,0,0,0,0,0,0,1,0,0,0,1
74.41,7,4,0,0,1,0,0,0,0,0,0,1,0,0,0,0,0,0
4.26,21,6,1,1,0,0,0,0,0,0,1,0,0,0,0,0,0,0
75.47,14,4,0,0,0,0,0,0,1,0,0,1,0,0,0,0,0,0
14.51,21,5,1,0,1,0,0,0,0,0,0,0,0,0,0,0,1,0
5.23,23,2,0,0,0,0,0,1,0,0,1,0,0,0,0,0,0,0
52.75,20,0,0,0,0,1,0,0,0,0,0,0,1,0,0,0,0,0
2.85,7,6,1,0,0,0,0,0,1,0,1,0,0,0,0,0,0,0
25.25,21,5,1,0,0,0,0,0,1,0,0,1,0,0,0,0,0,0
51.63,23,4,0,1,0,0,0,0,0,0,0,0,1,0,0,0,0,0
10.13,7,1,0,0,1,0,0,0,0,0,0,0,0,0,0,1,0,0
72.52,23,6,1,1,0,0,0,0,0,0,0,0,0,0,1,0,0,0
10.97,16,3,0,1,0,0,0,0,0,1,0,0,0,0,0,0,0,0
75.55,6,4,0,0,0,1,0,0,0,0,0,1,0,0,0,0,0,0
601.51,6,3,0,0,0,0,0,1,0,0,1,0,0,0,0,0,0,1
10.69,11,4,0,1,0,0,0,0,0,0,0,0,0,0,0,0,1,0
739.23,1,1,0,0,0,0,0,0,1,0,0,0,1,0,0,0,0,1
18.66,14,3,0,1,0,0,0,0,0,0,0,1,0,0,0,0,0,0
36.27,11,5,1,1,0,0,0,0,0,0,0,0,0,0,0,1,0,0
1.66,11,1,0,1,0,0,0,0,0,0,1,0,0,0,0,0,0,0
13.13,15,4,0,1,0,0,0,0,0,0,0,0,0,0,0,0,1,0
216.69,7,6,1,0,0,1,0,0,0,0,0,0,0,0,1,0,0,0
147.21,18,6,1,0,0,0,0,0,1,0,0,0,1,0,0,0,0,0
199.1,20,4,0,0,1,0,0,0,0,0,0,0,1,0,0,0,0,0
40.65,17,0,0,1,0,0,0,0,0,0,0,0,0,0,0,1,0,0
60.41,13,5,1,1,0,0,0,0,0,0,0,1,0,0,0,0,0,0
5.59,16,2,0,0,0,0,0,0,1,0,1,0,0,0,0,0,0,0
68.43,11,5,1,0,1,0,0,0,0,0,0,0,0,0,1,0,0,0
33.56,15,6,1,1,0,0,0,0,0,0,0,0,0,0,1,0,0,0
60.33,23,1,0,0,1,0,0,0,0,0,0,0,0,1,0,0,0,0
61.41,21,1,0,0,1,0,0,0,0,0,0,1,0,0,0,0,0,0
19.18,17,4,0,0,1,0,0,0,0,0,0,0,0,0,0,1,0,0
273.52,22,5,1,1,0,0,0,0,0,0,0,0,0,0,1,0,0,0
10.9,6,4,0,1,0,0,0,0,0,0,0,0,0,0,0,0,1,0
952.69,2,3,0,0,0,0,0,0,1,0,0,0,0,0,1,0,0,1
15.85,11,1,0,0,1,0,0,0,0,1,0,0,0,0,0,0,0,0
16.53,12,3,0,0,0,0,1,0,0,1,0,0,0,0,0,0,0,0
40.48,8,6,1,1,0,0,0,0,0,0,0,1,0,0,0,0,0,0
29.0,7,6,1,0,1,0,0,0,0,0,0,0,0,0,0,0,1,0
610.63,2,6,1,0,0,0,0,0,1,0,1,0,0,0,0,0,0,1
7.41,14,4,0,0,0,0,0,0,1,1,0,0,0,0,0,0,0,0
3.78,22,6,1,0,0,1,0,0,0,0,1,0,0,0,0,0,0,0
33.13,17,2,0,0,0,1,0,0,0,1,0,0,0,0,0,0,0,0
78.52,7,4,0,0,0,0,1,0,0,0,0,1,0,0,0,0,0,0
5.16,18,6,1,0,0,0,0,0,1,0,1,0,0,0,0,0,0,0
60.2,8,3,0,0,0,0,1,0,0,0,0,0,1,0,0,0,0,0
4.67,11,3,0,0,0,0,1,0,0,0,1,0,0,0,0,0,0,0
26.15,22,2,0,1,0,0,0,0,0,0,0,0,0,0,0,0,1,0
46.34,19,0,0,0,1,0,0,0,0,0,0,0,0,0,0,1,0,0
49.37,23,2,0,0,0,0,0,0,1,0,0,0,0,0,0,1,0,0
86.61,6,3,0,0,1,0,0,0,0,0,0,0,0,1,0,0,0,0
4.95,11,1,0,0,0,0,0,0,1,0,1,0,0,0,0,0,0,0
59.15,13,4,0,0,1,0,0,0,0,0,0,0,0,0,0,1,0,0
34.9,14,0,0,0,1,0,0,0,0,0,0,0,1,0,0,0,0,0
184.0,12,2,0,1,0,0,0,0,0,0,0,0,0,0,1,0,0,0
82.79,23,2,0,0,1,0,0,0,0,0,0,0,1,0,0,0,0,0
441.78,1,3,0,0,0,0,1,0,0,0,1,0,0,0,0,0,0,1
540.77,2,6,1,0,0,0,0,0,1,0,0,0,0,0,1,0,0,1
83.21,14,1,0,1,0,0,0,0,0,0,0,0,1,0,0,0,0,0
13.61,14,3,0,0,0,0,0,1,0,0,0,0,0,1,0,0,0,0
67.97,12,2,0,0,0,1,0,0,0,0,0,1,0,0,0,0,0,0
12.97,8,3,0,0,1,0,0,0,0,1,0,0,0,0,0,0,0,0
3.74,12,4,0,1,0,0,0,0,0,0,1,0,0,0,0,0,0,0
2.82,22,0,0,0,1,0,0,0,0,0,1,0,0,0,0,0,0,0
191.89,3,6,1,0,0,0,0,0,1,0,0,1,0,0,0,0,0,1
13.01,20,5,1,1,0,0,0,0,0,0,0,0,0,1,0,0,0,0
512.45,10,1,0,0,0,0,0,0,1,0,0,1,0,0,0,0,0,1
5.87,18,6,1,0,0,0,0,0,1,0,1,0,0,0,0,0,0,0
217.72,8,1,0,0,0,0,0,0,1,0,0,0,0,0,1,0,0,0
4722.15,20,3,0,1,0,0,0,0,0,0,0,0,0,0,1,0,0,1
17.16,13,1,0,1,0,0,0,0,0,1,0,0,0,0,0,0,0,0
45.09,15,4,0,1,0,0,0,0,0,0,0,0,0,0,0,1,0,0
27.92,15,6,1,1,0,0,0,0,0,1,0,0,0,0,0,0,0,0
556.17,4,3,0,0,0,0,0,0,1,0,0,0,0,0,1,0,0,1
15.35,9,2,0,0,0,0,1,0,0,0,0,0,0,0,0,0,1,0
4.53,17,3,0,1,0,0,0,0,0,0,1,0,0,0,0,0,0,0
12.92,16,3,0,1,0,0,0,0,0,1,0,0,0,0,0,0,0,0
45.4,14,6,1,1,0,0,0,0,0,0,0,0,0,0,0,1,0,0
2249.21,7,0,0,0,0,0,0,0,1,0,0,0,0,0,1,0,0,1
20.14,18,0,0,1,0,0,0,0,0,0,0,0,0,0,0,0,1,0
7.14,23,6,1,0,0,0,0,1,0,1,0,0,0,0,0,0,0,0
5.87,9,1,0,1,0,0,0,0,0,0,1,0,0,0,0,0,0,0
2.25,22,0,0,0,1,0,0,0,0,0,1,0,0,0,0,0,0,0
31.58,7,2,0,0,1,0,0,0,0,0,0,0,0,0,0,0,1,0
5.63,12,0,0,0,0,0,0,1,0,1,0,0,0,0,0,0,0,0
150.0,13,6,1,1,0,0,0,0,0,0,0,0,0,0,1,0,0,0
115.09,17,1,0,0,1,0,0,0,0,0,0,0,1,0,0,0,0,0
47.66,9,4,0,0,0,0,0,0,1,0,0,0,0,0,0,1,0,0
5.13,15,4,0,1,0,0,0,0,0,0,1,0,0,0,0,0,0,0
87.73,16,5,1,0,1,0,0,0,0,0,0,0,0,1,0,0,0,0
95.0,19,5,1,1,0,0,0,0,0,0,0,0,0,0,1,0,0,0
11.01,10,5,1,0,0,0,0,0,1,0,0,0,0,0,0,0,1,0
59.66,8,4,0,1,0,0,0,0,0,0,0,0,0,0,0,1,0,0
1475.17,1,4,0,0,0,0,0,0,1,0,0,0,0,0,1,0,0,1
479.28,2,6,1,0,1,0,0,0,0,0,1,0,0,0,0,0,0,1
97.64,17,1,0,0,0,1,0,0,0,0,0,0,0,0,1,0,0,0
3.48,7,2,0,1,0,0,0,0,0,0,1,0,0,0,0,0,0,0
30.97,23,4,0,0,0,1,0,0,0,0,0,0,0,0,0,0,1,0
179.15,21,0,0,1,0,0,0,0,0,0,0,0,1,0,0,0,0,0
13.52,14,3,0,0,1,0,0,0,0,1,0,0,0,0,0,0,0,0
5.23,12,3,0,1,0,0,0,0,0,1,0,0,0,0,0,0,0,0
501.86,3,0,0,0,0,0,0,0,1,0,0,0,0,1,0,0,0,1
184.23,7,4,0,0,0,0,0,0,1,0,0,0,1,0,0,0,0,0
51.69,8,6,1,1,0,0,0,0,0,0,0,0,0,0,0,1,0,0
69.53,12,1,0,0,1,0,0,0,0,0,0,0,0,0,1,0,0,0
1201.58,0,3,0,1,0,0,0,0,0,0,0,0,0,0,0,1,0,1
24.35,12,1,0,1,0,0,0,0,0,0,0,0,0,0,0,0,1,0
114.62,15,6,1,0,0,0,0,0,1,0,0,0,0,1,0,0,0,0
32.81,15,5,1,0,1,0,0,0,0,0,0,0,0,0,0,0,1,0
34.01,23,4,0,0,1,0,0,0,0,1,0,0,0,0,0,0,0,0
11.67,17,0,0,0,0,1,0,0,0,0,0,0,0,0,0,0,1,0
271.31,9,6,1,1,0,0,0,0,0,0,0,0,0,0,1,0,0,0
2.56,8,0,0,0,0,0,1,0,0,0,1,0,0,0,0,0,0,0
151.06,12,4,0,0,1,0,0,0,0,0,0,0,1,0,0,0,0,0
3.21,17,0,0,0,0,0,0,0,1,0,1,0,0,0,0,0,0,0
286.56,6,4,0,0,1,0,0,0,0,0,0,0,0,0,1,0,0,0
35.0,15,5,1,1,0,0,0,0,0,0,0,1,0,0,0,0,0,0
37.33,20,1,0,0,0,0,0,0,1,0,0,0,0,0,0,1,0,0
72.2,7,1,0,0,1,0,0,0,0,0,0,0,0,1,0,0,0,0
969.06,1,2,0,0,0,0,0,0,1,0,0,0,1,0,0,0,0,1
1.66,6,0,0,0,0,0,0,0,1,0,1,0,0,0,0,0,0,0
6.58,19,0,0,0,0,0,0,0,1,1,0,0,0,0,0,0,0,0
151.15,20,3,0,0,0,0,0,0,1,0,0,0,0,0,1,0,0,0
36.01,19,1,0,1,0,0,0,0,0,0,0,0,0,0,0,0,1,0
16.24,13,1,0,0,0,0,1,0,0,0,0,0,0,0,0,1,0,0
6.36,18,4,0,0,1,0,0,0,0,1,0,0,0,0,0,0,0,0
66.64,14,2,0,0,0,0,0,0,1,0,0,1,0,0,0,0,0,0
11.65,11,3,0,1,0,0,0,0,0,1,0,0,0,0,0,0,0,0
59.77,20,1,0,0,0,1,0,0,0,0,0,0,0,0,1,0,0,0
409.29,0,5,1,0,0,0,0,0,1,0,0,0,0,0,1,0,0,1
13.45,16,1,0,0,0,0,0,0,1,1,0,0,0,0,0,0,0,0
37.99,13,5,1,0,1,0,0,0,0,0,0,0,0,1,0,0,0,0
16.4,14,3,0,1,0,0,0,0,0,0,0,1,0,0,0,0,0,0
49.92,6,1,0,0,0,1,0,0,0,0,0,0,0,0,0,1,0,0
13.89,6,4,0,1,0,0,0,0,0,1,0,0,0,0,0,0,0,0
5.95,21,5,1,0,0,0,0,0,1,1,0,0,0,0,0,0,0,0
28.95,8,5,1,1,0,0,0,0,0,0,0,0,0,0,0,0,1,0
54.0,1,3,0,0,0,0,0,0,1,0,0,0,0,0,0,0,1,1
30.85,12,6,1,1,0,0,0,0,0,0,0,0,0,1,0,0,0,0
28.49,1,6,1,0,0,0,0,0,1,0,0,0,0,0,0,0,1,1
5.83,19,5,1,0,1,0,0,0,0,0,1,0,0,0,0,0,0,0
161.78,20,3,0,1,0,0,0,0,0,0,0,0,0,0,1,0,0,0
2126.06,1,5,1,0,0,0,0,1,0,0,0,0,1,0,0,0,0,1
6.56,6,3,0,0,0,0,0,0,1,1,0,0,0,0,0,0,0,0
30.31,20,3,0,0,0,1,0,0,0,0,0,1,0,0,0,0,0,0
2949.77,8,0,0,0,0,0,0,0,1,0,0,0,0,0,1,0,0,1
79.7,17,5,1,0,0,1,0,0,0,0,0,0,0,1,0,0,0,0
687.16,17,4,0,0,0,0,0,0,1,1,0,0,0,0,0,0,0,1
96.9,6,5,1,0,0,0,1,0,0,0,0,0,1,0,0,0,0,0
283.89,22,5,1,1,0,0,0,0,0,0,0,0,0,0,1,0,0,0
40.1,21,1,0,1,0,0,0,0,0,0,0,1,0,0,0,0,0,0
3.85,23,0,0,0,0,1,0,0,0,0,1,0,0,0,0,0,0,0
216.38,23,3,0,0,0,0,1,0,0,0,0,0,0,0,1,0,0,0
186.83,20,4,0,1,0,0,0,0,0,0,0,0,1,0,0,0,0,0
2443.11,1,3,0,0,0,0,0,0,1,0,0,0,0,1,0,0,0,1
5.47,12,5,1,0,1,0,0,0,0,0,1,0,0,0,0,0,0,0
8.27,11,5,1,1,0,0,0,0,0,1,0,0,0,0,0,0,0,0
14.86,13,1,0,0,0,0,0,0,1,0,0,0,0,0,0,1,0,0
44.92,15,2,0,0,0,1,0,0,0,0,0,0,0,0,0,1,0,0
43.55,21,6,1,1,0,0,0,0,0,0,0,1,0,0,0,0,0,0
73.1,16,4,0,0,1,0,0,0,0,0,0,0,0,1,0,0,0,0
205.77,15,0,0,1,0,0,0,0,0,0,0,0,0,0,1,0,0,0
1.57,12,3,0,0,0,1,0,0,0,0,1,0,0,0,0,0,0,0
75.84,11,6,1,0,0,0,0,0,1,0,0,0,0,1,0,0,0,0
26.57,6,5,1,0,1,0,0,0,0,0,0,1,0,0,0,0,0,0
5.15,14,4,0,0,0,1,0,0,0,0,1,0,0,0,0,0,0,0
46.97,20,1,0,0,1,0,0,0,0,0,0,1,0,0,0,0,0,0
11.52,15,0,0,1,0,0,0,0,0,0,0,0,0,0,0,0,1,0
249.75,8,3,0,0,0,0,0,0,1,0,0,0,0,0,1,0,0,0
22.42,8,0,0,1,0,0,0,0,0,0,0,0,0,1,0,0,0,0
1064.69,11,2,0,0,0,1,0,0,0,0,0,0,0,1,0,0,0,1
5.96,18,3,0,0,1,0,0,0,0,1,0,0,0,0,0,0,0,0
64.95,23,3,0,1,0,0,0,0,0,0,0,0,0,1,0,0,0,0
16.95,17,1,0,0,0,1,0,0,0,1,0,0,0,0,0,0,0,0
140.69,21,1,0,0,0,0,0,1,0,0,0,0,1,0,0,0,0,0
117.65,19,4,0,0,1,0,0,0,0,0,0,0,0,1,0,0,0,0
25.19,6,4,0,1,0,0,0,0,0,1,0,0,0,0,0,0,0,0
98.8,8,6,1,0,0,0,0,0,1,0,0,0,0,0,1,0,0,0
34.43,23,3,0,0,1,0,0,0,0,0,0,0,1,0,0,0,0,0
20.62,20,0,0,0,0,0,0,0,1,1,0,0,0,0,0,0,0,0
44.26,7,0,0,0,1,0,0,0,0,0,0,1,0,0,0,0,0,0
7.2,18,0,0,1,0,0,0,0,0,0,0,0,0,0,0,1,0,0
30.17,6,4,0,1,0,0,0,0,0,0,0,1,0,0,0,0,0,0
33.73,12,1,0,0,0,0,1,0,0,0,0,0,0,0,0,1,0,0
78.15,0,2,0,0,0,0,0,0,1,1,0,0,0,0,0,0,0,1
836.13,7,0,0,0,0,0,0,0,1,0,0,0,0,1,0,0,0,1
298.1,20,3,0,0,1,0,0,0,0,0,0,0,0,0,1,0,0,0
21.58,9,1,0,1,0,0,0,0,0,0,0,1,0,0,0,0,0,0
5.19,13,0,0,1,0,0,0,0,0,1,0,0,0,0,0,0,0,0
184.97,22,1,0,0,1,0,0,0,0,0,0,0,1,0,0,0,0,0
209.56,6,6,1,1,0,0,0,0,0,0,0,0,0,0,1,0,0,0
283.91,15,1,0,1,0,0,0,0,0,0,0,0,0,0,1,0,0,0
13.43,22,1,0,0,1,0,0,0,0,1,0,0,0,0,0,0,0,0
2.29,11,6,1,0,0,0,0,1,0,0,1,0,0,0,0,0,0,0
623.42,0,4,0,0,0,0,1,0,0,1,0,0,0,0,0,0,0,1
97.71,9,2,0,1,0,0,0,0,0,0,0,0,1,0,0,0,0,0
48.23,0,1,0,0,0,0,0,0,1,1,0,0,0,0,0,0,0,1
25.97,17,6,1,1,0,0,0,0,0,0,0,0,0,1,0,0,0,0
64.01,22,1,0,1,0,0,0,0,0,0,0,0,0,1,0,0,0,0
47.08,15,1,0,0,1,0,0,0,0,0,0,0,0,1,0,0,0,0
4.71,23,1,0,1,0,0,0,0,0,0,1,0,0,0,0,0,0,0
8.95,22,0,0,0,0,1,0,0,0,0,0,0,0,0,0,0,1,0
16.53,18,4,0,0,0,0,1,0,0,0,0,0,0,0,0,0,1,0
2.54,15,4,0,1,0,0,0,0,0,0,1,0,0,0,0,0,0,0
15.06,12,1,0,0,1,0,0,0,0,0,0,0,0,0,0,0,1,0
66.82,20,0,0,1,0,0,0,0,0,0,0,1,0,0,0,0,0,0
244.96,19,1,0,1,0,0,0,0,0,0,0,0,0,0,1,0,0,0
45.27,13,6,1,0,1,0,0,0,0,0,0,1,0,0,0,0,0,0
63.8,6,5,1,0,1,0,0,0,0,0,0,0,0,1,0,0,0,0
39.84,12,2,0,0,0,0,0,0,1,0,0,1,0,0,0,0,0,0
55.74,12,5,1,1,0,0,0,0,0,0,0,1,0,0,0,0,0,0
273.29,2,3,0,0,0,0,0,0,1,0,0,0,0,0,0,1,0,1
2248.16,3,4,0,0,0,0,0,1,0,0,0,0,0,1,0,0,0,1
2.98,21,3,0,1,0,0,0,0,0,0,1,0,0,0,0,0,0,0
34.09,7,6,1,0,0,0,0,0,1,1,0,0,0,0,0,0,0,0
22.9,19,1,0,1,0,0,0,0,0,0,0,0,0,0,0,0,1,0
204.57,15,5,1,0,1,0,0,0,0,0,0,0,0,0,1,0,0,0
70.89,7,1,0,1,0,0,0,0,0,0,0,0,0,1,0,0,0,0
634.86,21,0,0,1,0,0,0,0,0,1,0,0,0,0,0,0,0,1
3.92,6,5,1,0,0,0,0,1,0,0,1,0,0,0,0,0,0,0
316.11,3,3,0,0,0,0,0,0,1,0,0,1,0,0,0,0,0,1
114.09,15,4,0,1,0,0,0,0,0,0,0,0,0,1,0,0,0,0
197.12,7,2,0,0,0,0,0,0,1,0,0,0,1,0,0,0,0,0
580.05,22,2,0,0,0,0,1,0,0,0,0,1,0,0,0,0,0,1
7.49,10,3,0,0,0,1,0,0,0,1,0,0,0,0,0,0,0,0
128.99,12,1,0,0,1,0,0,0,0,0,0,0,1,0,0,0,0,0
108.68,7,2,0,0,0,0,0,0,1,0,0,0,0,1,0,0,0,0
134.85,1,4,0,0,0,0,0,0,1,0,0,0,0,0,0,0,1,1
1.93,16,2,0,0,0,0,0,0,1,0,1,0,0,0,0,0,0,0
2.53,9,5,1,1,0,0,0,0,0,0,1,0,0,0,0,0,0,0
49.15,13,2,0,1,0,0,0,0,0,0,0,1,0,0,0,0,0,0
196.63,17,3,0,0,0,0,0,0,1,0,0,0,1,0,0,0,0,0
279.87,23,5,1,0,0,0,0,0,1,0,0,0,0,0,1,0,0,0
19.23,23,1,0,0,0,1,0,0,0,1,0,0,0,0,0,0,0,0
31.69,10,2,0,0,0,1,0,0,0,0,0,1,0,0,0,0,0,0
4.33,21,3,0,1,0,0,0,0,0,0,1,0,0,0,0,0,0,0
1.99,22,5,1,1,0,0,0,0,0,0,1,0,0,0,0,0,0,0
37.65,13,5,1,0,1,0,0,0,0,0,0,0,0,0,0,1,0,0
554.62,13,1,0,0,1,0,0,0,0,0,0,0,0,0,0,0,1,1
49.75,21,4,0,1,0,0,0,0,0,0,0,1,0,0,0,0,0,0
262.83,22,0,0,0,0,1,0,0,0,0,0,0,0,0,1,0,0,0
149.08,10,0,0,0,0,0,0,0,1,0,0,0,1,0,0,0,0,0
27.08,7,3,0,1,0,0,0,0,0,0,0,0,0,0,0,1,0,0
26.96,16,0,0,1,0,0,0,0,0,0,0,0,0,1,0,0,0,0
119.6,3,5,1,0,0,0,0,0,1,0,0,0,0,0,0,0,1,1
139.31,19,6,1,1,0,0,0,0,0,0,0,0,0,0,1,0,0,0
39.75,12,0,0,1,0,0,0,0,0,0,0,0,0,0,0,1,0,0
1527.98,20,4,0,1,0,0,0,0,0,0,0,0,0,0,0,1,0,1
74.26,15,1,0,0,1,0,0,0,0,0,0,0,0,1,0,0,0,0
5.94,9,0,0,1,0,0,0,0,0,0,1,0,0,0,0,0,0,0
118.97,15,3,0,1,0,0,0,0,0,0,0,0,1,0,0,0,0,0
17.16,14,3,0,0,0,0,0,0,1,0,0,1,0,0,0,0,0,0
20.0,14,2,0,1,0,0,0,0,0,0,0,0,0,0,0,0,1,0
60.91,1,5,1,0,0,0,0,0,1,0,0,1,0,0,0,0,0,1
279.77,6,3,0,0,0,0,1,0,0,0,0,0,0,0,1,0,0,0
92.4,6,4,0,1,0,0,0,0,0,0,0,0,0,1,0,0,0,0
744.46,2,1,0,0,0,0,0,0,1,0,0,0,0,0,0,0,1,1
41.0,6,6,1,0,1,0,0,0,0,0,0,0,0,0,0,1,0,0
2.43,7,2,0,1,0,0,0,0,0,0,1,0,0,0,0,0,0,0
58.18,23,3,0,1,0,0,0,0,0,0,0,0,0,0,0,1,0,0
745.28,3,1,0,0,0,0,0,1,0,1,0,0,0,0,0,0,0,1
30.36,11,1,0,0,0,1,0,0,0,0,0,0,0,0,0,0,1,0
5.65,6,4,0,0,0,0,0,0,1,0,1,0,0,0,0,0,0,0
36.13,17,4,0,0,1,0,0,0,0,0,0,1,0,0,0,0,0,0
3.1,20,0,0,0,1,0,0,0,0,0,1,0,0,0,0,0,0,0
4.46,18,2,0,1,0,0,0,0,0,0,1,0,0,0,0,0,0,0
18.02,12,3,0,0,0,1,0,0,0,1,0,0,0,0,0,0,0,0
9.55,6,1,0,0,0,0,0,0,1,0,0,0,0,0,0,1,0,0
50.39,6,1,0,0,1,0,0,0,0,0,0,0,0,0,1,0,0,0
40.47,2,6,1,0,0,0,0,0,1,0,0,0,0,0,0,1,0,1
3.61,14,0,0,0,1,0,0,0,0,0,1,0,0,0,0,0,0,0
244.94,10,4,0,1,0,0,0,0,0,0,0,0,0,0,1,0,0,0
8.19,13,3,0,1,0,0,0,0,0,1,0,0,0,0,0,0,0,0
14.1,22,4,0,1,0,0,0,0,0,0,0,1,0,0,0,0,0,0
36.32,23,0,0,0,0,1,0,0,0,0,0,0,0,1,0,0,0,0
45.62,11,0,0,1,0,0,0,0,0,0,0,0,0,0,0,1,0,0
16.6,22,3,0,1,0,0,0,0,0,0,0,0,1,0,0,0,0,0
2283.33,4,6,1,0,1,0,0,0,0,0,0,0,1,0,0,0,0,1
13.36,19,1,0,0,0,0,0,0,1,0,0,0,0,0,0,0,1,0
180.15,23,0,0,0,0,0,1,0,0,0,0,0,1,0,0,0,0,0
247.19,3,4,0,0,0,0,0,0,1,0,0,0,0,1,0,0,0,1
25.39,8,2,0,1,0,0,0,0,0,1,0,0,0,0,0,0,0,0
16.62,6,5,1,0,1,0,0,0,0,1,0,0,0,0,0,0,0,0
56.19,14,0,0,1,0,0,0,0,0,0,0,0,0,0,0,1,0,0
198.86,11,2,0,0,1,0,0,0,0,0,0,0,1,0,0,0,0,0
3.01,7,1,0,0,0,0,0,0,1,0,1,0,0,0,0,0,0,0
266.6,15,2,0,0,0,0,0,0,1,0,0,0,0,0,1,0,0,0
31.98,17,0,0,0,0,0,0,0,1,0,0,0,0,0,0,1,0,0
38.32,11,0,0,0,1,0,0,0,0,0,0,1,0,0,0,0,0,0
117.9,8,4,0,0,0,0,0,1,0,0,0,0,1,0,0,0,0,0
10.32,19,4,0,1,0,0,0,0,0,0,0,0,0,0,0,0,1,0
3720.78,21,2,0,0,1,0,0,0,0,0,0,0,0,0,1,0,0,1
21.69,14,4,0,0,0,0,0,1,0,1,0,0,0,0,0,0,0,0
3.13,12,4,0,1,0,0,0,0,0,0,1,0,0,0,0,0,0,0
74.36,6,0,0,0,1,0,0,0,0,0,0,0,0,1,0,0,0,0
58.45,11,0,0,1,0,0,0,0,0,0,0,0,0,0,0,1,0,0
33.96,6,4,0,1,0,0,0,0,0,1,0,0,0,0,0,0,0,0
24.62,18,2,0,1,0,0,0,0,0,1,0,0,0,0,0,0,0,0
46.1,13,5,1,1,0,0,0,0,0,0,0,0,0,0,0,1,0,0
109.76,20,2,0,1,0,0,0,0,0,0,0,0,0,1,0,0,0,0
38.59,13,4,0,0,0,0,0,0,1,0,0,0,0,1,0,0,0,0
21.5,17,0,0,0,1,0,0,0,0,0,0,1,0,0,0,0,0,0
26.46,12,4,0,1,0,0,0,0,0,0,0,0,0,0,0,0,1,0
88.65,15,0,0,1,0,0,0,0,0,0,0,0,0,1,0,0,0,0
14.7,7,2,0,0,1,0,0,0,0,1,0,0,0,0,0,0,0,0
23.12,10,3,0,0,0,0,0,0,1,0,0,1,0,0,0,0,0,0
9.29,14,4,0,0,0,1,0,0,0,0,0,0,0,0,0,0,1,0
8.26,22,3,0,1,0,0,0,0,0,0,0,0,0,0,0,1,0,0
38.39,23,6,1,1,0,0,0,0,0,0,0,0,0,0,0,1,0,0
25.01,20,6,1,0,1,0,0,0,0,0,0,0,0,0,0,1,0,0
206.33,17,3,0,0,0,0,0,1,0,0,0,0,0,0,1,0,0,0
12.85,6,0,0,0,0,0,0,0,1,1,0,0,0,0,0,0,0,0
103.02,9,2,0,0,0,0,0,0,1,0,0,0,1,0,0,0,0,0
37.88,22,3,0,0,1,0,0,0,0,0,0,1,0,0,0,0,0,0
89.35,2,5,1,0,0,0,0,0,1,1,0,0,0,0,0,0,0,1
8.85,12,0,0,1,0,0,0,0,0,0,0,0,0,0,0,1,0,0
18.67,23,2,0,1,0,0,0,0,0,0,0,0,0,0,0,0,1,0
891.56,9,2,0,0,0,0,0,0,1,0,0,0,0,0,0,1,0,1
174.34,13,1,0,0,0,1,0,0,0,0,0,0,1,0,0,0,0,0
70.48,19,4,0,0,0,0,0,0,1,0,0,1,0,0,0,0,0,0
17.49,19,4,0,1,0,0,0,0,0,0,0,0,0,0,0,1,0,0
10.25,12,3,0,0,0,1,0,0,0,0,0,1,0,0,0,0,0,0
3.74,11,6,1,0,0,1,0,0,0,0,1,0,0,0,0,0,0,0
28.96,22,3,0,1,0,0,0,0,0,0,0,0,0,0,0,0,1,0
445.5,2,2,0,0,0,0,0,0,1,0,0,0,0,1,0,0,0,1
33.71,8,3,0,0,1,0,0,0,0,1,0,0,0,0,0,0,0,0
198.82,10,3,0,0,1,0,0,0,0,0,0,0,0,0,1,0,0,0
1473.39,1,4,0,1,0,0,0,0,0,0,0,0,0,1,0,0,0,1
69.84,8,2,0,0,0,0,1,0,0,0,0,0,0,0,1,0,0,0
37.19,12,2,0,0,0,1,0,0,0,0,0,1,0,0,0,0,0,0
4.71,13,5,1,1,0,0,0,0,0,0,1,0,0,0,0,0,0,0
33.21,9,4,0,0,0,0,0,1,0,0,0,0,0,0,0,1,0,0
281.53,17,5,1,0,1,0,0,0,0,0,0,0,0,0,1,0,0,0
2416.58,3,6,1,0,0,0,0,0,1,0,0,0,1,0,0,0,0,1
26.9,23,2,0,0,1,0,0,0,0,0,0,0,1,0,0,0,0,0
53.21,23,0,0,1,0,0,0,0,0,0,0,0,0,0,0,1,0,0
7.15,19,0,0,0,1,0,0,0,0,0,0,0,0,0,0,0,1,0
48.13,18,1,0,1,0,0,0,0,0,0,0,0,0,0,0,1,0,0
17.0,8,2,0,0,1,0,0,0,0,0,0,0,0,0,0,1,0,0
22.45,23,0,0,0,1,0,0,0,0,0,0,0,0,1,0,0,0,0
2727.78,13,1,0,0,0,1,0,0,0,0,0,0,1,0,0,0,0,1
5.37,8,1,0,0,0,0,0,0,1,0,1,0,0,0,0,0,0,0
4.18,8,0,0,0,0,0,0,0,1,0,1,0,0,0,0,0,0,0
3.02,18,6,1,1,0,0,0,0,0,0,1,0,0,0,0,0,0,0
55.46,16,1,0,0,0,0,0,1,0,0,0,1,0,0,0,0,0,0
115.45,21,4,0,0,0,1,0,0,0,0,0,0,0,0,1,0,0,0
128.03,8,4,0,0,0,1,0,0,0,0,0,0,0,0,1,0,0,0
30.44,22,0,0,0,0,0,0,0,1,0,0,0,0,0,0,0,1,0
91.2,6,6,1,1,0,0,0,0,0,0,0,0,1,0,0,0,0,0
8.44,4,0,0,0,0,0,0,0,1,0,1,0,0,0,0,0,0,1
70.58,18,4,0,0,1,0,0,0,0,0,0,1,0,0,0,0,0,0
167.47,12,4,0,0,1,0,0,0,0,0,0,0,1,0,0,0,0,0
105.84,17,3,0,1,0,0,0,0,0,0,0,0,0,0,1,0,0,0
25.37,11,5,1,1,0,0,0,0,0,1,0,0,0,0,0,0,0,0
229.32,13,1,0,1,0,0,0,0,0,0,0,0,0,0,1,0,0,0
1591.73,18,6,1,0,0,0,1,0,0,0,0,0,0,0,0,0,1,1
17.43,23,3,0,0,0,0,0,1,0,1,0,0,0,0,0,0,0,0
27.01,14,1,0,0,0,0,0,0,1,0,0,0,0,0,0,0,1,0
32.25,17,6,1,1,0,0,0,0,0,0,0,0,0,0,0,1,0,0
257.09,9,4,0,1,0,0,0,0,0,0,0,0,0,0,1,0,0,0
48.38,10,4,0,0,1,0,0,0,0,0,0,0,0,0,0,1,0,0
38.32,18,0,0,0,0,0,0,0,1,0,0,0,0,0,0,0,1,0
165.89,19,5,1,0,1,0,0,0,0,0,0,0,0,0,1,0,0,0
31.95,9,6,1,0,0,0,0,0,1,0,0,0,0,0,1,0,0,0
114.08,11,4,0,1,0,0,0,0,0,0,0,0,0,0,1,0,0,0
123.52,20,0,0,0,0,0,1,0,0,0,0,0,1,0,0,0,0,0
81.61,23,6,1,1,0,0,0,0,0,0,0,0,0,1,0,0,0,0
3.01,23,3,0,1,0,0,0,0,0,0,1,0,0,0,0,0,0,0
192.33,22,0,0,0,1,0,0,0,0,0,0,0,0,0,1,0,0,0
20.06,22,6,1,0,1,0,0,0,0,1,0,0,0,0,0,0,0,0
194.77,13,5,1,1,0,0,0,0,0,0,0,0,1,0,0,0,0,0
30.27,6,5,1,0,1,0,0,0,0,1,0,0,0,0,0,0,0,0
23.18,19,4,0,0,0,1,0,0,0,1,0,0,0,0,0,0,0,0
95.32,16,5,1,1,0,0,0,0,0,0,0,0,1,0,0,0,0,0
48.76,16,4,0,1,0,0,0,0,0,0,0,1,0,0,0,0,0,0
21.7,22,3,0,0,0,0,1,0,0,1,0,0,0,0,0,0,0,0
187.87,13,4,0,1,0,0,0,0,0,0,0,0,0,0,1,0,0,0
8.72,11,1,0,1,0,0,0,0,0,0,0,0,0,0,0,1,0,0
39.49,19,2,0,1,0,0,0,0,0,0,0,0,0,0,0,0,1,0
107.32,21,1,0,1,0,0,0,0,0,0,0,0,0,1,0,0,0,0
1274.39,2,5,1,0,0,0,0,0,1,0,0,0,0,0,1,0,0,1
3839.0,20,5,1,0,0,0,0,0,1,0,0,0,0,0,1,0,0,1
287.88,19,3,0,0,0,0,1,0,0,0,0,0,0,0,1,0,0,0
586.95,7,5,1,0,0,0,0,0,1,1,0,0,0,0,0,0,0,1
39.37,21,2,0,0,0,0,1,0,0,0,0,0,0,0,1,0,0,0
9.75,14,2,0,1,0,0,0,0,0,1,0,0,0,0,0,0,0,0
82.23,8,1,0,0,0,0,0,0,1,0,0,0,0,1,0,0,0,0
72.8,7,5,1,1,0,0,0,0,0,0,0,0,1,0,0,0,0,0
5.89,13,1,0,0,0,1,0,0,0,1,0,0,0,0,0,0,0,0
564.28,3,1,0,0,0,0,0,1,0,0,1,0,0,0,0,0,0,1
4.91,23,4,0,1,0,0,0,0,0,0,1,0,0,0,0,0,0,0
44.79,19,4,0,1,0,0,0,0,0,0,0,0,0,1,0,0,0,0
24.59,18,6,1,0,1,0,0,0,0,0,0,0,0,0,0,1,0,0
4.58,6,5,1,0,0,1,0,0,0,0,1,0,0,0,0,0,0,0
115.64,19,4,0,0,1,0,0,0,0,0,0,0,0,0,1,0,0,0
4.01,13,1,0,0,1,0,0,0,0,0,1,0,0,0,0,0,0,0
644.59,7,4,0,0,0,0,1,0,0,0,1,0,0,0,0,0,0,1
64.39,7,5,1,0,0,0,0,0,1,0,0,0,1,0,0,0,0,0
19.21,11,1,0,1,0,0,0,0,0,0,0,0,0,0,0,0,1,0
39.81,14,4,0,0,1,0,0,0,0,0,0,1,0,0,0,0,0,0
1980.09,4,4,0,0,0,0,0,0,1,0,0,0,1,0,0,0,0,1
778.94,16,2,0,0,0,0,1,0,0,0,0,0,0,1,0,0,0,1
9.41,17,2,0,0,1,0,0,0,0,1,0,0,0,0,0,0,0,0
89.27,9,1,0,0,1,0,0,0,0,0,0,0,0,0,1,0,0,0
58.63,7,4,0,0,0,0,0,0,1,0,0,0,0,0,1,0,0,0
38.2,22,0,0,0,1,0,0,0,0,0,0,0,0,0,0,1,0,0
91.99,14,0,0,1,0,0,0,0,0,0,0,0,0,1,0,0,0,0
166.16,15,6,1,1,0,0,0,0,0,0,0,0,0,0,1,0,0,0
5.64,20,2,0,0,1,0,0,0,0,0,1,0,0,0,0,0,0,0
2332.37,1,5,1,0,0,0,0,0,1,0,0,0,1,0,0,0,0,1
11.54,12,4,0,0,0,0,0,0,1,1,0,0,0,0,0,0,0,0
18.91,23,3,0,0,0,0,0,0,1,1,0,0,0,0,0,0,0,0
94.64,9,5,1,0,1,0,0,0,0,0,0,0,0,0,1,0,0,0
26.93,22,4,0,0,1,0,0,0,0,1,0,0,0,0,0,0,0,0
1779.2,13,2,0,0,0,0,0,1,0,0,0,0,0,0,1,0,0,1
84.03,17,6,1,1,0,0,0,0,0,0,0,0,0,0,1,0,0,0
275.73,14,4,0,0,1,0,0,0,0,0,0,0,0,0,1,0,0,0
1.77,21,5,1,1,0,0,0,0,0,0,1,0,0,0,0,0,0,0
35.41,8,3,0,1,0,0,0,0,0,0,0,0,0,0,1,0,0,0
2.9,22,5,1,0,1,0,0,0,0,0,1,0,0,0,0,0,0,0
159.7,21,1,0,0,0,0,0,0,1,0,0,0,1,0,0,0,0,0
1896.7,3,5,1,0,0,1,0,0,0,0,0,0,0,0,0,1,0,1
19.72,10,6,1,1,0,0,0,0,0,0,0,0,0,0,0,0,1,0
9.19,21,3,0,0,1,0,0,0,0,0,0,0,0,0,0,1,0,0
207.28,18,3,0,1,0,0,0,0,0,0,0,0,0,0,1,0,0,0
5.71,14,3,0,0,1,0,0,0,0,0,1,0,0,0,0,0,0,0
1154.35,13,1,0,0,0,1,0,0,0,0,0,0,0,0,0,1,0,1
47.57,8,0,0,0,1,0,0,0,0,0,0,0,0,1,0,0,0,0
81.07,15,0,0,1,0,0,0,0,0,0,0,0,1,0,0,0,0,0
1411.38,1,6,1,0,0,0,1,0,0,0,0,0,0,0,0,0,1,1
83.07,3,6,1,0,0,0,0,0,1,0,0,0,0,0,0,0,1,1
20.21,18,5,1,1,0,0,0,0,0,0,0,0,1,0,0,0,0,0
48.44,11,5,1,1,0,0,0,0,0,0,0,0,0,0,0,1,0,0
13.59,8,0,0,1,0,0,0,0,0,1,0,0,0,0,0,0,0,0
30.15,10,0,0,0,1,0,0,0,0,0,0,0,0,0,0,0,1,0
48.79,10,5,1,0,1,0,0,0,0,0,0,1,0,0,0,0,0,0
38.15,17,2,0,1,0,0,0,0,0,0,0,1,0,0,0,0,0,0
216.72,12,1,0,1,0,0,0,0,0,0,0,0,0,0,1,0,0,0
32.8,20,4,0,0,0,0,0,1,0,1,0,0,0,0,0,0,0,0
264.14,6,4,0,0,0,0,0,0,1,0,0,0,0,0,1,0,0,0
4.9,20,5,1,0,1,0,0,0,0,0,1,0,0,0,0,0,0,0
60.4,14,2,0,1,0,0,0,0,0,0,0,0,1,0,0,0,0,0
1.52,13,5,1,1,0,0,0,0,0,0,1,0,0,0,0,0,0,0
6.36,11,6,1,1,0,0,0,0,0,1,0,0,0,0,0,0,0,0
34.6,11,0,0,1,0,0,0,0,0,0,0,1,0,0,0,0,0,0
26.98,9,5,1,0,0,1,0,0,0,1,0,0,0,0,0,0,0,0
33.75,22,0,0,1,0,0,0,0,0,1,0,0,0,0,0,0,0,0
117.6,13,1,0,1,0,0,0,0,0,0,0,0,1,0,0,0,0,0
11.18,7,5,1,1,0,0,0,0,0,0,0,0,0,0,0,0,1,0
1657.3,10,0,0,0,0,0,1,0,0,0,0,0,0,1,0,0,0,1
21.56,20,0,0,1,0,0,0,0,0,0,0,0,0,0,0,1,0,0
21.56,20,4,0,0,0,0,1,0,0,0,0,1,0,0,0,0,0,0
31.76,14,4,0,0,1,0,0,0,0,0,0,0,0,0,0,1,0,0
78.83,10,6,1,1,0,0,0,0,0,0,0,1,0,0,0,0,0,0
836.48,8,1,0,0,0,1,0,0,0,0,0,0,0,0,0,1,0,1
82.13,16,4,0,0,0,0,0,0,1,0,0,0,0,0,1,0,0,0
28.24,15,0,0,1,0,0,0,0,0,0,0,0,0,0,0,1,0,0
67.27,18,2,0,1,0,0,0,0,0,0,0,0,0,1,0,0,0,0
5.36,21,4,0,0,0,0,0,0,1,0,1,0,0,0,0,0,0,0
142.45,15,5,1,1,0,0,0,0,0,0,0,0,1,0,0,0,0,0
17.91,18,6,1,1,0,0,0,0,0,0,0,0,0,0,0,0,1,0
3.59,6,6,1,1,0,0,0,0,0,0,1,0,0,0,0,0,0,0
27.51,8,5,1,0,0,0,0,0,1,0,0,0,0,0,0,0,1,0
2676.95,3,5,1,0,0,0,1,0,0,0,0,0,0,0,1,0,0,1
62.87,7,5,1,1,0,0,0,0,0,0,0,0,0,1,0,0,0,0
118.94,13,4,0,0,1,0,0,0,0,0,0,0,1,0,0,0,0,0
5.15,23,0,0,0,1,0,0,0,0,0,1,0,0,0,0,0,0,0
2.74,14,2,0,0,1,0,0,0,0,0,1,0,0,0,0,0,0,0
17.05,23,3,0,0,0,1,0,0,0,0,0,0,0,0,0,0,1,0
67.09,10,3,0,0,1,0,0,0,0,0,0,0,0,1,0,0,0,0
12.62,23,3,0,0,1,0,0,0,0,1,0,0,0,0,0,0,0,0
66.96,8,1,0,1,0,0,0,0,0,0,0,1,0,0,0,0,0,0
917.28,19,2,0,0,0,1,0,0,0,0,0,0,0,1,0,0,0,1
113.45,8,5,1,1,0,0,0,0,0,0,0,0,0,1,0,0,0,0
194.73,11,2,0,0,0,0,1,0,0,0,0,0,1,0,0,0,0,0
23.38,23,0,0,0,0,0,0,0,1,0,0,0,0,0,0,0,1,0
164.05,7,1,0,0,0,0,0,0,1,0,0,0,0,0,1,0,0,0
24.03,21,0,0,1,0,0,0,0,0,1,0,0,0,0,0,0,0,0
29.94,10,3,0,1,0,0,0,0,0,1,0,0,0,0,0,0,0,0
1805.75,4,2,0,0,0,0,0,0,1,0,0,0,0,0,1,0,0,1
97.42,21,6,1,1,0,0,0,0,0,0,0,0,0,1,0,0,0,0
47.02,23,1,0,0,1,0,0,0,0,0,0,1,0,0,0,0,0,0
41.13,16,2,0,0,0,0,0,0,1,0,0,0,0,0,0,1,0,0
139.1,8,3,0,0,1,0,0,0,0,0,0,0,0,0,1,0,0,0
16.31,11,5,1,1,0,0,0,0,0,0,0,0,0,0,0,0,1,0
1640.76,3,5,1,1,0,0,0,0,0,0,0,0,0,0,0,1,0,1
9.94,23,1,0,1,0,0,0,0,0,0,0,0,0,0,0,0,1,0
25.11,6,3,0,0,0,0,0,1,0,0,0,0,0,0,0,0,1,0
49.09,19,6,1,1,0,0,0,0,0,0,0,1,0,0,0,0,0,0
34.53,20,1,0,1,0,0,0,0,0,0,0,0,0,1,0,0,0,0
5.72,23,3,0,1,0,0,0,0,0,0,1,0,0,0,0,0,0,0
236.77,17,3,0,0,0,0,0,0,1,0,0,0,0,0,1,0,0,0
1231.68,8,5,1,1,0,0,0,0,0,0,0,0,1,0,0,0,0,1
32.35,11,6,1,0,0,0,0,0,1,0,0,0,0,0,0,0,1,0
3.13,14,0,0,0,0,0,1,0,0,0,1,0,0,0,0,0,0,0
2.77,20,4,0,1,0,0,0,0,0,0,1,0,0,0,0,0,0,0
19.3,1,5,1,0,0,0,0,0,1,0,1,0,0,0,0,0,0,1
175.83,23,1,0,1,0,0,0,0,0,0,0,0,1,0,0,0,0,0
3.22,8,3,0,0,0,0,0,0,1,0,1,0,0,0,0,0,0,0
57.89,9,5,1,0,0,0,0,0,1,0,0,0,0,1,0,0,0,0
2.53,6,3,0,0,0,0,0,0,1,0,1,0,0,0,0,0,0,0
2.65,17,2,0,0,0,0,1,0,0,0,1,0,0,0,0,0,0,0
29.05,7,4,0,0,1,0,0,0,0,0,0,0,0,0,0,0,1,0
68.98,11,5,1,1,0,0,0,0,0,0,0,0,1,0,0,0,0,0
5.57,21,0,0,1,0,0,0,0,0,0,0,0,0,0,0,1,0,0
43.16,11,5,1,1,0,0,0,0,0,0,0,1,0,0,0,0,0,0
14.1,22,6,1,0,0,1,0,0,0,1,0,0,0,0,0,0,0,0
225.53,10,5,1,0,1,0,0,0,0,0,0,0,0,0,1,0,0,0
16.28,23,3,0,1,0,0,0,0,0,0,0,1,0,0,0,0,0,0
778.67,21,5,1,0,0,0,0,0,1,1,0,0,0,0,0,0,0,1
2.74,18,4,0,0,0,0,0,0,1,0,1,0,0,0,0,0,0,0
48.93,23,4,0,0,1,0,0,0,0,0,0,0,0,1,0,0,0,0
4.44,7,3,0,1,0,0,0,0,0,0,1,0,0,0,0,0,0,0
5.29,8,4,0,1,0,0,0,0,0,0,1,0,0,0,0,0,0,0
11.22,12,2,0,0,0,0,0,0,1,1,0,0,0,0,0,0,0,0
900.97,3,4,0,1,0,0,0,0,0,0,0,1,0,0,0,0,0,1
39.79,6,4,0,0,1,0,0,0,0,0,0,0,0,1,0,0,0,0
85.96,9,1,0,1,0,0,0,0,0,0,0,0,1,0,0,0,0,0
73.31,7,6,1,0,0,1,0,0,0,0,0,0,0,0,1,0,0,0
1693.7,1,6,1,0,0,1,0,0,0,0,0,0,0,1,0,0,0,1
32.94,15,5,1,1,0,0,0,0,0,0,0,1,0,0,0,0,0,0
26.37,10,5,1,0,0,0,1,0,0,0,0,0,0,0,0,0,1,0
167.69,22,4,0,1,0,0,0,0,0,0,0,0,0,0,1,0,0,0
2.33,10,1,0,1,0,0,0,0,0,0,1,0,0,0,0,0,0,0
2.66,22,2,0,1,0,0,0,0,0,0,1,0,0,0,0,0,0,0
92.39,15,5,1,0,1,0,0,0,0,0,0,0,1,0,0,0,0,0
28.43,23,2,0,0,0,0,0,1,0,1,0,0,0,0,0,0,0,0
28.12,13,2,0,1,0,0,0,0,0,0,0,1,0,0,0,0,0,0
281.71,23,1,0,1,0,0,0,0,0,0,0,0,0,0,1,0,0,0
3.88,16,4,0,1,0,0,0,0,0,0,1,0,0,0,0,0,0,0
51.82,22,3,0,0,0,1,0,0,0,0,0,0,0,0,0,1,0,0
34.97,11,6,1,1,0,0,0,0,0,0,0,0,0,1,0,0,0,0
57.56,9,4,0,1,0,0,0,0,0,0,0,0,1,0,0,0,0,0
36.12,13,4,0,0,0,0,0,0,1,0,0,0,0,0,0,1,0,0
20.5,19,2,0,0,0,0,0,0,1,0,0,0,0,0,0,1,0,0
98.01,17,3,0,1,0,0,0,0,0,0,0,0,0,1,0,0,0,0
105.65,14,2,0,0,0,0,0,0,1,0,0,0,0,1,0,0,0,0
34.9,12,2,0,0,0,1,0,0,0,0,0,0,0,0,0,0,1,0
3.23,17,5,1,1,0,0,0,0,0,0,1,0,0,0,0,0,0,0
1057.16,8,4,0,0,0,0,0,1,0,0,0,0,0,0,0,1,0,1
139.78,13,4,0,0,0,0,0,1,0,0,0,0,1,0,0,0,0,0
21.63,9,4,0,1,0,0,0,0,0,1,0,0,0,0,0,0,0,0
43.87,20,2,0,0,0,0,0,1,0,0,0,0,0,0,0,1,0,0
1802.21,4,6,1,0,0,1,0,0,0,0,0,0,0,0,1,0,0,1
15.18,10,3,0,1,0,0,0,0,0,1,0,0,0,0,0,0,0,0
63.76,9,6,1,0,1,0,0,0,0,0,0,1,0,0,0,0,0,0
28.91,9,2,0,0,0,1,0,0,0,1,0,0,0,0,0,0,0,0
9.73,11,0,0,0,0,0,0,0,1,0,0,0,0,0,0,0,1,0
9.03,19,6,1,0,1,0,0,0,0,1,0,0,0,0,0,0,0,0
105.29,9,6,1,1,0,0,0,0,0,0,0,0,0,1,0,0,0,0
4.65,21,0,0,1,0,0,0,0,0,0,1,0,0,0,0,0,0,0
16.97,7,5,1,1,0,0,0,0,0,0,0,0,0,0,0,1,0,0
23.38,18,6,1,0,0,0,0,0,1,0,0,0,0,0,0,0,1,0
4757.83,14,3,0,1,0,0,0,0,0,0,0,0,0,0,1,0,0,1
3.65,16,2,0,0,1,0,0,0,0,0,1,0,0,0,0,0,0,0
135.74,23,5,1,0,0,0,0,0,1,0,0,0,1,0,0,0,0,0
177.23,9,5,1,0,0,1,0,0,0,0,0,0,1,0,0,0,0,0
153.85,15,1,0,0,1,0,0,0,0,0,0,0,0,0,1,0,0,0
39.55,14,0,0,1,0,0,0,0,0,0,0,0,1,0,0,0,0,0
145.31,8,2,0,0,0,1,0,0,0,0,0,0,1,0,0,0,0,0
129.36,11,3,0,0,0,1,0,0,0,0,0,0,1,0,0,0,0,0
74.55,19,0,0,1,0,0,0,0,0,0,0,1,0,0,0,0,0,0
17.95,9,0,0,0,0,0,0,1,0,0,0,0,0,0,0,1,0,0
106.12,11,3,0,0,1,0,0,0,0,0,0,0,0,1,0,0,0,0
1322.63,17,5,1,1,0,0,0,0,0,0,0,0,0,0,0,1,0,1
34.34,11,5,1,0,0,0,1,0,0,0,0,0,0,1,0,0,0,0
2.42,15,5,1,1,0,0,0,0,0,0,1,0,0,0,0,0,0,0
56.1,23,3,0,0,0,0,0,0,1,0,0,0,0,0,0,1,0,0
39.71,12,1,0,1,0,0,0,0,0,0,0,0,0,0,0,0,1,0
74.53,18,1,0,1,0,0,0,0,0,0,0,0,0,1,0,0,0,0
121.23,23,2,0,0,1,0,0,0,0,0,0,0,0,0,1,0,0,0
10.23,16,2,0,0,0,0,0,0,1,0,0,1,0,0,0,0,0,0
15.68,16,6,1,1,0,0,0,0,0,0,0,0,0,0,0,0,1,0
55.75,9,4,0,0,0,0,0,0,1,0,0,1,0,0,0,0,0,0
1.73,17,1,0,1,0,0,0,0,0,0,1,0,0,0,0,0,0,0
1.76,8,3,0,1,0,0,0,0,0,0,1,0,0,0,0,0,0,0
15.85,10,2,0,0,1,0,0,0,0,0,0,0,0,0,0,0,1,0
784.24,1,3,0,0,0,0,0,0,1,1,0,0,0,0,0,0,0,1
53.57,10,2,0,0,0,0,0,0,1,0,0,0,0,0,1,0,0,0
5.82,13,3,0,1,0,0,0,0,0,0,1,0,0,0,0,0,0,0
92.03,8,1,0,1,0,0,0,0,0,0,0,0,0,0,1,0,0,0
34.2,14,5,1,1,0,0,0,0,0,0,0,0,0,0,0,0,1,0
210.07,14,1,0,0,1,0,0,0,0,0,0,0,0,0,1,0,0,0
12.06,14,2,0,0,0,0,1,0,0,0,0,1,0,0,0,0,0,0
179.86,18,2,0,1,0,0,0,0,0,0,0,0,0,0,1,0,0,0
21.2,11,3,0,0,1,0,0,0,0,0,0,0,0,0,0,0,1,0
119.85,9,6,1,0,0,1,0,0,0,0,0,0,0,1,0,0,0,0
4.87,9,3,0,0,0,0,0,1,0,0,1,0,0,0,0,0,0,0
162.31,21,3,0,0,1,0,0,0,0,0,0,0,0,0,1,0,0,0
27.45,15,4,0,1,0,0,0,0,0,0,0,0,0,0,0,0,1,0
39.85,22,5,1,0,0,0,0,0,1,0,0,0,0,0,0,0,1,0
62.73,6,1,0,0,1,0,0,0,0,0,0,0,0,1,0,0,0,0
56.51,22,3,0,1,0,0,0,0,0,0,0,1,0,0,0,0,0,0
35.74,13,6,1,0,0,0,0,0,1,0,0,0,0,0,0,0,1,0
23.78,14,2,0,0,0,0,0,0,1,0,0,0,0,0,1,0,0,0
18.9,9,0,0,0,1,0,0,0,0,0,0,0,0,0,0,0,1,0
19.13,16,1,0,0,0,0,1,0,0,1,0,0,0,0,0,0,0,0
139.56,12,5,1,0,1,0,0,0,0,0,0,0,1,0,0,0,0,0
344.56,3,4,0,0,0,0,0,0,1,0,0,0,0,1,0,0,0,1
3.31,23,0,0,0,0,0,0,0,1,0,1,0,0,0,0,0,0,0
42.85,21,0,0,0,1,0,0,0,0,0,0,1,0,0,0,0,0,0
1326.26,3,1,0,1,0,0,0,0,0,0,0,0,1,0,0,0,0,1
35.23,8,5,1,0,0,1,0,0,0,0,0,0,0,1,0,0,0,0
2.36,16,6,1,1,0,0,0,0,0,0,1,0,0,0,0,0,0,0
841.9,2,1,0,0,0,0,0,0,1,0,0,0,0,0,0,1,0,1
63.73,14,4,0,0,0,1,0,0,0,0,0,1,0,0,0,0,0,0
54.58,19,3,0,1,0,0,0,0,0,0,0,0,0,0,1,0,0,0
43.63,13,3,0,1,0,0,0,0,0,0,0,0,1,0,0,0,0,0
74.24,15,1,0,0,1,0,0,0,0,0,0,0,1,0,0,0,0,0
36.35,14,1,0,0,1,0,0,0,0,0,0,0,0,0,0,0,1,0
28.29,10,0,0,1,0,0,0,0,0,0,0,0,0,0,0,1,0,0
26.52,7,6,1,1,0,0,0,0,0,0,0,0,0,0,1,0,0,0
28.24,19,4,0,1,0,0,0,0,0,1,0,0,0,0,0,0,0,0
25.06,6,5,1,0,1,0,0,0,0,0,0,0,0,0,0,0,1,0
5.88,20,6,1,1,0,0,0,0,0,0,1,0,0,0,0,0,0,0
31.15,13,0,0,0,0,0,0,0,1,1,0,0,0,0,0,0,0,0
47.73,13,4,0,1,0,0,0,0,0,0,0,1,0,0,0,0,0,0
2.72,6,6,1,1,0,0,0,0,0,0,1,0,0,0,0,0,0,0
3.39,6,4,0,0,0,0,0,1,0,0,1,0,0,0,0,0,0,0
115.41,8,2,0,0,0,0,0,0,1,0,0,0,1,0,0,0,0,0
1939.04,4,0,0,0,0,1,0,0,0,0,0,0,1,0,0,0,0,1
210.2,22,3,0,0,0,0,0,0,1,0,0,0,0,0,1,0,0,0
157.44,17,5,1,0,0,0,0,0,1,0,0,0,1,0,0,0,0,0
29.83,16,5,1,0,1,0,0,0,0,0,0,0,0,1,0,0,0,0
135.95,11,5,1,0,0,0,0,0,1,0,0,0,0,0,1,0,0,0
113.21,6,3,0,0,0,0,0,0,1,0,0,0,0,1,0,0,0,0
190.02,14,1,0,0,0,0,1,0,0,0,0,0,1,0,0,0,0,0
64.9,23,3,0,0,1,0,0,0,0,0,0,0,0,0,1,0,0,0
1673.94,19,1,0,0,0,0,0,1,0,0,0,0,1,0,0,0,0,1
573.98,21,1,0,0,0,0,0,0,1,0,0,0,0,0,0,0,1,1
31.23,15,0,0,1,0,0,0,0,0,0,0,0,0,0,0,1,0,0
14.21,22,6,1,0,0,1,0,0,0,0,0,0,0,1,0,0,0,0
17.09,23,6,1,0,0,1,0,0,0,0,0,0,0,1,0,0,0,0
55.34,11,5,1,0,0,0,0,0,1,0,0,0,0,0,0,1,0,0
20.55,15,5,1,0,1,0,0,0,0,0,0,0,0,0,0,0,1,0
92.79,9,3,0,0,0,0,1,0,0,0,0,0,0,1,0,0,0,0
2.52,20,4,0,0,0,1,0,0,0,0,1,0,0,0,0,0,0,0
105.9,23,4,0,1,0,0,0,0,0,0,0,0,0,1,0,0,0,0
3.2,16,3,0,0,0,0,1,0,0,0,1,0,0,0,0,0,0,0
192.2,12,6,1,0,0,0,1,0,0,0,0,0,0,0,1,0,0,0
119.98,23,2,0,0,0,0,0,0,1,0,0,0,0,0,1,0,0,0
52.39,7,1,0,0,1,0,0,0,0,0,0,0,0,0,0,1,0,0
121.56,1,1,0,0,0,0,0,0,1,0,0,1,0,0,0,0,0,1
1.85,15,5,1,0,0,0,0,0,1,0,1,0,0,0,0,0,0,0
98.09,17,6,1,0,0,0,1,0,0,0,0,0,0,0,1,0,0,0
85.3,10,3,0,0,0,0,1,0,0,0,0,0,1,0,0,0,0,0
41.42,7,3,0,1,0,0,0,0,0,0,0,0,0,0,0,1,0,0
31.19,14,4,0,0,0,0,0,0,1,0,0,0,0,0,0,0,1,0
12.15,13,1,0,1,0,0,0,0,0,0,0,1,0,0,0,0,0,0
26.44,23,6,1,0,0,1,0,0,0,1,0,0,0,0,0,0,0,0
67.7,19,6,1,1,0,0,0,0,0,0,0,1,0,0,0,0,0,0
41.33,16,0,0,1,0,0,0,0,0,0,0,0,0,0,0,1,0,0
32.22,21,3,0,0,0,0,1,0,0,1,0,0,0,0,0,0,0,0
18.14,13,1,0,0,0,0,1,0,0,0,0,1,0,0,0,0,0,0
59.54,14,3,0,0,1,0,0,0,0,0,0,0,0,0,0,1,0,0
20.58,9,4,0,1,0,0,0,0,0,1,0,0,0,0,0,0,0,0
56.1,10,3,0,1,0,0,0,0,0,0,0,0,0,1,0,0,0,0
15.88,17,1,0,0,1,0,0,0,0,1,0,0,0,0,0,0,0,0
17.01,20,5,1,1,0,0,0,0,0,1,0,0,0,0,0,0,0,0
154.22,3,2,0,0,0,0,0,0,1,0,0,0,0,0,0,1,0,1
97.62,0,6,1,0,0,0,0,0,1,0,0,0,0,0,0,1,0,1
394.17,2,0,0,0,0,0,1,0,0,0,1,0,0,0,0,0,0,1
1.6,14,6,1,0,1,0,0,0,0,0,1,0,0,0,0,0,0,0
16.53,8,3,0,0,0,0,0,0,1,0,0,0,0,0,0,0,1,0
184.67,9,1,0,1,0,0,0,0,0,0,0,0,1,0,0,0,0,0
24.76,6,0,0,1,0,0,0,0,0,0,0,1,0,0,0,0,0,0
83.54,17,3,0,0,1,0,0,0,0,0,0,0,0,1,0,0,0,0
12.56,8,6,1,0,0,0,0,0,1,0,0,1,0,0,0,0,0,0
48.62,9,5,1,1,0,0,0,0,0,0,0,1,0,0,0,0,0,0
8.45,10,6,1,0,1,0,0,0,0,0,0,0,0,0,0,0,1,0
8.0,12,6,1,0,0,0,0,0,1,0,0,0,0,0,0,1,0,0
26.5,17,1,0,1,0,0,0,0,0,0,0,1,0,0,0,0,0,0
15.54,19,0,0,1,0,0,0,0,0,1,0,0,0,0,0,0,0,0
313.78,1,5,1,0,0,0,0,0,1,0,1,0,0,0,0,0,0,1
165.44,23,5,1,0,1,0,0,0,0,0,0,0,0,0,1,0,0,0
1207.83,1,0,0,0,0,0,0,0,1,0,0,0,0,0,1,0,0,1
42.35,6,3,0,1,0,0,0,0,0,0,0,0,1,0,0,0,0,0
104.94,10,0,0,0,0,0,0,0,1,0,0,0,1,0,0,0,0,0
3603.59,13,1,0,0,0,1,0,0,0,0,0,0,0,0,1,0,0,1
997.6,4,5,1,0,0,0,0,0,1,0,0,0,0,0,0,0,1,1
21.95,20,0,0,0,0,1,0,0,0,1,0,0,0,0,0,0,0,0
59.68,8,1,0,0,0,0,0,0,1,0,0,0,0,0,0,1,0,0
6.13,13,2,0,0,1,0,0,0,0,0,0,0,0,0,0,1,0,0
48.55,8,2,0,1,0,0,0,0,0,0,0,1,0,0,0,0,0,0
2.45,13,4,0,1,0,0,0,0,0,0,1,0,0,0,0,0,0,0
79.9,15,3,0,0,1,0,0,0,0,0,0,0,0,1,0,0,0,0
15.26,23,5,1,0,1,0,0,0,0,0,0,0,0,0,0,0,1,0
13.52,16,4,0,1,0,0,0,0,0,1,0,0,0,0,0,0,0,0
26.82,8,4,0,0,0,0,0,0,1,0,0,0,0,0,0,1,0,0
27.69,18,3,0,0,1,0,0,0,0,0,0,1,0,0,0,0,0,0
53.24,7,0,0,1,0,0,0,0,0,0,0,0,0,0,0,1,0,0
88.97,7,6,1,0,1,0,0,0,0,0,0,0,1,0,0,0,0,0
6.71,23,1,0,0,1,0,0,0,0,1,0,0,0,0,0,0,0,0
79.53,9,3,0,0,1,0,0,0,0,0,0,1,0,0,0,0,0,0
271.34,13,2,0,0,0,0,1,0,0,0,0,0,0,0,1,0,0,0
13.38,16,1,0,1,0,0,0,0,0,0,0,0,0,0,0,0,1,0
35.54,16,4,0,0,1,0,0,0,0,0,0,0,0,1,0,0,0,0
39.86,10,3,0,1,0,0,0,0,0,0,0,0,0,1,0,0,0,0
101.26,19,4,0,0,0,0,1,0,0,0,0,0,0,1,0,0,0,0
21.4,16,2,0,0,0,0,0,0,1,0,0,1,0,0,0,0,0,0
30.19,23,5,1,0,0,1,0,0,0,0,0,0,0,0,0,0,1,0
2.8,6,0,0,0,1,0,0,0,0,0,1,0,0,0,0,0,0,0
27.83,15,2,0,0,1,0,0,0,0,0,0,0,0,0,0,0,1,0
3.1,8,2,0,0,0,0,0,0,1,0,1,0,0,0,0,0,0,0
15.33,8,3,0,0,0,0,1,0,0,1,0,0,0,0,0,0,0,0
242.87,11,5,1,1,0,0,0,0,0,0,0,0,0,0,1,0,0,0
13.18,23,3,0,0,0,0,1,0,0,0,0,0,0,0,0,0,1,0
34.33,21,4,0,1,0,0,0,0,0,1,0,0,0,0,0,0,0,0
272.07,0,3,0,0,0,0,0,0,1,0,0,0,0,0,0,1,0,1
253.3,21,5,1,1,0,0,0,0,0,0,0,0,0,0,1,0,0,0
98.12,7,2,0,1,0,0,0,0,0,0,0,0,1,0,0,0,0,0
18.02,11,2,0,1,0,0,0,0,0,0,0,0,0,1,0,0,0,0
203.19,23,6,1,1,0,0,0,0,0,0,0,0,0,0,1,0,0,0
263.64,8,3,0,0,1,0,0,0,0,0,0,0,0,0,1,0,0,0
3.57,18,1,0,0,1,0,0,0,0,0,1,0,0,0,0,0,0,0
23.61,7,5,1,1,0,0,0,0,0,1,0,0,0,0,0,0,0,0
1731.83,3,2,0,0,0,0,0,0,1,0,0,0,0,0,0,0,1,1
8.3,18,1,0,1,0,0,0,0,0,1,0,0,0,0,0,0,0,0
51.77,17,4,0,0,0,0,0,0,1,0,0,1,0,0,0,0,0,0
37.96,18,0,0,0,1,0,0,0,0,0,0,0,0,0,0,0,1,0
125.23,9,1,0,1,0,0,0,0,0,0,0,0,1,0,0,0,0,0
181.05,17,6,1,0,0,1,0,0,0,0,0,0,0,0,1,0,0,0
30.93,19,2,0,1,0,0,0,0,0,1,0,0,0,0,0,0,0,0
2.54,23,2,0,1,0,0,0,0,0,0,1,0,0,0,0,0,0,0
7.14,13,6,1,1,0,0,0,0,0,0,0,0,0,0,0,0,1,0
45.98,21,3,0,0,0,0,0,1,0,0,0,0,0,0,0,1,0,0
33.05,9,6,1,0,1,0,0,0,0,0,0,1,0,0,0,0,0,0
40.52,11,3,0,0,0,0,0,0,1,0,0,0,0,0,0,1,0,0
2.8,9,0,0,0,0,0,0,0,1,0,1,0,0,0,0,0,0,0
20.3,23,5,1,0,1,0,0,0,0,1,0,0,0,0,0,0,0,0
24.14,14,5,1,0,0,0,0,0,1,1,0,0,0,0,0,0,0,0
13.56,13,3,0,0,1,0,0,0,0,0,0,0,0,0,0,0,1,0
19.84,7,0,0,1,0,0,0,0,0,0,0,1,0,0,0,0,0,0
3.31,18,1,0,0,0,0,0,1,0,0,1,0,0,0,0,0,0,0
41.48,14,2,0,1,0,0,0,0,0,0,0,0,0,0,0,1,0,0
36.86,10,5,1,1,0,0,0,0,0,0,0,1,0,0,0,0,0,0
15.43,13,0,0,1,0,0,0,0,0,1,0,0,0,0,0,0,0,0
24.81,21,1,0,0,0,0,0,0,1,0,0,0,0,0,0,0,1,0
52.51,7,5,1,1,0,0,0,0,0,0,0,0,0,0,0,1,0,0
37.51,13,1,0,0,0,1,0,0,0,0,0,0,1,0,0,0,0,0
610.12,1,5,1,0,0,0,0,0,1,1,0,0,0,0,0,0,0,1
223.74,23,4,0,0,0,0,0,0,1,0,0,0,0,0,1,0,0,0
105.5,18,4,0,0,1,0,0,0,0,0,0,0,0,1,0,0,0,0
2.68,10,2,0,1,0,0,0,0,0,0,1,0,0,0,0,0,0,0
54.37,21,6,1,0,1,0,0,0,0,0,0,0,0,0,0,1,0,0
1724.73,1,0,0,0,0,0,0,0,1,0,0,0,0,0,1,0,0,1
5.64,9,5,1,1,0,0,0,0,0,1,0,0,0,0,0,0,0,0
88.47,18,4,0,0,0,0,0,0,1,0,0,0,1,0,0,0,0,0
263.48,23,1,0,0,0,0,0,0,1,0,0,0,0,0,1,0,0,0
41.84,6,2,0,0,0,0,1,0,0,0,0,0,0,1,0,0,0,0
57.57,21,5,1,0,1,0,0,0,0,0,0,1,0,0,0,0,0,0
155.3,12,1,0,1,0,0,0,0,0,0,0,0,1,0,0,0,0,0
69.21,16,0,0,0,1,0,0,0,0,0,0,1,0,0,0,0,0,0
15.33,10,2,0,0,0,0,0,0,1,0,0,0,0,1,0,0,0,0
36.39,10,4,0,1,0,0,0,0,0,0,0,0,0,1,0,0,0,0
52.48,19,4,0,0,0,0,0,1,0,0,0,1,0,0,0,0,0,0
60.73,12,3,0,1,0,0,0,0,0,0,0,1,0,0,0,0,0,0
28.47,16,2,0,1,0,0,0,0,0,0,0,0,0,0,0,0,1,0
16.59,14,5,1,1,0,0,0,0,0,1,0,0,0,0,0,0,0,0
33.35,9,1,0,0,0,0,0,0,1,0,0,0,0,0,0,0,1,0
292.27,20,2,0,0,0,1,0,0,0,0,0,0,0,0,1,0,0,0
43.55,23,5,1,1,0,0,0,0,0,0,0,0,0,0,0,1,0,0
27.32,8,5,1,1,0,0,0,0,0,1,0,0,0,0,0,0,0,0
25.3,13,2,0,0,0,0,1,0,0,0,0,0,0,1,0,0,0,0
198.84,17,0,0,0,0,0,0,0,1,0,0,0,1,0,0,0,0,0
40.14,14,2,0,1,0,0,0,0,0,0,0,0,1,0,0,0,0,0
4.14,23,3,0,0,0,0,0,0,1,0,1,0,0,0,0,0,0,0
156.71,1,3,0,0,0,0,0,0,1,0,0,0,0,0,0,0,1,1
93.14,16,3,0,0,1,0,0,0,0,0,0,0,0,0,1,0,0,0
199.41,23,5,1,0,0,0,0,0,1,0,0,0,1,0,0,0,0,0
141.32,23,1,0,0,0,0,0,0,1,0,0,0,1,0,0,0,0,0
25.38,20,5,1,1,0,0,0,0,0,0,0,1,0,0,0,0,0,0
74.94,15,4,0,0,1,0,0,0,0,0,0,0,1,0,0,0,0,0
39.26,4,6,1,0,0,0,0,0,1,1,0,0,0,0,0,0,0,1
65.71,12,6,1,1,0,0,0,0,0,0,0,0,1,0,0,0,0,0
242.0,8,3,0,0,1,0,0,0,0,0,0,0,0,0,1,0,0,0
28.94,14,3,0,0,1,0,0,0,0,0,0,1,0,0,0,0,0,0
53.22,10,3,0,0,1,0,0,0,0,0,0,0,0,0,0,1,0,0
27.0,22,5,1,0,1,0,0,0,0,1,0,0,0,0,0,0,0,0
77.34,7,3,0,0,1,0,0,0,0,0,0,0,0,1,0,0,0,0
16.39,20,5,1,1,0,0,0,0,0,0,0,0,0,0,0,0,1,0
10.05,20,3,0,0,1,0,0,0,0,0,0,0,0,0,0,1,0,0
21.13,17,0,0,1,0,0,0,0,0,0,0,0,0,0,0,0,1,0
23.88,6,2,0,1,0,0,0,0,0,0,0,1,0,0,0,0,0,0
11.54,8,2,0,1,0,0,0,0,0,0,0,0,0,0,0,0,1,0
5.61,10,3,0,0,0,0,0,0,1,0,1,0,0,0,0,0,0,0
3500.02,1,4,0,0,0,0,1,0,0,0,0,0,0,0,1,0,0,1
240.2,20,6,1,1,0,0,0,0,0,0,0,0,0,0,1,0,0,0
46.41,15,6,1,0,0,1,0,0,0,0,0,0,0,0,0,1,0,0
12.36,20,5,1,0,1,0,0,0,0,0,0,0,0,0,0,1,0,0
3.79,21,0,0,0,1,0,0,0,0,0,1,0,0,0,0,0,0,0
7.89,15,0,0,1,0,0,0,0,0,1,0,0,0,0,0,0,0,0
100.78,6,5,1,0,1,0,0,0,0,0,0,0,1,0,0,0,0,0
15.52,21,5,1,0,0,1,0,0,0,0,0,0,0,0,0,0,1,0
203.31,17,6,1,1,0,0,0,0,0,0,0,0,0,0,1,0,0,0
3.88,15,2,0,0,0,0,0,0,1,0,1,0,0,0,0,0,0,0
152.85,12,0,0,1,0,0,0,0,0,0,0,0,0,0,1,0,0,0
28.03,13,2,0,1,0,0,0,0,0,0,0,0,0,0,0,0,1,0
275.23,22,0,0,1,0,0,0,0,0,0,0,0,0,0,1,0,0,0
26.4,18,3,0,0,1,0,0,0,0,1,0,0,0,0,0,0,0,0
12.39,23,6,1,1,0,0,0,0,0,1,0,0,0,0,0,0,0,0
10.39,21,1,0,1,0,0,0,0,0,0,0,0,0,0,0,0,1,0
165.19,16,0,0,0,0,0,0,0,1,0,0,0,0,0,1,0,0,0
198.46,18,3,0,0,0,0,0,1,0,0,0,0,0,0,1,0,0,0
148.18,8,4,0,0,1,0,0,0,0,0,0,0,1,0,0,0,0,0
38.98,21,2,0,0,1,0,0,0,0,0,0,0,0,0,0,0,1,0
27.85,20,1,0,1,0,0,0,0,0,0,0,0,0,1,0,0,0,0
79.34,19,2,0,0,0,0,1,0,0,0,0,0,0,1,0,0,0,0
8.15,6,4,0,0,0,1,0,0,0,1,0,0,0,0,0,0,0,0
4.04,12,1,0,1,0,0,0,0,0,0,1,0,0,0,0,0,0,0
282.55,8,0,0,1,0,0,0,0,0,0,0,0,0,0,1,0,0,0
50.38,6,1,0,0,1,0,0,0,0,0,0,1,0,0,0,0,0,0
83.09,15,2,0,1,0,0,0,0,0,0,0,0,0,0,1,0,0,0
110.19,11,3,0,1,0,0,0,0,0,0,0,0,1,0,0,0,0,0
112.96,21,1,0,0,0,1,0,0,0,0,0,0,1,0,0,0,0,0
15.19,22,1,0,1,0,0,0,0,0,0,0,0,0,0,0,0,1,0
23.63,12,0,0,0,0,0,0,0,1,0,0,0,0,0,0,1,0,0
36.62,20,1,0,1,0,0,0,0,0,0,0,0,0,1,0,0,0,0
3.43,7,0,0,0,0,0,0,1,0,0,1,0,0,0,0,0,0,0
13.32,12,5,1,0,0,0,0,1,0,1,0,0,0,0,0,0,0,0
188.47,20,2,0,1,0,0,0,0,0,0,0,0,1,0,0,0,0,0
246.16,11,3,0,1,0,0,0,0,0,0,0,0,0,0,1,0,0,0
8.24,23,1,0,1,0,0,0,0,0,0,0,0,0,0,0,0,1,0
53.82,23,2,0,1,0,0,0,0,0,0,0,1,0,0,0,0,0,0
87.6,21,1,0,0,1,0,0,0,0,0,0,0,0,1,0,0,0,0
105.83,11,0,0,1,0,0,0,0,0,0,0,0,0,1,0,0,0,0
40.13,23,2,0,0,0,0,0,0,1,0,0,0,0,0,0,1,0,0
5.6,14,1,0,1,0,0,0,0,0,0,1,0,0,0,0,0,0,0
72.4,10,0,0,1,0,0,0,0,0,0,0,1,0,0,0,0,0,0
29.6,7,1,0,0,0,0,0,0,1,1,0,0,0,0,0,0,0,0
12.79,19,6,1,1,0,0,0,0,0,0,0,0,0,0,0,1,0,0
11.47,20,5,1,0,0,0,0,0,1,0,0,0,0,0,0,1,0,0
18.94,12,2,0,0,0,0,0,1,0,1,0,0,0,0,0,0,0,0
903.52,2,2,0,0,0,0,1,0,0,0,0,1,0,0,0,0,0,1
61.58,8,5,1,0,0,0,0,0,1,0,0,0,1,0,0,0,0,0
24.06,12,5,1,0,0,0,0,0,1,0,0,0,0,0,1,0,0,0
1240.82,0,5,1,1,0,0,0,0,0,0,0,0,0,0,0,0,1,1
4.99,18,6,1,1,0,0,0,0,0,0,1,0,0,0,0,0,0,0
5.07,22,1,0,1,0,0,0,0,0,0,1,0,0,0,0,0,0,0
20.69,13,1,0,0,0,0,0,0,1,1,0,0,0,0,0,0,0,0
11.57,13,5,1,1,0,0,0,0,0,0,0,1,0,0,0,0,0,0
11.32,16,5,1,0,0,1,0,0,0,0,0,0,0,0,0,0,1,0
52.7,15,5,1,1,0,0,0,0,0,0,0,1,0,0,0,0,0,0
176.9,13,4,0,0,0,0,0,0,1,0,0,0,1,0,0,0,0,0
177.95,13,5,1,0,0,0,0,0,1,0,0,0,0,0,1,0,0,0
42.87,7,5,1,0,0,0,0,0,1,0,0,0,0,0,0,1,0,0
188.57,13,3,0,0,0,0,0,1,0,0,0,0,1,0,0,0,0,0
2.13,7,0,0,1,0,0,0,0,0,0,1,0,0,0,0,0,0,0
61.07,9,1,0,0,0,0,0,0,1,0,0,0,1,0,0,0,0,0
81.12,21,2,0,0,0,0,0,0,1,0,0,0,0,1,0,0,0,0
278.66,17,2,0,0,0,0,0,0,1,0,0,0,0,0,1,0,0,0
99.39,22,3,0,0,0,0,0,0,1,0,0,0,0,1,0,0,0,0
17.44,23,5,1,0,1,0,0,0,0,1,0,0,0,0,0,0,0,0
27.45,17,0,0,0,0,0,0,0,1,1,0,0,0,0,0,0,0,0
163.54,20,2,0,1,0,0,0,0,0,0,0,0,0,0,1,0,0,0
10.79,12,2,0,0,0,1,0,0,0,1,0,0,0,0,0,0,0,0
48.22,11,4,0,0,0,1,0,0,0,0,0,0,0,0,0,1,0,0
43.47,15,4,0,0,0,0,0,0,1,0,0,0,0,0,0,1,0,0
73.21,10,1,0,1,0,0,0,0,0,0,0,0,1,0,0,0,0,0
98.14,6,1,0,1,0,0,0,0,0,0,0,0,1,0,0,0,0,0
119.15,7,2,0,1,0,0,0,0,0,0,0,0,0,0,1,0,0,0
22.27,12,1,0,0,0,0,0,0,1,0,0,1,0,0,0,0,0,0
38.76,9,4,0,0,0,0,0,0,1,0,0,0,0,0,0,0,1,0
31.3,7,1,0,1,0,0,0,0,0,0,0,0,0,0,0,0,1,0
55.2,15,0,0,0,0,0,0,1,0,0,0,1,0,0,0,0,0,0
298.98,16,0,0,0,0,0,0,0,1,0,0,0,0,0,1,0,0,0
1031.96,12,1,0,0,0,0,0,0,1,0,0,0,0,0,0,0,1,1
162.53,22,3,0,0,0,0,0,0,1,0,0,0,1,0,0,0,0,0
22.49,7,1,0,1,0,0,0,0,0,0,0,0,0,0,0,0,1,0
14.48,6,5,1,1,0,0,0,0,0,0,0,0,0,1,0,0,0,0
5.44,11,2,0,0,1,0,0,0,0,0,1,0,0,0,0,0,0,0
1680.65,20,2,0,0,0,0,1,0,0,0,0,0,0,1,0,0,0,1
202.38,15,4,0,0,0,0,0,0,1,0,0,0,0,0,1,0,0,0
7.07,18,1,0,0,0,0,1,0,0,0,0,0,0,0,0,1,0,0
210.15,19,2,0,0,0,0,0,0,1,0,0,0,0,0,1,0,0,0
74.68,23,2,0,1,0,0,0,0,0,0,0,1,0,0,0,0,0,0
181.88,21,5,1,0,1,0,0,0,0,0,0,0,0,0,1,0,0,0
5.52,10,3,0,1,0,0,0,0,0,0,0,0,0,0,0,0,1,0
299.13,8,2,0,0,1,0,0,0,0,0,0,0,0,0,1,0,0,0
31.38,22,0,0,0,1,0,0,0,0,1,0,0,0,0,0,0,0,0
17.86,20,4,0,1,0,0,0,0,0,1,0,0,0,0,0,0,0,0
27.65,11,1,0,1,0,0,0,0,0,1,0,0,0,0,0,0,0,0
58.04,21,0,0,0,1,0,0,0,0,0,0,0,0,0,0,1,0,0
32.6,22,3,0,0,0,0,0,0,1,1,0,0,0,0,0,0,0,0
629.03,0,0,0,0,0,0,0,0,1,1,0,0,0,0,0,0,0,1
11.96,23,6,1,0,0,0,0,0,1,0,0,0,0,1,0,0,0,0
5.6,12,3,0,1,0,0,0,0,0,0,1,0,0,0,0,0,0,0
10.47,20,3,0,0,0,0,0,0,1,0,0,0,0,0,0,1,0,0
183.04,7,6,1,1,0,0,0,0,0,0,0,0,1,0,0,0,0,0
122.51,2,3,0,0,0,0,0,0,1,0,0,0,0,0,0,1,0,1
125.15,1,6,1,0,0,0,0,0,1,1,0,0,0,0,0,0,0,1
76.53,13,3,0,0,1,0,0,0,0,0,0,0,1,0,0,0,0,0
34.33,16,4,0,1,0,0,0,0,0,0,0,1,0,0,0,0,0,0
28.12,17,1,0,1,0,0,0,0,0,0,0,0,0,0,0,1,0,0
5.4,14,1,0,1,0,0,0,0,0,0,1,0,0,0,0,0,0,0
58.55,17,3,0,0,0,0,0,0,1,0,0,1,0,0,0,0,0,0
222.79,17,6,1,0,1,0,0,0,0,0,0,0,0,0,1,0,0,0
12.82,7,5,1,0,0,0,0,1,0,1,0,0,0,0,0,0,0,0
14.4,10,3,0,0,0,0,0,0,1,0,0,0,0,0,0,0,1,0
53.58,23,3,0,0,0,1,0,0,0,0,0,0,0,1,0,0,0,0
24.97,8,1,0,0,1,0,0,0,0,0,0,1,0,0,0,0,0,0
5.38,8,5,1,0,1,0,0,0,0,0,1,0,0,0,0,0,0,0
78.4,23,2,0,1,0,0,0,0,0,0,0,1,0,0,0,0,0,0
44.21,1,1,0,0,0,0,0,0,1,0,0,0,0,0,0,0,1,1
75.12,22,3,0,1,0,0,0,0,0,0,0,0,1,0,0,0,0,0
117.38,15,4,0,0,0,0,0,0,1,0,0,0,1,0,0,0,0,0
123.86,8,5,1,0,0,1,0,0,0,0,0,0,1,0,0,0,0,0
34.68,17,5,1,0,1,0,0,0,0,1,0,0,0,0,0,0,0,0
5.98,19,5,1,0,0,0,0,1,0,0,1,0,0,0,0,0,0,0
84.73,13,0,0,0,0,0,0,0,1,0,0,0,0,1,0,0,0,0
30.71,6,3,0,0,1,0,0,0,0,1,0,0,0,0,0,0,0,0
2217.01,7,5,1,0,0,0,0,1,0,0,0,0,0,1,0,0,0,1
31.1,12,3,0,1,0,0,0,0,0,0,0,0,1,0,0,0,0,0
1.81,19,2,0,1,0,0,0,0,0,0,1,0,0,0,0,0,0,0
24.57,18,1,0,0,1,0,0,0,0,1,0,0,0,0,0,0,0,0
40.23,9,0,0,0,1,0,0,0,0,0,0,0,0,0,0,1,0,0
18.88,0,5,1,0,0,0,0,0,1,1,0,0,0,0,0,0,0,1
23.16,23,4,0,0,0,0,0,0,1,0,0,0,0,0,0,0,1,0
3.07,16,5,1,1,0,0,0,0,0,0,1,0,0,0,0,0,0,0
5.08,7,5,1,0,1,0,0,0,0,0,1,0,0,0,0,0,0,0
68.85,9,4,0,1,0,0,0,0,0,0,0,1,0,0,0,0,0,0
32.17,11,6,1,0,0,0,1,0,0,1,0,0,0,0,0,0,0,0
53.9,20,0,0,1,0,0,0,0,0,0,0,0,0,0,0,1,0,0
3427.95,19,6,1,0,0,0,0,0,1,0,0,0,0,0,1,0,0,1
49.1,18,1,0,1,0,0,0,0,0,0,0,0,0,1,0,0,0,0
24.96,19,1,0,1,0,0,0,0,0,1,0,0,0,0,0,0,0,0
42.81,22,4,0,1,0,0,0,0,0,0,0,1,0,0,0,0,0,0
66.86,10,1,0,0,0,0,0,0,1,0,0,0,0,1,0,0,0,0
28.09,13,6,1,1,0,0,0,0,0,0,0,0,1,0,0,0,0,0
96.0,19,2,0,1,0,0,0,0,0,0,0,0,0,1,0,0,0,0
292.28,16,0,0,0,0,0,0,0,1,0,0,0,0,0,1,0,0,0
100.16,18,4,0,0,1,0,0,0,0,0,0,0,1,0,0,0,0,0
5.95,23,5,1,1,0,0,0,0,0,0,1,0,0,0,0,0,0,0
31.04,21,0,0,0,1,0,0,0,0,1,0,0,0,0,0,0,0,0
24.21,16,0,0,0,0,1,0,0,0,1,0,0,0,0,0,0,0,0
181.31,11,3,0,1,0,0,0,0,0,0,0,0,0,0,1,0,0,0
21.7,8,0,0,0,1,0,0,0,0,1,0,0,0,0,0,0,0,0
116.86,7,0,0,0,0,1,0,0,0,0,0,0,0,0,1,0,0,0
21.03,12,5,1,1,0,0,0,0,0,0,0,0,0,1,0,0,0,0
286.05,3,4,0,0,0,0,0,0,1,0,0,0,1,0,0,0,0,1
24.36,21,0,0,0,1,0,0,0,0,1,0,0,0,0,0,0,0,0
28.06,23,0,0,0,0,1,0,0,0,0,0,0,0,0,0,0,1,0
5.15,14,4,0,0,0,0,0,1,0,0,1,0,0,0,0,0,0,0
117.86,14,0,0,0,0,0,0,0,1,0,0,0,1,0,0,0,0,0
42.29,18,1,0,1,0,0,0,0,0,0,0,1,0,0,0,0,0,0
115.92,20,3,0,0,0,0,0,0,1,0,0,0,0,1,0,0,0,0
8.79,23,5,1,0,0,1,0,0,0,0,0,0,0,0,0,0,1,0
27.96,10,1,0,0,0,0,0,0,1,0,0,0,0,0,0,0,1,0
36.51,19,1,0,1,0,0,0,0,0,0,0,0,0,0,0,1,0,0
5.62,22,4,0,1,0,0,0,0,0,0,0,0,0,0,0,1,0,0
15.59,15,3,0,1,0,0,0,0,0,0,0,0,0,0,0,1,0,0
183.24,6,5,1,0,0,0,0,0,1,0,0,0,0,0,1,0,0,0
32.58,14,0,0,0,0,0,1,0,0,0,0,0,0,0,0,0,1,0
32.52,23,2,0,1,0,0,0,0,0,1,0,0,0,0,0,0,0,0
28.76,12,2,0,1,0,0,0,0,0,0,0,0,0,0,0,0,1,0
45.48,12,0,0,1,0,0,0,0,0,0,0,1,0,0,0,0,0,0
76.98,11,2,0,1,0,0,0,0,0,0,0,1,0,0,0,0,0,0
76.42,16,4,0,0,0,0,0,0,1,0,0,0,0,1,0,0,0,0
112.86,11,4,0,0,1,0,0,0,0,0,0,0,0,1,0,0,0,0
33.24,14,0,0,0,1,0,0,0,0,0,0,0,0,1,0,0,0,0
58.31,18,4,0,1,0,0,0,0,0,0,0,1,0,0,0,0,0,0
51.2,10,6,1,0,1,0,0,0,0,0,0,1,0,0,0,0,0,0
47.07,19,1,0,0,1,0,0,0,0,0,0,1,0,0,0,0,0,0
25.47,7,3,0,0,1,0,0,0,0,0,0,0,0,0,1,0,0,0
197.11,0,6,1,0,0,0,0,0,1,0,0,0,0,0,0,1,0,1
3.36,7,6,1,1,0,0,0,0,0,0,1,0,0,0,0,0,0,0
111.19,11,1,0,0,1,0,0,0,0,0,0,0,1,0,0,0,0,0
19.96,8,1,0,0,1,0,0,0,0,0,0,0,0,0,0,0,1,0
32.37,21,1,0,0,0,0,0,0,1,0,0,0,0,0,1,0,0,0
98.36,7,5,1,1,0,0,0,0,0,0,0,0,1,0,0,0,0,0
127.47,1,6,1,0,0,0,0,0,1,0,0,0,0,0,0,1,0,1
177.55,13,2,0,0,0,0,0,0,1,0,0,0,1,0,0,0,0,0
8.19,15,2,0,1,0,0,0,0,0,0,0,0,0,0,0,1,0,0
31.39,12,6,1,1,0,0,0,0,0,0,0,0,0,0,0,1,0,0
672.32,3,1,0,0,0,0,0,1,0,1,0,0,0,0,0,0,0,1
11.43,12,5,1,1,0,0,0,0,0,1,0,0,0,0,0,0,0,0
58.46,14,5,1,0,1,0,0,0,0,0,0,0,0,0,1,0,0,0
18.04,15,1,0,1,0,0,0,0,0,0,0,0,0,0,0,0,1,0
75.91,9,6,1,1,0,0,0,0,0,0,0,1,0,0,0,0,0,0
76.7,23,3,0,1,0,0,0,0,0,0,0,1,0,0,0,0,0,0
19.09,7,1,0,0,0,0,0,0,1,1,0,0,0,0,0,0,0,0
2492.74,3,3,0,0,0,0,0,0,1,0,0,0,1,0,0,0,0,1
72.17,14,6,1,0,0,0,0,0,1,0,0,0,0,1,0,0,0,0
4.24,23,3,0,1,0,0,0,0,0,0,1,0,0,0,0,0,0,0
2229.13,1,5,1,0,0,0,0,0,1,0,0,0,1,0,0,0,0,1
9.06,6,0,0,1,0,0,0,0,0,0,0,0,0,0,0,1,0,0
1031.87,0,1,0,0,0,0,0,0,1,0,0,0,0,0,0,1,0,1
65.39,14,6,1,1,0,0,0,0,0,0,0,0,0,1,0,0,0,0
68.21,20,5,1,1,0,0,0,0,0,0,0,0,0,1,0,0,0,0
23.18,22,4,0,1,0,0,0,0,0,0,0,0,0,0,0,0,1,0
662.11,8,5,1,1,0,0,0,0,0,1,0,0,0,0,0,0,0,1
84.86,19,2,0,1,0,0,0,0,0,0,0,0,1,0,0,0,0,0
182.95,8,2,0,0,0,0,0,0,1,0,0,0,0,0,1,0,0,0
72.74,12,6,1,0,1,0,0,0,0,0,0,0,0,1,0,0,0,0
4.48,21,4,0,1,0,0,0,0,0,0,1,0,0,0,0,0,0,0
171.68,20,6,1,0,0,0,0,0,1,0,0,0,1,0,0,0,0,0
93.23,11,3,0,1,0,0,0,0,0,0,0,0,0,1,0,0,0,0
2017.28,3,1,0,0,0,0,0,0,1,0,0,0,0,1,0,0,0,1
23.41,8,0,0,0,0,0,0,0,1,0,0,0,1,0,0,0,0,0
195.17,14,0,0,0,0,0,0,0,1,0,0,0,1,0,0,0,0,0
13.86,17,2,0,1,0,0,0,0,0,0,0,0,0,0,0,0,1,0
51.7,15,4,0,1,0,0,0,0,0,0,0,0,0,0,0,1,0,0
37.1,8,0,0,1,0,0,0,0,0,0,0,0,0,0,0,1,0,0
873.51,11,0,0,0,0,0,0,0,1,0,0,0,0,0,0,1,0,1
88.42,3,0,0,0,0,0,0,0,1,1,0,0,0,0,0,0,0,1
3.51,22,6,1,0,0,0,0,0,1,0,1,0,0,0,0,0,0,0
78.18,19,6,1,0,0,0,0,1,0,0,0,1,0,0,0,0,0,0
7.84,13,0,0,0,0,0,0,1,0,0,0,0,0,0,0,1,0,0
7.85,9,4,0,0,1,0,0,0,0,1,0,0,0,0,0,0,0,0
21.39,6,1,0,0,1,0,0,0,0,0,0,0,0,0,0,1,0,0
74.02,23,4,0,0,0,0,1,0,0,0,0,0,0,1,0,0,0,0
40.23,23,2,0,0,0,0,0,0,1,0,0,0,1,0,0,0,0,0
5.07,10,6,1,0,1,0,0,0,0,0,1,0,0,0,0,0,0,0
53.73,14,3,0,0,1,0,0,0,0,0,0,0,0,0,0,1,0,0
170.51,7,4,0,0,1,0,0,0,0,0,0,0,1,0,0,0,0,0
237.06,23,1,0,0,0,1,0,0,0,0,0,0,0,0,1,0,0,0
127.86,12,4,0,0,0,0,0,1,0,0,0,0,0,0,1,0,0,0
47.02,6,1,0,0,0,1,0,0,0,0,0,0,0,0,0,1,0,0
92.26,19,5,1,0,0,0,0,0,1,0,0,0,0,1,0,0,0,0
138.17,22,6,1,1,0,0,0,0,0,0,0,0,1,0,0,0,0,0
12.61,17,1,0,0,0,0,0,1,0,0,0,0,0,0,0,0,1,0
16.98,17,5,1,0,1,0,0,0,0,0,0,0,0,0,0,0,1,0
3.17,10,1,0,1,0,0,0,0,0,0,1,0,0,0,0,0,0,0
2.15,13,2,0,0,0,0,0,0,1,0,1,0,0,0,0,0,0,0
37.18,15,6,1,0,0,0,0,0,1,0,0,0,1,0,0,0,0,0
225.56,22,4,0,0,0,0,0,1,0,0,0,0,0,0,1,0,0,0
4.75,21,6,1,1,0,0,0,0,0,0,1,0,0,0,0,0,0,0
8.82,9,0,0,0,0,0,0,0,1,0,0,0,0,0,0,0,1,0
33.52,23,6,1,0,0,0,1,0,0,1,0,0,0,0,0,0,0,0
4.93,14,5,1,0,0,0,0,0,1,0,1,0,0,0,0,0,0,0
52.02,23,6,1,1,0,0,0,0,0,0,0,1,0,0,0,0,0,0
22.08,17,6,1,0,0,0,0,1,0,0,0,0,0,0,0,0,1,0
56.19,23,1,0,1,0,0,0,0,0,0,0,0,0,1,0,0,0,0
54.93,22,0,0,0,0,0,0,0,1,0,0,1,0,0,0,0,0,0
39.36,7,4,0,0,0,1,0,0,0,0,0,0,0,0,0,0,1,0
25.32,17,1,0,0,0,0,1,0,0,0,0,0,0,0,0,1,0,0
8.2,15,5,1,0,0,0,0,0,1,0,0,0,0,0,0,0,1,0
19.83,23,5,1,0,1,0,0,0,0,0,0,0,0,0,0,0,1,0
63.49,7,1,0,1,0,0,0,0,0,0,0,0,0,1,0,0,0,0
9.37,12,4,0,0,0,0,0,0,1,0,0,0,0,0,0,1,0,0
35.52,22,1,0,0,0,0,0,1,0,0,0,0,0,1,0,0,0,0
22.91,23,3,0,1,0,0,0,0,0,1,0,0,0,0,0,0,0,0
66.31,20,2,0,0,1,0,0,0,0,0,0,1,0,0,0,0,0,0
2.73,13,4,0,1,0,0,0,0,0,0,1,0,0,0,0,0,0,0
120.95,8,2,0,0,0,0,0,0,1,0,0,0,0,0,1,0,0,0
28.23,21,4,0,0,0,0,0,0,1,0,0,0,0,1,0,0,0,0
25.92,10,4,0,0,0,1,0,0,0,1,0,0,0,0,0,0,0,0
114.56,23,4,0,0,1,0,0,0,0,0,0,0,0,1,0,0,0,0
132.22,8,3,0,1,0,0,0,0,0,0,0,0,0,0,1,0,0,0
42.54,8,5,1,1,0,0,0,0,0,0,0,1,0,0,0,0,0,0
19.12,6,6,1,0,0,0,1,0,0,0,0,1,0,0,0,0,0,0
23.34,13,2,0,0,0,0,0,0,1,0,0,0,0,0,0,0,1,0
5.57,13,3,0,0,0,0,0,0,1,0,1,0,0,0,0,0,0,0
86.32,9,6,1,0,0,0,0,0,1,0,0,0,0,1,0,0,0,0
225.09,17,6,1,1,0,0,0,0,0,0,0,0,0,0,1,0,0,0
5.63,15,5,1,0,0,0,0,1,0,0,1,0,0,0,0,0,0,0
1517.51,3,5,1,0,0,0,0,0,1,0,0,0,0,1,0,0,0,1
1119.77,16,2,0,0,0,0,0,0,1,0,0,0,0,0,0,1,0,1
1781.11,2,0,0,0,0,0,0,0,1,0,0,0,0,0,0,0,1,1
20.75,4,0,0,0,0,0,0,0,1,0,0,0,0,0,0,0,1,1
132.56,21,4,0,0,0,0,0,0,1,0,0,0,1,0,0,0,0,0
62.55,19,1,0,0,1,0,0,0,0,0,0,1,0,0,0,0,0,0
26.64,20,4,0,0,1,0,0,0,0,0,0,1,0,0,0,0,0,0
24.68,23,3,0,0,0,0,1,0,0,0,0,0,0,0,0,0,1,0
189.93,11,5,1,1,0,0,0,0,0,0,0,0,1,0,0,0,0,0
42.47,20,4,0,0,0,1,0,0,0,0,0,0,0,0,0,1,0,0
55.61,22,5,1,0,1,0,0,0,0,0,0,0,0,0,0,1,0,0
12.47,16,1,0,1,0,0,0,0,0,1,0,0,0,0,0,0,0,0
186.71,17,1,0,0,1,0,0,0,0,0,0,0,1,0,0,0,0,0
31.81,20,3,0,0,0,0,0,0,1,1,0,0,0,0,0,0,0,0
35.84,16,6,1,1,0,0,0,0,0,0,0,0,0,0,0,0,1,0
71.54,6,3,0,0,0,0,0,0,1,0,0,1,0,0,0,0,0,0
113.67,9,4,0,0,1,0,0,0,0,0,0,0,0,1,0,0,0,0
4.53,23,6,1,1,0,0,0,0,0,0,1,0,0,0,0,0,0,0
27.07,15,2,0,0,0,0,0,0,1,1,0,0,0,0,0,0,0,0
35.18,22,5,1,1,0,0,0,0,0,0,0,0,0,0,1,0,0,0
5.7,18,6,1,1,0,0,0,0,0,0,1,0,0,0,0,0,0,0
43.31,13,0,0,0,0,0,1,0,0,0,0,0,0,0,1,0,0,0
26.66,10,1,0,0,1,0,0,0,0,0,0,0,0,0,0,0,1,0
1190.53,10,4,0,0,0,0,0,0,1,0,0,1,0,0,0,0,0,1
4646.19,2,5,1,0,0,0,0,0,1,0,0,0,0,0,1,0,0,1
31.88,9,2,0,1,0,0,0,0,0,0,0,0,0,0,0,0,1,0
86.65,19,6,1,1,0,0,0,0,0,0,0,0,0,1,0,0,0,0
22.74,17,1,0,1,0,0,0,0,0,0,0,0,0,0,0,1,0,0
58.45,19,6,1,0,0,0,0,0,1,0,0,1,0,0,0,0,0,0
67.79,8,2,0,1,0,0,0,0,0,0,0,0,0,0,1,0,0,0
15.1,11,3,0,0,0,0,0,0,1,0,0,0,0,0,0,0,1,0
2.65,23,1,0,0,0,0,0,1,0,0,1,0,0,0,0,0,0,0
896.99,8,6,1,0,0,0,0,0,1,0,0,1,0,0,0,0,0,1
55.5,17,4,0,1,0,0,0,0,0,0,0,0,1,0,0,0,0,0
5.24,20,3,0,0,1,0,0,0,0,0,1,0,0,0,0,0,0,0
27.47,16,3,0,0,1,0,0,0,0,0,0,0,1,0,0,0,0,0
98.98,11,3,0,0,0,0,0,0,1,0,0,0,0,1,0,0,0,0
18.27,13,1,0,0,1,0,0,0,0,1,0,0,0,0,0,0,0,0
19.64,10,0,0,0,0,0,0,0,1,0,0,0,0,0,0,1,0,0
47.53,20,6,1,0,0,1,0,0,0,0,0,0,1,0,0,0,0,0
78.95,15,5,1,1,0,0,0,0,0,0,0,1,0,0,0,0,0,0
10.63,6,3,0,0,0,1,0,0,0,0,0,0,0,0,0,0,1,0
5.85,11,1,0,1,0,0,0,0,0,0,1,0,0,0,0,0,0,0
13.18,23,4,0,0,1,0,0,0,0,0,0,0,0,0,0,0,1,0
1065.62,20,6,1,0,0,0,0,0,1,0,0,0,0,1,0,0,0,1
25.8,23,3,0,1,0,0,0,0,0,0,0,1,0,0,0,0,0,0
13.06,10,0,0,0,1,0,0,0,0,1,0,0,0,0,0,0,0,0
95.41,9,0,0,1,0,0,0,0,0,0,0,0,0,1,0,0,0,0
10.0,11,0,0,1,0,0,0,0,0,0,0,0,0,0,0,0,1,0
2.53,18,3,0,1,0,0,0,0,0,0,1,0,0,0,0,0,0,0
20.81,21,4,0,1,0,0,0,0,0,0,0,0,0,1,0,0,0,0
71.01,23,3,0,0,1,0,0,0,0,0,0,0,0,0,1,0,0,0
35.69,23,4,0,0,1,0,0,0,0,0,0,0,0,0,0,1,0,0
150.57,23,4,0,0,1,0,0,0,0,0,0,0,0,0,1,0,0,0
41.02,11,5,1,0,0,0,1,0,0,0,0,0,0,1,0,0,0,0
29.09,6,2,0,0,1,0,0,0,0,1,0,0,0,0,0,0,0,0
54.81,12,0,0,0,0,0,0,0,1,0,0,0,0,1,0,0,0,0
10.67,20,1,0,0,0,0,0,0,1,1,0,0,0,0,0,0,0,0
4.81,18,6,1,0,0,0,0,0,1,0,1,0,0,0,0,0,0,0
694.61,1,5,1,0,0,0,1,0,0,0,0,0,0,1,0,0,0,1
72.07,23,1,0,0,0,0,0,0,1,0,0,0,1,0,0,0,0,0
46.37,18,0,0,0,0,0,0,1,0,0,0,1,0,0,0,0,0,0
22.39,17,0,0,0,0,0,1,0,0,0,0,0,0,0,0,1,0,0
13.09,10,6,1,0,0,0,0,0,1,0,0,0,0,0,0,1,0,0
19.23,23,5,1,0,1,0,0,0,0,1,0,0,0,0,0,0,0,0
2.31,18,2,0,1,0,0,0,0,0,0,1,0,0,0,0,0,0,0
21.85,10,0,0,0,0,0,0,0,1,0,0,0,0,0,0,0,1,0
5.64,12,6,1,0,0,0,1,0,0,0,1,0,0,0,0,0,0,0
987.47,1,3,0,0,0,0,0,0,1,0,0,0,1,0,0,0,0,1
55.25,11,2,0,0,0,0,0,0,1,0,0,1,0,0,0,0,0,0
2.54,12,6,1,1,0,0,0,0,0,0,1,0,0,0,0,0,0,0
12.01,8,0,0,1,0,0,0,0,0,0,0,0,0,0,0,0,1,0
2.79,18,0,0,1,0,0,0,0,0,0,1,0,0,0,0,0,0,0
23.16,19,4,0,1,0,0,0,0,0,1,0,0,0,0,0,0,0,0
268.48,14,1,0,1,0,0,0,0,0,0,0,0,0,0,1,0,0,0
26.53,13,4,0,1,0,0,0,0,0,0,0,0,0,1,0,0,0,0
32.91,23,5,1,1,0,0,0,0,0,1,0,0,0,0,0,0,0,0
72.55,23,4,0,0,0,0,0,0,1,0,0,1,0,0,0,0,0,0
152.92,1,4,0,0,0,0,0,0,1,0,0,0,1,0,0,0,0,1
52.81,12,4,0,0,1,0,0,0,0,0,0,0,0,1,0,0,0,0
23.09,13,1,0,1,0,0,0,0,0,0,0,0,0,0,0,1,0,0
67.82,11,0,0,0,1,0,0,0,0,0,0,1,0,0,0,0,0,0
48.9,14,6,1,0,1,0,0,0,0,0,0,1,0,0,0,0,0,0
54.47,18,0,0,0,0,0,0,0,1,0,0,0,1,0,0,0,0,0
26.88,8,0,0,1,0,0,0,0,0,1,0,0,0,0,0,0,0,0
28.82,18,6,1,1,0,0,0,0,0,0,0,0,0,0,0,1,0,0
46.58,18,2,0,0,1,0,0,0,0,0,0,0,0,0,0,1,0,0
36.33,20,1,0,0,0,0,1,0,0,0,0,0,0,1,0,0,0,0
37.09,6,0,0,0,0,0,0,0,1,0,0,0,0,0,0,0,1,0
420.64,12,1,0,0,0,0,0,1,0,0,1,0,0,0,0,0,0,1
71.94,12,3,0,0,0,0,0,1,0,0,0,0,1,0,0,0,0,0
55.62,6,4,0,0,0,0,0,1,0,0,0,0,0,1,0,0,0,0
9.92,8,4,0,1,0,0,0,0,0,0,0,0,0,0,0,0,1,0
7.85,21,6,1,0,0,0,0,0,1,1,0,0,0,0,0,0,0,0
67.14,17,1,0,1,0,0,0,0,0,0,0,1,0,0,0,0,0,0
1.7,9,3,0,1,0,0,0,0,0,0,1,0,0,0,0,0,0,0
55.12,23,3,0,0,1,0,0,0,0,0,0,0,0,0,0,1,0,0
5.55,11,5,1,1,0,0,0,0,0,0,1,0,0,0,0,0,0,0
317.08,3,2,0,0,0,0,0,0,1,0,0,0,0,1,0,0,0,1
149.84,11,0,0,0,0,1,0,0,0,0,0,0,1,0,0,0,0,0
16.06,15,1,0,1,0,0,0,0,0,0,0,0,0,0,0,0,1,0
79.57,12,1,0,1,0,0,0,0,0,0,0,1,0,0,0,0,0,0
3.37,16,4,0,0,1,0,0,0,0,0,1,0,0,0,0,0,0,0
84.53,17,5,1,1,0,0,0,0,0,0,0,0,1,0,0,0,0,0
5.2,10,2,0,1,0,0,0,0,0,0,1,0,0,0,0,0,0,0
27.89,21,6,1,0,0,1,0,0,0,0,0,0,0,0,0,1,0,0
30.76,6,6,1,1,0,0,0,0,0,0,0,0,0,0,0,1,0,0
76.9,12,4,0,0,0,0,0,0,1,0,0,1,0,0,0,0,0,0
49.19,6,5,1,0,0,0,0,0,1,0,0,0,0,0,1,0,0,0
29.41,21,4,0,0,0,0,0,1,0,0,0,0,0,0,0,0,1,0
34.28,13,4,0,1,0,0,0,0,0,0,0,0,0,0,0,0,1,0
54.65,23,2,0,1,0,0,0,0,0,0,0,0,0,1,0,0,0,0
21.66,11,5,1,1,0,0,0,0,0,0,0,0,0,0,0,0,1,0
31.48,10,6,1,0,0,1,0,0,0,1,0,0,0,0,0,0,0,0
203.39,16,4,0,1,0,0,0,0,0,0,0,0,0,0,1,0,0,0
22.76,20,0,0,1,0,0,0,0,0,0,0,0,0,0,0,0,1,0
38.27,16,6,1,0,0,1,0,0,0,0,0,0,0,0,0,0,1,0
125.77,16,2,0,1,0,0,0,0,0,0,0,0,0,0,1,0,0,0
83.78,19,2,0,1,0,0,0,0,0,0,0,0,0,0,1,0,0,0
26.5,13,1,0,0,1,0,0,0,0,0,0,0,0,0,0,0,1,0
17.26,22,0,0,1,0,0,0,0,0,0,0,0,0,0,0,0,1,0
18.71,23,4,0,0,1,0,0,0,0,0,0,0,0,0,0,1,0,0
795.2,2,3,0,0,0,0,0,0,1,0,0,1,0,0,0,0,0,1
1155.07,3,1,0,0,0,0,0,0,1,0,0,1,0,0,0,0,0,1
58.66,20,6,1,1,0,0,0,0,0,0,0,0,0,0,0,1,0,0
62.98,13,3,0,0,0,0,0,0,1,0,0,1,0,0,0,0,0,0
220.82,1,6,1,0,0,0,0,0,1,0,0,0,0,0,1,0,0,1
81.09,7,3,0,0,0,0,1,0,0,0,0,0,0,0,1,0,0,0
38.58,19,0,0,0,1,0,0,0,0,0,0,1,0,0,0,0,0,0
34.05,15,4,0,1,0,0,0,0,0,1,0,0,0,0,0,0,0,0
102.92,16,6,1,0,1,0,0,0,0,0,0,0,0,1,0,0,0,0
47.38,23,4,0,0,1,0,0,0,0,0,0,0,1,0,0,0,0,0
73.57,18,0,0,1,0,0,0,0,0,0,0,0,0,1,0,0,0,0
190.53,6,1,0,0,1,0,0,0,0,0,0,0,0,0,1,0,0,0
37.33,17,2,0,1,0,0,0,0,0,0,0,0,1,0,0,0,0,0
25.58,16,3,0,1,0,0,0,0,0,0,0,0,0,0,0,0,1,0
184.23,15,3,0,0,1,0,0,0,0,0,0,0,1,0,0,0,0,0
79.73,21,6,1,1,0,0,0,0,0,0,0,1,0,0,0,0,0,0
1476.31,17,6,1,0,1,0,0,0,0,0,0,0,0,0,0,1,0,1
5.61,8,1,0,0,0,0,0,0,1,0,1,0,0,0,0,0,0,0
22.22,18,2,0,1,0,0,0,0,0,0,0,0,0,0,0,1,0,0
27.49,15,0,0,1,0,0,0,0,0,0,0,0,0,0,0,1,0,0
35.7,18,3,0,0,1,0,0,0,0,0,0,1,0,0,0,0,0,0
34.79,23,5,1,1,0,0,0,0,0,0,0,1,0,0,0,0,0,0
13.29,10,2,0,0,0,0,0,0,1,0,0,0,0,0,0,0,1,0
38.01,12,1,0,1,0,0,0,0,0,0,0,0,0,1,0,0,0,0
4.12,9,5,1,1,0,0,0,0,0,0,1,0,0,0,0,0,0,0
39.31,11,5,1,0,1,0,0,0,0,0,0,0,0,1,0,0,0,0
34.68,8,1,0,0,1,0,0,0,0,0,0,0,0,0,0,0,1,0
98.66,13,1,0,1,0,0,0,0,0,0,0,0,1,0,0,0,0,0
72.28,22,0,0,0,0,0,0,0,1,0,0,1,0,0,0,0,0,0
101.82,10,6,1,1,0,0,0,0,0,0,0,0,0,1,0,0,0,0
155.89,4,1,0,0,0,0,0,0,1,0,0,0,0,0,0,1,0,1
2.4,7,0,0,0,0,1,0,0,0,0,1,0,0,0,0,0,0,0
180.76,8,6,1,1,0,0,0,0,0,0,0,0,0,0,1,0,0,0
279.64,19,1,0,1,0,0,0,0,0,0,0,0,0,0,1,0,0,0
17.13,11,6,1,1,0,0,0,0,0,1,0,0,0,0,0,0,0,0
52.32,9,2,0,0,0,0,1,0,0,0,0,0,0,0,0,1,0,0
46.17,20,2,0,1,0,0,0,0,0,0,0,0,0,0,0,1,0,0
15.75,21,4,0,0,0,0,0,0,1,1,0,0,0,0,0,0,0,0
18.32,23,0,0,0,0,0,0,0,1,0,0,1,0,0,0,0,0,0
34.01,22,5,1,0,1,0,0,0,0,0,0,0,0,0,0,1,0,0
54.72,6,4,0,1,0,0,0,0,0,0,0,0,0,1,0,0,0,0
34.39,23,6,1,0,1,0,0,0,0,0,0,0,0,0,0,1,0,0
860.83,3,1,0,0,0,0,0,0,1,0,0,0,0,0,0,1,0,1
110.96,7,6,1,1,0,0,0,0,0,0,0,0,1,0,0,0,0,0
135.7,23,1,0,1,0,0,0,0,0,0,0,0,0,0,1,0,0,0
3.13,15,1,0,0,0,0,0,0,1,0,1,0,0,0,0,0,0,0
4.03,10,1,0,0,0,1,0,0,0,0,1,0,0,0,0,0,0,0
12.72,14,2,0,1,0,0,0,0,0,0,0,1,0,0,0,0,0,0
6.27,14,6,1,0,0,0,0,0,1,0,0,0,0,0,0,1,0,0
21.59,13,2,0,0,0,0,0,0,1,0,0,0,0,1,0,0,0,0
103.04,6,6,1,1,0,0,0,0,0,0,0,0,0,1,0,0,0,0
697.75,0,1,0,0,0,1,0,0,0,0,0,0,0,1,0,0,0,1
56.1,13,5,1,0,0,0,0,0,1,0,0,0,0,0,0,1,0,0
227.75,14,2,0,0,0,1,0,0,0,0,0,0,0,0,1,0,0,0
2460.97,12,5,1,0,0,0,0,0,1,0,0,0,0,1,0,0,0,1
35.79,10,0,0,1,0,0,0,0,0,0,0,0,0,0,0,0,1,0
412.73,3,0,0,0,0,0,0,0,1,0,1,0,0,0,0,0,0,1
11.51,9,6,1,0,1,0,0,0,0,0,0,0,0,1,0,0,0,0
38.75,10,2,0,0,0,0,0,0,1,0,0,1,0,0,0,0,0,0
28.29,8,2,0,1,0,0,0,0,0,0,0,1,0,0,0,0,0,0
116.86,9,6,1,1,0,0,0,0,0,0,0,0,1,0,0,0,0,0
29.91,10,0,0,0,1,0,0,0,0,0,0,0,0,0,0,1,0,0
67.61,15,0,0,0,0,0,1,0,0,0,0,0,1,0,0,0,0,0
63.15,21,2,0,0,0,1,0,0,0,0,0,0,0,0,1,0,0,0
128.29,7,1,0,0,0,0,0,0,1,0,0,0,1,0,0,0,0,0
41.6,15,6,1,1,0,0,0,0,0,0,0,1,0,0,0,0,0,0
10.19,23,0,0,0,0,0,0,0,1,0,0,0,0,0,0,0,1,0
29.0,16,2,0,0,1,0,0,0,0,0,0,1,0,0,0,0,0,0
4.59,7,5,1,1,0,0,0,0,0,0,1,0,0,0,0,0,0,0
275.3,14,1,0,0,0,0,0,0,1,0,0,0,0,0,1,0,0,0
6.8,10,6,1,1,0,0,0,0,0,0,0,0,0,0,0,1,0,0
2981.83,16,3,0,0,0,0,0,0,1,0,0,0,1,0,0,0,0,1
1.75,9,3,0,1,0,0,0,0,0,0,1,0,0,0,0,0,0,0
5.13,15,1,0,0,0,0,0,0,1,0,1,0,0,0,0,0,0,0
42.31,21,2,0,0,1,0,0,0,0,0,0,0,0,0,0,1,0,0
25.86,8,2,0,1,0,0,0,0,0,0,0,1,0,0,0,0,0,0
219.78,14,6,1,0,0,1,0,0,0,0,0,0,0,0,1,0,0,0
36.89,7,4,0,1,0,0,0,0,0,0,0,0,0,0,0,1,0,0
24.91,21,5,1,1,0,0,0,0,0,0,0,1,0,0,0,0,0,0
2.97,16,1,0,0,1,0,0,0,0,0,1,0,0,0,0,0,0,0
5.84,20,0,0,0,0,1,0,0,0,0,1,0,0,0,0,0,0,0
26.01,21,6,1,0,1,0,0,0,0,0,0,0,0,0,0,1,0,0
51.02,12,1,0,0,0,0,0,0,1,0,0,0,0,1,0,0,0,0
24.42,7,4,0,0,1,0,0,0,0,0,0,0,0,1,0,0,0,0
103.6,22,5,1,0,0,0,0,0,1,0,0,0,0,1,0,0,0,0
114.68,16,1,0,0,0,0,0,0,1,0,0,0,0,1,0,0,0,0
31.48,6,0,0,0,0,0,0,0,1,0,0,0,0,0,0,1,0,0
227.1,0,5,1,0,0,0,0,0,1,0,0,0,0,0,0,1,0,1
22.35,8,5,1,0,1,0,0,0,0,0,0,0,0,0,0,0,1,0
481.12,13,1,0,1,0,0,0,0,0,0,1,0,0,0,0,0,0,1
14.18,18,0,0,1,0,0,0,0,0,0,0,0,0,0,0,0,1,0
32.39,16,3,0,0,1,0,0,0,0,0,0,0,0,0,1,0,0,0
32.3,16,5,1,0,0,0,1,0,0,0,0,0,1,0,0,0,0,0
28.63,9,4,0,1,0,0,0,0,0,1,0,0,0,0,0,0,0,0
18.98,23,4,0,1,0,0,0,0,0,1,0,0,0,0,0,0,0,0
577.76,17,6,1,1,0,0,0,0,0,0,0,0,0,0,0,0,1,1
21.03,13,1,0,0,1,0,0,0,0,0,0,0,0,0,0,1,0,0
72.83,22,3,0,1,0,0,0,0,0,0,0,1,0,0,0,0,0,0
35.42,18,6,1,0,0,0,0,0,1,0,0,0,0,0,0,1,0,0
5.83,15,2,0,1,0,0,0,0,0,0,1,0,0,0,0,0,0,0
28.2,20,2,0,1,0,0,0,0,0,0,0,0,1,0,0,0,0,0
7.24,15,4,0,1,0,0,0,0,0,0,0,0,0,0,0,1,0,0
155.2,1,0,0,0,0,0,0,0,1,0,0,1,0,0,0,0,0,1
272.56,15,4,0,1,0,0,0,0,0,0,0,0,0,0,1,0,0,0
56.5,19,5,1,1,0,0,0,0,0,0,0,1,0,0,0,0,0,0
8.89,14,6,1,0,1,0,0,0,0,0,0,0,0,0,0,0,1,0
80.99,8,5,1,0,0,0,0,0,1,0,0,0,0,1,0,0,0,0
32.02,14,2,0,0,0,0,0,0,1,0,0,0,0,0,0,1,0,0
17.85,18,2,0,1,0,0,0,0,0,0,0,0,0,1,0,0,0,0
16.95,22,1,0,0,1,0,0,0,0,1,0,0,0,0,0,0,0,0
101.3,7,4,0,0,0,1,0,0,0,0,0,0,1,0,0,0,0,0
49.27,8,4,0,1,0,0,0,0,0,0,0,0,0,0,0,1,0,0
7.01,9,0,0,0,0,0,0,0,1,0,0,0,0,0,0,1,0,0
1161.48,22,4,0,0,0,0,0,0,1,0,0,1,0,0,0,0,0,1
31.85,10,4,0,1,0,0,0,0,0,0,0,0,0,0,0,0,1,0
58.34,21,2,0,1,0,0,0,0,0,0,0,1,0,0,0,0,0,0
2.44,18,0,0,0,0,0,0,0,1,0,1,0,0,0,0,0,0,0
54.08,12,1,0,0,1,0,0,0,0,0,0,0,0,1,0,0,0,0
26.41,15,3,0,1,0,0,0,0,0,0,0,0,0,0,1,0,0,0
70.14,11,2,0,1,0,0,0,0,0,0,0,0,0,1,0,0,0,0
174.91,19,5,1,0,1,0,0,0,0,0,0,0,0,0,1,0,0,0
26.44,18,4,0,0,0,0,0,1,0,0,0,0,0,0,0,1,0,0
11.37,13,6,1,0,0,0,0,0,1,0,0,0,0,0,0,1,0,0
18.37,2,5,1,0,0,0,0,0,1,0,1,0,0,0,0,0,0,1
22.73,23,4,0,1,0,0,0,0,0,0,0,0,0,0,0,1,0,0
360.28,0,5,1,0,0,0,0,0,1,0,1,0,0,0,0,0,0,1
10.59,21,6,1,1,0,0,0,0,0,1,0,0,0,0,0,0,0,0
794.57,13,4,0,0,0,0,0,0,1,0,0,0,0,0,0,1,0,1
392.4,0,2,0,0,0,0,0,0,1,0,0,0,0,1,0,0,0,1
119.4,17,1,0,0,0,0,0,1,0,0,0,0,1,0,0,0,0,0
15.64,8,4,0,1,0,0,0,0,0,0,0,1,0,0,0,0,0,0
31.82,12,4,0,1,0,0,0,0,0,0,0,0,0,0,0,0,1,0
20.28,10,4,0,1,0,0,0,0,0,0,0,1,0,0,0,0,0,0
1701.62,16,0,0,0,0,0,0,1,0,0,0,0,0,0,0,1,0,1
99.75,19,0,0,1,0,0,0,0,0,0,0,0,1,0,0,0,0,0
33.18,17,1,0,0,0,0,0,1,0,0,0,1,0,0,0,0,0,0
5.62,18,6,1,0,0,0,0,1,0,0,0,0,0,0,0,1,0,0
14.09,21,6,1,1,0,0,0,0,0,0,0,0,0,0,0,0,1,0
20.81,9,0,0,1,0,0,0,0,0,0,0,0,0,0,0,0,1,0
3.82,20,0,0,1,0,0,0,0,0,0,1,0,0,0,0,0,0,0
141.65,7,3,0,0,0,0,0,0,1,0,0,0,1,0,0,0,0,0
110.84,1,0,0,0,0,0,0,0,1,0,0,0,0,0,0,0,1,1
28.95,7,4,0,1,0,0,0,0,0,0,0,0,0,0,0,1,0,0
21.14,14,6,1,0,1,0,0,0,0,0,0,0,0,0,0,1,0,0
697.03,1,0,0,0,1,0,0,0,0,0,1,0,0,0,0,0,0,1
30.44,6,6,1,1,0,0,0,0,0,0,0,0,0,0,0,0,1,0
2.26,9,3,0,1,0,0,0,0,0,0,1,0,0,0,0,0,0,0
19.43,7,4,0,0,0,1,0,0,0,0,0,0,1,0,0,0,0,0
21.76,15,4,0,1,0,0,0,0,0,1,0,0,0,0,0,0,0,0
10.06,13,5,1,0,0,0,0,0,1,1,0,0,0,0,0,0,0,0
11.57,23,5,1,1,0,0,0,0,0,0,0,0,0,0,0,1,0,0
3.93,22,2,0,1,0,0,0,0,0,0,1,0,0,0,0,0,0,0
710.99,3,3,0,0,0,1,0,0,0,1,0,0,0,0,0,0,0,1
1.87,8,6,1,0,0,0,0,0,1,0,1,0,0,0,0,0,0,0
5.56,8,0,0,1,0,0,0,0,0,0,1,0,0,0,0,0,0,0
9.63,9,4,0,0,1,0,0,0,0,0,0,0,0,0,0,0,1,0
6.38,8,5,1,0,0,0,0,1,0,0,0,0,0,0,0,0,1,0
898.33,1,5,1,0,0,0,0,0,1,0,0,1,0,0,0,0,0,1
31.56,20,4,0,0,0,0,1,0,0,0,0,0,0,0,0,1,0,0
252.5,7,2,0,1,0,0,0,0,0,0,0,0,0,0,1,0,0,0
36.03,6,6,1,1,0,0,0,0,0,0,0,0,0,0,1,0,0,0
1492.24,2,2,0,0,0,0,0,0,1,0,0,0,0,0,0,0,1,1
3.18,16,0,0,0,0,0,1,0,0,0,1,0,0,0,0,0,0,0
19.8,23,6,1,0,0,0,0,0,1,1,0,0,0,0,0,0,0,0
106.55,13,3,0,0,0,1,0,0,0,0,0,0,1,0,0,0,0,0
642.63,18,6,1,0,0,0,0,0,1,0,1,0,0,0,0,0,0,1
100.56,7,1,0,1,0,0,0,0,0,0,0,0,1,0,0,0,0,0
35.82,14,2,0,0,0,0,0,0,1,0,0,1,0,0,0,0,0,0
22.47,15,2,0,1,0,0,0,0,0,1,0,0,0,0,0,0,0,0
38.44,2,4,0,0,0,0,0,0,1,1,0,0,0,0,0,0,0,1
7.29,19,1,0,0,1,0,0,0,0,1,0,0,0,0,0,0,0,0
14.67,15,5,1,1,0,0,0,0,0,0,0,1,0,0,0,0,0,0
36.95,17,2,0,0,0,0,1,0,0,0,0,0,0,0,0,1,0,0
50.09,10,4,0,0,0,0,1,0,0,0,0,0,1,0,0,0,0,0
708.9,19,1,0,0,0,0,0,0,1,1,0,0,0,0,0,0,0,1
29.71,21,1,0,1,0,0,0,0,0,0,0,0,0,1,0,0,0,0
36.41,15,6,1,0,1,0,0,0,0,0,0,0,0,0,0,0,1,0
5.11,15,2,0,1,0,0,0,0,0,0,0,0,0,0,0,1,0,0
32.62,16,4,0,0,0,0,0,1,0,0,0,0,0,0,0,1,0,0
30.88,6,3,0,1,0,0,0,0,0,0,0,0,0,0,0,1,0,0
103.85,18,2,0,1,0,0,0,0,0,0,0,0,0,0,1,0,0,0
109.98,23,3,0,0,0,0,0,0,1,0,0,0,0,1,0,0,0,0
55.25,18,2,0,0,0,0,0,0,1,0,0,1,0,0,0,0,0,0
24.93,20,3,0,0,0,0,1,0,0,1,0,0,0,0,0,0,0,0
12.22,22,3,0,1,0,0,0,0,0,1,0,0,0,0,0,0,0,0
30.16,11,1,0,1,0,0,0,0,0,0,0,0,0,0,0,1,0,0
4.47,17,5,1,0,1,0,0,0,0,0,1,0,0,0,0,0,0,0
20.55,4,1,0,0,0,0,0,0,1,0,0,0,0,0,0,0,1,1
164.89,17,5,1,0,0,0,0,1,0,0,0,0,1,0,0,0,0,0
899.59,4,2,0,0,0,0,1,0,0,0,0,0,0,0,0,1,0,1
131.09,23,3,0,0,0,0,1,0,0,0,0,0,1,0,0,0,0,0
6.2,6,6,1,1,0,0,0,0,0,0,0,0,0,0,0,1,0,0
127.0,14,1,0,0,1,0,0,0,0,0,0,0,1,0,0,0,0,0
14.38,8,5,1,0,0,1,0,0,0,0,0,0,0,0,0,0,1,0
404.93,4,5,1,0,0,0,0,0,1,1,0,0,0,0,0,0,0,1
2.44,9,2,0,0,0,1,0,0,0,0,1,0,0,0,0,0,0,0
4.85,6,4,0,0,1,0,0,0,0,0,1,0,0,0,0,0,0,0
72.98,10,6,1,0,0,0,0,0,1,0,0,0,1,0,0,0,0,0
35.34,15,1,0,1,0,0,0,0,0,0,0,1,0,0,0,0,0,0
103.9,7,6,1,0,1,0,0,0,0,0,0,0,0,1,0,0,0,0
2.21,16,1,0,1,0,0,0,0,0,0,1,0,0,0,0,0,0,0
9.58,9,3,0,1,0,0,0,0,0,1,0,0,0,0,0,0,0,0
95.78,14,1,0,0,1,0,0,0,0,0,0,0,0,1,0,0,0,0
37.99,15,3,0,0,1,0,0,0,0,0,0,0,0,1,0,0,0,0
118.95,6,2,0,1,0,0,0,0,0,0,0,0,0,1,0,0,0,0
16.05,20,6,1,0,0,0,1,0,0,0,0,1,0,0,0,0,0,0
427.91,3,5,1,0,0,0,0,1,0,0,1,0,0,0,0,0,0,1
521.57,1,4,0,0,0,0,0,0,1,0,0,0,1,0,0,0,0,1
33.92,18,0,0,1,0,0,0,0,0,0,0,0,0,0,0,1,0,0
2.59,7,3,0,0,1,0,0,0,0,0,1,0,0,0,0,0,0,0
82.67,13,6,1,1,0,0,0,0,0,0,0,0,0,1,0,0,0,0
23.7,22,6,1,0,0,0,0,0,1,1,0,0,0,0,0,0,0,0
12.3,6,0,0,1,0,0,0,0,0,0,0,0,0,0,0,0,1,0
21.23,14,2,0,1,0,0,0,0,0,1,0,0,0,0,0,0,0,0
17.91,19,1,0,1,0,0,0,0,0,0,0,1,0,0,0,0,0,0
276.21,18,2,0,0,0,0,0,0,1,0,0,0,0,0,1,0,0,0
2.89,16,5,1,1,0,0,0,0,0,0,1,0,0,0,0,0,0,0
51.02,18,1,0,0,1,0,0,0,0,0,0,0,0,0,0,1,0,0
17.57,15,3,0,0,1,0,0,0,0,1,0,0,0,0,0,0,0,0
49.39,15,3,0,0,1,0,0,0,0,0,0,0,0,0,0,1,0,0
145.72,11,1,0,1,0,0,0,0,0,0,0,0,1,0,0,0,0,0
123.57,15,5,1,0,0,0,0,1,0,0,0,0,0,0,1,0,0,0
47.33,15,0,0,0,0,1,0,0,0,0,0,0,0,0,0,1,0,0
43.21,8,3,0,1,0,0,0,0,0,0,0,0,0,1,0,0,0,0
57.52,7,1,0,0,0,0,0,1,0,0,0,0,0,1,0,0,0,0
35.64,14,5,1,0,0,0,0,0,1,0,0,0,0,1,0,0,0,0
6.97,17,3,0,0,0,1,0,0,0,0,0,0,0,0,0,0,1,0
684.89,19,1,0,0,0,0,0,0,1,1,0,0,0,0,0,0,0,1
3.23,21,2,0,1,0,0,0,0,0,0,1,0,0,0,0,0,0,0
12.72,10,2,0,0,0,0,0,1,0,0,0,0,0,0,0,0,1,0
152.44,1,0,0,0,0,0,0,0,1,1,0,0,0,0,0,0,0,1
5.89,18,5,1,0,0,0,0,0,1,0,1,0,0,0,0,0,0,0
39.84,6,0,0,0,0,1,0,0,0,0,0,0,0,0,0,0,1,0
9.15,7,0,0,0,0,0,0,0,1,0,0,0,0,0,0,1,0,0
323.04,1,1,0,0,0,0,0,0,1,0,0,0,0,1,0,0,0,1
20.97,17,6,1,0,0,0,0,0,1,0,0,0,0,0,0,0,1,0
5.42,13,3,0,1,0,0,0,0,0,0,0,0,0,0,0,1,0,0
214.04,14,1,0,0,0,0,0,0,1,0,0,0,0,0,1,0,0,0
130.1,10,6,1,0,0,0,0,0,1,0,0,0,1,0,0,0,0,0
192.42,23,6,1,1,0,0,0,0,0,0,0,0,0,0,1,0,0,0
33.35,22,6,1,0,0,1,0,0,0,0,0,0,0,0,0,0,1,0
182.44,11,0,0,0,1,0,0,0,0,0,0,0,1,0,0,0,0,0
68.7,23,6,1,0,0,0,0,0,1,0,0,0,1,0,0,0,0,0
6.81,21,1,0,0,1,0,0,0,0,1,0,0,0,0,0,0,0,0
628.93,2,6,1,0,0,0,1,0,0,0,0,0,0,1,0,0,0,1
121.44,18,1,0,0,0,0,0,0,1,0,0,0,0,0,1,0,0,0
233.73,6,1,0,0,0,1,0,0,0,0,0,0,0,0,1,0,0,0
42.65,6,6,1,0,1,0,0,0,0,0,0,0,0,0,0,1,0,0
188.33,6,2,0,1,0,0,0,0,0,0,0,0,0,0,1,0,0,0
4.09,23,1,0,0,0,0,0,0,1,0,1,0,0,0,0,0,0,0
53.34,6,3,0,1,0,0,0,0,0,0,0,1,0,0,0,0,0,0
6.32,18,6,1,0,0,0,0,0,1,0,0,0,0,0,0,1,0,0
22.77,15,4,0,1,0,0,0,0,0,0,0,0,0,0,0,1,0,0
5.65,14,0,0,0,0,0,0,0,1,0,1,0,0,0,0,0,0,0
19.3,12,5,1,0,1,0,0,0,0,1,0,0,0,0,0,0,0,0
690.23,16,5,1,0,0,0,0,0,1,0,1,0,0,0,0,0,0,1
10.72,17,5,1,1,0,0,0,0,0,0,0,0,0,0,0,1,0,0
100.8,0,3,0,0,0,0,0,0,1,0,0,1,0,0,0,0,0,1
36.49,18,0,0,1,0,0,0,0,0,0,0,0,0,0,0,0,1,0
181.0,23,2,0,0,0,0,1,0,0,0,0,0,0,0,1,0,0,0
216.76,16,1,0,1,0,0,0,0,0,0,0,0,0,0,1,0,0,0
5.54,12,6,1,1,0,0,0,0,0,0,1,0,0,0,0,0,0,0
33.25,12,1,0,1,0,0,0,0,0,0,0,0,1,0,0,0,0,0
14.73,17,0,0,0,0,1,0,0,0,0,0,0,0,0,0,1,0,0
34.68,22,5,1,0,0,1,0,0,0,0,0,0,0,0,0,0,1,0
30.87,13,4,0,1,0,0,0,0,0,0,0,0,0,0,0,0,1,0
60.34,15,1,0,1,0,0,0,0,0,0,0,0,0,0,1,0,0,0
3.31,14,2,0,0,0,1,0,0,0,0,1,0,0,0,0,0,0,0
139.96,17,5,1,0,0,0,0,1,0,0,0,0,1,0,0,0,0,0
23.96,23,5,1,0,1,0,0,0,0,0,0,0,0,0,0,1,0,0
124.94,20,4,0,0,0,1,0,0,0,0,0,0,0,0,1,0,0,0
36.23,8,3,0,0,0,0,0,0,1,0,0,0,0,0,1,0,0,0
1090.59,12,1,0,1,0,0,0,0,0,0,0,0,0,0,0,1,0,1
2363.65,0,5,1,1,0,0,0,0,0,0,0,0,1,0,0,0,0,1
91.76,21,0,0,1,0,0,0,0,0,0,0,0,0,1,0,0,0,0
63.16,3,0,0,0,0,0,0,0,1,0,0,1,0,0,0,0,0,1
1.87,16,1,0,0,0,0,0,1,0,0,1,0,0,0,0,0,0,0
35.52,12,4,0,1,0,0,0,0,0,0,0,0,0,0,0,1,0,0
23.1,15,3,0,1,0,0,0,0,0,0,0,1,0,0,0,0,0,0
64.57,23,2,0,0,0,0,0,0,1,0,0,0,0,0,1,0,0,0
90.67,21,0,0,0,1,0,0,0,0,0,0,0,1,0,0,0,0,0
184.61,7,3,0,0,1,0,0,0,0,0,0,0,1,0,0,0,0,0
105.26,6,0,0,0,1,0,0,0,0,0,0,0,0,0,1,0,0,0
21.08,10,2,0,1,0,0,0,0,0,1,0,0,0,0,0,0,0,0
28.29,22,2,0,1,0,0,0,0,0,0,0,0,0,0,0,1,0,0
5.98,16,0,0,0,1,0,0,0,0,0,0,0,0,0,0,1,0,0
41.66,23,4,0,0,0,0,0,0,1,0,0,0,0,1,0,0,0,0
13.87,2,2,0,0,0,0,0,0,1,0,1,0,0,0,0,0,0,1
1074.61,13,1,0,0,0,0,0,0,1,0,0,1,0,0,0,0,0,1
97.83,17,3,0,0,0,0,0,0,1,0,0,0,0,1,0,0,0,0
36.83,11,2,0,0,0,1,0,0,0,0,0,0,0,0,0,1,0,0
58.06,11,1,0,0,0,0,0,0,1,0,0,0,0,1,0,0,0,0
146.31,17,4,0,1,0,0,0,0,0,0,0,0,1,0,0,0,0,0
22.61,20,6,1,1,0,0,0,0,0,0,0,0,0,0,0,0,1,0
1898.65,22,0,0,0,0,0,0,0,1,0,0,0,0,0,1,0,0,1
59.46,14,0,0,0,1,0,0,0,0,0,0,0,1,0,0,0,0,0
14.89,22,4,0,0,1,0,0,0,0,1,0,0,0,0,0,0,0,0
78.65,13,3,0,0,0,0,0,0,1,0,0,1,0,0,0,0,0,0
39.02,9,4,0,1,0,0,0,0,0,0,0,0,0,0,0,0,1,0
25.95,10,0,0,0,1,0,0,0,0,0,0,0,0,0,0,0,1,0
33.55,23,5,1,1,0,0,0,0,0,0,0,1,0,0,0,0,0,0
36.83,23,2,0,1,0,0,0,0,0,0,0,0,0,0,0,1,0,0
25.62,12,0,0,1,0,0,0,0,0,0,0,0,1,0,0,0,0,0
22.58,19,0,0,0,1,0,0,0,0,1,0,0,0,0,0,0,0,0
12.32,13,1,0,0,0,0,1,0,0,1,0,0,0,0,0,0,0,0
192.11,10,0,0,0,0,0,1,0,0,0,0,0,1,0,0,0,0,0
1295.76,1,4,0,0,0,0,0,0,1,0,0,0,1,0,0,0,0,1
65.38,17,3,0,0,1,0,0,0,0,0,0,1,0,0,0,0,0,0
66.8,20,0,0,1,0,0,0,0,0,0,0,1,0,0,0,0,0,0
25.9,17,3,0,0,0,1,0,0,0,0,0,0,0,1,0,0,0,0
30.73,16,3,0,1,0,0,0,0,0,1,0,0,0,0,0,0,0,0
25.99,12,5,1,1,0,0,0,0,0,0,0,0,0,0,0,0,1,0
45.85,7,0,0,0,0,1,0,0,0,0,0,1,0,0,0,0,0,0
947.34,3,0,0,0,0,0,0,0,1,0,0,1,0,0,0,0,0,1
19.78,8,5,1,0,0,0,0,0,1,0,0,0,0,0,0,0,1,0
8.12,23,0,0,0,0,1,0,0,0,0,0,0,0,0,0,0,1,0
98.21,22,4,0,0,0,0,0,0,1,0,0,0,0,1,0,0,0,0
31.72,11,4,0,1,0,0,0,0,0,0,0,0,0,0,0,1,0,0
2.23,19,5,1,0,0,0,0,0,1,0,1,0,0,0,0,0,0,0
67.27,17,3,0,1,0,0,0,0,0,0,0,0,0,1,0,0,0,0
27.04,11,6,1,0,1,0,0,0,0,0,0,0,0,0,0,0,1,0
65.05,20,5,1,0,1,0,0,0,0,0,0,0,0,1,0,0,0,0
25.36,10,6,1,1,0,0,0,0,0,0,0,0,0,0,0,0,1,0
27.17,18,0,0,0,1,0,0,0,0,1,0,0,0,0,0,0,0,0
1230.65,1,2,0,1,0,0,0,0,0,0,0,0,0,0,0,0,1,1
5.22,7,0,0,1,0,0,0,0,0,0,1,0,0,0,0,0,0,0
4.1,10,5,1,1,0,0,0,0,0,0,1,0,0,0,0,0,0,0
257.8,3,3,0,0,0,0,0,0,1,0,0,0,0,1,0,0,0,1
14.47,11,1,0,0,0,0,0,1,0,0,0,0,0,0,0,1,0,0
3.22,16,4,0,1,0,0,0,0,0,0,1,0,0,0,0,0,0,0
1.58,18,2,0,0,1,0,0,0,0,0,1,0,0,0,0,0,0,0
28.45,16,0,0,0,1,0,0,0,0,0,0,0,0,1,0,0,0,0
44.1,23,4,0,0,1,0,0,0,0,0,0,0,0,1,0,0,0,0
22.51,22,6,1,0,0,0,1,0,0,1,0,0,0,0,0,0,0,0
52.74,19,2,0,0,0,1,0,0,0,0,0,0,0,0,1,0,0,0
20.25,19,6,1,1,0,0,0,0,0,0,0,0,0,0,0,1,0,0
190.9,22,4,0,0,0,1,0,0,0,0,0,0,0,0,1,0,0,0
408.66,1,0,0,0,0,0,0,0,1,0,0,0,0,1,0,0,0,1
23.49,23,0,0,0,0,0,0,0,1,0,0,0,0,0,0,0,1,0
21.71,23,0,0,0,0,0,1,0,0,0,0,0,0,1,0,0,0,0
44.7,10,6,1,0,1,0,0,0,0,0,0,0,0,0,0,1,0,0
8.44,20,2,0,0,0,0,0,0,1,1,0,0,0,0,0,0,0,0
18.47,8,6,1,1,0,0,0,0,0,0,0,1,0,0,0,0,0,0
830.21,17,1,0,0,1,0,0,0,0,0,0,1,0,0,0,0,0,1
2319.15,4,5,1,0,0,0,0,1,0,0,0,0,0,0,1,0,0,1
23.6,23,5,1,1,0,0,0,0,0,0,0,0,0,0,0,0,1,0
51.19,7,0,0,0,0,0,0,0,1,0,0,0,0,0,0,1,0,0
16.42,14,4,0,0,0,0,0,0,1,1,0,0,0,0,0,0,0,0
35.89,9,6,1,0,1,0,0,0,0,0,0,0,0,0,0,0,1,0
817.74,3,3,0,0,0,0,0,0,1,0,0,0,0,0,0,1,0,1
84.72,15,2,0,1,0,0,0,0,0,0,0,0,1,0,0,0,0,0
1679.46,3,1,0,0,1,0,0,0,0,0,0,0,0,0,0,1,0,1
61.58,13,5,1,1,0,0,0,0,0,0,0,0,0,1,0,0,0,0
439.5,4,5,1,0,0,0,0,0,1,0,0,0,0,0,1,0,0,1
1217.26,2,2,0,0,0,0,0,0,1,0,0,0,0,0,0,0,1,1
84.27,0,0,0,0,0,0,0,0,1,0,0,0,0,0,0,1,0,1
95.64,3,1,0,0,0,0,0,0,1,0,0,0,1,0,0,0,0,1
10.07,8,5,1,0,0,0,0,0,1,1,0,0,0,0,0,0,0,0
60.9,23,2,0,0,1,0,0,0,0,0,0,1,0,0,0,0,0,0
123.46,9,0,0,1,0,0,0,0,0,0,0,0,1,0,0,0,0,0
295.15,13,3,0,0,0,0,0,0,1,0,0,0,0,0,1,0,0,0
62.46,10,3,0,1,0,0,0,0,0,0,0,0,0,0,1,0,0,0
2.77,23,2,0,1,0,0,0,0,0,0,1,0,0,0,0,0,0,0
718.14,0,6,1,0,0,0,0,0,1,0,0,0,0,0,0,0,1,1
4.76,11,1,0,0,1,0,0,0,0,0,1,0,0,0,0,0,0,0
14.42,7,0,0,0,1,0,0,0,0,1,0,0,0,0,0,0,0,0
75.71,7,3,0,0,0,1,0,0,0,0,0,0,0,1,0,0,0,0
23.31,20,4,0,0,0,0,1,0,0,1,0,0,0,0,0,0,0,0
133.23,17,6,1,1,0,0,0,0,0,0,0,0,1,0,0,0,0,0
4987.99,1,3,0,0,0,0,0,0,1,0,0,0,0,0,1,0,0,1
44.78,16,3,0,1,0,0,0,0,0,0,0,0,0,0,0,1,0,0
272.56,19,0,0,1,0,0,0,0,0,0,0,0,0,0,1,0,0,0
6.83,18,6,1,0,1,0,0,0,0,0,0,0,0,0,0,1,0,0
5.58,4,0,0,0,0,0,0,0,1,0,1,0,0,0,0,0,0,1
55.52,20,5,1,0,0,0,0,0,1,0,0,0,0,0,0,1,0,0
4.9,20,0,0,1,0,0,0,0,0,0,1,0,0,0,0,0,0,0
163.95,1,4,0,0,0,0,0,0,1,0,0,0,0,0,0,1,0,1
15.41,21,4,0,1,0,0,0,0,0,0,0,0,0,0,0,0,1,0
14.85,4,6,1,0,0,0,0,0,1,0,1,0,0,0,0,0,0,1
10.35,21,2,0,0,1,0,0,0,0,0,0,0,0,0,0,0,1,0
38.24,21,3,0,1,0,0,0,0,0,0,0,0,0,0,0,1,0,0
194.45,16,6,1,0,0,1,0,0,0,0,0,0,0,0,1,0,0,0
824.49,3,0,0,0,0,0,0,0,1,0,0,0,0,0,0,1,0,1
3.96,18,5,1,1,0,0,0,0,0,0,1,0,0,0,0,0,0,0
28.09,23,4,0,0,0,0,0,1,0,0,0,0,0,0,0,0,1,0
19.04,13,0,0,0,1,0,0,0,0,0,0,1,0,0,0,0,0,0
60.39,7,6,1,0,1,0,0,0,0,0,0,0,0,1,0,0,0,0
68.72,12,0,0,1,0,0,0,0,0,0,0,1,0,0,0,0,0,0
187.53,8,0,0,0,0,0,0,0,1,0,0,0,0,0,1,0,0,0
16.01,22,0,0,1,0,0,0,0,0,0,0,0,0,0,0,1,0,0
21.22,18,4,0,1,0,0,0,0,0,0,0,0,0,1,0,0,0,0
22.35,8,5,1,1,0,0,0,0,0,0,0,0,0,0,0,0,1,0
25.61,21,4,0,1,0,0,0,0,0,0,0,1,0,0,0,0,0,0
27.54,19,4,0,1,0,0,0,0,0,0,0,1,0,0,0,0,0,0
39.32,23,0,0,0,1,0,0,0,0,0,0,0,0,0,0,0,1,0
7.4,22,4,0,0,0,0,0,0,1,0,0,0,0,0,0,1,0,0
2.64,12,4,0,0,1,0,0,0,0,0,1,0,0,0,0,0,0,0
13.11,11,6,1,0,0,1,0,0,0,0,0,0,0,0,0,0,1,0
31.49,19,2,0,1,0,0,0,0,0,0,0,0,0,1,0,0,0,0
5.41,22,2,0,0,1,0,0,0,0,0,1,0,0,0,0,0,0,0
163.64,18,3,0,0,1,0,0,0,0,0,0,0,1,0,0,0,0,0
135.61,7,1,0,1,0,0,0,0,0,0,0,0,0,0,1,0,0,0
27.63,13,5,1,0,0,0,0,0,1,1,0,0,0,0,0,0,0,0
21.17,6,5,1,0,1,0,0,0,0,1,0,0,0,0,0,0,0,0
57.15,22,4,0,0,0,0,0,0,1,0,0,1,0,0,0,0,0,0
67.93,7,4,0,0,0,1,0,0,0,0,0,0,1,0,0,0,0,0
21.71,18,2,0,1,0,0,0,0,0,0,0,0,0,0,0,0,1,0
22.49,12,3,0,0,0,0,1,0,0,1,0,0,0,0,0,0,0,0
183.2,21,3,0,0,0,0,0,0,1,0,0,0,0,0,1,0,0,0
3804.57,1,4,0,0,1,0,0,0,0,0,0,0,0,0,1,0,0,1
23.45,9,6,1,1,0,0,0,0,0,0,0,1,0,0,0,0,0,0
1835.85,3,4,0,0,0,0,0,0,1,0,0,0,1,0,0,0,0,1
26.26,19,4,0,0,0,0,0,0,1,1,0,0,0,0,0,0,0,0
103.1,7,0,0,0,1,0,0,0,0,0,0,0,0,0,1,0,0,0
5.63,6,6,1,1,0,0,0,0,0,0,0,0,0,0,0,0,1,0
33.33,21,6,1,0,1,0,0,0,0,0,0,0,0,0,0,1,0,0
6.77,8,5,1,0,0,0,0,1,0,0,0,0,0,0,0,1,0,0
94.99,22,5,1,1,0,0,0,0,0,0,0,0,0,1,0,0,0,0
16.2,19,5,1,0,0,0,0,0,1,0,0,0,0,0,0,0,1,0
250.53,10,3,0,1,0,0,0,0,0,0,0,0,0,0,1,0,0,0
23.36,10,2,0,1,0,0,0,0,0,0,0,0,0,0,0,1,0,0
10.77,23,2,0,1,0,0,0,0,0,1,0,0,0,0,0,0,0,0
14.27,7,6,1,1,0,0,0,0,0,1,0,0,0,0,0,0,0,0
19.22,11,4,0,0,0,0,0,0,1,1,0,0,0,0,0,0,0,0
7.3,23,3,0,1,0,0,0,0,0,0,0,0,0,0,0,1,0,0
23.83,9,3,0,0,1,0,0,0,0,0,0,0,0,1,0,0,0,0
82.04,0,1,0,0,0,0,0,0,1,0,0,0,0,0,1,0,0,1
67.4,23,4,0,0,0,0,0,0,1,0,0,0,0,1,0,0,0,0
28.21,12,0,0,0,0,1,0,0,0,1,0,0,0,0,0,0,0,0
633.87,9,4,0,0,0,0,0,0,1,1,0,0,0,0,0,0,0,1
12.65,23,2,0,0,1,0,0,0,0,0,0,0,0,0,0,0,1,0
3.03,15,0,0,0,0,1,0,0,0,0,1,0,0,0,0,0,0,0
58.15,23,2,0,1,0,0,0,0,0,0,0,1,0,0,0,0,0,0
190.51,15,3,0,0,0,0,0,1,0,0,0,0,0,0,1,0,0,0
63.08,10,1,0,0,0,0,1,0,0,0,0,0,0,1,0,0,0,0
12.94,21,5,1,0,1,0,0,0,0,0,0,0,0,0,0,1,0,0
21.71,9,2,0,1,0,0,0,0,0,0,0,0,0,0,0,0,1,0
977.33,10,1,0,0,0,0,0,0,1,0,0,0,0,1,0,0,0,1
23.94,6,4,0,0,0,0,0,0,1,1,0,0,0,0,0,0,0,0
156.81,17,2,0,0,0,0,0,0,1,0,0,0,0,0,1,0,0,0
1174.82,3,1,0,0,0,0,1,0,0,0,0,1,0,0,0,0,0,1
893.21,3,0,0,1,0,0,0,0,0,0,0,0,0,0,0,1,0,1
36.51,23,3,0,1,0,0,0,0,0,0,0,0,0,0,0,0,1,0
1595.92,1,6,1,1,0,0,0,0,0,0,0,0,0,0,0,0,1,1
91.01,10,0,0,0,0,0,0,1,0,0,0,0,0,1,0,0,0,0
18.22,8,5,1,0,0,0,0,1,0,1,0,0,0,0,0,0,0,0
73.13,7,2,0,1,0,0,0,0,0,0,0,0,0,0,1,0,0,0
79.98,9,5,1,0,1,0,0,0,0,0,0,1,0,0,0,0,0,0
135.54,8,6,1,1,0,0,0,0,0,0,0,0,1,0,0,0,0,0
14.05,9,5,1,0,0,1,0,0,0,0,0,0,0,0,0,0,1,0
53.62,23,0,0,1,0,0,0,0,0,0,0,0,0,1,0,0,0,0
4.7,9,0,0,1,0,0,0,0,0,0,1,0,0,0,0,0,0,0
110.81,17,5,1,0,1,0,0,0,0,0,0,0,1,0,0,0,0,0
242.88,14,1,0,0,0,0,0,0,1,0,0,0,0,0,1,0,0,0
24.12,13,2,0,1,0,0,0,0,0,0,0,0,0,0,0,0,1,0
59.86,22,2,0,0,0,0,1,0,0,0,0,0,0,0,0,1,0,0
668.87,4,3,0,0,0,0,1,0,0,1,0,0,0,0,0,0,0,1
125.94,18,1,0,0,0,1,0,0,0,0,0,0,1,0,0,0,0,0
25.21,13,4,0,0,1,0,0,0,0,0,0,0,0,1,0,0,0,0
5.17,15,5,1,1,0,0,0,0,0,0,1,0,0,0,0,0,0,0
119.82,6,2,0,0,0,0,0,0,1,0,0,0,1,0,0,0,0,0
19.94,23,4,0,1,0,0,0,0,0,0,0,0,0,0,0,0,1,0
2.81,23,3,0,0,0,0,0,0,1,0,1,0,0,0,0,0,0,0
37.98,11,1,0,1,0,0,0,0,0,0,0,0,0,0,0,0,1,0
94.15,10,1,0,0,1,0,0,0,0,0,0,0,1,0,0,0,0,0
3.33,11,2,0,0,1,0,0,0,0,0,1,0,0,0,0,0,0,0
30.0,7,3,0,1,0,0,0,0,0,0,0,0,0,1,0,0,0,0
5.79,23,6,1,1,0,0,0,0,0,1,0,0,0,0,0,0,0,0
4.78,8,2,0,1,0,0,0,0,0,0,1,0,0,0,0,0,0,0
45.4,10,1,0,1,0,0,0,0,0,0,0,0,0,0,0,1,0,0
184.59,23,5,1,0,0,0,0,0,1,0,0,0,1,0,0,0,0,0
83.59,23,5,1,0,0,0,1,0,0,0,0,0,0,1,0,0,0,0
222.51,17,1,0,0,1,0,0,0,0,0,0,0,0,0,1,0,0,0
4091.67,1,0,0,0,0,0,0,1,0,0,0,0,0,0,1,0,0,1
54.81,14,4,0,1,0,0,0,0,0,0,0,0,0,1,0,0,0,0
26.82,21,2,0,1,0,0,0,0,0,0,0,0,1,0,0,0,0,0
86.76,10,2,0,1,0,0,0,0,0,0,0,0,1,0,0,0,0,0
47.97,20,4,0,0,0,0,0,0,1,0,0,0,0,1,0,0,0,0
34.29,23,2,0,0,0,0,0,0,1,0,0,0,0,0,0,0,1,0
5.06,14,4,0,1,0,0,0,0,0,0,0,0,0,0,0,1,0,0
118.52,8,0,0,0,1,0,0,0,0,0,0,0,0,1,0,0,0,0
39.94,9,2,0,1,0,0,0,0,0,0,0,0,0,1,0,0,0,0
48.3,7,1,0,0,0,1,0,0,0,0,0,1,0,0,0,0,0,0
13.23,8,5,1,0,1,0,0,0,0,0,0,0,0,0,0,0,1,0
36.04,9,1,0,0,1,0,0,0,0,0,0,0,0,0,0,0,1,0
203.86,9,3,0,0,1,0,0,0,0,0,0,0,0,0,1,0,0,0
4.32,15,5,1,0,1,0,0,0,0,0,1,0,0,0,0,0,0,0
50.9,14,0,0,1,0,0,0,0,0,0,0,0,1,0,0,0,0,0
3.18,8,2,0,1,0,0,0,0,0,0,1,0,0,0,0,0,0,0
151.79,6,4,0,1,0,0,0,0,0,0,0,0,0,0,1,0,0,0
32.74,23,3,0,1,0,0,0,0,0,0,0,0,0,0,0,1,0,0
72.71,7,5,1,0,1,0,0,0,0,0,0,0,1,0,0,0,0,0
61.06,17,6,1,0,0,0,0,0,1,0,0,0,1,0,0,0,0,0
802.99,20,2,0,0,1,0,0,0,0,0,0,0,0,0,0,0,1,1
5.96,16,0,0,1,0,0,0,0,0,0,1,0,0,0,0,0,0,0
53.33,18,4,0,1,0,0,0,0,0,0,0,0,0,0,0,1,0,0
165.81,4,3,0,0,0,0,0,0,1,0,0,1,0,0,0,0,0,1
5.62,13,2,0,0,0,1,0,0,0,0,1,0,0,0,0,0,0,0
152.43,21,3,0,1,0,0,0,0,0,0,0,0,1,0,0,0,0,0
2089.39,2,1,0,0,0,0,1,0,0,0,0,0,1,0,0,0,0,1
28.54,21,5,1,0,0,1,0,0,0,0,0,0,0,1,0,0,0,0
9.27,18,5,1,0,0,0,0,0,1,1,0,0,0,0,0,0,0,0
19.94,23,4,0,0,0,1,0,0,0,1,0,0,0,0,0,0,0,0
60.01,2,0,0,0,0,0,0,0,1,1,0,0,0,0,0,0,0,1
2.37,15,6,1,1,0,0,0,0,0,0,1,0,0,0,0,0,0,0
1667.95,2,3,0,0,0,0,0,1,0,0,0,0,0,0,0,1,0,1
262.0,15,0,0,0,0,0,0,0,1,0,0,0,0,0,1,0,0,0
40.57,7,2,0,1,0,0,0,0,0,0,0,1,0,0,0,0,0,0
1149.72,12,0,0,0,0,0,0,0,1,0,0,0,0,0,0,1,0,1
42.7,17,1,0,0,0,0,0,0,1,0,0,0,0,0,1,0,0,0
16.09,23,5,1,0,0,0,0,1,0,1,0,0,0,0,0,0,0,0
67.48,11,6,1,1,0,0,0,0,0,0,0,0,1,0,0,0,0,0
33.99,22,5,1,0,0,1,0,0,0,0,0,0,0,0,0,1,0,0
24.77,8,4,0,0,0,0,0,0,1,0,0,0,0,0,0,1,0,0
4.14,14,5,1,1,0,0,0,0,0,0,1,0,0,0,0,0,0,0
44.21,13,1,0,0,0,0,0,0,1,0,0,0,0,0,0,1,0,0
41.49,22,5,1,1,0,0,0,0,0,0,0,0,1,0,0,0,0,0
24.74,18,5,1,0,0,0,0,0,1,0,0,0,0,0,0,1,0,0
851.32,3,6,1,0,0,0,0,0,1,0,0,0,0,0,0,0,1,1
77.31,11,2,0,0,0,0,0,1,0,0,0,0,0,1,0,0,0,0
38.94,8,2,0,0,1,0,0,0,0,0,0,0,1,0,0,0,0,0
5.28,16,1,0,0,0,0,0,0,1,0,1,0,0,0,0,0,0,0
102.2,21,1,0,0,1,0,0,0,0,0,0,0,0,1,0,0,0,0
7.74,17,5,1,0,0,1,0,0,0,1,0,0,0,0,0,0,0,0
289.3,13,4,0,0,1,0,0,0,0,0,0,0,0,0,1,0,0,0
25.81,17,2,0,0,1,0,0,0,0,0,0,0,0,0,0,0,1,0
42.73,19,5,1,0,1,0,0,0,0,0,0,0,0,0,0,1,0,0
114.8,9,4,0,0,0,0,0,0,1,0,0,0,0,1,0,0,0,0
9.49,6,3,0,1,0,0,0,0,0,0,0,0,0,0,0,1,0,0
34.91,14,5,1,0,1,0,0,0,0,0,0,0,0,1,0,0,0,0
32.15,19,3,0,0,0,0,0,0,1,1,0,0,0,0,0,0,0,0
18.74,20,0,0,0,0,1,0,0,0,0,0,0,0,0,0,1,0,0
759.13,4,6,1,0,0,0,0,0,1,0,0,0,0,0,1,0,0,1
210.96,14,5,1,0,0,0,0,0,1,0,0,0,0,0,1,0,0,0
136.78,16,4,0,0,0,1,0,0,0,0,0,0,0,0,1,0,0,0
14.28,11,4,0,0,0,0,0,0,1,0,0,0,0,0,0,1,0,0
35.63,20,0,0,0,1,0,0,0,0,0,0,0,0,0,0,1,0,0
229.85,7,0,0,0,0,1,0,0,0,0,0,0,0,0,1,0,0,0
570.5,0,6,1,0,0,0,0,0,1,0,0,1,0,0,0,0,0,1
68.37,14,3,0,1,0,0,0,0,0,0,0,0,0,1,0,0,0,0
646.5,10,6,1,0,0,0,0,1,0,0,1,0,0,0,0,0,0,1
32.61,10,6,1,0,0,0,0,0,1,0,0,0,0,0,0,1,0,0
70.5,22,5,1,0,0,0,0,0,1,0,0,1,0,0,0,0,0,0
53.03,9,2,0,0,1,0,0,0,0,0,0,0,0,1,0,0,0,0
36.08,18,2,0,1,0,0,0,0,0,0,0,0,0,0,0,0,1,0
4.59,12,2,0,0,0,0,0,0,1,0,1,0,0,0,0,0,0,0
5.99,23,2,0,0,1,0,0,0,0,0,1,0,0,0,0,0,0,0
152.9,13,1,0,0,0,0,0,0,1,0,0,0,0,0,1,0,0,0
159.36,13,0,0,1,0,0,0,0,0,0,0,0,1,0,0,0,0,0
50.62,2,2,0,0,0,0,0,0,1,1,0,0,0,0,0,0,0,1
19.79,22,4,0,0,0,0,0,0,1,0,0,1,0,0,0,0,0,0
9.63,13,3,0,0,1,0,0,0,0,1,0,0,0,0,0,0,0,0
682.44,21,1,0,0,0,0,0,0,1,0,1,0,0,0,0,0,0,1
75.79,19,4,0,0,0,0,0,0,1,0,0,1,0,0,0,0,0,0
28.46,10,1,0,0,0,0,0,0,1,0,0,0,1,0,0,0,0,0
3.83,14,5,1,0,0,0,0,0,1,0,1,0,0,0,0,0,0,0
279.29,16,4,0,0,1,0,0,0,0,0,0,0,0,0,1,0,0,0
67.02,6,0,0,1,0,0,0,0,0,0,0,0,0,1,0,0,0,0
1397.07,0,2,0,0,0,0,0,0,1,0,0,0,0,0,0,0,1,1
5.41,19,6,1,1,0,0,0,0,0,0,0,0,0,0,0,0,1,0
27.47,23,3,0,0,0,0,0,0,1,0,0,0,0,0,0,1,0,0
39.83,14,6,1,0,0,0,0,0,1,0,0,1,0,0,0,0,0,0
46.77,21,1,0,1,0,0,0,0,0,0,0,1,0,0,0,0,0,0
553.54,12,3,0,0,0,0,0,0,1,1,0,0,0,0,0,0,0,1
23.4,17,4,0,1,0,0,0,0,0,1,0,0,0,0,0,0,0,0
6.39,12,1,0,0,0,0,0,0,1,0,0,0,0,0,0,1,0,0
584.18,10,6,1,0,0,0,0,0,1,1,0,0,0,0,0,0,0,1
65.11,15,0,0,0,0,0,0,0,1,0,0,0,0,1,0,0,0,0
274.88,21,3,0,0,1,0,0,0,0,0,0,0,0,0,1,0,0,0
150.07,16,4,0,0,0,0,0,0,1,0,0,0,1,0,0,0,0,0
61.33,14,4,0,0,1,0,0,0,0,0,0,1,0,0,0,0,0,0
2.98,21,1,0,0,1,0,0,0,0,0,1,0,0,0,0,0,0,0
176.77,9,1,0,0,0,1,0,0,0,0,0,0,1,0,0,0,0,0
105.78,7,0,0,1,0,0,0,0,0,0,0,0,1,0,0,0,0,0
15.98,21,3,0,0,0,0,0,0,1,0,0,0,0,0,0,0,1,0
163.8,13,0,0,1,0,0,0,0,0,0,0,0,1,0,0,0,0,0
20.39,12,5,1,1,0,0,0,0,0,1,0,0,0,0,0,0,0,0
2.84,9,1,0,0,0,1,0,0,0,0,1,0,0,0,0,0,0,0
36.83,19,3,0,1,0,0,0,0,0,0,0,1,0,0,0,0,0,0
72.03,0,5,1,0,0,0,0,0,1,0,0,0,0,1,0,0,0,1
255.95,14,3,0,0,1,0,0,0,0,0,0,0,0,0,1,0,0,0
208.48,16,3,0,0,1,0,0,0,0,0,0,0,0,0,1,0,0,0
619.29,11,0,0,0,0,0,0,0,1,0,1,0,0,0,0,0,0,1
51.16,23,5,1,1,0,0,0,0,0,0,0,1,0,0,0,0,0,0
22.94,13,4,0,1,0,0,0,0,0,0,0,0,0,0,0,1,0,0
37.26,22,6,1,0,1,0,0,0,0,0,0,0,0,0,0,0,1,0
15.0,12,3,0,0,0,0,0,0,1,0,0,0,0,0,0,1,0,0
67.98,7,5,1,0,0,0,1,0,0,0,0,0,0,1,0,0,0,0
66.14,21,3,0,0,0,1,0,0,0,0,0,1,0,0,0,0,0,0
61.39,14,5,1,1,0,0,0,0,0,0,0,0,0,1,0,0,0,0
1175.21,17,5,1,0,0,1,0,0,0,0,0,1,0,0,0,0,0,1
28.99,8,1,0,0,0,0,0,0,1,0,0,0,0,0,0,1,0,0
179.59,1,0,0,0,0,0,0,0,1,0,0,0,0,0,0,0,1,1
18.25,9,0,0,0,1,0,0,0,0,0,0,0,0,0,0,1,0,0
57.25,6,2,0,0,0,0,0,0,1,0,0,0,0,0,1,0,0,0
192.7,14,1,0,1,0,0,0,0,0,0,0,0,1,0,0,0,0,0
218.99,15,6,1,1,0,0,0,0,0,0,0,0,0,0,1,0,0,0
80.51,6,3,0,0,1,0,0,0,0,0,0,0,0,0,1,0,0,0
167.6,9,0,0,0,0,0,0,0,1,0,0,0,1,0,0,0,0,0
71.97,23,5,1,0,0,1,0,0,0,0,0,0,0,1,0,0,0,0
171.82,12,5,1,0,0,1,0,0,0,0,0,0,1,0,0,0,0,0
27.23,19,6,1,0,0,0,0,1,0,1,0,0,0,0,0,0,0,0
99.59,20,4,0,1,0,0,0,0,0,0,0,0,0,1,0,0,0,0
20.0,16,5,1,0,0,1,0,0,0,1,0,0,0,0,0,0,0,0
43.2,10,6,1,1,0,0,0,0,0,0,0,0,0,0,0,1,0,0
22.19,9,1,0,1,0,0,0,0,0,0,0,0,0,0,0,0,1,0
120.66,9,4,0,1,0,0,0,0,0,0,0,0,1,0,0,0,0,0
46.92,10,2,0,0,0,0,0,0,1,0,0,1,0,0,0,0,0,0
5.87,18,6,1,1,0,0,0,0,0,0,1,0,0,0,0,0,0,0
24.74,23,4,0,0,0,0,0,0,1,0,0,0,0,0,0,1,0,0
76.66,23,4,0,1,0,0,0,0,0,0,0,1,0,0,0,0,0,0
38.65,9,2,0,0,0,1,0,0,0,0,0,0,0,0,1,0,0,0
1014.8,15,1,0,0,0,0,0,0,1,0,0,0,0,1,0,0,0,1
2.84,20,6,1,1,0,0,0,0,0,0,1,0,0,0,0,0,0,0
3.25,8,1,0,1,0,0,0,0,0,0,1,0,0,0,0,0,0,0
30.34,23,3,0,0,0,0,0,1,0,0,0,1,0,0,0,0,0,0
759.25,16,0,0,0,0,0,0,0,1,0,0,1,0,0,0,0,0,1
20.82,23,1,0,1,0,0,0,0,0,1,0,0,0,0,0,0,0,0
44.35,9,6,1,1,0,0,0,0,0,0,0,0,0,1,0,0,0,0
30.04,23,6,1,0,0,0,1,0,0,1,0,0,0,0,0,0,0,0
124.07,15,6,1,0,0,0,0,0,1,0,0,0,0,0,1,0,0,0
17.22,21,0,0,0,0,1,0,0,0,1,0,0,0,0,0,0,0,0
33.8,21,5,1,1,0,0,0,0,0,0,0,1,0,0,0,0,0,0
45.72,18,4,0,0,1,0,0,0,0,0,0,1,0,0,0,0,0,0
24.63,11,0,0,1,0,0,0,0,0,1,0,0,0,0,0,0,0,0
12.86,6,5,1,1,0,0,0,0,0,0,0,0,0,0,0,0,1,0
35.36,14,0,0,0,1,0,0,0,0,0,0,0,0,0,0,1,0,0
10.8,22,3,0,1,0,0,0,0,0,0,0,0,0,0,0,0,1,0
17.61,22,1,0,1,0,0,0,0,0,0,0,0,0,0,0,0,1,0
6.26,17,0,0,0,0,0,0,0,1,0,0,0,0,0,0,0,1,0
209.81,18,0,0,0,0,1,0,0,0,0,0,0,0,0,1,0,0,0
831.55,1,3,0,0,0,0,0,1,0,1,0,0,0,0,0,0,0,1
80.22,10,5,1,0,1,0,0,0,0,0,0,0,1,0,0,0,0,0
34.72,9,4,0,0,1,0,0,0,0,1,0,0,0,0,0,0,0,0
25.31,17,4,0,1,0,0,0,0,0,0,0,0,0,0,0,1,0,0
11.21,15,1,0,1,0,0,0,0,0,0,0,1,0,0,0,0,0,0
38.77,18,5,1,1,0,0,0,0,0,0,0,0,1,0,0,0,0,0
131.27,11,2,0,0,0,1,0,0,0,0,0,0,1,0,0,0,0,0
62.18,23,1,0,1,0,0,0,0,0,0,0,0,0,1,0,0,0,0
164.05,21,2,0,1,0,0,0,0,0,0,0,0,1,0,0,0,0,0
20.72,22,6,1,1,0,0,0,0,0,0,0,1,0,0,0,0,0,0
103.54,13,1,0,0,0,0,0,0,1,0,0,0,0,1,0,0,0,0
19.99,7,3,0,1,0,0,0,0,0,0,0,0,0,0,0,0,1,0
13.04,18,4,0,1,0,0,0,0,0,1,0,0,0,0,0,0,0,0
1013.6,17,0,0,0,0,1,0,0,0,0,0,0,0,1,0,0,0,1
144.14,6,6,1,0,0,0,1,0,0,0,0,0,1,0,0,0,0,0
26.78,19,6,1,0,1,0,0,0,0,0,0,0,0,0,0,1,0,0
58.97,12,3,0,1,0,0,0,0,0,0,0,0,0,1,0,0,0,0
173.61,17,5,1,0,1,0,0,0,0,0,0,0,1,0,0,0,0,0
23.23,15,2,0,1,0,0,0,0,0,0,0,1,0,0,0,0,0,0
14.79,13,0,0,0,0,0,1,0,0,0,0,0,0,0,0,1,0,0
20.04,0,5,1,0,0,0,0,0,1,0,1,0,0,0,0,0,0,1
2109.01,17,6,1,0,0,0,0,0,1,0,0,0,0,1,0,0,0,1
37.16,12,6,1,0,1,0,0,0,0,0,0,1,0,0,0,0,0,0
13.75,12,5,1,0,1,0,0,0,0,0,0,1,0,0,0,0,0,0
56.08,20,0,0,1,0,0,0,0,0,0,0,0,0,0,1,0,0,0
27.59,12,3,0,0,0,1,0,0,0,0,0,0,0,0,0,1,0,0
92.36,14,3,0,0,0,0,0,1,0,0,0,0,1,0,0,0,0,0
45.15,13,0,0,1,0,0,0,0,0,0,0,0,0,0,1,0,0,0
29.46,3,4,0,0,0,0,0,0,1,0,1,0,0,0,0,0,0,1
127.48,10,0,0,0,0,0,0,0,1,0,0,0,0,0,1,0,0,0
16.87,18,5,1,0,1,0,0,0,0,0,0,0,0,0,0,0,1,0
2936.34,14,0,0,0,0,0,0,0,1,0,0,0,1,0,0,0,0,1
40.84,19,1,0,1,0,0,0,0,0,0,0,0,0,0,0,1,0,0
30.51,12,4,0,0,0,0,0,0,1,1,0,0,0,0,0,0,0,0
37.17,11,2,0,0,0,0,1,0,0,0,0,0,0,0,0,1,0,0
190.52,7,5,1,1,0,0,0,0,0,0,0,0,1,0,0,0,0,0
47.26,14,3,0,1,0,0,0,0,0,0,0,0,1,0,0,0,0,0
22.99,7,1,0,1,0,0,0,0,0,1,0,0,0,0,0,0,0,0
208.3,19,4,0,0,0,0,0,0,1,0,0,0,0,0,1,0,0,0
26.35,7,2,0,0,0,1,0,0,0,0,0,0,0,0,0,0,1,0
205.19,14,2,0,1,0,0,0,0,0,0,0,0,0,0,1,0,0,0
127.58,11,4,0,1,0,0,0,0,0,0,0,0,0,0,1,0,0,0
194.15,22,6,1,0,0,1,0,0,0,0,0,0,1,0,0,0,0,0
5.45,9,4,0,1,0,0,0,0,0,0,1,0,0,0,0,0,0,0
3.7,9,1,0,0,1,0,0,0,0,0,1,0,0,0,0,0,0,0
15.03,21,3,0,0,1,0,0,0,0,0,0,0,0,0,0,0,1,0
34.74,9,1,0,0,1,0,0,0,0,0,0,0,0,0,0,0,1,0
11.18,7,3,0,1,0,0,0,0,0,0,0,0,0,0,0,0,1,0
16.03,16,0,0,1,0,0,0,0,0,0,0,0,0,0,0,1,0,0
30.54,21,3,0,0,1,0,0,0,0,1,0,0,0,0,0,0,0,0
172.2,4,0,0,0,0,0,0,0,1,0,0,0,0,0,0,0,1,1
28.62,23,4,0,0,0,0,0,1,0,1,0,0,0,0,0,0,0,0
4.06,16,6,1,0,0,0,0,0,1,0,1,0,0,0,0,0,0,0
14.51,6,6,1,1,0,0,0,0,0,0,0,0,0,0,0,1,0,0
62.84,11,5,1,0,0,0,0,0,1,0,0,1,0,0,0,0,0,0
35.97,7,3,0,0,0,0,0,0,1,0,0,1,0,0,0,0,0,0
1186.71,3,5,1,0,0,0,0,0,1,0,0,0,0,1,0,0,0,1
22.3,13,3,0,0,0,1,0,0,0,0,0,0,0,0,0,1,0,0
78.8,22,2,0,1,0,0,0,0,0,0,0,1,0,0,0,0,0,0
11.97,15,2,0,0,0,0,1,0,0,1,0,0,0,0,0,0,0,0
34.57,22,4,0,1,0,0,0,0,0,0,0,0,0,0,1,0,0,0
38.55,10,6,1,0,0,1,0,0,0,0,0,0,0,1,0,0,0,0
74.67,18,4,0,0,0,0,0,0,1,0,0,0,0,0,1,0,0,0
622.06,1,3,0,0,1,0,0,0,0,0,0,1,0,0,0,0,0,1
38.4,22,6,1,0,0,0,0,1,0,0,0,0,0,1,0,0,0,0
143.0,22,6,1,1,0,0,0,0,0,0,0,0,1,0,0,0,0,0
757.96,14,2,0,0,0,0,0,0,1,0,0,1,0,0,0,0,0,1
2.37,21,3,0,0,1,0,0,0,0,0,1,0,0,0,0,0,0,0
10.53,6,3,0,0,0,0,1,0,0,0,0,0,0,1,0,0,0,0
583.68,0,6,1,0,0,0,0,0,1,0,0,0,1,0,0,0,0,1
297.45,0,3,0,0,0,0,0,0,1,0,0,0,0,0,0,1,0,1
54.63,22,2,0,0,1,0,0,0,0,0,0,0,1,0,0,0,0,0
170.91,21,6,1,1,0,0,0,0,0,0,0,0,1,0,0,0,0,0
36.77,9,6,1,0,1,0,0,0,0,0,0,0,0,0,1,0,0,0
3.68,21,0,0,0,0,0,0,1,0,0,1,0,0,0,0,0,0,0
191.88,22,6,1,1,0,0,0,0,0,0,0,0,0,0,1,0,0,0
18.17,15,3,0,0,0,0,0,0,1,1,0,0,0,0,0,0,0,0
54.83,11,3,0,1,0,0,0,0,0,0,0,0,0,0,0,1,0,0
189.61,23,2,0,1,0,0,0,0,0,0,0,0,1,0,0,0,0,0
26.34,23,3,0,0,0,0,0,0,1,0,0,0,0,0,0,0,1,0
188.67,17,3,0,0,0,0,0,0,1,0,0,0,1,0,0,0,0,0
80.19,6,1,0,1,0,0,0,0,0,0,0,0,0,0,1,0,0,0
77.37,12,3,0,0,0,0,0,0,1,0,0,1,0,0,0,0,0,0
190.02,20,4,0,0,0,0,0,0,1,0,0,0,0,0,1,0,0,0
53.83,23,3,0,0,0,0,0,0,1,0,0,0,0,0,1,0,0,0
89.3,20,1,0,0,0,1,0,0,0,0,0,0,0,0,1,0,0,0
153.45,7,4,0,0,0,0,0,0,1,0,0,0,0,0,1,0,0,0
29.67,13,4,0,0,1,0,0,0,0,0,0,0,1,0,0,0,0,0
22.06,18,6,1,0,0,0,1,0,0,0,0,0,0,0,0,0,1,0
28.35,6,5,1,0,0,1,0,0,0,0,0,0,0,0,1,0,0,0
126.55,6,3,0,1,0,0,0,0,0,0,0,0,1,0,0,0,0,0
51.62,15,4,0,1,0,0,0,0,0,0,0,0,0,0,0,1,0,0
32.75,15,2,0,0,1,0,0,0,0,0,0,0,0,0,0,0,1,0
2.79,10,4,0,0,0,0,1,0,0,0,1,0,0,0,0,0,0,0
4.29,6,0,0,1,0,0,0,0,0,0,1,0,0,0,0,0,0,0
12.34,12,1,0,0,0,0,0,0,1,0,0,0,0,1,0,0,0,0
27.15,6,6,1,1,0,0,0,0,0,0,0,0,0,0,0,1,0,0
5.79,8,0,0,0,0,0,0,0,1,0,1,0,0,0,0,0,0,0
33.57,13,4,0,1,0,0,0,0,0,1,0,0,0,0,0,0,0,0
58.72,23,2,0,0,0,0,0,0,1,0,0,0,0,0,0,1,0,0
147.25,14,6,1,0,0,1,0,0,0,0,0,0,0,0,1,0,0,0
729.98,17,4,0,0,0,0,0,1,0,1,0,0,0,0,0,0,0,1
50.77,7,2,0,0,0,1,0,0,0,0,0,0,0,0,0,1,0,0
23.49,13,5,1,1,0,0,0,0,0,0,0,0,0,1,0,0,0,0
27.43,10,0,0,1,0,0,0,0,0,1,0,0,0,0,0,0,0,0
111.33,18,3,0,0,0,0,0,1,0,0,0,0,0,0,1,0,0,0
34.02,19,3,0,1,0,0,0,0,0,0,0,0,0,0,0,0,1,0
1478.53,4,0,0,1,0,0,0,0,0,0,0,0,0,0,0,1,0,1
3.97,8,4,0,0,1,0,0,0,0,0,1,0,0,0,0,0,0,0
18.05,21,6,1,0,1,0,0,0,0,0,0,0,0,0,0,1,0,0
42.45,20,4,0,0,0,0,1,0,0,0,0,1,0,0,0,0,0,0
103.26,0,0,0,0,0,0,0,0,1,0,0,0,0,0,0,0,1,1
26.65,7,5,1,0,1,0,0,0,0,0,0,0,0,0,0,1,0,0
350.81,1,3,0,0,0,0,0,0,1,0,0,1,0,0,0,0,0,1
102.98,21,4,0,0,0,0,0,0,1,0,0,0,0,1,0,0,0,0
22.05,13,4,0,1,0,0,0,0,0,1,0,0,0,0,0,0,0,0
66.67,15,5,1,1,0,0,0,0,0,0,0,0,1,0,0,0,0,0
33.6,23,3,0,0,0,0,0,0,1,0,0,0,0,0,0,0,1,0
67.58,9,2,0,1,0,0,0,0,0,0,0,0,0,1,0,0,0,0
10.44,23,0,0,0,0,0,0,0,1,0,0,0,0,0,0,0,1,0
206.5,7,4,0,0,0,0,0,0,1,0,0,0,0,0,1,0,0,0
97.72,23,6,1,0,0,0,0,0,1,0,0,0,0,1,0,0,0,0
172.46,19,1,0,1,0,0,0,0,0,0,0,0,0,0,1,0,0,0
114.11,22,1,0,0,1,0,0,0,0,0,0,0,1,0,0,0,0,0
36.75,10,1,0,1,0,0,0,0,0,0,0,0,0,0,0,0,1,0
94.11,12,3,0,0,1,0,0,0,0,0,0,0,1,0,0,0,0,0
601.26,8,0,0,0,0,0,0,0,1,1,0,0,0,0,0,0,0,1
78.12,20,1,0,1,0,0,0,0,0,0,0,0,0,1,0,0,0,0
30.1,23,3,0,0,1,0,0,0,0,0,0,0,0,0,0,0,1,0
110.57,14,6,1,1,0,0,0,0,0,0,0,0,1,0,0,0,0,0
256.08,9,1,0,1,0,0,0,0,0,0,0,0,0,0,1,0,0,0
18.89,14,6,1,1,0,0,0,0,0,0,0,0,0,0,0,0,1,0
20.45,19,5,1,0,0,0,0,1,0,0,0,0,0,0,0,0,1,0
941.69,0,0,0,0,0,0,0,0,1,0,0,0,0,1,0,0,0,1
2333.39,2,5,1,0,0,0,0,0,1,0,0,0,0,1,0,0,0,1
27.4,7,2,0,0,0,0,0,0,1,0,0,0,0,0,0,0,1,0
1192.43,1,1,0,0,0,0,0,1,0,0,0,1,0,0,0,0,0,1
110.97,12,5,1,0,1,0,0,0,0,0,0,0,1,0,0,0,0,0
289.0,23,5,1,0,0,1,0,0,0,0,0,0,0,0,1,0,0,0
247.77,14,3,0,1,0,0,0,0,0,0,0,0,0,0,1,0,0,0
75.72,3,0,0,0,0,0,0,0,1,0,0,0,0,0,0,1,0,1
34.72,23,0,0,0,1,0,0,0,0,0,0,0,1,0,0,0,0,0
196.05,10,5,1,0,0,0,0,0,1,0,0,0,1,0,0,0,0,0
71.39,6,6,1,0,0,0,0,0,1,0,0,0,0,0,1,0,0,0
5.49,23,0,0,0,1,0,0,0,0,0,1,0,0,0,0,0,0,0
3.85,8,0,0,1,0,0,0,0,0,0,1,0,0,0,0,0,0,0
18.04,12,4,0,0,0,0,0,0,1,0,0,1,0,0,0,0,0,0
75.61,15,2,0,1,0,0,0,0,0,0,0,1,0,0,0,0,0,0
69.63,9,2,0,0,0,0,0,0,1,0,0,1,0,0,0,0,0,0
15.99,23,0,0,1,0,0,0,0,0,0,0,0,0,0,0,1,0,0
11.15,13,6,1,0,0,1,0,0,0,0,0,0,0,0,0,0,1,0
45.77,21,6,1,0,0,0,0,0,1,0,0,0,1,0,0,0,0,0
81.35,12,4,0,0,0,0,0,0,1,0,0,0,0,1,0,0,0,0
13.67,15,5,1,0,0,1,0,0,0,1,0,0,0,0,0,0,0,0
15.83,7,2,0,0,0,0,0,0,1,0,0,0,0,0,0,0,1,0
564.66,2,6,1,0,0,0,0,0,1,0,0,0,1,0,0,0,0,1
68.62,14,1,0,0,0,0,1,0,0,0,0,0,1,0,0,0,0,0
1405.55,11,0,0,0,0,0,0,0,1,0,0,0,0,0,0,0,1,1
7.27,22,6,1,0,0,0,0,1,0,1,0,0,0,0,0,0,0,0
17.12,8,4,0,1,0,0,0,0,0,0,0,0,1,0,0,0,0,0
3.85,23,6,1,0,0,0,0,0,1,0,1,0,0,0,0,0,0,0
19.11,17,3,0,0,0,0,0,1,0,0,0,0,0,0,0,1,0,0
5.81,21,6,1,0,0,0,0,0,1,0,1,0,0,0,0,0,0,0
41.89,19,0,0,1,0,0,0,0,0,0,0,0,0,0,0,1,0,0
43.52,9,4,0,0,0,0,0,1,0,0,0,0,0,0,0,1,0,0
42.05,16,2,0,0,0,0,0,0,1,0,0,0,0,0,0,1,0,0
9.12,21,6,1,0,1,0,0,0,0,0,0,0,0,0,0,0,1,0
34.45,10,2,0,0,1,0,0,0,0,0,0,0,0,0,0,0,1,0
34.61,7,6,1,0,0,0,0,0,1,0,0,0,0,0,0,0,1,0
21.29,7,6,1,0,1,0,0,0,0,0,0,1,0,0,0,0,0,0
45.04,22,1,0,0,1,0,0,0,0,0,0,0,0,1,0,0,0,0
145.79,23,0,0,1,0,0,0,0,0,0,0,0,0,0,1,0,0,0
1.6,14,4,0,0,0,0,0,0,1,0,1,0,0,0,0,0,0,0
5.26,23,4,0,1,0,0,0,0,0,0,1,0,0,0,0,0,0,0
23.22,12,3,0,1,0,0,0,0,0,0,0,1,0,0,0,0,0,0
31.71,10,4,0,0,0,0,0,0,1,1,0,0,0,0,0,0,0,0
21.0,7,5,1,1,0,0,0,0,0,1,0,0,0,0,0,0,0,0
39.16,10,1,0,1,0,0,0,0,0,0,0,1,0,0,0,0,0,0
4.43,22,3,0,1,0,0,0,0,0,0,1,0,0,0,0,0,0,0
203.79,14,6,1,0,0,0,0,0,1,0,0,0,0,0,1,0,0,0
173.81,7,3,0,0,0,0,0,0,1,0,0,0,1,0,0,0,0,0
91.19,7,1,0,0,0,0,0,0,1,0,0,0,0,1,0,0,0,0
33.19,16,3,0,0,1,0,0,0,0,0,0,0,0,0,0,1,0,0
5.76,6,3,0,0,1,0,0,0,0,0,1,0,0,0,0,0,0,0
67.34,6,6,1,0,1,0,0,0,0,0,0,1,0,0,0,0,0,0
59.14,6,4,0,0,1,0,0,0,0,0,0,0,1,0,0,0,0,0
2.98,23,0,0,0,0,0,1,0,0,0,1,0,0,0,0,0,0,0
45.26,10,5,1,0,1,0,0,0,0,0,0,0,0,0,0,1,0,0
2.09,16,0,0,0,0,0,1,0,0,0,1,0,0,0,0,0,0,0
4.77,13,1,0,1,0,0,0,0,0,0,1,0,0,0,0,0,0,0
56.11,15,1,0,1,0,0,0,0,0,0,0,0,0,0,0,1,0,0
48.89,23,5,1,0,0,0,0,0,1,0,0,0,1,0,0,0,0,0
242.74,9,5,1,1,0,0,0,0,0,0,0,0,0,0,1,0,0,0
33.13,11,4,0,0,1,0,0,0,0,0,0,0,0,0,0,0,1,0
12.76,18,3,0,0,0,0,0,0,1,1,0,0,0,0,0,0,0,0
4.42,21,1,0,1,0,0,0,0,0,0,1,0,0,0,0,0,0,0
20.93,19,2,0,0,0,0,0,0,1,1,0,0,0,0,0,0,0,0
498.56,4,5,1,0,0,0,0,0,1,0,0,0,1,0,0,0,0,1
42.3,18,2,0,0,0,0,0,0,1,0,0,0,0,1,0,0,0,0
52.0,11,1,0,0,1,0,0,0,0,0,0,0,0,1,0,0,0,0
860.19,22,4,0,0,0,0,0,0,1,0,0,0,1,0,0,0,0,1
42.3,23,0,0,0,1,0,0,0,0,0,0,0,0,0,0,1,0,0
18.84,17,3,0,0,0,0,0,0,1,0,0,1,0,0,0,0,0,0
647.22,0,0,0,0,0,0,0,1,0,0,0,0,0,0,0,0,1,1
32.99,15,3,0,0,0,1,0,0,0,0,0,0,0,0,0,0,1,0
104.82,8,3,0,0,0,0,1,0,0,0,0,0,0,1,0,0,0,0
158.55,8,5,1,0,0,1,0,0,0,0,0,0,0,0,1,0,0,0
33.91,14,5,1,0,0,0,0,0,1,0,0,0,0,0,1,0,0,0
7.62,18,1,0,1,0,0,0,0,0,0,0,0,0,0,0,0,1,0
26.66,6,1,0,0,0,0,0,1,0,0,0,0,0,0,0,1,0,0
29.92,23,4,0,1,0,0,0,0,0,0,0,0,0,0,0,0,1,0
16.01,17,5,1,0,1,0,0,0,0,1,0,0,0,0,0,0,0,0
1373.63,1,0,0,0,0,0,0,0,1,0,0,0,0,0,0,1,0,1
52.95,12,6,1,1,0,0,0,0,0,0,0,0,0,0,0,1,0,0
15.45,14,5,1,0,0,1,0,0,0,0,0,1,0,0,0,0,0,0
996.44,1,5,1,0,0,0,0,0,1,0,0,1,0,0,0,0,0,1
75.91,22,2,0,1,0,0,0,0,0,0,0,1,0,0,0,0,0,0
26.89,9,1,0,0,0,0,1,0,0,0,0,0,0,1,0,0,0,0
6.86,23,1,0,1,0,0,0,0,0,1,0,0,0,0,0,0,0,0
37.02,19,2,0,0,1,0,0,0,0,0,0,0,0,0,0,0,1,0
81.85,6,1,0,1,0,0,0,0,0,0,0,0,0,1,0,0,0,0
35.85,21,0,0,0,0,1,0,0,0,0,0,0,0,0,0,1,0,0
85.05,13,4,0,1,0,0,0,0,0,0,0,0,0,1,0,0,0,0
99.67,17,0,0,1,0,0,0,0,0,0,0,0,1,0,0,0,0,0
968.32,9,6,1,0,0,1,0,0,0,0,0,0,0,0,0,0,1,1
2.5,7,5,1,1,0,0,0,0,0,0,1,0,0,0,0,0,0,0
54.23,0,5,1,0,0,0,0,0,1,0,0,0,0,0,0,1,0,1
183.16,16,0,0,0,0,0,1,0,0,0,0,0,0,0,1,0,0,0
25.19,18,5,1,1,0,0,0,0,0,0,0,1,0,0,0,0,0,0
1166.54,2,1,0,0,0,0,0,0,1,0,0,0,0,0,0,0,1,1
12.6,12,2,0,0,1,0,0,0,0,0,0,1,0,0,0,0,0,0
7.72,18,3,0,0,1,0,0,0,0,1,0,0,0,0,0,0,0,0
42.61,20,1,0,0,0,0,0,0,1,0,0,0,0,0,0,1,0,0
249.88,11,1,0,1,0,0,0,0,0,0,0,0,0,0,1,0,0,0
30.72,16,1,0,0,0,1,0,0,0,0,0,0,0,0,1,0,0,0
108.47,13,1,0,1,0,0,0,0,0,0,0,0,0,1,0,0,0,0
34.69,18,1,0,0,1,0,0,0,0,0,0,0,0,1,0,0,0,0
1261.22,6,4,0,0,0,0,0,0,1,0,0,0,0,0,0,0,1,1
829.14,18,2,0,0,0,1,0,0,0,0,0,0,0,0,0,1,0,1
30.16,22,6,1,0,0,0,0,0,1,0,0,0,0,0,0,0,1,0
27.89,14,0,0,0,1,0,0,0,0,1,0,0,0,0,0,0,0,0
175.45,12,0,0,0,0,1,0,0,0,0,0,0,0,0,1,0,0,0
176.19,10,3,0,0,0,1,0,0,0,0,0,0,0,0,1,0,0,0
11.78,11,5,1,0,0,0,0,0,1,1,0,0,0,0,0,0,0,0
45.7,18,5,1,1,0,0,0,0,0,0,0,0,0,0,0,1,0,0
1009.33,17,4,0,0,0,0,0,0,1,0,0,0,1,0,0,0,0,1
12.18,11,3,0,1,0,0,0,0,0,0,0,0,0,0,0,0,1,0
15.97,19,6,1,1,0,0,0,0,0,0,0,1,0,0,0,0,0,0
27.09,23,3,0,0,1,0,0,0,0,0,0,0,0,0,0,0,1,0
28.94,21,0,0,0,0,0,0,0,1,1,0,0,0,0,0,0,0,0
113.16,23,0,0,1,0,0,0,0,0,0,0,0,0,1,0,0,0,0
126.67,8,6,1,0,0,1,0,0,0,0,0,0,1,0,0,0,0,0
36.21,14,1,0,1,0,0,0,0,0,0,0,1,0,0,0,0,0,0
7.63,17,2,0,1,0,0,0,0,0,1,0,0,0,0,0,0,0,0
69.11,15,6,1,1,0,0,0,0,0,0,0,1,0,0,0,0,0,0
1653.02,2,2,0,0,0,0,0,0,1,0,0,0,0,1,0,0,0,1
4.33,14,3,0,0,1,0,0,0,0,0,1,0,0,0,0,0,0,0
30.36,23,3,0,1,0,0,0,0,0,0,0,0,0,0,1,0,0,0
27.04,17,0,0,0,0,0,0,0,1,1,0,0,0,0,0,0,0,0
6.44,12,2,0,1,0,0,0,0,0,0,0,0,0,0,0,0,1,0
256.74,11,3,0,0,0,1,0,0,0,0,0,0,0,0,1,0,0,0
5.68,20,4,0,0,1,0,0,0,0,0,1,0,0,0,0,0,0,0
5.66,9,3,0,1,0,0,0,0,0,0,1,0,0,0,0,0,0,0
2.38,20,3,0,1,0,0,0,0,0,0,1,0,0,0,0,0,0,0
11.26,17,2,0,1,0,0,0,0,0,0,0,1,0,0,0,0,0,0
5.89,23,4,0,1,0,0,0,0,0,0,1,0,0,0,0,0,0,0
73.35,7,6,1,1,0,0,0,0,0,0,0,0,1,0,0,0,0,0
17.83,12,2,0,0,0,0,0,0,1,1,0,0,0,0,0,0,0,0
1746.11,2,6,1,1,0,0,0,0,0,0,0,0,0,0,1,0,0,1
2.14,18,0,0,1,0,0,0,0,0,0,1,0,0,0,0,0,0,0
37.88,17,3,0,1,0,0,0,0,0,0,0,1,0,0,0,0,0,0
167.75,14,6,1,0,0,0,0,0,1,0,0,0,0,0,1,0,0,0
280.95,22,6,1,0,1,0,0,0,0,0,0,0,0,0,1,0,0,0
21.88,10,3,0,1,0,0,0,0,0,1,0,0,0,0,0,0,0,0
106.16,17,0,0,0,0,0,0,0,1,0,0,0,0,1,0,0,0,0
882.68,6,1,0,0,0,0,0,0,1,0,0,0,0,0,0,1,0,1
3.55,23,6,1,0,0,0,0,0,1,0,1,0,0,0,0,0,0,0
1164.72,21,3,0,1,0,0,0,0,0,0,0,1,0,0,0,0,0,1
2.36,11,0,0,0,1,0,0,0,0,0,1,0,0,0,0,0,0,0
17.57,8,6,1,0,0,0,1,0,0,0,0,0,0,1,0,0,0,0
71.18,19,2,0,0,1,0,0,0,0,0,0,1,0,0,0,0,0,0
136.56,17,3,0,1,0,0,0,0,0,0,0,0,0,0,1,0,0,0
65.95,17,5,1,0,0,0,0,0,1,0,0,1,0,0,0,0,0,0
95.59,4,4,0,0,0,0,0,0,1,0,0,1,0,0,0,0,0,1
11.64,15,4,0,0,1,0,0,0,0,0,0,0,0,0,0,0,1,0
6.43,12,4,0,0,1,0,0,0,0,0,0,0,0,0,0,0,1,0
479.59,4,6,1,1,0,0,0,0,0,0,1,0,0,0,0,0,0,1
195.4,23,3,0,0,0,1,0,0,0,0,0,0,1,0,0,0,0,0
233.62,11,5,1,0,0,0,0,0,1,0,0,0,0,0,1,0,0,0
11.78,13,5,1,0,0,0,0,0,1,0,0,0,0,0,0,0,1,0
65.35,11,0,0,0,1,0,0,0,0,0,0,1,0,0,0,0,0,0
1.78,6,2,0,1,0,0,0,0,0,0,1,0,0,0,0,0,0,0
625.2,18,6,1,0,0,0,1,0,0,0,0,0,0,1,0,0,0,1
15.5,23,2,0,1,0,0,0,0,0,0,0,0,0,0,0,0,1,0
6.79,23,1,0,0,0,0,0,0,1,1,0,0,0,0,0,0,0,0
91.23,19,2,0,1,0,0,0,0,0,0,0,0,0,1,0,0,0,0
47.3,18,3,0,0,0,0,1,0,0,0,0,0,0,1,0,0,0,0
219.32,12,6,1,0,1,0,0,0,0,0,0,0,0,0,1,0,0,0
957.12,1,5,1,0,0,0,0,0,1,0,0,0,0,0,1,0,0,1
47.53,12,2,0,0,0,0,0,0,1,0,0,0,0,0,1,0,0,0
2.1,17,1,0,1,0,0,0,0,0,0,1,0,0,0,0,0,0,0
50.06,22,3,0,0,1,0,0,0,0,0,0,0,0,1,0,0,0,0
38.39,17,1,0,0,1,0,0,0,0,0,0,0,0,0,0,1,0,0
4.77,20,4,0,0,0,0,0,0,1,0,1,0,0,0,0,0,0,0
77.75,20,0,0,0,0,1,0,0,0,0,0,0,0,0,1,0,0,0
60.87,17,1,0,0,0,1,0,0,0,0,0,0,0,0,1,0,0,0
139.14,0,4,0,0,0,0,0,0,1,0,0,0,0,0,0,1,0,1
13.48,6,3,0,0,0,1,0,0,0,1,0,0,0,0,0,0,0,0
707.71,3,6,1,0,0,0,0,0,1,1,0,0,0,0,0,0,0,1
10.76,20,6,1,1,0,0,0,0,0,0,0,0,0,0,0,0,1,0
74.6,19,3,0,0,1,0,0,0,0,0,0,1,0,0,0,0,0,0
518.55,16,4,0,1,0,0,0,0,0,0,0,1,0,0,0,0,0,1
34.6,8,3,0,1,0,0,0,0,0,0,0,1,0,0,0,0,0,0
57.38,7,6,1,0,0,1,0,0,0,0,0,0,0,0,1,0,0,0
135.96,23,5,1,1,0,0,0,0,0,0,0,0,1,0,0,0,0,0
139.14,10,0,0,0,0,0,0,0,1,0,0,0,1,0,0,0,0,0
59.75,21,5,1,1,0,0,0,0,0,0,0,0,0,0,0,1,0,0
49.3,16,1,0,0,1,0,0,0,0,0,0,1,0,0,0,0,0,0
79.01,22,6,1,0,0,0,0,0,1,0,0,1,0,0,0,0,0,0
13.84,7,0,0,0,0,0,0,0,1,0,0,1,0,0,0,0,0,0
1.6,10,0,0,1,0,0,0,0,0,0,1,0,0,0,0,0,0,0
542.85,0,2,0,1,0,0,0,0,0,1,0,0,0,0,0,0,0,1
32.77,23,6,1,0,1,0,0,0,0,0,0,0,0,0,0,1,0,0
56.95,6,0,0,0,0,1,0,0,0,0,0,0,0,0,0,1,0,0
5.29,11,0,0,0,1,0,0,0,0,0,1,0,0,0,0,0,0,0
34.27,22,0,0,0,0,0,0,1,0,0,0,0,0,0,0,1,0,0
1025.35,21,3,0,0,0,0,0,0,1,0,0,0,0,0,0,1,0,1
4.83,23,6,1,0,1,0,0,0,0,0,1,0,0,0,0,0,0,0
83.16,21,4,0,0,1,0,0,0,0,0,0,0,1,0,0,0,0,0
90.42,22,1,0,0,0,0,0,0,1,0,0,0,0,1,0,0,0,0
1.88,17,5,1,1,0,0,0,0,0,0,1,0,0,0,0,0,0,0
80.5,20,1,0,0,0,0,1,0,0,0,0,0,0,1,0,0,0,0
1492.97,3,5,1,0,0,0,0,0,1,0,0,0,0,0,0,1,0,1
13.92,18,2,0,1,0,0,0,0,0,0,0,0,0,0,0,1,0,0
1339.77,1,3,0,0,0,0,0,0,1,0,0,0,0,0,1,0,0,1
23.31,12,5,1,1,0,0,0,0,0,1,0,0,0,0,0,0,0,0
100.5,1,4,0,0,0,0,0,0,1,0,0,0,0,0,0,1,0,1
21.11,19,0,0,0,0,1,0,0,0,0,0,0,0,0,1,0,0,0
61.71,19,0,0,1,0,0,0,0,0,0,0,0,1,0,0,0,0,0
79.29,6,5,1,0,1,0,0,0,0,0,0,1,0,0,0,0,0,0
34.87,23,5,1,0,1,0,0,0,0,0,0,0,0,1,0,0,0,0
91.94,14,2,0,0,1,0,0,0,0,0,0,0,1,0,0,0,0,0
107.13,23,6,1,0,1,0,0,0,0,0,0,0,0,1,0,0,0,0
5.09,13,2,0,0,0,1,0,0,0,0,1,0,0,0,0,0,0,0
78.07,0,2,0,0,0,0,0,0,1,0,0,0,0,0,0,1,0,1
63.58,16,0,0,0,0,0,1,0,0,0,0,1,0,0,0,0,0,0
738.88,11,0,0,0,0,0,0,0,1,1,0,0,0,0,0,0,0,1
35.09,19,1,0,0,0,1,0,0,0,0,0,0,0,0,1,0,0,0
5.59,15,0,0,1,0,0,0,0,0,0,1,0,0,0,0,0,0,0
41.65,12,0,0,1,0,0,0,0,0,0,0,0,0,0,1,0,0,0
72.55,10,5,1,0,1,0,0,0,0,0,0,0,0,1,0,0,0,0
119.7,12,1,0,0,0,0,1,0,0,0,0,0,1,0,0,0,0,0
132.62,20,2,0,0,0,0,0,0,1,0,0,0,0,0,1,0,0,0
10.42,14,1,0,0,0,0,0,0,1,0,0,0,0,0,0,1,0,0
2.08,15,3,0,0,0,0,0,0,1,0,1,0,0,0,0,0,0,0
28.17,13,2,0,1,0,0,0,0,0,0,0,0,0,0,0,1,0,0
8.17,23,4,0,0,0,0,0,1,0,0,0,0,0,0,0,0,1,0
1764.71,13,2,0,1,0,0,0,0,0,0,0,0,0,0,1,0,0,1
117.92,23,2,0,1,0,0,0,0,0,0,0,0,0,0,1,0,0,0
8.92,23,6,1,0,0,0,0,0,1,0,0,0,0,0,0,0,1,0
48.3,19,2,0,0,0,0,0,0,1,0,0,0,0,0,0,1,0,0
134.53,6,5,1,0,0,1,0,0,0,0,0,0,0,0,1,0,0,0
18.16,23,1,0,1,0,0,0,0,0,1,0,0,0,0,0,0,0,0
26.46,12,6,1,0,0,0,0,0,1,0,0,0,0,0,1,0,0,0
1838.0,4,4,0,0,0,0,0,0,1,0,0,0,0,0,1,0,0,1
165.32,7,1,0,0,0,1,0,0,0,0,0,0,1,0,0,0,0,0
23.5,15,4,0,0,1,0,0,0,0,0,0,0,0,0,0,0,1,0
30.26,11,4,0,0,0,0,0,0,1,1,0,0,0,0,0,0,0,0
2.12,13,4,0,1,0,0,0,0,0,0,1,0,0,0,0,0,0,0
108.11,22,0,0,0,0,0,0,1,0,0,0,0,0,0,1,0,0,0
1638.67,6,3,0,0,0,1,0,0,0,0,0,0,0,0,0,0,1,1
31.52,23,4,0,0,1,0,0,0,0,0,0,0,0,0,0,0,1,0
78.84,7,2,0,0,0,0,0,0,1,0,0,0,1,0,0,0,0,0
161.3,4,0,0,0,0,0,0,0,1,0,0,1,0,0,0,0,0,1
53.36,12,1,0,0,0,1,0,0,0,0,0,1,0,0,0,0,0,0
152.14,6,1,0,0,0,0,0,0,1,0,0,0,1,0,0,0,0,0
58.38,18,1,0,0,0,0,0,0,1,0,0,0,0,0,0,1,0,0
56.42,18,2,0,1,0,0,0,0,0,0,0,0,0,1,0,0,0,0
105.89,23,2,0,1,0,0,0,0,0,0,0,0,0,1,0,0,0,0
90.35,9,6,1,0,1,0,0,0,0,0,0,0,0,1,0,0,0,0
42.07,9,2,0,0,1,0,0,0,0,0,0,1,0,0,0,0,0,0
29.34,14,0,0,0,1,0,0,0,0,1,0,0,0,0,0,0,0,0
31.67,20,0,0,0,0,1,0,0,0,0,0,0,0,1,0,0,0,0
28.44,21,4,0,1,0,0,0,0,0,1,0,0,0,0,0,0,0,0
64.9,13,2,0,0,0,0,0,0,1,0,0,0,0,1,0,0,0,0
18.35,21,4,0,0,0,0,0,1,0,1,0,0,0,0,0,0,0,0
73.06,23,3,0,1,0,0,0,0,0,0,0,1,0,0,0,0,0,0
115.56,14,3,0,1,0,0,0,0,0,0,0,0,0,1,0,0,0,0
119.66,18,4,0,1,0,0,0,0,0,0,0,0,0,1,0,0,0,0
31.53,23,1,0,0,1,0,0,0,0,0,0,0,0,1,0,0,0,0
46.31,9,2,0,0,1,0,0,0,0,0,0,0,0,0,0,1,0,0
12.0,15,6,1,0,1,0,0,0,0,1,0,0,0,0,0,0,0,0
30.77,14,4,0,1,0,0,0,0,0,0,0,0,0,0,0,0,1,0
15.59,2,1,0,0,0,0,0,0,1,0,1,0,0,0,0,0,0,1
1130.38,15,6,1,0,0,1,0,0,0,0,0,1,0,0,0,0,0,1
186.63,15,4,0,0,0,0,0,0,1,0,0,0,1,0,0,0,0,0
32.46,7,0,0,1,0,0,0,0,0,1,0,0,0,0,0,0,0,0
20.36,11,5,1,0,0,1,0,0,0,0,0,0,0,0,0,0,1,0
17.18,23,2,0,1,0,0,0,0,0,0,0,0,0,0,0,0,1,0
240.82,14,5,1,1,0,0,0,0,0,0,0,0,0,0,1,0,0,0
1515.91,10,4,0,0,0,0,0,0,1,0,0,0,0,0,0,0,1,1
16.77,20,5,1,1,0,0,0,0,0,1,0,0,0,0,0,0,0,0
38.46,23,0,0,1,0,0,0,0,0,0,0,0,1,0,0,0,0,0
18.45,20,0,0,0,0,1,0,0,0,1,0,0,0,0,0,0,0,0
47.51,11,5,1,0,0,0,0,0,1,0,0,0,0,0,0,1,0,0
159.96,17,2,0,0,0,0,0,0,1,0,0,0,0,0,1,0,0,0
34.47,11,0,0,0,0,1,0,0,0,0,0,0,0,0,1,0,0,0
6.52,13,0,0,0,0,0,0,1,0,1,0,0,0,0,0,0,0,0
19.92,13,0,0,0,1,0,0,0,0,0,0,1,0,0,0,0,0,0
25.34,10,3,0,0,1,0,0,0,0,0,0,0,0,0,1,0,0,0
21.49,8,1,0,0,0,1,0,0,0,0,0,1,0,0,0,0,0,0
17.8,23,6,1,1,0,0,0,0,0,0,0,0,0,0,0,1,0,0
23.2,20,0,0,1,0,0,0,0,0,1,0,0,0,0,0,0,0,0
52.14,6,0,0,1,0,0,0,0,0,0,0,0,0,0,1,0,0,0
50.44,20,3,0,0,1,0,0,0,0,0,0,0,1,0,0,0,0,0
810.03,3,1,0,0,0,0,0,0,1,1,0,0,0,0,0,0,0,1
73.82,23,3,0,0,0,1,0,0,0,0,0,0,0,0,1,0,0,0
4.78,19,6,1,1,0,0,0,0,0,0,1,0,0,0,0,0,0,0
42.89,10,4,0,1,0,0,0,0,0,0,0,0,0,0,0,1,0,0
36.95,13,6,1,0,0,1,0,0,0,0,0,0,0,0,0,0,1,0
102.3,18,1,0,0,0,1,0,0,0,0,0,0,1,0,0,0,0,0
25.8,21,6,1,0,0,0,0,1,0,1,0,0,0,0,0,0,0,0
5.3,6,3,0,0,1,0,0,0,0,0,1,0,0,0,0,0,0,0
24.41,20,0,0,0,0,0,0,1,0,0,0,0,0,0,0,1,0,0
32.23,21,5,1,0,1,0,0,0,0,0,0,0,0,0,0,1,0,0
2.7,16,1,0,1,0,0,0,0,0,0,1,0,0,0,0,0,0,0
1230.22,16,1,0,0,0,0,0,0,1,0,0,0,0,1,0,0,0,1
23.28,6,1,0,0,1,0,0,0,0,0,0,0,1,0,0,0,0,0
37.8,16,1,0,1,0,0,0,0,0,0,0,0,0,0,0,1,0,0
26.17,14,2,0,0,0,0,0,0,1,0,0,1,0,0,0,0,0,0
138.89,10,5,1,0,0,0,0,0,1,0,0,0,1,0,0,0,0,0
5.01,21,0,0,1,0,0,0,0,0,0,1,0,0,0,0,0,0,0
42.78,15,2,0,0,0,0,0,0,1,0,0,0,0,0,1,0,0,0
11.77,11,6,1,0,1,0,0,0,0,0,0,0,0,0,0,1,0,0
7.08,10,4,0,1,0,0,0,0,0,1,0,0,0,0,0,0,0,0
31.5,23,3,0,0,1,0,0,0,0,0,0,0,0,1,0,0,0,0
4.88,12,5,1,0,0,0,0,0,1,0,1,0,0,0,0,0,0,0
52.05,16,3,0,1,0,0,0,0,0,0,0,0,0,0,0,1,0,0
160.66,19,2,0,1,0,0,0,0,0,0,0,0,1,0,0,0,0,0
6.83,23,3,0,0,0,1,0,0,0,0,0,0,0,0,0,0,1,0
32.69,6,0,0,1,0,0,0,0,0,0,0,0,0,0,0,0,1,0
10.29,13,3,0,0,0,0,0,0,1,0,0,0,0,0,0,1,0,0
163.52,17,3,0,1,0,0,0,0,0,0,0,0,0,0,1,0,0,0
77.4,12,2,0,1,0,0,0,0,0,0,0,1,0,0,0,0,0,0
27.92,22,6,1,1,0,0,0,0,0,0,0,0,0,1,0,0,0,0
66.38,21,4,0,1,0,0,0,0,0,0,0,0,1,0,0,0,0,0
262.01,23,3,0,0,1,0,0,0,0,0,0,0,0,0,1,0,0,0
196.04,4,6,1,0,0,0,0,0,1,0,0,1,0,0,0,0,0,1
5.73,17,6,1,0,0,0,0,0,1,0,1,0,0,0,0,0,0,0
115.74,11,4,0,0,0,0,0,0,1,0,0,0,0,0,1,0,0,0
41.21,10,2,0,0,0,1,0,0,0,0,0,0,0,1,0,0,0,0
41.86,18,4,0,1,0,0,0,0,0,0,0,0,0,0,1,0,0,0
37.26,10,4,0,1,0,0,0,0,0,0,0,1,0,0,0,0,0,0
26.67,17,0,0,1,0,0,0,0,0,0,0,0,0,0,0,1,0,0
623.69,8,1,0,1,0,0,0,0,0,0,1,0,0,0,0,0,0,1
50.48,8,6,1,0,0,0,0,0,1,0,0,0,0,0,0,1,0,0
36.48,12,2,0,0,0,0,0,0,1,0,0,0,0,0,0,0,1,0
6.92,8,4,0,0,1,0,0,0,0,1,0,0,0,0,0,0,0,0
62.67,11,4,0,0,0,0,0,0,1,0,0,0,1,0,0,0,0,0
534.35,16,0,0,0,0,0,0,1,0,1,0,0,0,0,0,0,0,1
2.58,20,1,0,0,0,0,0,1,0,0,1,0,0,0,0,0,0,0
23.08,6,1,0,1,0,0,0,0,0,1,0,0,0,0,0,0,0,0
85.35,15,3,0,0,1,0,0,0,0,0,0,0,1,0,0,0,0,0
8.34,17,0,0,1,0,0,0,0,0,1,0,0,0,0,0,0,0,0
4.75,10,5,1,0,0,0,0,1,0,0,1,0,0,0,0,0,0,0
115.6,7,3,0,0,1,0,0,0,0,0,0,0,0,1,0,0,0,0
26.23,19,5,1,1,0,0,0,0,0,1,0,0,0,0,0,0,0,0
175.06,17,5,1,0,1,0,0,0,0,0,0,0,1,0,0,0,0,0
33.25,11,6,1,0,0,1,0,0,0,0,0,0,0,0,1,0,0,0
875.52,18,5,1,0,0,0,0,0,1,1,0,0,0,0,0,0,0,1
30.42,20,6,1,0,0,0,0,0,1,0,0,0,0,0,0,0,1,0
4.2,15,1,0,0,1,0,0,0,0,0,1,0,0,0,0,0,0,0
17.74,14,5,1,1,0,0,0,0,0,0,0,1,0,0,0,0,0,0
15.99,14,5,1,0,1,0,0,0,0,0,0,0,0,0,0,0,1,0
107.93,19,0,0,0,0,0,0,0,1,0,0,0,0,1,0,0,0,0
22.82,22,1,0,0,0,0,0,1,0,1,0,0,0,0,0,0,0,0
36.53,22,4,0,1,0,0,0,0,0,0,0,1,0,0,0,0,0,0
108.68,9,1,0,1,0,0,0,0,0,0,0,0,0,1,0,0,0,0
5.22,9,2,0,0,0,0,1,0,0,0,1,0,0,0,0,0,0,0
22.75,21,6,1,1,0,0,0,0,0,0,0,0,0,0,0,1,0,0
3.39,20,0,0,0,0,0,0,0,1,0,1,0,0,0,0,0,0,0
5.47,18,0,0,0,0,0,0,0,1,0,1,0,0,0,0,0,0,0
96.34,23,1,0,1,0,0,0,0,0,0,0,0,0,0,1,0,0,0
294.11,7,6,1,0,0,0,0,0,1,0,0,0,0,0,1,0,0,0
30.06,18,5,1,0,0,0,0,0,1,0,0,0,0,1,0,0,0,0
76.12,21,5,1,1,0,0,0,0,0,0,0,0,0,1,0,0,0,0
51.77,22,2,0,1,0,0,0,0,0,0,0,1,0,0,0,0,0,0
191.31,9,2,0,1,0,0,0,0,0,0,0,0,0,0,1,0,0,0
75.63,11,4,0,0,1,0,0,0,0,0,0,0,0,1,0,0,0,0
30.49,15,4,0,0,0,0,0,0,1,0,0,1,0,0,0,0,0,0
38.01,22,2,0,1,0,0,0,0,0,0,0,0,0,1,0,0,0,0
117.85,20,1,0,0,0,0,0,0,1,0,0,0,0,1,0,0,0,0
302.35,1,4,0,0,0,0,0,0,1,0,0,1,0,0,0,0,0,1
27.79,14,1,0,1,0,0,0,0,0,0,0,0,0,0,0,0,1,0
5.24,13,2,0,1,0,0,0,0,0,0,1,0,0,0,0,0,0,0
58.31,23,4,0,1,0,0,0,0,0,0,0,0,0,0,0,1,0,0
27.88,23,1,0,0,0,0,0,0,1,0,0,0,0,0,1,0,0,0
35.08,17,0,0,0,0,1,0,0,0,0,0,0,0,0,0,0,1,0
45.33,7,4,0,0,0,0,0,1,0,0,0,0,0,1,0,0,0,0
62.06,19,2,0,0,0,1,0,0,0,0,0,0,0,1,0,0,0,0
13.15,21,6,1,1,0,0,0,0,0,1,0,0,0,0,0,0,0,0
81.01,11,4,0,0,0,0,0,0,1,0,0,0,0,0,1,0,0,0
22.02,13,1,0,0,1,0,0,0,0,1,0,0,0,0,0,0,0,0
26.88,18,6,1,0,0,0,0,1,0,0,0,0,0,0,1,0,0,0
197.55,20,1,0,1,0,0,0,0,0,0,0,0,1,0,0,0,0,0
42.31,16,6,1,0,0,1,0,0,0,0,0,0,0,1,0,0,0,0
111.79,15,4,0,0,0,0,0,0,1,0,0,0,1,0,0,0,0,0
107.37,17,3,0,0,0,0,0,1,0,0,0,0,1,0,0,0,0,0
100.72,14,3,0,0,0,1,0,0,0,0,0,0,0,1,0,0,0,0
830.51,19,1,0,0,0,0,1,0,0,0,0,1,0,0,0,0,0,1
267.45,21,6,1,1,0,0,0,0,0,0,0,0,0,0,1,0,0,0
103.49,11,1,0,1,0,0,0,0,0,0,0,0,0,1,0,0,0,0
32.22,22,3,0,1,0,0,0,0,0,0,0,0,0,0,0,0,1,0
87.11,15,4,0,1,0,0,0,0,0,0,0,0,0,1,0,0,0,0
113.83,19,3,0,0,1,0,0,0,0,0,0,0,0,0,1,0,0,0
162.45,20,6,1,0,0,0,0,0,1,0,0,0,0,0,1,0,0,0
86.25,20,3,0,0,0,0,1,0,0,0,0,0,0,1,0,0,0,0
109.7,15,0,0,0,0,0,0,0,1,0,0,0,0,1,0,0,0,0
8.54,21,3,0,1,0,0,0,0,0,0,0,0,0,0,0,0,1,0
1540.21,14,6,1,0,0,0,0,0,1,0,0,0,0,0,0,0,1,1
162.18,14,2,0,1,0,0,0,0,0,0,0,0,1,0,0,0,0,0
117.2,22,2,0,1,0,0,0,0,0,0,0,0,0,0,1,0,0,0
140.48,6,1,0,1,0,0,0,0,0,0,0,0,1,0,0,0,0,0
22.17,12,3,0,0,0,0,1,0,0,0,0,1,0,0,0,0,0,0
15.1,15,5,1,1,0,0,0,0,0,1,0,0,0,0,0,0,0,0
31.69,16,5,1,0,1,0,0,0,0,0,0,0,0,1,0,0,0,0
19.24,23,5,1,1,0,0,0,0,0,1,0,0,0,0,0,0,0,0
25.84,9,0,0,0,0,0,0,1,0,0,0,0,0,0,0,1,0,0
5.56,8,0,0,0,1,0,0,0,0,0,1,0,0,0,0,0,0,0
5.37,11,3,0,1,0,0,0,0,0,0,1,0,0,0,0,0,0,0
6.62,15,2,0,0,1,0,0,0,0,1,0,0,0,0,0,0,0,0
236.55,16,0,0,0,0,0,0,0,1,0,0,0,0,0,1,0,0,0
67.56,4,1,0,0,0,0,0,0,1,0,0,0,0,0,0,0,1,1
250.49,8,2,0,0,1,0,0,0,0,0,0,0,0,0,1,0,0,0
34.31,19,2,0,0,0,0,0,0,1,0,0,0,0,0,0,0,1,0
67.81,21,0,0,1,0,0,0,0,0,0,0,1,0,0,0,0,0,0
37.29,10,5,1,1,0,0,0,0,0,0,0,0,0,0,1,0,0,0
11.28,6,3,0,0,0,0,0,1,0,0,0,0,0,0,0,0,1,0
26.69,22,0,0,0,0,0,0,0,1,1,0,0,0,0,0,0,0,0
589.61,2,1,0,0,0,0,0,0,1,0,0,0,1,0,0,0,0,1
179.31,18,3,0,1,0,0,0,0,0,0,0,0,1,0,0,0,0,0
45.2,21,5,1,0,0,1,0,0,0,0,0,0,0,1,0,0,0,0
132.29,18,6,1,1,0,0,0,0,0,0,0,0,1,0,0,0,0,0
37.2,15,6,1,0,0,0,0,1,0,0,0,1,0,0,0,0,0,0
263.63,12,2,0,0,1,0,0,0,0,0,0,0,0,0,1,0,0,0
44.54,17,3,0,0,0,1,0,0,0,0,0,1,0,0,0,0,0,0
44.29,23,4,0,0,1,0,0,0,0,0,0,0,0,1,0,0,0,0
28.97,22,2,0,1,0,0,0,0,0,1,0,0,0,0,0,0,0,0
4.01,13,4,0,0,0,0,0,0,1,0,1,0,0,0,0,0,0,0
69.95,21,2,0,1,0,0,0,0,0,0,0,0,0,1,0,0,0,0
1.5,9,6,1,0,0,1,0,0,0,0,1,0,0,0,0,0,0,0
44.64,12,0,0,1,0,0,0,0,0,0,0,0,0,0,0,1,0,0
36.1,10,5,1,1,0,0,0,0,0,0,0,0,0,0,0,0,1,0
61.91,18,4,0,1,0,0,0,0,0,0,0,0,0,1,0,0,0,0
794.07,6,5,1,0,0,0,0,0,1,0,0,0,0,0,0,1,0,1
278.27,7,1,0,1,0,0,0,0,0,0,0,0,0,0,1,0,0,0
33.5,3,4,0,0,0,0,0,0,1,1,0,0,0,0,0,0,0,1
32.62,1,3,0,0,0,0,0,0,1,0,0,0,0,0,0,1,0,1
4.24,10,5,1,1,0,0,0,0,0,0,1,0,0,0,0,0,0,0
117.38,11,5,1,0,0,0,0,0,1,0,0,0,0,1,0,0,0,0
719.42,0,2,0,0,0,0,0,0,1,1,0,0,0,0,0,0,0,1
41.45,23,2,0,0,1,0,0,0,0,0,0,0,0,1,0,0,0,0
195.91,16,2,0,0,1,0,0,0,0,0,0,0,1,0,0,0,0,0
1238.36,17,1,0,0,1,0,0,0,0,0,0,0,0,1,0,0,0,1
99.73,20,4,0,0,1,0,0,0,0,0,0,0,1,0,0,0,0,0
64.9,14,2,0,1,0,0,0,0,0,0,0,0,1,0,0,0,0,0
52.94,21,0,0,1,0,0,0,0,0,0,0,0,1,0,0,0,0,0
27.37,19,5,1,1,0,0,0,0,0,0,0,0,0,1,0,0,0,0
154.86,14,1,0,0,1,0,0,0,0,0,0,0,0,0,1,0,0,0
35.02,20,6,1,0,1,0,0,0,0,0,0,1,0,0,0,0,0,0
16.19,14,4,0,1,0,0,0,0,0,0,0,0,0,0,0,0,1,0
19.33,19,4,0,0,0,0,0,0,1,0,0,0,0,1,0,0,0,0
22.58,18,5,1,1,0,0,0,0,0,0,0,0,0,0,0,0,1,0
167.44,7,3,0,1,0,0,0,0,0,0,0,0,0,0,1,0,0,0
24.52,9,5,1,0,0,0,0,0,1,0,0,0,0,0,0,0,1,0
159.98,3,3,0,0,0,0,0,0,1,0,0,0,1,0,0,0,0,1
1055.5,17,0,0,0,0,0,0,0,1,0,0,0,1,0,0,0,0,1
1678.88,14,4,0,0,0,1,0,0,0,0,0,0,0,0,0,0,1,1
27.09,17,1,0,1,0,0,0,0,0,0,0,1,0,0,0,0,0,0
4259.39,1,4,0,0,0,1,0,0,0,0,0,0,0,0,1,0,0,1
29.31,14,3,0,1,0,0,0,0,0,1,0,0,0,0,0,0,0,0
27.42,6,1,0,0,1,0,0,0,0,0,0,0,0,0,0,0,1,0
21.99,1,1,0,0,0,0,0,0,1,0,1,0,0,0,0,0,0,1
5.75,23,4,0,1,0,0,0,0,0,0,0,0,0,0,0,0,1,0
4.4,20,4,0,0,0,0,1,0,0,0,1,0,0,0,0,0,0,0
1831.34,18,2,0,0,0,0,0,0,1,0,0,0,0,1,0,0,0,1
3007.33,13,4,0,0,0,0,1,0,0,0,0,0,0,0,1,0,0,1
144.27,22,6,1,0,0,1,0,0,0,0,0,0,1,0,0,0,0,0
53.41,21,1,0,0,0,0,0,0,1,0,0,1,0,0,0,0,0,0
779.25,3,6,1,0,0,0,0,0,1,0,0,0,1,0,0,0,0,1
26.94,20,3,0,0,0,0,1,0,0,0,0,0,0,0,0,0,1,0
4.5,7,1,0,0,0,0,0,0,1,0,1,0,0,0,0,0,0,0
119.58,2,3,0,0,0,0,0,0,1,0,0,0,0,0,0,0,1,1
5.24,14,2,0,0,1,0,0,0,0,0,0,0,0,0,0,0,1,0
19.67,6,5,1,0,0,1,0,0,0,0,0,0,0,0,0,1,0,0
2.93,17,4,0,0,0,1,0,0,0,0,1,0,0,0,0,0,0,0
53.87,23,0,0,0,1,0,0,0,0,0,0,0,0,0,0,1,0,0
71.64,22,3,0,0,1,0,0,0,0,0,0,0,0,1,0,0,0,0
1.51,9,5,1,0,0,0,0,0,1,0,1,0,0,0,0,0,0,0
877.61,21,1,0,0,0,0,1,0,0,0,0,0,0,0,0,1,0,1
43.73,12,4,0,0,0,0,0,0,1,0,0,1,0,0,0,0,0,0
15.12,8,6,1,1,0,0,0,0,0,0,0,0,0,0,0,1,0,0
63.74,19,2,0,0,0,0,0,0,1,0,0,1,0,0,0,0,0,0
29.49,21,6,1,0,1,0,0,0,0,0,0,1,0,0,0,0,0,0
4.11,15,5,1,1,0,0,0,0,0,0,1,0,0,0,0,0,0,0
58.25,10,6,1,0,0,0,0,1,0,0,0,0,0,0,0,1,0,0
1678.32,17,0,0,0,0,0,0,0,1,0,0,0,0,0,0,1,0,1
14.47,21,0,0,1,0,0,0,0,0,1,0,0,0,0,0,0,0,0
2.82,11,5,1,0,1,0,0,0,0,0,1,0,0,0,0,0,0,0
16.26,17,4,0,1,0,0,0,0,0,1,0,0,0,0,0,0,0,0
243.89,16,6,1,0,0,0,0,0,1,0,0,0,0,0,1,0,0,0
3.15,9,2,0,1,0,0,0,0,0,0,1,0,0,0,0,0,0,0
53.66,7,5,1,1,0,0,0,0,0,0,0,0,1,0,0,0,0,0
25.83,23,1,0,1,0,0,0,0,0,0,0,1,0,0,0,0,0,0
28.63,22,5,1,0,0,0,1,0,0,1,0,0,0,0,0,0,0,0
12.38,15,6,1,0,0,0,0,1,0,0,0,0,0,1,0,0,0,0
57.02,20,2,0,0,0,0,0,0,1,0,0,1,0,0,0,0,0,0
226.39,23,4,0,0,0,1,0,0,0,0,0,0,0,0,1,0,0,0
56.34,18,0,0,1,0,0,0,0,0,0,0,0,0,0,0,1,0,0
277.53,9,5,1,1,0,0,0,0,0,0,0,0,0,0,1,0,0,0
23.49,12,2,0,1,0,0,0,0,0,0,0,1,0,0,0,0,0,0
1.56,16,0,0,0,0,0,0,0,1,0,1,0,0,0,0,0,0,0
56.25,15,1,0,0,0,1,0,0,0,0,0,0,0,0,0,1,0,0
372.1,20,4,0,0,0,1,0,0,0,0,1,0,0,0,0,0,0,1
42.76,16,1,0,1,0,0,0,0,0,0,0,0,0,0,0,1,0,0
9.76,23,6,1,0,0,0,0,0,1,0,0,0,0,0,0,1,0,0
269.02,8,5,1,0,0,0,0,0,1,0,0,0,0,0,1,0,0,0
61.23,18,4,0,1,0,0,0,0,0,0,0,0,0,1,0,0,0,0
237.46,13,5,1,0,0,0,1,0,0,0,0,0,0,0,1,0,0,0
290.92,4,4,0,0,0,0,0,0,1,0,0,0,0,0,0,1,0,1
171.04,23,5,1,0,0,1,0,0,0,0,0,0,1,0,0,0,0,0
54.38,12,1,0,1,0,0,0,0,0,0,0,0,0,1,0,0,0,0
67.09,9,5,1,0,1,0,0,0,0,0,0,0,0,0,1,0,0,0
29.19,15,0,0,1,0,0,0,0,0,0,0,0,0,0,0,1,0,0
13.78,8,6,1,0,0,0,0,0,1,0,0,0,0,0,0,0,1,0
92.17,21,5,1,0,1,0,0,0,0,0,0,0,0,1,0,0,0,0
11.93,8,3,0,1,0,0,0,0,0,0,0,0,0,0,0,0,1,0
54.7,8,1,0,0,0,0,1,0,0,0,0,1,0,0,0,0,0,0
16.04,16,3,0,0,0,0,0,0,1,0,0,0,1,0,0,0,0,0
1516.7,4,6,1,1,0,0,0,0,0,0,0,0,0,1,0,0,0,1
73.28,22,6,1,0,0,0,0,0,1,0,0,1,0,0,0,0,0,0
32.4,8,6,1,1,0,0,0,0,0,1,0,0,0,0,0,0,0,0
25.75,16,4,0,1,0,0,0,0,0,0,0,0,0,0,0,1,0,0
8.5,12,6,1,0,1,0,0,0,0,0,0,0,0,0,0,0,1,0
236.18,23,3,0,0,0,0,0,0,1,0,0,0,0,0,1,0,0,0
8.92,18,3,0,1,0,0,0,0,0,1,0,0,0,0,0,0,0,0
52.27,22,3,0,1,0,0,0,0,0,0,0,1,0,0,0,0,0,0
694.26,2,0,0,0,0,1,0,0,0,1,0,0,0,0,0,0,0,1
34.24,23,1,0,1,0,0,0,0,0,0,0,0,0,0,0,0,1,0
2.83,15,6,1,1,0,0,0,0,0,0,1,0,0,0,0,0,0,0
80.28,17,5,1,0,0,0,0,0,1,0,0,0,0,1,0,0,0,0
30.29,12,0,0,0,1,0,0,0,0,1,0,0,0,0,0,0,0,0
274.59,14,2,0,0,0,0,0,0,1,0,0,0,0,0,1,0,0,0
1019.59,14,1,0,0,0,0,0,0,1,0,0,0,0,1,0,0,0,1
59.18,23,5,1,0,0,0,0,0,1,0,0,0,0,0,1,0,0,0
123.87,11,3,0,0,1,0,0,0,0,0,0,0,1,0,0,0,0,0
33.96,23,5,1,0,0,0,0,1,0,0,0,1,0,0,0,0,0,0
4.77,12,2,0,0,0,1,0,0,0,0,1,0,0,0,0,0,0,0
35.51,13,4,0,1,0,0,0,0,0,0,0,0,0,0,0,1,0,0
176.86,23,2,0,0,0,0,1,0,0,0,0,0,0,0,1,0,0,0
58.64,9,1,0,0,1,0,0,0,0,0,0,1,0,0,0,0,0,0
462.7,2,6,1,0,0,0,1,0,0,1,0,0,0,0,0,0,0,1
119.22,16,6,1,0,0,0,0,0,1,0,0,0,0,1,0,0,0,0
45.34,6,3,0,0,0,0,1,0,0,0,0,0,0,0,0,1,0,0
16.9,23,3,0,0,1,0,0,0,0,0,0,0,0,1,0,0,0,0
52.47,22,4,0,0,0,0,0,1,0,0,0,1,0,0,0,0,0,0
47.98,6,6,1,0,1,0,0,0,0,0,0,0,0,0,0,1,0,0
49.28,9,0,0,1,0,0,0,0,0,0,0,0,0,0,0,1,0,0
170.67,21,5,1,0,0,0,1,0,0,0,0,0,0,0,1,0,0,0
46.24,16,0,0,0,0,0,0,0,1,0,0,0,0,0,0,1,0,0
188.35,0,4,0,0,0,0,0,0,1,0,0,0,0,0,0,0,1,1
38.56,21,5,1,1,0,0,0,0,0,0,0,0,0,0,0,0,1,0
65.5,10,0,0,0,0,1,0,0,0,0,0,0,1,0,0,0,0,0
2.56,15,6,1,0,0,0,1,0,0,0,1,0,0,0,0,0,0,0
1706.78,1,0,0,0,0,0,0,1,0,0,0,0,0,0,0,1,0,1
14.61,8,1,0,1,0,0,0,0,0,0,0,0,0,0,0,1,0,0
20.98,8,2,0,0,1,0,0,0,0,1,0,0,0,0,0,0,0,0
58.72,9,5,1,0,1,0,0,0,0,0,0,0,0,0,0,1,0,0
93.4,7,4,0,1,0,0,0,0,0,0,0,0,0,0,1,0,0,0
69.61,15,4,0,0,1,0,0,0,0,0,0,0,1,0,0,0,0,0
62.86,21,3,0,1,0,0,0,0,0,0,0,1,0,0,0,0,0,0
9.15,12,6,1,1,0,0,0,0,0,0,0,0,0,0,0,0,1,0
947.15,7,3,0,0,0,0,1,0,0,0,0,1,0,0,0,0,0,1
75.3,23,2,0,0,1,0,0,0,0,0,0,0,0,1,0,0,0,0
245.53,4,0,0,0,0,0,0,0,1,0,0,0,0,1,0,0,0,1
33.93,8,2,0,1,0,0,0,0,0,1,0,0,0,0,0,0,0,0
2.24,18,0,0,1,0,0,0,0,0,0,1,0,0,0,0,0,0,0
26.57,17,2,0,0,1,0,0,0,0,0,0,0,0,0,0,0,1,0
170.06,9,0,0,1,0,0,0,0,0,0,0,0,0,0,1,0,0,0
30.42,14,5,1,0,1,0,0,0,0,0,0,1,0,0,0,0,0,0
17.22,12,6,1,1,0,0,0,0,0,0,0,0,0,0,0,0,1,0
30.74,6,3,0,1,0,0,0,0,0,0,0,0,0,0,0,0,1,0
27.1,7,1,0,1,0,0,0,0,0,0,0,0,0,0,0,1,0,0
6.29,10,4,0,0,0,0,0,0,1,0,0,0,0,0,0,1,0,0
41.67,10,0,0,1,0,0,0,0,0,0,0,1,0,0,0,0,0,0
39.12,21,5,1,1,0,0,0,0,0,0,0,0,0,0,0,0,1,0
18.94,8,0,0,0,0,0,1,0,0,0,0,0,0,0,0,0,1,0
77.22,13,5,1,0,0,0,0,0,1,0,0,1,0,0,0,0,0,0
216.05,6,3,0,0,1,0,0,0,0,0,0,0,0,0,1,0,0,0
10.15,23,1,0,0,0,0,0,0,1,0,0,0,0,0,0,0,1,0
15.55,14,0,0,0,0,0,0,1,0,1,0,0,0,0,0,0,0,0
5.07,10,0,0,1,0,0,0,0,0,0,1,0,0,0,0,0,0,0
96.06,12,4,0,1,0,0,0,0,0,0,0,0,1,0,0,0,0,0
3.36,18,2,0,0,0,0,1,0,0,0,1,0,0,0,0,0,0,0
59.77,11,4,0,1,0,0,0,0,0,0,0,0,1,0,0,0,0,0
49.74,11,3,0,0,0,0,1,0,0,0,0,1,0,0,0,0,0,0
96.62,23,4,0,0,1,0,0,0,0,0,0,0,1,0,0,0,0,0
197.15,23,3,0,1,0,0,0,0,0,0,0,0,1,0,0,0,0,0
27.24,11,6,1,1,0,0,0,0,0,0,0,0,0,0,0,0,1,0
917.27,16,6,1,0,0,0,0,0,1,0,0,0,0,0,0,0,1,1
43.43,13,0,0,0,0,0,1,0,0,0,0,0,0,1,0,0,0,0
1503.07,2,5,1,0,0,0,0,0,1,0,0,0,0,0,0,1,0,1
137.18,14,1,0,1,0,0,0,0,0,0,0,0,0,0,1,0,0,0
26.83,10,3,0,0,0,1,0,0,0,0,0,0,0,0,0,0,1,0
5.51,20,2,0,1,0,0,0,0,0,1,0,0,0,0,0,0,0,0
37.15,6,0,0,1,0,0,0,0,0,0,0,0,0,0,0,0,1,0
1307.34,4,5,1,1,0,0,0,0,0,0,0,0,0,0,0,1,0,1
67.52,7,5,1,0,0,1,0,0,0,0,0,0,0,1,0,0,0,0
66.13,15,5,1,0,0,0,0,0,1,0,0,1,0,0,0,0,0,0
370.91,2,4,0,0,0,0,0,0,1,0,0,0,1,0,0,0,0,1
149.19,21,2,0,0,0,1,0,0,0,0,0,0,0,0,1,0,0,0
9.05,15,2,0,1,0,0,0,0,0,0,0,0,0,0,0,1,0,0
2.99,17,6,1,0,0,0,0,0,1,0,1,0,0,0,0,0,0,0
54.67,9,6,1,1,0,0,0,0,0,0,0,0,0,0,1,0,0,0
5.88,12,6,1,0,0,0,0,0,1,0,1,0,0,0,0,0,0,0
30.92,21,2,0,1,0,0,0,0,0,1,0,0,0,0,0,0,0,0
277.96,13,2,0,1,0,0,0,0,0,0,0,0,0,0,1,0,0,0
234.84,6,6,1,1,0,0,0,0,0,0,0,0,0,0,1,0,0,0
62.17,21,2,0,1,0,0,0,0,0,0,0,0,1,0,0,0,0,0
20.98,22,0,0,0,0,1,0,0,0,0,0,0,0,0,0,1,0,0
1383.31,9,6,1,0,0,0,0,0,1,0,0,0,0,1,0,0,0,1
10.38,6,0,0,1,0,0,0,0,0,0,0,0,0,0,0,0,1,0
24.39,9,4,0,0,0,0,0,1,0,0,0,0,0,0,0,0,1,0
5.34,23,5,1,0,1,0,0,0,0,0,1,0,0,0,0,0,0,0
27.22,14,4,0,1,0,0,0,0,0,0,0,0,1,0,0,0,0,0
1.57,16,0,0,0,0,0,0,0,1,0,1,0,0,0,0,0,0,0
97.47,20,2,0,0,0,1,0,0,0,0,0,0,1,0,0,0,0,0
255.68,10,3,0,0,1,0,0,0,0,0,0,0,0,0,1,0,0,0
12.02,8,3,0,0,0,0,0,0,1,0,0,0,0,0,0,1,0,0
214.9,3,2,0,0,0,0,0,0,1,0,0,0,0,0,0,1,0,1
98.89,20,2,0,0,0,0,0,0,1,0,0,0,0,1,0,0,0,0
42.68,15,3,0,0,0,1,0,0,0,0,0,0,0,1,0,0,0,0
25.11,17,1,0,1,0,0,0,0,0,0,0,0,0,1,0,0,0,0
9.89,12,3,0,1,0,0,0,0,0,1,0,0,0,0,0,0,0,0
26.05,10,1,0,0,0,0,1,0,0,1,0,0,0,0,0,0,0,0
93.93,20,3,0,1,0,0,0,0,0,0,0,0,0,0,1,0,0,0
27.53,16,3,0,0,1,0,0,0,0,0,0,0,1,0,0,0,0,0
26.82,7,2,0,0,1,0,0,0,0,1,0,0,0,0,0,0,0,0
179.3,23,4,0,0,0,1,0,0,0,0,0,0,1,0,0,0,0,0
12.85,13,6,1,0,0,1,0,0,0,1,0,0,0,0,0,0,0,0
207.39,3,4,0,0,0,0,0,0,1,0,0,0,0,0,0,1,0,1
30.34,12,5,1,1,0,0,0,0,0,0,0,0,0,0,0,1,0,0
17.32,17,3,0,0,0,1,0,0,0,0,0,1,0,0,0,0,0,0
113.99,7,0,0,1,0,0,0,0,0,0,0,0,1,0,0,0,0,0
423.76,7,2,0,0,0,0,0,0,1,1,0,0,0,0,0,0,0,1
2442.4,15,6,1,0,0,0,0,0,1,0,0,0,0,0,1,0,0,1
154.75,10,0,0,0,1,0,0,0,0,0,0,0,0,0,1,0,0,0
13.13,14,1,0,1,0,0,0,0,0,0,0,0,0,1,0,0,0,0
3.15,22,5,1,0,0,0,0,0,1,0,1,0,0,0,0,0,0,0
107.93,16,4,0,0,0,0,0,1,0,0,0,0,0,0,1,0,0,0
22.16,10,1,0,0,0,0,0,0,1,0,0,0,0,0,0,1,0,0
197.04,19,0,0,1,0,0,0,0,0,0,0,0,0,0,1,0,0,0
22.52,23,6,1,0,0,0,0,0,1,1,0,0,0,0,0,0,0,0
20.17,6,1,0,1,0,0,0,0,0,0,0,0,0,0,0,0,1,0
31.89,7,5,1,0,0,0,1,0,0,0,0,0,0,0,0,0,1,0
1925.61,13,5,1,0,0,0,0,0,1,0,0,0,0,0,1,0,0,1
34.15,12,5,1,0,0,0,0,0,1,1,0,0,0,0,0,0,0,0
97.22,17,5,1,1,0,0,0,0,0,0,0,0,0,0,1,0,0,0
1372.18,3,5,1,0,0,1,0,0,0,0,0,0,0,0,0,0,1,1
38.74,20,3,0,0,0,0,1,0,0,0,0,0,0,0,0,1,0,0
239.9,16,1,0,1,0,0,0,0,0,0,0,0,0,0,1,0,0,0
2.24,11,6,1,0,0,0,0,0,1,0,1,0,0,0,0,0,0,0
23.25,8,0,0,1,0,0,0,0,0,0,0,0,0,0,0,0,1,0
34.64,15,6,1,1,0,0,0,0,0,1,0,0,0,0,0,0,0,0
34.75,13,2,0,0,0,0,0,0,1,0,0,0,0,0,0,0,1,0
193.47,12,1,0,0,0,0,0,0,1,0,0,0,0,0,1,0,0,0
178.27,23,5,1,0,1,0,0,0,0,0,0,0,1,0,0,0,0,0
20.29,14,3,0,0,1,0,0,0,0,0,0,0,1,0,0,0,0,0
22.16,19,3,0,0,1,0,0,0,0,0,0,1,0,0,0,0,0,0
112.83,20,0,0,1,0,0,0,0,0,0,0,0,1,0,0,0,0,0
22.25,21,3,0,0,0,1,0,0,0,0,0,0,0,1,0,0,0,0
27.46,13,2,0,0,1,0,0,0,0,1,0,0,0,0,0,0,0,0
78.81,18,4,0,1,0,0,0,0,0,0,0,0,0,0,1,0,0,0
281.87,21,3,0,1,0,0,0,0,0,0,0,0,0,0,1,0,0,0
42.27,8,3,0,1,0,0,0,0,0,0,0,0,0,0,0,1,0,0
8.14,8,0,0,0,0,0,1,0,0,1,0,0,0,0,0,0,0,0
38.52,13,6,1,0,0,0,1,0,0,0,0,0,0,0,0,0,1,0
14.99,7,0,0,0,0,1,0,0,0,0,0,0,0,0,0,1,0,0
35.82,22,2,0,0,0,0,1,0,0,0,0,0,0,0,0,1,0,0
25.93,9,1,0,0,0,0,1,0,0,1,0,0,0,0,0,0,0,0
6.08,19,1,0,0,0,0,0,0,1,1,0,0,0,0,0,0,0,0
29.47,19,0,0,0,1,0,0,0,0,1,0,0,0,0,0,0,0,0
10.84,13,5,1,1,0,0,0,0,0,1,0,0,0,0,0,0,0,0
183.97,17,2,0,0,0,0,0,0,1,0,0,0,1,0,0,0,0,0
21.14,22,5,1,1,0,0,0,0,0,0,0,0,0,0,0,1,0,0
119.24,18,4,0,0,0,1,0,0,0,0,0,0,1,0,0,0,0,0
33.23,22,6,1,1,0,0,0,0,0,0,0,0,0,1,0,0,0,0
57.77,19,0,0,0,0,0,1,0,0,0,0,0,1,0,0,0,0,0
34.03,10,5,1,1,0,0,0,0,0,0,0,0,0,0,0,0,1,0
529.36,2,0,0,0,0,1,0,0,0,1,0,0,0,0,0,0,0,1
30.64,13,1,0,0,1,0,0,0,0,0,0,0,0,0,0,1,0,0
26.31,11,1,0,1,0,0,0,0,0,0,0,0,0,0,0,1,0,0
3.18,12,1,0,1,0,0,0,0,0,0,1,0,0,0,0,0,0,0
3.68,13,0,0,1,0,0,0,0,0,0,1,0,0,0,0,0,0,0
2.2,13,0,0,0,0,0,0,0,1,0,1,0,0,0,0,0,0,0
70.87,6,1,0,1,0,0,0,0,0,0,0,0,0,1,0,0,0,0
71.89,0,0,0,0,0,0,0,0,1,1,0,0,0,0,0,0,0,1
27.18,11,4,0,0,0,0,0,0,1,0,0,0,0,0,0,0,1,0
70.02,11,2,0,0,1,0,0,0,0,0,0,0,1,0,0,0,0,0
205.75,15,5,1,0,0,0,0,1,0,0,0,0,0,0,1,0,0,0
112.5,6,5,1,1,0,0,0,0,0,0,0,0,0,0,1,0,0,0
5.8,17,2,0,1,0,0,0,0,0,0,1,0,0,0,0,0,0,0
37.81,10,4,0,0,1,0,0,0,0,0,0,0,0,0,0,1,0,0
19.15,17,3,0,0,1,0,0,0,0,0,0,0,0,0,0,1,0,0
8.34,23,1,0,0,0,1,0,0,0,1,0,0,0,0,0,0,0,0
5.32,18,6,1,1,0,0,0,0,0,0,1,0,0,0,0,0,0,0
17.79,9,1,0,0,0,0,0,0,1,1,0,0,0,0,0,0,0,0
119.34,15,2,0,0,1,0,0,0,0,0,0,0,0,1,0,0,0,0
11.15,11,0,0,0,0,0,0,0,1,0,0,0,0,0,0,1,0,0
76.42,7,2,0,0,0,0,0,1,0,0,0,1,0,0,0,0,0,0
1090.09,3,1,0,0,1,0,0,0,0,0,0,1,0,0,0,0,0,1
32.71,19,2,0,0,0,0,0,0,1,0,0,0,0,0,0,0,1,0
391.31,2,3,0,0,0,0,0,0,1,0,0,0,0,1,0,0,0,1
107.8,19,1,0,0,0,0,0,0,1,0,0,0,0,0,1,0,0,0
1583.41,2,2,0,0,0,0,0,0,1,0,0,0,0,0,0,1,0,1
38.81,11,4,0,1,0,0,0,0,0,0,0,0,0,0,0,0,1,0
36.42,9,3,0,1,0,0,0,0,0,0,0,0,0,0,0,0,1,0
89.07,22,0,0,0,0,0,0,0,1,0,0,0,0,1,0,0,0,0
111.63,18,1,0,0,0,0,0,0,1,0,0,0,1,0,0,0,0,0
23.16,21,5,1,0,0,0,0,0,1,1,0,0,0,0,0,0,0,0
73.8,17,6,1,0,0,0,0,0,1,0,0,1,0,0,0,0,0,0
36.63,19,6,1,0,1,0,0,0,0,0,0,0,0,0,0,1,0,0
152.51,17,6,1,0,0,0,0,0,1,0,0,0,0,0,1,0,0,0
76.03,23,0,0,0,0,1,0,0,0,0,0,0,0,1,0,0,0,0
173.44,20,4,0,1,0,0,0,0,0,0,0,0,0,0,1,0,0,0
57.16,13,5,1,0,1,0,0,0,0,0,0,0,0,0,1,0,0,0
254.56,9,5,1,1,0,0,0,0,0,0,0,0,0,0,1,0,0,0
33.48,10,0,0,0,1,0,0,0,0,0,0,0,0,0,0,0,1,0
34.99,14,4,0,1,0,0,0,0,0,1,0,0,0,0,0,0,0,0
131.3,14,4,0,0,0,0,0,0,1,0,0,0,0,0,1,0,0,0
25.15,9,4,0,0,1,0,0,0,0,1,0,0,0,0,0,0,0,0
77.31,13,1,0,0,0,0,1,0,0,0,0,1,0,0,0,0,0,0
8.86,8,2,0,0,0,0,0,1,0,0,0,0,0,0,0,0,1,0
30.87,23,1,0,1,0,0,0,0,0,0,0,0,1,0,0,0,0,0
174.93,22,0,0,1,0,0,0,0,0,0,0,0,1,0,0,0,0,0
59.35,12,6,1,0,1,0,0,0,0,0,0,1,0,0,0,0,0,0
36.51,18,4,0,0,0,0,0,0,1,0,0,0,0,0,0,0,1,0
11.93,11,1,0,1,0,0,0,0,0,0,0,1,0,0,0,0,0,0
29.81,21,1,0,1,0,0,0,0,0,0,0,0,0,0,0,0,1,0
33.58,9,3,0,0,1,0,0,0,0,0,0,0,0,0,0,1,0,0
18.63,23,4,0,1,0,0,0,0,0,0,0,0,0,0,0,0,1,0
2.34,14,6,1,1,0,0,0,0,0,0,1,0,0,0,0,0,0,0
30.17,15,4,0,0,0,0,0,0,1,1,0,0,0,0,0,0,0,0
2438.35,1,6,1,0,0,0,0,0,1,0,0,0,0,1,0,0,0,1
2702.45,10,3,0,0,0,0,0,0,1,0,0,0,1,0,0,0,0,1
106.6,15,6,1,0,0,0,0,0,1,0,0,0,0,1,0,0,0,0
7.41,8,0,0,0,1,0,0,0,0,0,0,0,0,0,0,0,1,0
29.88,23,4,0,1,0,0,0,0,0,0,0,0,0,0,0,0,1,0
3.23,9,1,0,1,0,0,0,0,0,0,1,0,0,0,0,0,0,0
2900.35,2,2,0,0,0,0,0,0,1,0,0,0,1,0,0,0,0,1
84.45,15,1,0,0,0,0,0,0,1,0,0,0,0,0,1,0,0,0
2509.69,4,4,0,0,1,0,0,0,0,0,0,0,0,0,1,0,0,1
35.74,11,4,0,0,0,0,0,0,1,0,0,0,0,0,0,0,1,0
2130.66,2,3,0,0,0,0,0,0,1,0,0,0,1,0,0,0,0,1
289.72,18,5,1,1,0,0,0,0,0,0,0,0,0,0,1,0,0,0
3.34,9,4,0,0,1,0,0,0,0,0,1,0,0,0,0,0,0,0
10.96,20,3,0,1,0,0,0,0,0,0,0,0,0,0,0,1,0,0
251.79,7,2,0,0,1,0,0,0,0,0,0,0,0,0,1,0,0,0
113.67,18,5,1,0,0,0,0,1,0,0,0,0,1,0,0,0,0,0
177.87,10,2,0,0,1,0,0,0,0,0,0,0,0,0,1,0,0,0
38.44,20,1,0,0,1,0,0,0,0,0,0,0,0,0,0,1,0,0
687.09,1,0,0,0,1,0,0,0,0,0,0,1,0,0,0,0,0,1
11.38,7,6,1,0,0,1,0,0,0,0,0,0,0,0,0,1,0,0
176.92,12,5,1,0,0,1,0,0,0,0,0,0,0,0,1,0,0,0
36.86,21,2,0,1,0,0,0,0,0,0,0,0,0,0,0,0,1,0
1037.91,0,3,0,0,0,1,0,0,0,0,0,1,0,0,0,0,0,1
914.64,9,5,1,0,0,0,1,0,0,0,0,0,0,1,0,0,0,1
6.47,6,1,0,0,0,0,0,1,0,0,0,0,0,0,0,0,1,0
37.84,23,2,0,0,0,1,0,0,0,0,0,0,0,0,0,1,0,0
50.78,21,5,1,1,0,0,0,0,0,0,0,1,0,0,0,0,0,0
74.49,14,1,0,1,0,0,0,0,0,0,0,1,0,0,0,0,0,0
93.75,23,1,0,1,0,0,0,0,0,0,0,0,0,1,0,0,0,0
3.99,10,5,1,0,1,0,0,0,0,0,1,0,0,0,0,0,0,0
4.75,21,3,0,0,1,0,0,0,0,0,1,0,0,0,0,0,0,0
601.15,11,3,0,0,0,0,1,0,0,0,0,1,0,0,0,0,0,1
79.81,16,0,0,0,0,0,0,0,1,0,0,1,0,0,0,0,0,0
4.89,9,0,0,0,0,0,0,0,1,0,1,0,0,0,0,0,0,0
24.51,11,0,0,1,0,0,0,0,0,0,0,0,0,0,0,1,0,0
37.03,22,0,0,0,0,0,0,1,0,0,0,0,0,0,0,1,0,0
28.42,23,5,1,0,1,0,0,0,0,1,0,0,0,0,0,0,0,0
5.27,20,1,0,1,0,0,0,0,0,1,0,0,0,0,0,0,0,0
116.42,12,2,0,1,0,0,0,0,0,0,0,0,0,1,0,0,0,0
85.42,20,0,0,0,0,0,0,0,1,0,0,0,0,1,0,0,0,0
120.27,22,1,0,0,0,0,0,0,1,0,0,0,0,0,1,0,0,0
30.81,23,3,0,0,0,0,0,0,1,0,0,0,0,0,0,0,1,0
4.42,21,3,0,0,1,0,0,0,0,0,1,0,0,0,0,0,0,0
789.41,0,3,0,0,0,0,0,0,1,0,0,0,1,0,0,0,0,1
8.39,23,5,1,0,0,0,0,0,1,1,0,0,0,0,0,0,0,0
29.78,12,2,0,0,0,0,1,0,0,0,0,1,0,0,0,0,0,0
3.86,10,1,0,0,0,0,0,0,1,0,1,0,0,0,0,0,0,0
4.66,7,5,1,0,1,0,0,0,0,0,1,0,0,0,0,0,0,0
93.88,23,4,0,1,0,0,0,0,0,0,0,0,0,0,1,0,0,0
207.76,9,5,1,0,0,0,0,0,1,0,0,0,0,0,1,0,0,0
29.41,15,4,0,1,0,0,0,0,0,0,0,1,0,0,0,0,0,0
17.62,17,6,1,0,0,1,0,0,0,0,0,0,0,0,0,1,0,0
19.8,13,4,0,1,0,0,0,0,0,0,0,0,0,0,0,0,1,0
20.44,15,3,0,0,0,0,0,0,1,0,0,1,0,0,0,0,0,0
44.62,8,4,0,0,0,0,1,0,0,0,0,1,0,0,0,0,0,0
26.51,15,4,0,1,0,0,0,0,0,0,0,0,0,0,1,0,0,0
7.21,23,6,1,1,0,0,0,0,0,0,0,0,0,0,0,0,1,0
44.78,14,2,0,0,1,0,0,0,0,0,0,0,0,1,0,0,0,0
15.39,23,3,0,0,0,0,0,0,1,0,0,0,1,0,0,0,0,0
92.47,10,1,0,0,0,0,1,0,0,0,0,0,0,1,0,0,0,0
36.34,18,5,1,0,1,0,0,0,0,0,0,0,0,0,0,0,1,0
3.33,17,6,1,0,1,0,0,0,0,0,1,0,0,0,0,0,0,0
93.2,6,6,1,0,0,1,0,0,0,0,0,0,0,1,0,0,0,0
10.97,23,3,0,0,0,1,0,0,0,0,0,0,0,0,0,0,1,0
196.81,16,0,0,1,0,0,0,0,0,0,0,0,1,0,0,0,0,0
39.64,19,5,1,0,0,0,0,0,1,0,0,0,0,0,0,0,1,0
39.06,10,3,0,0,0,0,1,0,0,0,0,0,0,0,0,1,0,0
55.82,11,6,1,0,0,0,0,0,1,0,0,0,1,0,0,0,0,0
42.45,10,4,0,1,0,0,0,0,0,0,0,0,0,0,0,1,0,0
251.85,23,5,1,0,1,0,0,0,0,0,0,0,0,0,1,0,0,0
100.12,7,0,0,0,0,0,1,0,0,0,0,0,0,1,0,0,0,0
34.74,23,1,0,0,0,0,0,1,0,0,0,0,0,0,1,0,0,0
34.79,14,6,1,0,0,0,0,1,0,1,0,0,0,0,0,0,0,0
13.7,19,2,0,0,0,1,0,0,0,1,0,0,0,0,0,0,0,0
180.02,22,6,1,1,0,0,0,0,0,0,0,0,1,0,0,0,0,0
38.94,22,2,0,0,0,0,0,0,1,0,0,0,1,0,0,0,0,0
10.19,19,5,1,1,0,0,0,0,0,0,0,0,0,0,0,1,0,0
165.08,6,3,0,1,0,0,0,0,0,0,0,0,1,0,0,0,0,0
16.96,22,5,1,1,0,0,0,0,0,0,0,1,0,0,0,0,0,0
1739.57,8,2,0,0,1,0,0,0,0,0,0,0,0,0,1,0,0,1
278.67,10,1,0,0,1,0,0,0,0,0,0,0,0,0,1,0,0,0
4.16,16,5,1,0,1,0,0,0,0,0,1,0,0,0,0,0,0,0
145.37,8,6,1,0,0,0,0,0,1,0,0,0,0,0,1,0,0,0
56.48,11,3,0,1,0,0,0,0,0,0,0,0,0,1,0,0,0,0
5.79,14,0,0,0,1,0,0,0,0,0,1,0,0,0,0,0,0,0
24.11,17,0,0,0,0,0,0,0,1,1,0,0,0,0,0,0,0,0
52.06,8,1,0,1,0,0,0,0,0,0,0,0,0,0,1,0,0,0
5.44,9,5,1,0,0,0,1,0,0,0,1,0,0,0,0,0,0,0
18.33,18,3,0,0,0,1,0,0,0,0,0,0,0,0,0,1,0,0
63.05,6,3,0,0,1,0,0,0,0,0,0,0,1,0,0,0,0,0
21.38,17,4,0,0,1,0,0,0,0,0,0,0,0,0,1,0,0,0
792.98,1,2,0,0,0,0,0,0,1,0,0,0,0,0,0,1,0,1
1257.19,3,6,1,0,0,0,0,0,1,0,0,0,1,0,0,0,0,1
3.0,6,2,0,1,0,0,0,0,0,0,1,0,0,0,0,0,0,0
2.0,9,6,1,1,0,0,0,0,0,0,1,0,0,0,0,0,0,0
24.45,4,4,0,0,0,0,0,0,1,0,0,0,0,0,0,0,1,1
501.94,1,6,1,0,0,0,0,0,1,0,0,0,0,1,0,0,0,1
5.71,23,2,0,0,1,0,0,0,0,1,0,0,0,0,0,0,0,0
10.56,6,0,0,1,0,0,0,0,0,0,0,0,0,1,0,0,0,0
45.62,17,4,0,1,0,0,0,0,0,0,0,0,0,0,0,1,0,0
510.65,20,0,0,0,1,0,0,0,0,0,1,0,0,0,0,0,0,1
38.41,18,4,0,0,0,0,0,1,0,0,0,0,0,1,0,0,0,0
6.3,7,3,0,1,0,0,0,0,0,0,0,0,0,0,0,0,1,0
2.18,12,5,1,0,1,0,0,0,0,0,1,0,0,0,0,0,0,0
29.93,22,5,1,0,1,0,0,0,0,0,0,0,0,0,0,1,0,0
78.49,17,5,1,0,0,1,0,0,0,0,0,0,0,1,0,0,0,0
581.93,4,4,0,1,0,0,0,0,0,1,0,0,0,0,0,0,0,1
596.3,9,0,0,0,0,0,0,0,1,0,0,0,0,0,0,0,1,1
156.47,10,3,0,1,0,0,0,0,0,0,0,0,0,0,1,0,0,0
31.36,15,5,1,1,0,0,0,0,0,1,0,0,0,0,0,0,0,0
83.78,18,6,1,1,0,0,0,0,0,0,0,0,1,0,0,0,0,0
90.57,15,5,1,0,0,0,0,0,1,0,0,0,0,1,0,0,0,0
4.39,17,1,0,0,0,0,1,0,0,0,1,0,0,0,0,0,0,0
20.48,20,3,0,0,1,0,0,0,0,0,0,0,0,0,0,0,1,0
52.43,14,3,0,1,0,0,0,0,0,0,0,1,0,0,0,0,0,0
5.51,6,2,0,0,1,0,0,0,0,0,1,0,0,0,0,0,0,0
24.14,6,2,0,1,0,0,0,0,0,1,0,0,0,0,0,0,0,0
7.28,22,5,1,1,0,0,0,0,0,1,0,0,0,0,0,0,0,0
1.9,16,1,0,0,0,1,0,0,0,0,1,0,0,0,0,0,0,0
70.89,18,4,0,0,0,0,0,1,0,0,0,1,0,0,0,0,0,0
36.33,7,5,1,0,1,0,0,0,0,0,0,0,0,0,0,1,0,0
225.87,12,5,1,0,0,0,1,0,0,0,0,0,0,0,1,0,0,0
59.02,12,3,0,0,1,0,0,0,0,0,0,1,0,0,0,0,0,0
7.48,15,3,0,0,0,0,0,1,0,0,0,0,0,0,0,0,1,0
74.68,11,5,1,0,0,0,0,0,1,0,0,0,0,1,0,0,0,0
24.86,20,4,0,1,0,0,0,0,0,0,0,0,0,0,0,0,1,0
65.84,17,2,0,0,0,1,0,0,0,0,0,1,0,0,0,0,0,0
58.4,17,1,0,0,0,0,0,1,0,0,0,0,0,1,0,0,0,0
9.32,21,1,0,0,1,0,0,0,0,1,0,0,0,0,0,0,0,0
39.91,19,5,1,1,0,0,0,0,0,0,0,0,0,0,0,0,1,0
32.98,19,6,1,1,0,0,0,0,0,1,0,0,0,0,0,0,0,0
36.63,12,6,1,0,1,0,0,0,0,0,0,0,0,0,0,1,0,0
35.17,23,5,1,0,0,0,0,0,1,0,0,0,0,0,0,0,1,0
23.46,17,6,1,0,0,0,0,0,1,0,0,0,1,0,0,0,0,0
29.73,12,0,0,0,1,0,0,0,0,0,0,0,0,0,0,0,1,0
4.07,19,5,1,0,1,0,0,0,0,0,1,0,0,0,0,0,0,0
27.56,17,1,0,1,0,0,0,0,0,1,0,0,0,0,0,0,0,0
219.15,20,1,0,0,1,0,0,0,0,0,0,0,0,0,1,0,0,0
21.52,19,2,0,0,0,1,0,0,0,0,0,0,0,0,0,1,0,0
198.44,7,5,1,0,0,0,0,0,1,0,0,0,1,0,0,0,0,0
67.17,22,4,0,0,1,0,0,0,0,0,0,1,0,0,0,0,0,0
16.44,18,1,0,0,0,0,0,1,0,1,0,0,0,0,0,0,0,0
16.44,13,5,1,1,0,0,0,0,0,1,0,0,0,0,0,0,0,0
37.67,23,2,0,1,0,0,0,0,0,0,0,0,0,0,0,0,1,0
153.35,7,5,1,0,0,0,0,0,1,0,0,0,1,0,0,0,0,0
21.13,21,3,0,0,0,0,0,0,1,1,0,0,0,0,0,0,0,0
31.32,14,2,0,0,0,1,0,0,0,1,0,0,0,0,0,0,0,0
76.48,13,5,1,1,0,0,0,0,0,0,0,0,0,1,0,0,0,0
146.9,17,1,0,0,0,0,0,0,1,0,0,0,1,0,0,0,0,0
72.4,11,2,0,1,0,0,0,0,0,0,0,1,0,0,0,0,0,0
1208.38,4,4,0,0,0,0,0,0,1,0,0,0,0,0,0,1,0,1
109.84,21,2,0,0,0,0,0,0,1,0,0,0,0,1,0,0,0,0
197.85,10,4,0,0,1,0,0,0,0,0,0,0,1,0,0,0,0,0
27.89,15,2,0,0,0,1,0,0,0,0,0,0,0,0,0,1,0,0
4.77,21,2,0,0,0,0,0,1,0,0,1,0,0,0,0,0,0,0
126.11,6,1,0,0,1,0,0,0,0,0,0,0,1,0,0,0,0,0
20.3,11,2,0,1,0,0,0,0,0,0,0,0,0,0,0,0,1,0
121.34,20,4,0,1,0,0,0,0,0,0,0,0,0,0,1,0,0,0
11.46,18,5,1,1,0,0,0,0,0,0,0,0,0,0,0,1,0,0
1746.26,4,4,0,0,1,0,0,0,0,0,0,0,0,0,1,0,0,1
508.99,3,1,0,0,0,0,0,0,1,0,0,1,0,0,0,0,0,1
197.92,20,3,0,0,0,0,0,1,0,0,0,0,1,0,0,0,0,0
153.81,22,2,0,1,0,0,0,0,0,0,0,0,1,0,0,0,0,0
59.62,8,1,0,0,1,0,0,0,0,0,0,1,0,0,0,0,0,0
171.1,15,6,1,0,0,0,0,0,1,0,0,0,0,0,1,0,0,0
131.66,1,0,0,0,0,0,0,0,1,0,0,0,0,0,0,0,1,1
31.36,14,1,0,1,0,0,0,0,0,0,0,0,0,0,0,0,1,0
37.07,7,3,0,1,0,0,0,0,0,0,0,0,0,0,0,0,1,0
64.19,20,2,0,0,0,0,1,0,0,0,0,1,0,0,0,0,0,0
15.05,15,5,1,0,0,0,0,0,1,1,0,0,0,0,0,0,0,0
2.83,21,4,0,0,1,0,0,0,0,0,1,0,0,0,0,0,0,0
59.51,20,1,0,0,0,1,0,0,0,0,0,0,1,0,0,0,0,0
163.62,20,6,1,1,0,0,0,0,0,0,0,0,0,0,1,0,0,0
26.87,23,3,0,0,1,0,0,0,0,0,0,0,0,0,0,0,1,0
75.19,20,3,0,1,0,0,0,0,0,0,0,1,0,0,0,0,0,0
27.82,7,2,0,0,1,0,0,0,0,1,0,0,0,0,0,0,0,0
2195.83,3,1,0,0,0,0,0,1,0,0,0,0,1,0,0,0,0,1
78.69,11,0,0,0,1,0,0,0,0,0,0,1,0,0,0,0,0,0
3.88,23,5,1,0,1,0,0,0,0,0,1,0,0,0,0,0,0,0
17.08,21,0,0,0,0,0,0,0,1,1,0,0,0,0,0,0,0,0
72.73,17,5,1,0,1,0,0,0,0,0,0,0,1,0,0,0,0,0
15.67,9,2,0,1,0,0,0,0,0,0,0,0,0,0,0,0,1,0
147.77,12,2,0,0,0,1,0,0,0,0,0,0,0,0,1,0,0,0
261.09,19,5,1,0,0,1,0,0,0,0,0,0,0,0,1,0,0,0
62.86,21,3,0,1,0,0,0,0,0,0,0,0,1,0,0,0,0,0
23.68,22,1,0,0,1,0,0,0,0,0,0,0,0,0,1,0,0,0
53.42,13,0,0,0,0,0,0,0,1,0,0,0,0,0,0,1,0,0
23.95,21,0,0,1,0,0,0,0,0,0,0,0,0,1,0,0,0,0
85.28,16,4,0,0,0,0,0,1,0,0,0,0,1,0,0,0,0,0
1293.4,4,4,0,0,0,0,0,1,0,0,0,0,0,1,0,0,0,1
76.67,6,3,0,0,0,0,0,1,0,0,0,1,0,0,0,0,0,0
127.44,21,3,0,0,1,0,0,0,0,0,0,0,1,0,0,0,0,0
29.47,18,5,1,1,0,0,0,0,0,1,0,0,0,0,0,0,0,0
50.35,13,5,1,1,0,0,0,0,0,0,0,0,0,0,0,1,0,0
1244.3,10,2,0,0,0,1,0,0,0,0,0,0,0,1,0,0,0,1
31.68,15,1,0,1,0,0,0,0,0,1,0,0,0,0,0,0,0,0
1843.75,14,0,0,0,0,0,0,0,1,0,0,0,0,0,0,1,0,1
261.84,15,2,0,1,0,0,0,0,0,0,0,0,0,0,1,0,0,0
74.53,23,5,1,0,0,0,0,0,1,0,0,1,0,0,0,0,0,0
113.15,16,6,1,1,0,0,0,0,0,0,0,0,0,1,0,0,0,0
1740.11,21,4,0,1,0,0,0,0,0,0,0,0,0,1,0,0,0,1
30.3,20,0,0,0,0,0,0,1,0,1,0,0,0,0,0,0,0,0
98.77,15,0,0,0,0,0,0,1,0,0,0,0,0,1,0,0,0,0
38.76,22,5,1,1,0,0,0,0,0,0,0,0,0,0,0,0,1,0
28.9,9,6,1,0,1,0,0,0,0,0,0,0,0,0,1,0,0,0
18.65,19,0,0,1,0,0,0,0,0,0,0,0,0,0,0,1,0,0
4.62,19,2,0,1,0,0,0,0,0,0,1,0,0,0,0,0,0,0
2.25,19,4,0,0,1,0,0,0,0,0,1,0,0,0,0,0,0,0
53.19,19,6,1,0,0,1,0,0,0,0,0,0,0,0,0,1,0,0
55.49,13,2,0,0,1,0,0,0,0,0,0,0,0,0,0,1,0,0
5.88,21,0,0,0,1,0,0,0,0,0,1,0,0,0,0,0,0,0
120.78,16,4,0,0,0,0,0,0,1,0,0,0,1,0,0,0,0,0
26.34,20,0,0,1,0,0,0,0,0,0,0,0,0,0,0,0,1,0
96.82,18,4,0,0,1,0,0,0,0,0,0,0,1,0,0,0,0,0
320.03,13,3,0,0,0,0,0,0,1,0,1,0,0,0,0,0,0,1
29.67,15,1,0,0,0,0,0,0,1,0,0,0,1,0,0,0,0,0
35.64,14,2,0,0,0,0,0,0,1,0,0,0,0,0,0,0,1,0
151.56,10,6,1,0,0,0,1,0,0,0,0,0,1,0,0,0,0,0
1989.05,3,2,0,0,0,0,0,0,1,0,0,0,0,0,1,0,0,1
4.38,22,0,0,1,0,0,0,0,0,0,1,0,0,0,0,0,0,0
131.86,9,2,0,0,0,0,1,0,0,0,0,0,1,0,0,0,0,0
62.17,14,3,0,1,0,0,0,0,0,0,0,1,0,0,0,0,0,0
1235.16,14,1,0,0,1,0,0,0,0,0,0,0,0,1,0,0,0,1
36.08,13,1,0,1,0,0,0,0,0,0,0,0,0,0,0,0,1,0
5.38,6,0,0,0,0,0,0,0,1,0,1,0,0,0,0,0,0,0
79.47,12,6,1,1,0,0,0,0,0,0,0,0,1,0,0,0,0,0
255.21,9,4,0,1,0,0,0,0,0,0,0,0,0,0,1,0,0,0
505.86,4,2,0,1,0,0,0,0,0,0,1,0,0,0,0,0,0,1
940.54,4,1,0,0,0,0,0,0,1,0,0,1,0,0,0,0,0,1
16.37,14,2,0,1,0,0,0,0,0,0,0,1,0,0,0,0,0,0
42.03,22,1,0,1,0,0,0,0,0,0,0,1,0,0,0,0,0,0
96.4,18,2,0,0,0,0,1,0,0,0,0,0,0,1,0,0,0,0
10.67,6,6,1,1,0,0,0,0,0,1,0,0,0,0,0,0,0,0
47.48,8,2,0,1,0,0,0,0,0,0,0,0,0,0,0,1,0,0
10.52,21,5,1,0,0,0,1,0,0,0,0,0,0,0,0,1,0,0
837.07,0,2,0,0,0,0,0,0,1,0,0,1,0,0,0,0,0,1
5.33,16,1,0,1,0,0,0,0,0,0,0,0,0,0,0,0,1,0
163.58,22,3,0,0,0,1,0,0,0,0,0,0,0,0,1,0,0,0
111.1,23,5,1,0,0,0,0,0,1,0,0,0,0,1,0,0,0,0
33.23,14,0,0,0,0,0,0,1,0,0,0,0,1,0,0,0,0,0
58.87,13,4,0,1,0,0,0,0,0,0,0,0,0,0,0,1,0,0
799.73,0,0,0,0,0,0,1,0,0,1,0,0,0,0,0,0,0,1
970.64,3,3,0,0,0,0,0,0,1,0,0,0,0,0,0,1,0,1
74.12,9,5,1,1,0,0,0,0,0,0,0,1,0,0,0,0,0,0
220.39,11,3,0,0,0,0,0,1,0,0,0,0,0,0,1,0,0,0
114.83,12,4,0,1,0,0,0,0,0,0,0,0,0,1,0,0,0,0
91.42,8,0,0,0,1,0,0,0,0,0,0,0,0,1,0,0,0,0
103.45,15,5,1,0,0,0,0,1,0,0,0,0,0,1,0,0,0,0
119.18,18,5,1,0,1,0,0,0,0,0,0,0,1,0,0,0,0,0
114.64,20,1,0,0,1,0,0,0,0,0,0,0,0,1,0,0,0,0
48.13,12,2,0,0,1,0,0,0,0,0,0,1,0,0,0,0,0,0
30.99,9,5,1,1,0,0,0,0,0,1,0,0,0,0,0,0,0,0
188.36,23,2,0,0,0,1,0,0,0,0,0,0,0,0,1,0,0,0
39.22,20,1,0,1,0,0,0,0,0,0,0,0,0,0,0,0,1,0
23.22,11,2,0,1,0,0,0,0,0,0,0,1,0,0,0,0,0,0
34.69,18,4,0,0,0,0,0,0,1,0,0,0,0,0,0,0,1,0
21.11,11,3,0,1,0,0,0,0,0,0,0,0,0,0,0,1,0,0
20.99,22,3,0,0,0,1,0,0,0,0,0,0,0,0,0,1,0,0
55.89,22,3,0,0,1,0,0,0,0,0,0,0,0,0,0,1,0,0
3.42,12,0,0,1,0,0,0,0,0,0,1,0,0,0,0,0,0,0
19.63,23,1,0,0,0,0,0,0,1,0,0,0,0,0,0,0,1,0
4.8,23,6,1,0,0,0,0,0,1,0,1,0,0,0,0,0,0,0
35.87,23,1,0,0,0,0,0,1,0,0,0,0,0,1,0,0,0,0
135.77,8,3,0,1,0,0,0,0,0,0,0,0,1,0,0,0,0,0
133.21,1,1,0,0,0,0,0,0,1,0,0,0,0,0,0,0,1,1
36.7,10,0,0,0,0,0,0,0,1,0,0,0,1,0,0,0,0,0
170.75,7,3,0,0,1,0,0,0,0,0,0,0,1,0,0,0,0,0
162.58,3,0,0,0,0,0,0,0,1,0,0,0,0,0,0,1,0,1
99.47,6,3,0,1,0,0,0,0,0,0,0,0,0,1,0,0,0,0
3.83,19,6,1,0,0,0,0,0,1,0,1,0,0,0,0,0,0,0
20.29,11,3,0,0,0,0,0,0,1,0,0,0,0,0,0,0,1,0
20.35,8,6,1,0,0,0,0,0,1,0,0,0,0,0,0,1,0,0
125.29,21,1,0,1,0,0,0,0,0,0,0,0,0,0,1,0,0,0
33.22,17,0,0,0,0,1,0,0,0,0,0,0,0,0,0,0,1,0
53.45,11,3,0,1,0,0,0,0,0,0,0,0,1,0,0,0,0,0
91.5,20,0,0,1,0,0,0,0,0,0,0,0,1,0,0,0,0,0
18.43,20,6,1,0,0,1,0,0,0,1,0,0,0,0,0,0,0,0
104.23,16,5,1,0,0,0,0,1,0,0,0,0,0,1,0,0,0,0
2.96,18,5,1,0,0,0,0,0,1,0,1,0,0,0,0,0,0,0
119.59,11,6,1,0,0,0,0,0,1,0,0,0,1,0,0,0,0,0
68.66,22,2,0,0,1,0,0,0,0,0,0,0,1,0,0,0,0,0
96.71,20,1,0,1,0,0,0,0,0,0,0,0,1,0,0,0,0,0
66.05,23,1,0,1,0,0,0,0,0,0,0,1,0,0,0,0,0,0
149.37,7,4,0,0,1,0,0,0,0,0,0,0,0,0,1,0,0,0
286.21,7,3,0,0,1,0,0,0,0,0,0,0,0,0,1,0,0,0
54.57,16,3,0,1,0,0,0,0,0,0,0,1,0,0,0,0,0,0
32.3,21,0,0,1,0,0,0,0,0,0,0,0,0,0,0,0,1,0
265.64,17,4,0,0,0,0,0,0,1,0,0,0,0,0,1,0,0,0
12.76,21,0,0,0,1,0,0,0,0,0,0,0,0,0,0,0,1,0
133.57,16,5,1,0,0,0,0,0,1,0,0,0,1,0,0,0,0,0
1.92,6,0,0,1,0,0,0,0,0,0,1,0,0,0,0,0,0,0
25.39,9,1,0,1,0,0,0,0,0,0,0,0,0,0,0,0,1,0
37.13,13,2,0,1,0,0,0,0,0,0,0,1,0,0,0,0,0,0
40.43,21,4,0,0,1,0,0,0,0,0,0,0,0,0,1,0,0,0
76.7,20,5,1,1,0,0,0,0,0,0,0,1,0,0,0,0,0,0
142.37,6,3,0,1,0,0,0,0,0,0,0,0,1,0,0,0,0,0
761.21,0,5,1,0,0,0,0,0,1,0,0,0,1,0,0,0,0,1
242.41,6,4,0,0,1,0,0,0,0,0,0,0,0,0,1,0,0,0
146.72,16,1,0,0,0,0,0,0,1,0,0,0,1,0,0,0,0,0
32.71,20,3,0,0,1,0,0,0,0,0,0,0,0,0,0,1,0,0
5.63,20,4,0,1,0,0,0,0,0,0,0,0,0,0,0,1,0,0
215.26,12,0,0,1,0,0,0,0,0,0,0,0,0,0,1,0,0,0
290.82,18,6,1,0,0,0,0,0,1,0,0,0,0,0,1,0,0,0
4.68,8,4,0,0,0,1,0,0,0,0,1,0,0,0,0,0,0,0
4.65,10,6,1,0,0,0,0,0,1,0,1,0,0,0,0,0,0,0
8.72,18,3,0,1,0,0,0,0,0,0,0,0,0,0,0,0,1,0
4.99,23,0,0,0,0,1,0,0,0,0,1,0,0,0,0,0,0,0
64.45,15,2,0,0,1,0,0,0,0,0,0,1,0,0,0,0,0,0
5.08,21,0,0,1,0,0,0,0,0,0,1,0,0,0,0,0,0,0
43.81,19,5,1,1,0,0,0,0,0,0,0,0,0,1,0,0,0,0
4.69,15,4,0,0,0,0,1,0,0,0,1,0,0,0,0,0,0,0
36.45,23,4,0,1,0,0,0,0,0,0,0,0,0,0,0,0,1,0
24.56,20,4,0,0,0,0,0,0,1,1,0,0,0,0,0,0,0,0
4025.14,9,0,0,0,0,0,0,0,1,0,0,0,0,0,1,0,0,1
4.91,8,0,0,0,0,0,0,0,1,0,1,0,0,0,0,0,0,0
71.97,19,1,0,0,0,0,0,0,1,0,0,0,0,0,1,0,0,0
166.01,23,2,0,0,0,0,1,0,0,0,0,0,1,0,0,0,0,0
273.32,22,1,0,1,0,0,0,0,0,0,0,0,0,0,1,0,0,0
17.75,15,3,0,0,1,0,0,0,0,0,0,0,0,0,0,0,1,0
4.49,18,6,1,1,0,0,0,0,0,0,1,0,0,0,0,0,0,0
23.8,22,1,0,0,0,1,0,0,0,0,0,0,0,0,0,0,1,0
27.95,19,1,0,0,0,0,0,0,1,0,0,0,0,1,0,0,0,0
251.15,6,3,0,0,0,0,0,0,1,0,0,0,0,0,1,0,0,0
29.71,22,3,0,0,0,0,1,0,0,1,0,0,0,0,0,0,0,0
35.47,23,3,0,1,0,0,0,0,0,0,0,0,0,0,0,0,1,0
27.87,20,0,0,1,0,0,0,0,0,1,0,0,0,0,0,0,0,0
28.32,22,3,0,0,0,0,0,0,1,1,0,0,0,0,0,0,0,0
7.35,8,3,0,1,0,0,0,0,0,0,0,0,0,0,0,0,1,0
46.52,11,6,1,1,0,0,0,0,0,0,0,0,0,0,0,1,0,0
34.95,18,0,0,1,0,0,0,0,0,0,0,0,0,0,0,0,1,0
164.34,0,2,0,0,0,0,0,0,1,0,0,0,0,0,0,1,0,1
188.68,17,4,0,0,0,0,0,1,0,0,0,0,0,0,1,0,0,0
110.7,11,3,0,1,0,0,0,0,0,0,0,0,1,0,0,0,0,0
42.89,9,4,0,0,0,1,0,0,0,0,0,0,0,1,0,0,0,0
38.59,22,6,1,0,1,0,0,0,0,0,0,0,0,0,0,0,1,0
92.93,9,5,1,0,0,1,0,0,0,0,0,0,1,0,0,0,0,0
5.16,18,6,1,0,0,0,0,0,1,1,0,0,0,0,0,0,0,0
2333.0,12,1,0,0,0,1,0,0,0,0,0,0,1,0,0,0,0,1
24.84,13,5,1,0,0,0,0,1,0,0,0,0,0,0,0,1,0,0
177.5,10,3,0,0,1,0,0,0,0,0,0,0,1,0,0,0,0,0
32.6,9,6,1,0,0,0,0,0,1,0,0,1,0,0,0,0,0,0
250.85,8,4,0,0,0,1,0,0,0,0,0,0,0,0,1,0,0,0
42.05,9,2,0,1,0,0,0,0,0,0,0,0,0,1,0,0,0,0
83.58,11,6,1,1,0,0,0,0,0,0,0,0,0,1,0,0,0,0
45.43,18,0,0,1,0,0,0,0,0,0,0,0,0,0,1,0,0,0
58.21,18,6,1,0,0,0,1,0,0,0,0,0,0,0,0,1,0,0
9.86,9,0,0,1,0,0,0,0,0,1,0,0,0,0,0,0,0,0
18.78,23,4,0,1,0,0,0,0,0,0,0,0,0,1,0,0,0,0
3.11,13,6,1,0,1,0,0,0,0,0,1,0,0,0,0,0,0,0
71.21,23,5,1,0,1,0,0,0,0,0,0,0,1,0,0,0,0,0
78.81,15,1,0,0,1,0,0,0,0,0,0,1,0,0,0,0,0,0
87.52,22,6,1,0,0,0,0,1,0,0,0,0,0,1,0,0,0,0
143.39,9,0,0,0,0,0,0,0,1,0,0,0,1,0,0,0,0,0
2328.01,0,6,1,0,1,0,0,0,0,0,0,0,1,0,0,0,0,1
41.65,9,4,0,0,1,0,0,0,0,0,0,0,0,0,0,1,0,0
829.28,1,6,1,0,0,0,0,0,1,1,0,0,0,0,0,0,0,1
79.5,17,1,0,0,0,1,0,0,0,0,0,1,0,0,0,0,0,0
23.46,21,3,0,0,0,0,0,0,1,1,0,0,0,0,0,0,0,0
4.53,8,3,0,1,0,0,0,0,0,0,1,0,0,0,0,0,0,0
245.37,2,2,0,0,0,0,0,0,1,0,0,0,0,0,0,1,0,1
33.79,19,5,1,1,0,0,0,0,0,0,0,0,0,0,0,0,1,0
15.93,11,6,1,1,0,0,0,0,0,0,0,0,1,0,0,0,0,0
12.49,8,5,1,1,0,0,0,0,0,0,0,0,0,0,0,0,1,0
121.67,7,4,0,1,0,0,0,0,0,0,0,0,1,0,0,0,0,0
130.88,13,5,1,0,1,0,0,0,0,0,0,0,0,0,1,0,0,0
37.06,10,2,0,1,0,0,0,0,0,0,0,0,0,0,0,0,1,0
25.25,8,6,1,1,0,0,0,0,0,0,0,0,0,0,0,1,0,0
12.42,10,6,1,1,0,0,0,0,0,0,0,1,0,0,0,0,0,0
31.0,7,0,0,0,1,0,0,0,0,0,0,0,0,0,0,0,1,0
45.98,10,4,0,0,1,0,0,0,0,0,0,0,0,0,0,1,0,0
299.22,7,0,0,0,0,1,0,0,0,0,0,0,0,0,1,0,0,0
106.86,6,5,1,0,0,0,0,0,1,0,0,0,0,1,0,0,0,0
4.06,20,1,0,0,0,0,0,1,0,0,1,0,0,0,0,0,0,0
49.36,23,0,0,0,0,0,1,0,0,0,0,0,0,0,0,1,0,0
17.01,7,5,1,0,0,1,0,0,0,1,0,0,0,0,0,0,0,0
13.04,13,6,1,1,0,0,0,0,0,0,0,0,0,0,0,1,0,0
20.65,8,5,1,0,0,1,0,0,0,0,0,0,1,0,0,0,0,0
1637.34,7,3,0,1,0,0,0,0,0,0,0,0,0,0,0,1,0,1
27.83,13,6,1,1,0,0,0,0,0,0,0,0,0,0,0,1,0,0
33.82,20,2,0,0,0,0,0,1,0,1,0,0,0,0,0,0,0,0
112.07,23,4,0,0,0,1,0,0,0,0,0,0,1,0,0,0,0,0
35.05,21,6,1,0,1,0,0,0,0,0,0,0,0,1,0,0,0,0
43.53,18,5,1,1,0,0,0,0,0,0,0,0,1,0,0,0,0,0
2.47,22,2,0,1,0,0,0,0,0,0,1,0,0,0,0,0,0,0
149.55,23,4,0,0,0,0,0,0,1,0,0,0,0,0,1,0,0,0
34.62,21,2,0,1,0,0,0,0,0,0,0,1,0,0,0,0,0,0
7.77,14,0,0,1,0,0,0,0,0,1,0,0,0,0,0,0,0,0
186.19,19,0,0,0,0,0,0,0,1,0,0,0,1,0,0,0,0,0
41.55,19,1,0,1,0,0,0,0,0,0,0,1,0,0,0,0,0,0
61.34,6,1,0,1,0,0,0,0,0,0,0,0,0,0,1,0,0,0
36.87,13,3,0,0,0,0,0,0,1,0,0,0,0,0,0,1,0,0
38.99,23,1,0,1,0,0,0,0,0,0,0,0,0,0,0,1,0,0
19.99,11,3,0,0,1,0,0,0,0,0,0,0,0,0,0,0,1,0
36.82,19,6,1,1,0,0,0,0,0,0,0,0,0,0,0,1,0,0
138.56,23,0,0,1,0,0,0,0,0,0,0,0,1,0,0,0,0,0
115.18,22,5,1,0,0,1,0,0,0,0,0,0,0,0,1,0,0,0
315.34,3,6,1,0,0,0,0,0,1,0,0,0,0,1,0,0,0,1
8.13,7,2,0,1,0,0,0,0,0,1,0,0,0,0,0,0,0,0
32.19,14,0,0,1,0,0,0,0,0,0,0,0,0,0,0,0,1,0
230.93,11,5,1,0,0,0,1,0,0,0,0,0,0,0,1,0,0,0
101.37,6,6,1,0,0,0,0,0,1,0,0,0,0,0,1,0,0,0
154.04,19,6,1,0,1,0,0,0,0,0,0,0,1,0,0,0,0,0
108.22,8,0,0,0,0,0,0,0,1,0,0,0,0,0,1,0,0,0
35.64,20,0,0,1,0,0,0,0,0,0,0,1,0,0,0,0,0,0
61.36,19,4,0,0,1,0,0,0,0,0,0,1,0,0,0,0,0,0
19.39,23,2,0,1,0,0,0,0,0,0,0,0,0,0,0,0,1,0
20.91,23,2,0,0,1,0,0,0,0,1,0,0,0,0,0,0,0,0
16.31,23,1,0,1,0,0,0,0,0,0,0,0,0,0,0,0,1,0
34.23,23,6,1,1,0,0,0,0,0,0,0,0,0,1,0,0,0,0
31.98,19,2,0,0,0,1,0,0,0,0,0,0,0,0,0,0,1,0
19.66,7,6,1,1,0,0,0,0,0,0,0,0,1,0,0,0,0,0
32.39,16,1,0,1,0,0,0,0,0,0,0,0,0,0,0,0,1,0
333.48,2,1,0,0,0,0,0,0,1,0,0,0,0,1,0,0,0,1
52.0,23,6,1,1,0,0,0,0,0,0,0,1,0,0,0,0,0,0
135.7,20,0,0,1,0,0,0,0,0,0,0,0,1,0,0,0,0,0
4800.18,1,6,1,0,0,0,0,1,0,0,0,0,0,0,1,0,0,1
13.42,6,5,1,0,0,0,0,0,1,1,0,0,0,0,0,0,0,0
131.51,21,4,0,0,1,0,0,0,0,0,0,0,0,0,1,0,0,0
1.73,21,2,0,0,1,0,0,0,0,0,1,0,0,0,0,0,0,0
3.16,9,0,0,0,0,0,0,1,0,0,1,0,0,0,0,0,0,0
14.54,10,1,0,0,0,0,0,0,1,0,0,0,0,0,0,1,0,0
5.25,21,5,1,0,0,1,0,0,0,0,1,0,0,0,0,0,0,0
22.28,9,2,0,0,1,0,0,0,0,0,0,0,0,1,0,0,0,0
91.27,10,2,0,1,0,0,0,0,0,0,0,0,0,0,1,0,0,0
99.46,1,6,1,0,0,0,0,0,1,1,0,0,0,0,0,0,0,1
50.53,16,0,0,1,0,0,0,0,0,0,0,1,0,0,0,0,0,0
1257.31,20,0,0,0,0,0,0,1,0,0,0,0,0,0,0,1,0,1
1.95,9,2,0,0,1,0,0,0,0,0,1,0,0,0,0,0,0,0
9.48,20,6,1,0,1,0,0,0,0,0,0,0,0,0,0,0,1,0
37.55,7,1,0,0,0,0,0,0,1,0,0,0,0,1,0,0,0,0
1762.03,1,0,0,1,0,0,0,0,0,0,0,0,0,1,0,0,0,1
56.6,19,2,0,1,0,0,0,0,0,0,0,0,0,1,0,0,0,0
2215.06,2,3,0,0,0,0,0,1,0,0,0,0,0,0,1,0,0,1
9.53,18,4,0,1,0,0,0,0,0,0,0,0,0,0,0,0,1,0
13.77,23,1,0,1,0,0,0,0,0,0,0,1,0,0,0,0,0,0
50.37,14,6,1,0,0,0,0,0,1,0,0,0,0,0,0,1,0,0
143.05,23,1,0,1,0,0,0,0,0,0,0,0,0,0,1,0,0,0
16.8,23,5,1,1,0,0,0,0,0,1,0,0,0,0,0,0,0,0
9.81,16,0,0,1,0,0,0,0,0,1,0,0,0,0,0,0,0,0
81.62,8,3,0,0,1,0,0,0,0,0,0,0,0,0,1,0,0,0
21.31,17,6,1,0,1,0,0,0,0,0,0,0,0,0,0,1,0,0
53.17,11,1,0,0,0,0,0,0,1,0,0,0,0,0,0,1,0,0
18.44,8,6,1,0,1,0,0,0,0,0,0,0,0,1,0,0,0,0
31.66,11,0,0,0,0,1,0,0,0,0,0,1,0,0,0,0,0,0
53.79,23,1,0,1,0,0,0,0,0,0,0,1,0,0,0,0,0,0
43.51,16,6,1,1,0,0,0,0,0,0,0,0,0,0,0,1,0,0
31.79,11,3,0,0,1,0,0,0,0,1,0,0,0,0,0,0,0,0
4.35,12,0,0,1,0,0,0,0,0,0,1,0,0,0,0,0,0,0
99.19,17,1,0,0,0,0,0,1,0,0,0,0,0,1,0,0,0,0
22.74,18,0,0,0,0,1,0,0,0,0,0,0,0,1,0,0,0,0
27.5,22,4,0,1,0,0,0,0,0,0,0,0,0,0,0,1,0,0
2.79,14,6,1,1,0,0,0,0,0,0,1,0,0,0,0,0,0,0
46.05,10,2,0,1,0,0,0,0,0,0,0,1,0,0,0,0,0,0
23.69,15,6,1,0,0,0,0,0,1,0,0,0,0,0,0,0,1,0
8.6,16,5,1,0,1,0,0,0,0,0,0,0,0,0,0,0,1,0
66.98,9,5,1,0,1,0,0,0,0,0,0,0,0,1,0,0,0,0
116.5,18,3,0,1,0,0,0,0,0,0,0,0,0,1,0,0,0,0
141.7,12,0,0,1,0,0,0,0,0,0,0,0,1,0,0,0,0,0
45.77,9,2,0,0,0,0,0,0,1,0,0,0,0,1,0,0,0,0
110.34,20,5,1,0,0,0,0,0,1,0,0,0,0,1,0,0,0,0
859.69,13,3,0,0,0,0,0,0,1,0,0,0,0,0,0,1,0,1
16.23,6,2,0,1,0,0,0,0,0,0,0,0,1,0,0,0,0,0
1652.58,1,4,0,1,0,0,0,0,0,0,0,0,0,0,0,1,0,1
17.84,16,0,0,0,1,0,0,0,0,0,0,0,0,0,0,1,0,0
24.39,16,0,0,1,0,0,0,0,0,0,0,1,0,0,0,0,0,0
33.88,14,1,0,0,0,1,0,0,0,0,0,0,0,0,0,0,1,0
104.53,17,4,0,0,0,0,1,0,0,0,0,0,0,0,1,0,0,0
110.81,6,0,0,1,0,0,0,0,0,0,0,0,0,0,1,0,0,0
230.96,10,0,0,1,0,0,0,0,0,0,0,0,0,0,1,0,0,0
18.31,19,2,0,0,0,0,0,0,1,1,0,0,0,0,0,0,0,0
42.37,18,5,1,1,0,0,0,0,0,0,0,0,0,0,0,1,0,0
25.28,22,5,1,0,0,1,0,0,0,0,0,0,0,0,0,0,1,0
872.94,22,2,0,1,0,0,0,0,0,0,0,0,0,0,0,0,1,1
133.82,16,5,1,0,1,0,0,0,0,0,0,0,1,0,0,0,0,0
4.34,21,6,1,0,0,0,1,0,0,0,1,0,0,0,0,0,0,0
58.55,11,0,0,0,0,0,1,0,0,0,0,0,0,0,1,0,0,0
30.08,12,2,0,0,0,1,0,0,0,0,0,0,0,1,0,0,0,0
92.14,13,6,1,1,0,0,0,0,0,0,0,0,0,0,1,0,0,0
26.45,19,5,1,0,0,0,0,0,1,0,0,0,0,0,0,1,0,0
249.38,17,0,0,0,0,0,0,0,1,0,0,0,0,0,1,0,0,0
48.31,10,3,0,1,0,0,0,0,0,0,0,0,0,0,0,1,0,0
184.97,14,5,1,1,0,0,0,0,0,0,0,0,1,0,0,0,0,0
34.79,11,0,0,0,0,1,0,0,0,1,0,0,0,0,0,0,0,0
190.59,21,4,0,1,0,0,0,0,0,0,0,0,1,0,0,0,0,0
30.32,23,5,1,0,0,0,0,0,1,0,0,1,0,0,0,0,0,0
18.95,22,0,0,0,1,0,0,0,0,0,0,0,1,0,0,0,0,0
54.72,11,5,1,0,0,0,0,0,1,0,0,0,1,0,0,0,0,0
41.22,20,5,1,1,0,0,0,0,0,0,0,0,0,0,0,1,0,0
43.69,14,0,0,1,0,0,0,0,0,0,0,1,0,0,0,0,0,0
46.91,10,2,0,0,0,1,0,0,0,0,0,1,0,0,0,0,0,0
34.11,14,2,0,0,0,1,0,0,0,1,0,0,0,0,0,0,0,0
1643.84,21,6,1,0,0,0,0,0,1,0,0,0,1,0,0,0,0,1
13.76,23,4,0,0,0,0,0,1,0,1,0,0,0,0,0,0,0,0
39.77,6,0,0,1,0,0,0,0,0,0,0,0,0,0,0,0,1,0
2.81,14,3,0,1,0,0,0,0,0,0,1,0,0,0,0,0,0,0
65.82,23,3,0,1,0,0,0,0,0,0,0,0,0,0,1,0,0,0
43.24,10,4,0,0,1,0,0,0,0,0,0,0,0,0,0,1,0,0
69.55,11,3,0,1,0,0,0,0,0,0,0,1,0,0,0,0,0,0
75.8,8,2,0,0,1,0,0,0,0,0,0,0,1,0,0,0,0,0
82.23,20,6,1,1,0,0,0,0,0,0,0,0,0,0,1,0,0,0
10.02,16,4,0,1,0,0,0,0,0,0,0,0,0,0,0,0,1,0
3.89,13,3,0,0,0,0,0,0,1,0,1,0,0,0,0,0,0,0
5.79,7,4,0,0,1,0,0,0,0,0,1,0,0,0,0,0,0,0
247.88,15,4,0,0,0,0,1,0,0,0,0,0,0,0,1,0,0,0
3.49,22,2,0,0,0,0,0,0,1,0,1,0,0,0,0,0,0,0
89.71,14,3,0,0,1,0,0,0,0,0,0,0,1,0,0,0,0,0
5.64,13,2,0,0,1,0,0,0,0,0,0,0,0,0,0,1,0,0
2.15,22,0,0,0,1,0,0,0,0,0,1,0,0,0,0,0,0,0
53.5,21,1,0,1,0,0,0,0,0,0,0,0,0,1,0,0,0,0
1.8,14,2,0,1,0,0,0,0,0,0,1,0,0,0,0,0,0,0
2.54,17,1,0,1,0,0,0,0,0,0,1,0,0,0,0,0,0,0
164.99,19,5,1,0,0,0,0,0,1,0,0,0,1,0,0,0,0,0
17.83,14,2,0,1,0,0,0,0,0,0,0,0,0,0,0,1,0,0
40.44,15,4,0,1,0,0,0,0,0,0,0,0,0,1,0,0,0,0
32.09,10,3,0,0,0,0,0,0,1,0,0,1,0,0,0,0,0,0
85.35,11,0,0,1,0,0,0,0,0,0,0,0,0,1,0,0,0,0
61.41,7,0,0,0,1,0,0,0,0,0,0,0,0,1,0,0,0,0
49.65,14,4,0,1,0,0,0,0,0,0,0,0,0,0,0,1,0,0
13.65,23,1,0,1,0,0,0,0,0,1,0,0,0,0,0,0,0,0
24.25,21,3,0,0,0,0,0,0,1,0,0,0,0,0,0,0,1,0
5.09,17,1,0,1,0,0,0,0,0,0,1,0,0,0,0,0,0,0
2.9,20,5,1,0,1,0,0,0,0,0,1,0,0,0,0,0,0,0
5.12,12,4,0,0,0,0,0,0,1,0,1,0,0,0,0,0,0,0
567.33,22,0,0,0,0,0,0,0,1,1,0,0,0,0,0,0,0,1
59.67,21,3,0,0,1,0,0,0,0,0,0,1,0,0,0,0,0,0
14.75,6,1,0,0,1,0,0,0,0,0,0,0,0,0,0,1,0,0
18.7,12,2,0,1,0,0,0,0,0,0,0,0,0,0,0,1,0,0
54.15,12,5,1,0,1,0,0,0,0,0,0,0,0,1,0,0,0,0
88.01,8,0,0,0,0,0,0,0,1,0,0,0,0,1,0,0,0,0
115.66,11,0,0,1,0,0,0,0,0,0,0,0,1,0,0,0,0,0
22.5,20,3,0,0,1,0,0,0,0,1,0,0,0,0,0,0,0,0
617.62,9,4,0,0,0,0,0,0,1,0,0,0,0,0,0,0,1,1
19.04,19,2,0,0,1,0,0,0,0,0,0,0,0,0,0,0,1,0
145.27,7,1,0,1,0,0,0,0,0,0,0,0,0,0,1,0,0,0
22.63,7,1,0,0,0,0,0,1,0,0,0,0,0,0,0,0,1,0
36.48,9,4,0,0,1,0,0,0,0,0,0,0,0,0,0,1,0,0
16.84,6,1,0,0,0,0,0,0,1,0,0,0,0,0,0,0,1,0
22.03,10,4,0,0,0,0,0,0,1,1,0,0,0,0,0,0,0,0
86.14,19,2,0,0,0,1,0,0,0,0,0,0,0,0,1,0,0,0
141.72,21,0,0,1,0,0,0,0,0,0,0,0,1,0,0,0,0,0
17.98,19,0,0,0,1,0,0,0,0,0,0,0,0,0,0,0,1,0
11.51,11,4,0,1,0,0,0,0,0,1,0,0,0,0,0,0,0,0
51.94,11,4,0,0,1,0,0,0,0,0,0,0,0,0,1,0,0,0
20.03,10,5,1,0,0,1,0,0,0,1,0,0,0,0,0,0,0,0
1149.49,1,3,0,0,0,0,1,0,0,0,0,0,0,0,0,0,1,1
542.82,2,1,0,0,0,0,0,0,1,0,0,0,0,1,0,0,0,1
57.96,12,0,0,0,0,1,0,0,0,0,0,0,0,0,0,1,0,0
4.27,11,1,0,0,1,0,0,0,0,0,1,0,0,0,0,0,0,0
37.04,12,3,0,0,1,0,0,0,0,0,0,0,0,0,1,0,0,0
21.09,13,3,0,0,0,0,0,0,1,0,0,0,0,1,0,0,0,0
20.48,22,4,0,0,0,0,0,0,1,0,0,0,0,0,0,1,0,0
1.63,15,2,0,0,1,0,0,0,0,0,1,0,0,0,0,0,0,0
26.24,16,6,1,1,0,0,0,0,0,1,0,0,0,0,0,0,0,0
98.51,14,2,0,0,0,0,1,0,0,0,0,0,0,0,1,0,0,0
77.83,17,5,1,1,0,0,0,0,0,0,0,0,0,1,0,0,0,0
19.46,8,4,0,0,0,1,0,0,0,1,0,0,0,0,0,0,0,0
2039.0,21,2,0,1,0,0,0,0,0,0,0,0,1,0,0,0,0,1
180.19,22,5,1,0,0,0,0,0,1,0,0,0,1,0,0,0,0,0
32.36,23,2,0,1,0,0,0,0,0,0,0,0,1,0,0,0,0,0
3.04,20,0,0,0,0,0,0,0,1,0,1,0,0,0,0,0,0,0
30.04,11,1,0,0,0,1,0,0,0,0,0,0,0,0,0,1,0,0
50.01,7,5,1,1,0,0,0,0,0,0,0,1,0,0,0,0,0,0
108.73,14,2,0,0,0,1,0,0,0,0,0,0,0,0,1,0,0,0
286.92,11,6,1,0,0,0,0,1,0,0,0,0,0,0,1,0,0,0
257.88,17,2,0,0,0,0,0,0,1,0,0,0,0,0,1,0,0,0
43.94,17,3,0,1,0,0,0,0,0,0,0,1,0,0,0,0,0,0
15.47,23,3,0,0,0,0,0,0,1,0,0,0,0,0,0,0,1,0
10.93,12,1,0,0,0,0,1,0,0,1,0,0,0,0,0,0,0,0
11.15,11,4,0,0,0,0,0,0,1,0,0,1,0,0,0,0,0,0
14.73,22,4,0,1,0,0,0,0,0,0,0,1,0,0,0,0,0,0
37.36,7,5,1,0,0,0,1,0,0,0,0,0,0,0,0,1,0,0
764.63,2,0,0,0,0,0,0,0,1,0,0,0,0,0,0,0,1,1
30.02,19,6,1,0,0,1,0,0,0,1,0,0,0,0,0,0,0,0
132.33,12,2,0,0,0,0,0,0,1,0,0,0,0,0,1,0,0,0
17.06,23,5,1,0,0,0,1,0,0,0,0,1,0,0,0,0,0,0
4.79,11,0,0,0,1,0,0,0,0,0,1,0,0,0,0,0,0,0
70.56,13,3,0,0,0,0,0,1,0,0,0,1,0,0,0,0,0,0
3.36,10,2,0,0,1,0,0,0,0,0,1,0,0,0,0,0,0,0
13.59,19,6,1,1,0,0,0,0,0,0,0,1,0,0,0,0,0,0
38.88,10,3,0,0,1,0,0,0,0,0,0,0,0,0,0,1,0,0
79.55,23,1,0,0,1,0,0,0,0,0,0,1,0,0,0,0,0,0
49.4,20,6,1,0,0,1,0,0,0,0,0,0,0,1,0,0,0,0
29.77,6,3,0,1,0,0,0,0,0,0,0,0,0,1,0,0,0,0
39.61,23,4,0,0,0,0,1,0,0,0,0,0,0,0,0,0,1,0
5.13,18,0,0,1,0,0,0,0,0,0,1,0,0,0,0,0,0,0
136.23,21,0,0,0,1,0,0,0,0,0,0,0,0,0,1,0,0,0
184.22,8,3,0,0,0,1,0,0,0,0,0,0,1,0,0,0,0,0
140.97,20,3,0,0,0,1,0,0,0,0,0,0,1,0,0,0,0,0
2.53,10,5,1,1,0,0,0,0,0,0,1,0,0,0,0,0,0,0
2624.67,8,4,0,0,0,0,0,0,1,0,0,0,0,0,1,0,0,1
4357.52,12,0,0,0,0,0,0,1,0,0,0,0,0,0,1,0,0,1
1.91,17,1,0,0,0,0,0,0,1,0,1,0,0,0,0,0,0,0
8.43,20,1,0,0,1,0,0,0,0,0,0,0,0,0,0,0,1,0
41.59,10,0,0,0,1,0,0,0,0,0,0,1,0,0,0,0,0,0
42.22,7,2,0,0,0,0,0,0,1,0,0,1,0,0,0,0,0,0
63.68,4,3,0,0,0,0,0,0,1,0,0,1,0,0,0,0,0,1
4.33,19,1,0,0,0,0,1,0,0,0,1,0,0,0,0,0,0,0
1973.17,6,5,1,0,0,0,0,0,1,0,0,0,1,0,0,0,0,1
16.37,23,1,0,1,0,0,0,0,0,0,0,0,0,0,0,0,1,0
24.61,11,3,0,0,1,0,0,0,0,1,0,0,0,0,0,0,0,0
117.86,12,2,0,1,0,0,0,0,0,0,0,0,0,1,0,0,0,0
70.36,18,5,1,0,0,0,0,0,1,0,0,0,0,1,0,0,0,0
13.92,18,0,0,0,1,0,0,0,0,0,0,1,0,0,0,0,0,0
1177.13,3,0,0,0,0,0,0,1,0,0,0,0,0,0,0,0,1,1
256.53,21,3,0,1,0,0,0,0,0,0,0,0,0,0,1,0,0,0
15.59,21,3,0,0,0,1,0,0,0,0,0,0,1,0,0,0,0,0
77.34,1,6,1,0,0,0,0,0,1,0,0,0,1,0,0,0,0,1
36.66,15,5,1,0,0,1,0,0,0,0,0,0,1,0,0,0,0,0
19.45,6,1,0,0,0,0,0,0,1,0,0,0,0,0,0,1,0,0
38.73,17,5,1,0,0,0,0,0,1,0,0,0,0,0,0,1,0,0
1.99,16,5,1,0,1,0,0,0,0,0,1,0,0,0,0,0,0,0
190.69,8,4,0,0,0,1,0,0,0,0,0,0,0,0,1,0,0,0
4.56,8,2,0,0,0,0,0,1,0,0,1,0,0,0,0,0,0,0
533.3,9,3,0,0,0,0,0,1,0,0,1,0,0,0,0,0,0,1
26.13,23,2,0,1,0,0,0,0,0,0,0,0,0,0,0,1,0,0
9.42,18,0,0,0,1,0,0,0,0,0,0,0,0,0,0,1,0,0
1674.98,1,2,0,0,0,0,0,1,0,0,0,0,0,1,0,0,0,1
3.39,19,1,0,0,1,0,0,0,0,0,1,0,0,0,0,0,0,0
74.19,23,5,1,1,0,0,0,0,0,0,0,0,0,1,0,0,0,0
26.51,0,1,0,0,0,0,0,0,1,0,1,0,0,0,0,0,0,1
18.23,23,4,0,1,0,0,0,0,0,0,0,0,0,0,0,0,1,0
37.62,17,6,1,1,0,0,0,0,0,0,0,1,0,0,0,0,0,0
19.06,23,4,0,0,0,1,0,0,0,0,0,0,0,0,0,1,0,0
116.97,18,6,1,1,0,0,0,0,0,0,0,0,0,1,0,0,0,0
29.65,20,6,1,1,0,0,0,0,0,0,0,1,0,0,0,0,0,0
3.27,15,0,0,0,0,1,0,0,0,0,1,0,0,0,0,0,0,0
4.77,23,2,0,0,0,1,0,0,0,0,1,0,0,0,0,0,0,0
34.65,15,6,1,1,0,0,0,0,0,1,0,0,0,0,0,0,0,0
56.65,7,0,0,1,0,0,0,0,0,0,0,0,0,0,0,1,0,0
25.8,11,2,0,0,0,0,0,1,0,1,0,0,0,0,0,0,0,0
25.7,10,2,0,1,0,0,0,0,0,0,0,1,0,0,0,0,0,0
185.19,15,5,1,0,0,0,0,0,1,0,0,0,1,0,0,0,0,0
20.29,9,1,0,1,0,0,0,0,0,0,0,0,0,0,0,1,0,0
767.67,3,1,0,0,0,0,0,1,0,0,0,1,0,0,0,0,0,1
48.32,8,6,1,0,1,0,0,0,0,0,0,0,0,0,0,1,0,0
24.14,7,0,0,1,0,0,0,0,0,0,0,0,0,0,0,0,1,0
216.76,4,5,1,0,0,0,0,0,1,0,0,0,0,0,0,1,0,1
6.11,16,2,0,0,1,0,0,0,0,1,0,0,0,0,0,0,0,0
56.61,12,6,1,1,0,0,0,0,0,0,0,0,1,0,0,0,0,0
9.16,19,5,1,1,0,0,0,0,0,1,0,0,0,0,0,0,0,0
41.61,22,4,0,0,0,0,0,1,0,0,0,0,0,0,0,1,0,0
33.0,22,2,0,0,1,0,0,0,0,1,0,0,0,0,0,0,0,0
3025.51,10,1,0,0,0,0,0,0,1,0,0,0,0,0,1,0,0,1
59.58,11,2,0,1,0,0,0,0,0,0,0,1,0,0,0,0,0,0
58.42,16,5,1,0,0,0,0,0,1,0,0,0,0,0,0,1,0,0
43.34,8,3,0,0,0,1,0,0,0,0,0,1,0,0,0,0,0,0
27.88,23,0,0,0,1,0,0,0,0,0,0,0,0,0,0,1,0,0
106.25,21,2,0,1,0,0,0,0,0,0,0,0,0,1,0,0,0,0
50.81,17,4,0,1,0,0,0,0,0,0,0,0,0,0,0,1,0,0
31.97,18,2,0,1,0,0,0,0,0,1,0,0,0,0,0,0,0,0
173.46,1,5,1,0,0,0,0,0,1,0,0,0,0,0,0,0,1,1
63.65,22,3,0,0,1,0,0,0,0,0,0,1,0,0,0,0,0,0
32.62,16,2,0,0,1,0,0,0,0,0,0,0,0,0,0,1,0,0
24.12,7,3,0,1,0,0,0,0,0,0,0,1,0,0,0,0,0,0
18.59,23,3,0,1,0,0,0,0,0,0,0,0,0,0,0,1,0,0
12.64,18,1,0,1,0,0,0,0,0,1,0,0,0,0,0,0,0,0
97.54,6,5,1,0,0,1,0,0,0,0,0,0,0,1,0,0,0,0
34.05,17,1,0,0,0,0,0,0,1,0,0,0,0,0,0,1,0,0
34.35,18,2,0,1,0,0,0,0,0,0,0,0,1,0,0,0,0,0
39.26,11,1,0,0,0,1,0,0,0,0,0,0,0,0,0,1,0,0
92.18,22,0,0,1,0,0,0,0,0,0,0,0,0,1,0,0,0,0
1117.02,18,6,1,0,0,0,0,0,1,0,0,0,0,1,0,0,0,1
28.16,16,6,1,1,0,0,0,0,0,1,0,0,0,0,0,0,0,0
35.66,23,3,0,0,1,0,0,0,0,0,0,0,0,0,0,0,1,0
192.58,14,6,1,0,0,0,1,0,0,0,0,0,1,0,0,0,0,0
1.54,19,0,0,0,0,0,0,0,1,0,1,0,0,0,0,0,0,0
60.55,19,6,1,0,0,1,0,0,0,0,0,0,0,1,0,0,0,0
40.65,11,2,0,0,0,0,0,0,1,0,0,0,0,0,0,1,0,0
111.75,23,1,0,0,0,0,0,0,1,0,0,0,0,0,1,0,0,0
185.61,9,2,0,1,0,0,0,0,0,0,0,0,0,0,1,0,0,0
136.4,6,1,0,1,0,0,0,0,0,0,0,0,1,0,0,0,0,0
1819.28,0,4,0,0,0,0,0,1,0,0,0,0,0,0,1,0,0,1
27.23,7,0,0,0,0,1,0,0,0,0,0,0,0,0,0,1,0,0
57.05,19,4,0,0,1,0,0,0,0,0,0,0,0,0,0,1,0,0
131.07,9,3,0,1,0,0,0,0,0,0,0,0,1,0,0,0,0,0
1197.23,10,0,0,0,0,0,0,0,1,0,0,0,0,0,0,1,0,1
51.27,17,0,0,0,0,1,0,0,0,0,0,0,0,1,0,0,0,0
4.74,14,0,0,1,0,0,0,0,0,0,1,0,0,0,0,0,0,0
33.83,11,1,0,0,0,1,0,0,0,1,0,0,0,0,0,0,0,0
901.96,15,3,0,0,0,0,0,1,0,0,0,0,0,0,0,0,1,1
134.34,19,6,1,1,0,0,0,0,0,0,0,0,1,0,0,0,0,0
25.24,17,1,0,0,0,0,0,0,1,1,0,0,0,0,0,0,0,0
136.32,12,1,0,0,0,1,0,0,0,0,0,0,1,0,0,0,0,0
69.28,16,4,0,1,0,0,0,0,0,0,0,1,0,0,0,0,0,0
22.87,6,1,0,1,0,0,0,0,0,0,0,0,0,0,0,0,1,0
1377.23,10,4,0,1,0,0,0,0,0,0,0,0,0,0,0,0,1,1
33.49,11,6,1,0,0,0,0,0,1,0,0,0,0,0,0,1,0,0
30.57,13,1,0,0,0,0,0,0,1,0,0,0,0,0,0,1,0,0
31.99,16,1,0,1,0,0,0,0,0,1,0,0,0,0,0,0,0,0
13.54,7,6,1,0,0,0,0,0,1,1,0,0,0,0,0,0,0,0
48.46,16,1,0,1,0,0,0,0,0,0,0,0,1,0,0,0,0,0
319.84,4,1,0,0,1,0,0,0,0,0,1,0,0,0,0,0,0,1
3.63,17,0,0,0,0,0,1,0,0,0,1,0,0,0,0,0,0,0
14.96,9,3,0,1,0,0,0,0,0,0,0,0,0,1,0,0,0,0
78.33,11,6,1,0,1,0,0,0,0,0,0,1,0,0,0,0,0,0
22.77,16,6,1,0,0,0,0,0,1,1,0,0,0,0,0,0,0,0
34.35,1,5,1,0,0,0,0,0,1,0,0,0,0,0,0,1,0,1
2313.12,13,4,0,1,0,0,0,0,0,0,0,0,1,0,0,0,0,1
68.71,17,2,0,1,0,0,0,0,0,0,0,1,0,0,0,0,0,0
113.2,9,2,0,1,0,0,0,0,0,0,0,0,0,1,0,0,0,0
65.09,19,3,0,1,0,0,0,0,0,0,0,0,0,0,1,0,0,0
29.16,16,6,1,1,0,0,0,0,0,1,0,0,0,0,0,0,0,0
2.54,23,3,0,0,0,1,0,0,0,0,1,0,0,0,0,0,0,0
32.19,10,0,0,0,0,1,0,0,0,0,0,0,0,0,0,1,0,0
2391.2,18,4,0,0,0,0,0,0,1,0,0,0,0,0,1,0,0,1
78.85,11,2,0,1,0,0,0,0,0,0,0,0,0,1,0,0,0,0
7.1,18,5,1,0,0,0,0,0,1,1,0,0,0,0,0,0,0,0
191.24,13,2,0,1,0,0,0,0,0,0,0,0,1,0,0,0,0,0
293.14,9,2,0,0,1,0,0,0,0,0,0,0,0,0,1,0,0,0
576.87,22,4,0,0,0,0,0,1,0,1,0,0,0,0,0,0,0,1
33.57,22,1,0,0,1,0,0,0,0,1,0,0,0,0,0,0,0,0
4.27,20,6,1,0,0,0,0,0,1,0,1,0,0,0,0,0,0,0
14.25,13,5,1,0,0,0,0,1,0,1,0,0,0,0,0,0,0,0
33.1,8,3,0,1,0,0,0,0,0,1,0,0,0,0,0,0,0,0
1981.29,3,2,0,0,0,0,0,0,1,0,0,0,0,0,0,1,0,1
74.19,3,6,1,0,0,0,0,0,1,0,0,0,0,0,0,0,1,1
10.77,22,5,1,0,0,0,0,0,1,1,0,0,0,0,0,0,0,0
2178.51,3,4,0,0,0,0,0,0,1,0,0,0,0,1,0,0,0,1
31.72,9,4,0,1,0,0,0,0,0,0,0,0,0,0,0,1,0,0
15.78,10,5,1,0,0,0,0,0,1,0,0,0,0,0,0,1,0,0
21.45,11,3,0,0,1,0,0,0,0,0,0,0,0,0,0,1,0,0
73.73,13,6,1,0,0,0,0,0,1,0,0,1,0,0,0,0,0,0
39.33,20,2,0,0,0,1,0,0,0,0,0,0,0,1,0,0,0,0
24.83,23,3,0,0,1,0,0,0,0,0,0,0,0,0,0,1,0,0
40.19,10,0,0,0,0,0,0,0,1,0,0,0,0,0,0,1,0,0
5.07,20,1,0,0,0,0,0,0,1,0,0,0,0,0,0,1,0,0
41.89,23,4,0,1,0,0,0,0,0,0,0,0,1,0,0,0,0,0
74.07,17,4,0,0,1,0,0,0,0,0,0,0,0,1,0,0,0,0
3.88,11,2,0,0,0,0,1,0,0,0,1,0,0,0,0,0,0,0
774.92,18,6,1,0,0,0,0,0,1,0,0,0,0,0,0,1,0,1
3.64,7,4,0,1,0,0,0,0,0,0,1,0,0,0,0,0,0,0
3.88,8,1,0,0,0,0,0,1,0,0,1,0,0,0,0,0,0,0
21.77,13,3,0,0,0,1,0,0,0,1,0,0,0,0,0,0,0,0
29.72,23,5,1,0,1,0,0,0,0,0,0,1,0,0,0,0,0,0
14.76,22,1,0,0,0,0,0,0,1,0,0,0,0,0,0,1,0,0
117.32,6,5,1,1,0,0,0,0,0,0,0,0,0,1,0,0,0,0
176.82,9,6,1,1,0,0,0,0,0,0,0,0,0,0,1,0,0,0
13.29,20,0,0,1,0,0,0,0,0,0,0,0,0,0,0,0,1,0
730.92,3,0,0,0,0,1,0,0,0,0,0,0,0,1,0,0,0,1
30.36,20,1,0,1,0,0,0,0,0,0,0,0,0,1,0,0,0,0
12.01,13,0,0,0,1,0,0,0,0,0,0,1,0,0,0,0,0,0
273.04,10,3,0,0,1,0,0,0,0,0,0,0,0,0,1,0,0,0
2263.07,3,1,0,0,1,0,0,0,0,0,0,0,0,1,0,0,0,1
12.01,15,4,0,1,0,0,0,0,0,0,0,0,0,0,0,0,1,0
31.93,21,5,1,1,0,0,0,0,0,1,0,0,0,0,0,0,0,0
237.11,8,1,0,1,0,0,0,0,0,0,0,0,0,0,1,0,0,0
4.56,13,3,0,0,0,0,0,0,1,0,1,0,0,0,0,0,0,0
443.12,2,6,1,0,0,0,0,0,1,0,0,0,1,0,0,0,0,1
15.68,15,4,0,0,0,0,0,1,0,1,0,0,0,0,0,0,0,0
50.27,12,1,0,0,0,0,1,0,0,0,0,0,0,0,0,1,0,0
27.51,11,5,1,1,0,0,0,0,0,0,0,0,0,0,0,0,1,0
10.41,16,1,0,0,0,0,0,1,0,1,0,0,0,0,0,0,0,0
25.74,9,6,1,0,0,0,0,0,1,0,0,0,0,0,1,0,0,0
429.66,1,1,0,1,0,0,0,0,0,1,0,0,0,0,0,0,0,1
29.58,9,3,0,1,0,0,0,0,0,0,0,1,0,0,0,0,0,0
134.84,21,2,0,1,0,0,0,0,0,0,0,0,1,0,0,0,0,0
1.86,15,2,0,0,1,0,0,0,0,0,1,0,0,0,0,0,0,0
15.75,6,6,1,1,0,0,0,0,0,0,0,0,1,0,0,0,0,0
56.03,21,4,0,0,0,0,0,0,1,0,0,1,0,0,0,0,0,0
1.53,16,1,0,1,0,0,0,0,0,0,1,0,0,0,0,0,0,0
13.05,9,1,0,1,0,0,0,0,0,0,0,1,0,0,0,0,0,0
5.9,7,0,0,0,1,0,0,0,0,0,1,0,0,0,0,0,0,0
22.3,23,4,0,0,0,0,0,0,1,0,0,0,0,0,0,1,0,0
504.95,1,6,1,0,0,0,0,0,1,0,0,0,0,1,0,0,0,1
116.24,7,0,0,0,1,0,0,0,0,0,0,0,0,0,1,0,0,0
26.81,18,3,0,1,0,0,0,0,0,0,0,1,0,0,0,0,0,0
18.43,16,6,1,1,0,0,0,0,0,0,0,0,0,0,0,0,1,0
57.37,17,4,0,0,0,0,1,0,0,0,0,0,0,0,1,0,0,0
164.94,8,2,0,0,1,0,0,0,0,0,0,0,0,0,1,0,0,0
20.64,21,3,0,1,0,0,0,0,0,0,0,0,0,0,0,0,1,0
21.18,15,0,0,1,0,0,0,0,0,0,0,0,0,0,0,1,0,0
30.09,14,1,0,0,1,0,0,0,0,0,0,0,0,0,0,0,1,0
49.15,11,4,0,1,0,0,0,0,0,0,0,0,1,0,0,0,0,0
17.1,16,1,0,0,0,0,0,0,1,1,0,0,0,0,0,0,0,0
101.36,9,2,0,0,1,0,0,0,0,0,0,0,1,0,0,0,0,0
179.6,19,5,1,0,0,0,0,1,0,0,0,0,0,0,1,0,0,0
87.61,12,1,0,0,0,0,0,0,1,0,0,0,1,0,0,0,0,0
23.18,19,0,0,0,0,0,0,0,1,0,0,0,0,0,0,0,1,0
2066.14,6,2,0,0,0,0,1,0,0,0,0,0,0,0,1,0,0,1
99.13,19,0,0,1,0,0,0,0,0,0,0,0,0,1,0,0,0,0
84.19,23,1,0,0,0,0,0,0,1,0,0,0,1,0,0,0,0,0
468.77,1,4,0,0,0,0,0,0,1,0,0,0,0,1,0,0,0,1
23.16,11,6,1,0,1,0,0,0,0,0,0,0,0,1,0,0,0,0
35.27,12,3,0,0,0,0,0,0,1,0,0,0,0,0,0,1,0,0
17.46,18,0,0,0,1,0,0,0,0,0,0,0,0,0,0,0,1,0
35.2,15,2,0,0,1,0,0,0,0,0,0,1,0,0,0,0,0,0
5.2,22,3,0,0,0,1,0,0,0,1,0,0,0,0,0,0,0,0
33.32,21,2,0,1,0,0,0,0,0,0,0,1,0,0,0,0,0,0
125.82,8,5,1,0,1,0,0,0,0,0,0,0,0,0,1,0,0,0
27.44,7,2,0,0,1,0,0,0,0,1,0,0,0,0,0,0,0,0
23.93,19,1,0,0,1,0,0,0,0,0,0,0,0,0,0,0,1,0
17.0,16,1,0,0,0,0,0,0,1,1,0,0,0,0,0,0,0,0
26.27,17,5,1,1,0,0,0,0,0,0,0,1,0,0,0,0,0,0
37.06,18,3,0,0,0,1,0,0,0,0,0,0,0,0,1,0,0,0
191.24,10,0,0,0,0,0,0,1,0,0,0,0,1,0,0,0,0,0
57.25,17,5,1,1,0,0,0,0,0,0,0,0,0,0,0,1,0,0
25.95,19,5,1,0,0,0,0,0,1,0,0,0,1,0,0,0,0,0
60.98,22,0,0,1,0,0,0,0,0,0,0,1,0,0,0,0,0,0
64.53,17,0,0,0,0,1,0,0,0,0,0,1,0,0,0,0,0,0
213.19,14,1,0,0,0,1,0,0,0,0,0,0,0,0,1,0,0,0
178.2,12,4,0,1,0,0,0,0,0,0,0,0,0,0,1,0,0,0
38.06,12,2,0,0,0,0,0,1,0,0,0,0,0,0,0,1,0,0
138.1,2,2,0,0,0,0,0,0,1,1,0,0,0,0,0,0,0,1
155.64,13,6,1,0,0,1,0,0,0,0,0,0,1,0,0,0,0,0
182.51,11,5,1,0,0,1,0,0,0,0,0,0,1,0,0,0,0,0
3.68,11,3,0,0,1,0,0,0,0,0,1,0,0,0,0,0,0,0
18.69,12,4,0,0,1,0,0,0,0,0,0,0,0,0,0,0,1,0
1870.81,15,6,1,0,0,0,0,0,1,0,0,0,0,1,0,0,0,1
11.01,17,2,0,0,1,0,0,0,0,1,0,0,0,0,0,0,0,0
199.9,1,6,1,0,0,0,0,0,1,0,0,0,0,0,1,0,0,1
100.13,9,6,1,1,0,0,0,0,0,0,0,0,0,1,0,0,0,0
537.88,9,4,0,0,1,0,0,0,0,0,0,1,0,0,0,0,0,1
54.52,10,3,0,0,0,0,0,0,1,0,0,0,0,0,0,1,0,0
34.88,10,6,1,1,0,0,0,0,0,1,0,0,0,0,0,0,0,0
90.24,22,3,0,1,0,0,0,0,0,0,0,0,0,1,0,0,0,0
177.26,14,0,0,0,1,0,0,0,0,0,0,0,0,0,1,0,0,0
28.17,12,0,0,1,0,0,0,0,0,1,0,0,0,0,0,0,0,0
13.52,10,5,1,1,0,0,0,0,0,0,0,0,0,0,0,1,0,0
64.84,16,1,0,1,0,0,0,0,0,0,0,1,0,0,0,0,0,0
34.6,23,3,0,0,0,1,0,0,0,0,0,0,0,0,0,1,0,0
979.62,1,3,0,0,0,0,0,0,1,0,0,0,1,0,0,0,0,1
140.92,16,5,1,0,1,0,0,0,0,0,0,0,1,0,0,0,0,0
81.72,22,0,0,0,0,0,0,0,1,0,0,0,1,0,0,0,0,0
234.05,19,2,0,1,0,0,0,0,0,0,0,0,0,0,1,0,0,0
3.8,21,3,0,1,0,0,0,0,0,0,1,0,0,0,0,0,0,0
1637.4,0,0,0,0,1,0,0,0,0,0,0,0,0,1,0,0,0,1
643.25,18,1,0,0,0,0,0,0,1,0,1,0,0,0,0,0,0,1
57.63,18,3,0,0,0,0,0,0,1,0,0,1,0,0,0,0,0,0
32.33,8,6,1,0,0,0,0,1,0,0,0,0,0,1,0,0,0,0
37.08,21,4,0,0,0,1,0,0,0,0,0,0,0,0,0,0,1,0
28.16,23,5,1,1,0,0,0,0,0,0,0,1,0,0,0,0,0,0
27.76,23,3,0,1,0,0,0,0,0,0,0,0,0,0,0,0,1,0
51.69,12,2,0,0,1,0,0,0,0,0,0,0,1,0,0,0,0,0
892.37,9,3,0,0,0,1,0,0,0,1,0,0,0,0,0,0,0,1
607.72,10,3,0,0,0,0,0,1,0,0,0,0,0,1,0,0,0,1
98.77,22,1,0,1,0,0,0,0,0,0,0,0,0,1,0,0,0,0
38.13,8,3,0,1,0,0,0,0,0,0,0,1,0,0,0,0,0,0
2.92,14,4,0,0,0,0,0,0,1,0,1,0,0,0,0,0,0,0
132.06,6,6,1,0,1,0,0,0,0,0,0,0,1,0,0,0,0,0
7.75,14,3,0,0,0,0,1,0,0,0,0,0,0,0,0,1,0,0
5.8,9,5,1,0,0,0,0,1,0,0,1,0,0,0,0,0,0,0
13.38,21,3,0,1,0,0,0,0,0,0,0,0,0,0,0,1,0,0
40.28,10,5,1,0,1,0,0,0,0,0,0,0,0,0,0,1,0,0
2.02,18,3,0,1,0,0,0,0,0,0,1,0,0,0,0,0,0,0
2.02,6,1,0,1,0,0,0,0,0,0,1,0,0,0,0,0,0,0
31.46,18,1,0,0,0,0,1,0,0,1,0,0,0,0,0,0,0,0
832.37,13,0,0,0,0,0,0,0,1,1,0,0,0,0,0,0,0,1
100.86,17,2,0,0,1,0,0,0,0,0,0,0,0,1,0,0,0,0
92.99,20,1,0,1,0,0,0,0,0,0,0,0,1,0,0,0,0,0
12.35,6,6,1,1,0,0,0,0,0,0,0,0,0,0,0,0,1,0
15.18,21,5,1,0,0,1,0,0,0,1,0,0,0,0,0,0,0,0
18.13,10,2,0,0,1,0,0,0,0,1,0,0,0,0,0,0,0,0
2200.45,9,0,0,0,0,0,0,0,1,0,0,0,1,0,0,0,0,1
62.81,8,3,0,0,1,0,0,0,0,0,0,1,0,0,0,0,0,0
28.58,16,5,1,1,0,0,0,0,0,1,0,0,0,0,0,0,0,0
432.1,1,1,0,0,1,0,0,0,0,1,0,0,0,0,0,0,0,1
5.61,9,1,0,1,0,0,0,0,0,0,1,0,0,0,0,0,0,0
13.52,23,0,0,0,0,0,0,0,1,1,0,0,0,0,0,0,0,0
42.05,7,3,0,1,0,0,0,0,0,0,0,1,0,0,0,0,0,0
33.2,17,6,1,0,0,0,0,0,1,0,0,0,0,0,0,1,0,0
5.52,20,5,1,0,0,0,0,0,1,0,1,0,0,0,0,0,0,0
5.31,20,0,0,1,0,0,0,0,0,0,1,0,0,0,0,0,0,0
4529.12,11,0,0,0,0,0,0,0,1,0,0,0,0,0,1,0,0,1
72.4,22,0,0,1,0,0,0,0,0,0,0,0,0,0,1,0,0,0
205.42,20,2,0,0,1,0,0,0,0,0,0,0,0,0,1,0,0,0
24.09,16,6,1,1,0,0,0,0,0,1,0,0,0,0,0,0,0,0
31.44,15,2,0,0,1,0,0,0,0,0,0,0,0,0,0,1,0,0
49.31,12,0,0,1,0,0,0,0,0,0,0,1,0,0,0,0,0,0
77.54,23,1,0,0,0,1,0,0,0,0,0,0,1,0,0,0,0,0
23.35,23,4,0,0,0,0,0,0,1,1,0,0,0,0,0,0,0,0
24.36,23,6,1,0,0,0,0,0,1,0,0,0,0,0,0,1,0,0
17.63,11,5,1,0,0,0,0,1,0,1,0,0,0,0,0,0,0,0
19.93,19,5,1,1,0,0,0,0,0,0,0,0,0,0,0,1,0,0
46.12,15,0,0,1,0,0,0,0,0,0,0,0,0,0,0,1,0,0
56.8,18,5,1,1,0,0,0,0,0,0,0,0,0,0,1,0,0,0
24.38,23,2,0,1,0,0,0,0,0,1,0,0,0,0,0,0,0,0
37.02,20,5,1,1,0,0,0,0,0,0,0,1,0,0,0,0,0,0
78.4,20,6,1,1,0,0,0,0,0,0,0,1,0,0,0,0,0,0
4.76,20,6,1,1,0,0,0,0,0,0,1,0,0,0,0,0,0,0
79.41,11,3,0,1,0,0,0,0,0,0,0,1,0,0,0,0,0,0
52.91,22,2,0,1,0,0,0,0,0,0,0,0,0,1,0,0,0,0
29.71,7,3,0,1,0,0,0,0,0,1,0,0,0,0,0,0,0,0
45.29,13,2,0,1,0,0,0,0,0,0,0,0,0,1,0,0,0,0
36.57,15,0,0,0,0,0,1,0,0,0,0,0,0,0,0,0,1,0
22.66,15,4,0,0,0,1,0,0,0,0,0,1,0,0,0,0,0,0
5.54,9,1,0,1,0,0,0,0,0,0,1,0,0,0,0,0,0,0
770.62,15,0,0,0,0,0,0,0,1,1,0,0,0,0,0,0,0,1
77.6,9,0,0,0,0,0,0,0,1,0,0,0,0,1,0,0,0,0
39.13,18,1,0,0,0,0,0,0,1,0,0,0,0,0,0,0,1,0
883.4,3,4,0,0,1,0,0,0,0,0,0,0,0,0,0,0,1,1
17.24,7,2,0,1,0,0,0,0,0,0,0,0,0,0,0,0,1,0
58.06,15,4,0,0,1,0,0,0,0,0,0,0,0,0,0,1,0,0
32.32,21,4,0,0,0,0,0,0,1,1,0,0,0,0,0,0,0,0
8.73,11,0,0,0,0,0,0,0,1,1,0,0,0,0,0,0,0,0
21.03,10,6,1,0,0,0,0,1,0,0,0,0,0,0,0,0,1,0
48.45,8,3,0,1,0,0,0,0,0,0,0,0,0,0,0,1,0,0
38.57,8,3,0,0,0,0,0,1,0,0,0,0,1,0,0,0,0,0
16.74,15,6,1,1,0,0,0,0,0,1,0,0,0,0,0,0,0,0
25.11,13,2,0,0,0,0,0,0,1,0,0,0,0,0,0,1,0,0
71.94,7,5,1,0,0,0,0,0,1,0,0,1,0,0,0,0,0,0
96.24,6,0,0,0,0,0,0,0,1,0,0,0,1,0,0,0,0,0
28.79,17,3,0,0,0,0,0,0,1,0,0,0,0,0,0,0,1,0
14.02,19,5,1,1,0,0,0,0,0,0,0,0,0,0,0,1,0,0
193.32,2,6,1,0,0,0,0,0,1,0,0,0,0,0,0,0,1,1
314.14,3,0,0,0,0,0,0,0,1,0,1,0,0,0,0,0,0,1
19.51,15,6,1,1,0,0,0,0,0,0,0,0,0,0,0,1,0,0
91.31,8,2,0,0,0,0,1,0,0,0,0,0,0,0,1,0,0,0
22.33,20,4,0,1,0,0,0,0,0,0,0,0,0,1,0,0,0,0
47.55,11,6,1,1,0,0,0,0,0,0,0,0,0,1,0,0,0,0
14.19,7,0,0,1,0,0,0,0,0,0,0,0,0,1,0,0,0,0
3.8,20,0,0,0,0,0,0,0,1,0,1,0,0,0,0,0,0,0
1308.57,0,5,1,0,0,0,0,0,1,0,0,0,0,0,1,0,0,1
54.6,11,0,0,0,1,0,0,0,0,0,0,1,0,0,0,0,0,0
168.34,12,0,0,0,0,0,0,0,1,0,0,0,0,0,1,0,0,0
33.17,7,2,0,0,0,0,0,0,1,1,0,0,0,0,0,0,0,0
39.58,22,6,1,0,1,0,0,0,0,0,0,1,0,0,0,0,0,0
104.25,23,5,1,0,0,0,0,0,1,0,0,0,0,1,0,0,0,0
1625.64,22,2,0,0,0,0,0,0,1,0,0,0,0,0,0,0,1,1
4287.61,10,3,0,0,0,1,0,0,0,0,0,0,0,0,1,0,0,1
4.97,21,0,0,1,0,0,0,0,0,0,1,0,0,0,0,0,0,0
24.04,15,4,0,0,0,0,0,0,1,1,0,0,0,0,0,0,0,0
86.68,23,2,0,1,0,0,0,0,0,0,0,0,0,1,0,0,0,0
62.95,16,3,0,1,0,0,0,0,0,0,0,0,0,0,1,0,0,0
20.66,15,5,1,0,1,0,0,0,0,0,0,0,0,0,0,1,0,0
52.55,18,4,0,0,1,0,0,0,0,0,0,0,0,0,0,1,0,0
1001.61,16,2,0,0,0,0,1,0,0,0,0,0,1,0,0,0,0,1
51.88,23,4,0,1,0,0,0,0,0,0,0,1,0,0,0,0,0,0
44.76,13,4,0,1,0,0,0,0,0,0,0,1,0,0,0,0,0,0
16.68,14,5,1,0,0,0,0,0,1,0,0,0,0,0,0,0,1,0
74.86,7,3,0,0,0,0,0,0,1,0,0,1,0,0,0,0,0,0
3.26,8,1,0,1,0,0,0,0,0,0,1,0,0,0,0,0,0,0
5.17,12,1,0,1,0,0,0,0,0,0,1,0,0,0,0,0,0,0
16.52,8,6,1,1,0,0,0,0,0,1,0,0,0,0,0,0,0,0
12.31,23,1,0,1,0,0,0,0,0,1,0,0,0,0,0,0,0,0
21.23,18,5,1,1,0,0,0,0,0,0,0,0,0,1,0,0,0,0
10.47,6,2,0,1,0,0,0,0,0,0,0,0,0,0,0,0,1,0
17.07,22,5,1,0,0,1,0,0,0,0,0,0,0,0,0,0,1,0
24.66,21,4,0,1,0,0,0,0,0,0,0,0,0,0,0,0,1,0
1073.15,20,4,0,0,0,0,0,0,1,0,0,0,0,1,0,0,0,1
25.24,13,1,0,1,0,0,0,0,0,0,0,0,0,0,0,0,1,0
127.34,18,2,0,0,0,0,0,0,1,0,0,0,1,0,0,0,0,0
195.66,13,0,0,0,0,0,0,0,1,0,0,0,0,0,1,0,0,0
5.06,20,6,1,0,0,0,1,0,0,0,0,0,0,0,0,0,1,0
175.8,23,2,0,1,0,0,0,0,0,0,0,0,1,0,0,0,0,0
622.6,17,5,1,0,0,0,0,0,1,0,0,0,0,0,0,0,1,1
30.98,8,0,0,0,0,0,1,0,0,1,0,0,0,0,0,0,0,0
2.25,12,0,0,1,0,0,0,0,0,0,1,0,0,0,0,0,0,0
3.73,20,5,1,1,0,0,0,0,0,0,1,0,0,0,0,0,0,0
20.77,23,0,0,1,0,0,0,0,0,1,0,0,0,0,0,0,0,0
185.96,8,5,1,0,1,0,0,0,0,0,0,0,0,0,1,0,0,0
5.03,15,6,1,1,0,0,0,0,0,0,0,0,0,0,0,0,1,0
95.13,19,3,0,0,0,0,0,0,1,0,0,0,0,1,0,0,0,0
90.73,11,3,0,0,0,0,0,0,1,0,0,0,0,1,0,0,0,0
17.25,16,6,1,0,0,0,0,0,1,0,0,1,0,0,0,0,0,0
109.77,13,4,0,1,0,0,0,0,0,0,0,0,1,0,0,0,0,0
76.76,14,0,0,0,0,0,0,0,1,0,0,1,0,0,0,0,0,0
73.43,12,2,0,0,0,0,0,1,0,0,0,0,0,1,0,0,0,0
291.38,23,6,1,1,0,0,0,0,0,0,0,0,0,0,1,0,0,0
5.32,12,0,0,1,0,0,0,0,0,0,0,0,0,0,0,1,0,0
30.83,16,2,0,1,0,0,0,0,0,0,0,0,0,0,0,0,1,0
330.92,3,0,0,0,0,0,0,0,1,0,1,0,0,0,0,0,0,1
22.13,17,0,0,0,0,0,1,0,0,0,0,0,0,0,0,0,1,0
709.76,9,4,0,0,0,1,0,0,0,1,0,0,0,0,0,0,0,1
5.26,16,5,1,0,0,0,0,0,1,0,1,0,0,0,0,0,0,0
68.69,13,3,0,1,0,0,0,0,0,0,0,1,0,0,0,0,0,0
3.96,9,4,0,1,0,0,0,0,0,0,1,0,0,0,0,0,0,0
162.77,4,0,0,0,0,0,0,0,1,0,0,0,1,0,0,0,0,1
22.4,17,1,0,0,0,0,1,0,0,0,0,0,0,0,0,1,0,0
3.13,21,3,0,1,0,0,0,0,0,0,1,0,0,0,0,0,0,0
735.9,4,6,1,0,0,0,0,0,1,1,0,0,0,0,0,0,0,1
1456.88,1,1,0,0,0,0,0,0,1,0,0,0,0,0,0,0,1,1
55.7,7,0,0,1,0,0,0,0,0,0,0,1,0,0,0,0,0,0
51.79,23,3,0,1,0,0,0,0,0,0,0,0,0,0,0,1,0,0
62.8,14,1,0,1,0,0,0,0,0,0,0,0,1,0,0,0,0,0
51.65,11,2,0,1,0,0,0,0,0,0,0,1,0,0,0,0,0,0
98.73,15,1,0,1,0,0,0,0,0,0,0,0,0,1,0,0,0,0
193.12,11,0,0,1,0,0,0,0,0,0,0,0,0,0,1,0,0,0
2.83,15,3,0,1,0,0,0,0,0,0,1,0,0,0,0,0,0,0
126.74,12,3,0,0,0,1,0,0,0,0,0,0,1,0,0,0,0,0
97.69,1,0,0,0,0,0,0,0,1,1,0,0,0,0,0,0,0,1
17.19,16,3,0,0,0,0,1,0,0,0,0,1,0,0,0,0,0,0
19.39,17,4,0,0,0,0,0,0,1,1,0,0,0,0,0,0,0,0
17.54,6,3,0,0,1,0,0,0,0,0,0,0,0,0,0,1,0,0
101.95,18,3,0,1,0,0,0,0,0,0,0,0,0,0,1,0,0,0
75.15,22,3,0,1,0,0,0,0,0,0,0,1,0,0,0,0,0,0
1934.0,0,5,1,0,1,0,0,0,0,0,0,0,0,0,0,1,0,1
1.8,19,6,1,0,0,0,0,0,1,0,1,0,0,0,0,0,0,0
1080.67,15,0,0,0,1,0,0,0,0,0,0,1,0,0,0,0,0,1
11.79,12,0,0,1,0,0,0,0,0,0,0,0,0,0,0,1,0,0
48.08,11,5,1,0,1,0,0,0,0,0,0,0,0,0,0,1,0,0
5.86,14,2,0,1,0,0,0,0,0,0,0,0,0,0,0,0,1,0
750.97,15,6,1,0,0,0,0,0,1,0,0,1,0,0,0,0,0,1
23.41,21,6,1,0,0,0,1,0,0,0,0,1,0,0,0,0,0,0
7.97,11,6,1,0,0,1,0,0,0,0,0,0,0,0,0,1,0,0
32.83,23,0,0,1,0,0,0,0,0,1,0,0,0,0,0,0,0,0
9.92,12,0,0,1,0,0,0,0,0,0,0,0,0,0,0,0,1,0
16.25,7,3,0,0,0,0,0,0,1,0,0,0,0,0,0,1,0,0
182.83,23,5,1,1,0,0,0,0,0,0,0,0,1,0,0,0,0,0
37.43,10,0,0,0,1,0,0,0,0,0,0,0,0,0,0,0,1,0
14.22,21,3,0,1,0,0,0,0,0,0,0,0,0,0,0,0,1,0
5.38,19,6,1,0,1,0,0,0,0,0,1,0,0,0,0,0,0,0
2.39,22,5,1,1,0,0,0,0,0,0,1,0,0,0,0,0,0,0
28.95,6,0,0,0,0,1,0,0,0,0,0,0,0,0,0,0,1,0
227.16,14,4,0,0,0,0,0,0,1,0,0,0,0,0,1,0,0,0
31.14,21,2,0,0,0,1,0,0,0,0,0,0,0,1,0,0,0,0
44.97,11,0,0,1,0,0,0,0,0,0,0,1,0,0,0,0,0,0
70.96,16,0,0,0,0,0,0,0,1,0,0,0,1,0,0,0,0,0
3.06,11,3,0,0,1,0,0,0,0,0,1,0,0,0,0,0,0,0
807.86,0,4,0,0,0,0,0,0,1,0,0,0,1,0,0,0,0,1
104.06,8,3,0,0,0,0,0,0,1,0,0,0,0,0,1,0,0,0
2.26,11,0,0,1,0,0,0,0,0,0,1,0,0,0,0,0,0,0
77.84,7,4,0,0,0,0,1,0,0,0,0,1,0,0,0,0,0,0
30.03,15,6,1,0,0,0,0,0,1,0,0,1,0,0,0,0,0,0
5.13,16,6,1,0,0,0,0,1,0,0,1,0,0,0,0,0,0,0
15.67,7,0,0,0,1,0,0,0,0,0,0,0,0,1,0,0,0,0
53.53,13,0,0,0,1,0,0,0,0,0,0,1,0,0,0,0,0,0
18.21,21,0,0,1,0,0,0,0,0,0,0,1,0,0,0,0,0,0
1415.61,0,1,0,0,0,0,1,0,0,0,0,0,0,0,0,0,1,1
277.48,12,0,0,0,1,0,0,0,0,0,0,0,0,0,1,0,0,0
112.72,14,6,1,1,0,0,0,0,0,0,0,0,0,1,0,0,0,0
55.63,23,1,0,1,0,0,0,0,0,0,0,1,0,0,0,0,0,0
51.63,9,6,1,0,0,1,0,0,0,0,0,0,0,0,0,1,0,0
7.36,9,3,0,1,0,0,0,0,0,0,0,0,0,0,0,1,0,0
168.24,3,2,0,0,0,0,0,0,1,0,0,0,0,0,0,1,0,1
45.09,11,2,0,0,1,0,0,0,0,0,0,0,1,0,0,0,0,0
149.49,2,0,0,0,0,0,0,0,1,0,0,1,0,0,0,0,0,1
19.67,21,1,0,1,0,0,0,0,0,0,0,0,0,0,0,0,1,0
29.73,13,0,0,0,1,0,0,0,0,0,0,0,0,0,0,1,0,0
2.13,10,3,0,0,0,0,1,0,0,0,1,0,0,0,0,0,0,0
261.33,6,1,0,0,1,0,0,0,0,0,0,0,0,0,1,0,0,0
5.31,10,6,1,0,0,0,0,0,1,0,1,0,0,0,0,0,0,0
4.68,12,6,1,0,0,1,0,0,0,0,1,0,0,0,0,0,0,0
37.01,13,0,0,0,0,0,0,0,1,0,0,1,0,0,0,0,0,0
56.31,12,0,0,0,0,1,0,0,0,0,0,1,0,0,0,0,0,0
3.44,19,0,0,1,0,0,0,0,0,0,1,0,0,0,0,0,0,0
69.57,20,2,0,0,1,0,0,0,0,0,0,1,0,0,0,0,0,0
16.4,2,3,0,0,0,0,0,0,1,1,0,0,0,0,0,0,0,1
632.27,10,6,1,0,0,0,0,1,0,1,0,0,0,0,0,0,0,1
140.78,17,6,1,0,0,0,0,0,1,0,0,0,1,0,0,0,0,0
39.6,14,4,0,0,0,0,0,0,1,0,0,0,0,1,0,0,0,0
46.81,22,1,0,1,0,0,0,0,0,0,0,0,0,0,0,1,0,0
30.15,23,2,0,0,0,0,1,0,0,1,0,0,0,0,0,0,0,0
25.29,11,0,0,1,0,0,0,0,0,0,0,1,0,0,0,0,0,0
21.32,7,4,0,0,0,0,0,0,1,1,0,0,0,0,0,0,0,0
4.01,15,6,1,0,0,0,0,0,1,0,1,0,0,0,0,0,0,0
116.27,1,4,0,0,0,0,0,0,1,0,0,1,0,0,0,0,0,1
26.75,1,1,0,0,0,0,0,0,1,0,1,0,0,0,0,0,0,1
38.3,10,4,0,0,0,1,0,0,0,0,0,0,0,0,0,0,1,0
38.78,20,6,1,1,0,0,0,0,0,0,0,0,0,0,0,0,1,0
97.67,19,6,1,0,1,0,0,0,0,0,0,0,0,0,1,0,0,0
9.72,19,4,0,1,0,0,0,0,0,0,0,0,0,0,0,0,1,0
82.22,19,3,0,1,0,0,0,0,0,0,0,0,1,0,0,0,0,0
33.52,11,3,0,1,0,0,0,0,0,1,0,0,0,0,0,0,0,0
4.09,12,2,0,0,0,0,0,1,0,0,1,0,0,0,0,0,0,0
93.85,20,4,0,0,0,0,1,0,0,0,0,0,0,1,0,0,0,0
21.48,10,1,0,0,1,0,0,0,0,1,0,0,0,0,0,0,0,0
53.81,16,5,1,1,0,0,0,0,0,0,0,1,0,0,0,0,0,0
763.4,3,1,0,0,0,0,0,0,1,0,0,0,0,0,0,0,1,1
31.8,15,0,0,1,0,0,0,0,0,0,0,0,0,0,0,0,1,0
87.6,6,5,1,0,0,0,0,0,1,0,0,0,0,0,1,0,0,0
29.04,6,6,1,0,0,0,0,0,1,0,0,0,1,0,0,0,0,0
17.48,14,2,0,1,0,0,0,0,0,0,0,0,0,0,0,0,1,0
29.72,8,2,0,0,1,0,0,0,0,0,0,0,0,0,0,0,1,0
33.2,11,3,0,0,1,0,0,0,0,1,0,0,0,0,0,0,0,0
21.75,7,2,0,1,0,0,0,0,0,0,0,0,0,0,1,0,0,0
419.92,19,5,1,0,0,0,1,0,0,1,0,0,0,0,0,0,0,1
19.77,20,4,0,0,0,0,0,1,0,0,0,0,0,0,0,0,1,0
2.7,16,4,0,0,0,0,0,0,1,0,1,0,0,0,0,0,0,0
27.2,22,1,0,0,0,0,1,0,0,0,0,0,1,0,0,0,0,0
35.36,12,5,1,0,0,0,0,0,1,0,0,0,0,0,0,1,0,0
4.16,23,3,0,0,1,0,0,0,0,0,1,0,0,0,0,0,0,0
37.11,10,1,0,0,1,0,0,0,0,0,0,0,0,0,0,0,1,0
114.02,12,3,0,0,0,0,0,1,0,0,0,0,0,0,1,0,0,0
1458.47,21,4,0,0,0,0,0,1,0,0,0,0,1,0,0,0,0,1
46.93,7,2,0,0,1,0,0,0,0,0,0,0,0,1,0,0,0,0
35.65,16,4,0,0,1,0,0,0,0,0,0,0,0,0,0,1,0,0
31.8,8,4,0,1,0,0,0,0,0,1,0,0,0,0,0,0,0,0
39.87,14,6,1,1,0,0,0,0,0,0,0,0,0,0,0,1,0,0
1894.41,3,4,0,0,0,0,0,0,1,0,0,0,1,0,0,0,0,1
60.38,7,3,0,0,0,0,0,0,1,0,0,0,0,1,0,0,0,0
29.25,12,4,0,0,1,0,0,0,0,0,0,0,0,1,0,0,0,0
35.56,6,5,1,0,1,0,0,0,0,0,0,1,0,0,0,0,0,0
171.19,11,3,0,0,1,0,0,0,0,0,0,0,1,0,0,0,0,0
9.92,20,3,0,1,0,0,0,0,0,1,0,0,0,0,0,0,0,0
71.49,23,1,0,1,0,0,0,0,0,0,0,1,0,0,0,0,0,0
62.1,12,2,0,0,0,0,1,0,0,0,0,1,0,0,0,0,0,0
14.71,16,2,0,1,0,0,0,0,0,1,0,0,0,0,0,0,0,0
1.76,14,3,0,1,0,0,0,0,0,0,1,0,0,0,0,0,0,0
101.73,22,4,0,1,0,0,0,0,0,0,0,0,0,0,1,0,0,0
69.27,20,6,1,1,0,0,0,0,0,0,0,0,0,1,0,0,0,0
108.87,4,3,0,0,0,0,0,0,1,0,0,0,0,0,0,0,1,1
599.42,0,2,0,0,0,0,0,0,1,0,0,0,1,0,0,0,0,1
23.39,8,0,0,0,0,0,0,0,1,0,0,0,0,0,0,0,1,0
65.68,18,1,0,0,0,0,0,0,1,0,0,1,0,0,0,0,0,0
58.53,19,2,0,0,0,0,0,0,1,0,0,1,0,0,0,0,0,0
788.88,17,0,0,0,0,0,0,0,1,1,0,0,0,0,0,0,0,1
28.94,17,0,0,0,0,0,0,0,1,1,0,0,0,0,0,0,0,0
40.86,8,4,0,0,0,1,0,0,0,0,0,0,0,0,0,1,0,0
46.15,13,2,0,1,0,0,0,0,0,0,0,0,0,0,1,0,0,0
180.5,14,3,0,0,0,0,0,0,1,0,0,0,1,0,0,0,0,0
415.89,14,2,0,0,0,0,0,0,1,0,1,0,0,0,0,0,0,1
63.31,19,3,0,1,0,0,0,0,0,0,0,1,0,0,0,0,0,0
7.54,9,0,0,1,0,0,0,0,0,1,0,0,0,0,0,0,0,0
97.76,19,0,0,0,0,0,0,1,0,0,0,0,0,1,0,0,0,0
16.45,10,6,1,0,0,0,0,0,1,0,0,0,0,0,0,1,0,0
18.09,8,6,1,0,1,0,0,0,0,1,0,0,0,0,0,0,0,0
10.49,23,4,0,1,0,0,0,0,0,0,0,1,0,0,0,0,0,0
771.78,2,3,0,1,0,0,0,0,0,0,0,0,0,0,0,0,1,1
4.58,9,3,0,0,0,0,0,0,1,0,1,0,0,0,0,0,0,0
276.27,8,3,0,0,0,0,0,0,1,0,0,0,0,0,1,0,0,0
37.71,21,2,0,0,0,1,0,0,0,0,0,0,0,0,0,0,1,0
156.11,14,3,0,0,0,0,0,0,1,0,0,0,1,0,0,0,0,0
31.73,6,6,1,0,1,0,0,0,0,0,0,0,0,0,0,0,1,0
1.8,22,4,0,0,0,0,0,0,1,0,1,0,0,0,0,0,0,0
119.53,2,0,0,0,0,0,0,0,1,0,0,0,0,0,0,0,1,1
39.85,13,1,0,0,0,0,0,0,1,0,0,0,0,0,0,1,0,0
36.85,20,2,0,0,0,0,0,1,0,0,0,0,0,0,0,1,0,0
137.19,16,4,0,0,0,1,0,0,0,0,0,0,0,0,1,0,0,0
39.07,13,4,0,0,0,0,0,1,0,0,0,0,0,0,0,0,1,0
62.78,19,5,1,0,0,0,0,1,0,0,0,0,0,1,0,0,0,0
174.58,22,2,0,1,0,0,0,0,0,0,0,0,1,0,0,0,0,0
198.92,14,5,1,1,0,0,0,0,0,0,0,0,1,0,0,0,0,0
15.43,9,3,0,1,0,0,0,0,0,0,0,1,0,0,0,0,0,0
556.15,1,5,1,0,0,0,0,0,1,0,0,0,0,1,0,0,0,1
2818.84,3,3,0,0,0,0,0,0,1,0,0,0,0,0,1,0,0,1
3.88,10,4,0,1,0,0,0,0,0,0,1,0,0,0,0,0,0,0
298.47,11,3,0,1,0,0,0,0,0,0,0,0,0,0,1,0,0,0
1290.61,4,4,0,0,0,0,0,0,1,0,0,0,0,0,0,1,0,1
16.71,7,0,0,0,1,0,0,0,0,1,0,0,0,0,0,0,0,0
67.85,15,3,0,0,0,0,0,0,1,0,0,0,1,0,0,0,0,0
23.12,16,5,1,1,0,0,0,0,0,0,0,1,0,0,0,0,0,0
92.01,10,1,0,1,0,0,0,0,0,0,0,0,1,0,0,0,0,0
336.31,0,6,1,0,0,0,0,0,1,0,1,0,0,0,0,0,0,1
54.61,23,0,0,0,0,0,0,0,1,0,0,0,1,0,0,0,0,0
19.26,11,2,0,0,0,1,0,0,0,1,0,0,0,0,0,0,0,0
28.45,6,5,1,0,1,0,0,0,0,1,0,0,0,0,0,0,0,0
34.03,14,1,0,1,0,0,0,0,0,1,0,0,0,0,0,0,0,0
79.71,1,3,0,0,0,0,0,0,1,0,0,0,0,0,0,1,0,1
182.48,13,2,0,1,0,0,0,0,0,0,0,0,0,0,1,0,0,0
5.58,21,6,1,0,1,0,0,0,0,0,1,0,0,0,0,0,0,0
26.91,18,4,0,0,0,0,0,1,0,0,0,1,0,0,0,0,0,0
3.99,17,3,0,0,1,0,0,0,0,0,1,0,0,0,0,0,0,0
31.54,15,3,0,0,0,1,0,0,0,0,0,0,0,0,0,1,0,0
63.87,18,1,0,0,1,0,0,0,0,0,0,0,0,1,0,0,0,0
249.09,6,2,0,0,0,0,1,0,0,0,0,0,0,0,1,0,0,0
96.57,17,2,0,0,1,0,0,0,0,0,0,0,1,0,0,0,0,0
2491.25,12,3,0,0,0,0,0,0,1,0,0,0,0,0,1,0,0,1
854.41,13,0,0,1,0,0,0,0,0,0,0,0,1,0,0,0,0,1
87.26,20,2,0,1,0,0,0,0,0,0,0,0,0,1,0,0,0,0
61.72,16,1,0,0,0,0,0,1,0,0,0,0,0,1,0,0,0,0
173.43,11,4,0,0,0,1,0,0,0,0,0,0,0,0,1,0,0,0
670.86,13,5,1,0,1,0,0,0,0,0,0,1,0,0,0,0,0,1
7.64,17,0,0,0,1,0,0,0,0,0,0,0,0,0,0,0,1,0
31.35,22,3,0,0,0,0,1,0,0,0,0,0,0,1,0,0,0,0
25.97,23,1,0,0,0,0,0,0,1,1,0,0,0,0,0,0,0,0
683.98,9,3,0,1,0,0,0,0,0,1,0,0,0,0,0,0,0,1
59.43,11,3,0,0,0,0,1,0,0,0,0,1,0,0,0,0,0,0
3.84,17,5,1,1,0,0,0,0,0,0,1,0,0,0,0,0,0,0
114.39,23,2,0,1,0,0,0,0,0,0,0,0,1,0,0,0,0,0
275.84,10,4,0,0,0,1,0,0,0,0,0,0,0,0,1,0,0,0
284.31,10,3,0,1,0,0,0,0,0,0,0,0,0,0,1,0,0,0
162.17,23,6,1,1,0,0,0,0,0,0,0,0,1,0,0,0,0,0
3.59,11,2,0,0,0,0,1,0,0,0,1,0,0,0,0,0,0,0
56.19,16,0,0,0,0,1,0,0,0,0,0,0,1,0,0,0,0,0
1035.43,14,6,1,0,0,1,0,0,0,0,0,1,0,0,0,0,0,1
174.02,6,4,0,0,0,1,0,0,0,0,0,0,0,0,1,0,0,0
246.83,6,3,0,1,0,0,0,0,0,0,0,0,0,0,1,0,0,0
33.18,15,3,0,1,0,0,0,0,0,0,0,0,0,0,0,0,1,0
139.76,17,4,0,1,0,0,0,0,0,0,0,0,1,0,0,0,0,0
76.02,14,4,0,0,1,0,0,0,0,0,0,0,0,0,1,0,0,0
36.14,15,1,0,0,0,1,0,0,0,0,0,0,0,0,0,0,1,0
25.23,21,0,0,0,1,0,0,0,0,0,0,1,0,0,0,0,0,0
38.57,23,1,0,0,1,0,0,0,0,0,0,0,0,0,0,0,1,0
2692.43,18,4,0,0,0,0,0,0,1,0,0,0,0,0,1,0,0,1
119.36,23,3,0,0,0,0,1,0,0,0,0,0,1,0,0,0,0,0
24.1,14,2,0,1,0,0,0,0,0,0,0,0,0,0,0,0,1,0
5.51,17,3,0,0,1,0,0,0,0,0,0,0,0,0,0,0,1,0
134.67,17,4,0,0,0,0,1,0,0,0,0,0,0,0,1,0,0,0
10.69,20,3,0,0,1,0,0,0,0,0,0,0,0,1,0,0,0,0
31.23,15,4,0,0,1,0,0,0,0,0,0,0,0,0,0,0,1,0
29.1,19,5,1,1,0,0,0,0,0,1,0,0,0,0,0,0,0,0
21.94,9,4,0,0,0,0,0,0,1,1,0,0,0,0,0,0,0,0
166.93,16,0,0,1,0,0,0,0,0,0,0,0,1,0,0,0,0,0
55.96,11,6,1,0,0,1,0,0,0,0,0,0,0,0,0,1,0,0
4.99,20,1,0,0,0,0,0,0,1,0,1,0,0,0,0,0,0,0
95.5,17,3,0,0,0,1,0,0,0,0,0,0,0,0,1,0,0,0
1176.89,4,0,0,0,0,0,0,0,1,0,0,0,0,0,1,0,0,1
14.73,7,2,0,0,0,0,0,1,0,0,0,0,0,0,0,0,1,0
18.34,13,5,1,0,0,0,1,0,0,0,0,0,0,0,0,1,0,0
285.3,23,0,0,1,0,0,0,0,0,0,0,0,0,0,1,0,0,0
2933.03,17,6,1,0,0,0,0,0,1,0,0,0,1,0,0,0,0,1
283.69,23,5,1,0,0,0,1,0,0,0,0,0,0,0,1,0,0,0
6.07,17,3,0,1,0,0,0,0,0,1,0,0,0,0,0,0,0,0
288.69,15,1,0,0,0,0,1,0,0,0,0,0,0,0,1,0,0,0
5.6,15,0,0,0,0,0,0,0,1,0,1,0,0,0,0,0,0,0
37.48,10,3,0,0,0,0,0,0,1,0,0,0,0,0,1,0,0,0
18.0,6,6,1,0,0,0,0,1,0,1,0,0,0,0,0,0,0,0
638.69,14,0,0,0,0,0,0,1,0,0,1,0,0,0,0,0,0,1
19.69,8,3,0,0,0,0,0,1,0,0,0,0,0,0,0,0,1,0
28.31,23,2,0,1,0,0,0,0,0,0,0,0,0,0,0,0,1,0
27.34,16,3,0,1,0,0,0,0,0,0,0,0,0,0,1,0,0,0
274.32,20,6,1,0,0,0,0,0,1,0,0,0,0,0,1,0,0,0
51.74,6,1,0,0,0,0,0,1,0,0,0,1,0,0,0,0,0,0
10.7,11,1,0,1,0,0,0,0,0,1,0,0,0,0,0,0,0,0
59.97,10,1,0,0,0,0,0,1,0,0,0,1,0,0,0,0,0,0
633.39,2,1,0,0,0,0,0,0,1,0,1,0,0,0,0,0,0,1
232.42,23,3,0,1,0,0,0,0,0,0,0,0,0,0,1,0,0,0
20.99,18,1,0,1,0,0,0,0,0,0,0,0,0,0,0,1,0,0
145.59,6,5,1,0,1,0,0,0,0,0,0,0,1,0,0,0,0,0
380.96,13,6,1,0,0,0,0,0,1,0,1,0,0,0,0,0,0,1
33.96,18,5,1,0,0,0,0,1,0,0,0,0,0,0,0,0,1,0
22.37,21,0,0,1,0,0,0,0,0,0,0,0,0,0,0,0,1,0
2561.39,2,1,0,0,0,1,0,0,0,0,0,0,1,0,0,0,0,1
289.15,20,6,1,0,1,0,0,0,0,0,0,0,0,0,1,0,0,0
55.79,20,0,0,0,0,0,0,0,1,0,0,0,0,0,0,1,0,0
16.27,12,2,0,1,0,0,0,0,0,0,0,0,1,0,0,0,0,0
27.74,7,6,1,1,0,0,0,0,0,0,0,1,0,0,0,0,0,0
65.96,16,2,0,1,0,0,0,0,0,0,0,0,0,1,0,0,0,0
58.71,18,3,0,1,0,0,0,0,0,0,0,1,0,0,0,0,0,0
5.66,16,4,0,0,0,0,0,0,1,1,0,0,0,0,0,0,0,0
48.62,10,2,0,1,0,0,0,0,0,0,0,1,0,0,0,0,0,0
39.22,22,2,0,0,0,1,0,0,0,0,0,1,0,0,0,0,0,0
173.7,21,5,1,1,0,0,0,0,0,0,0,0,0,0,1,0,0,0
29.42,9,4,0,0,0,0,0,1,0,0,0,0,0,1,0,0,0,0
2.2,20,1,0,1,0,0,0,0,0,0,1,0,0,0,0,0,0,0
19.15,13,2,0,1,0,0,0,0,0,0,0,0,0,1,0,0,0,0
25.34,14,1,0,0,0,1,0,0,0,0,0,0,0,0,0,0,1,0
1009.99,3,6,1,0,0,0,0,0,1,0,0,0,0,0,0,0,1,1
1752.16,3,5,1,0,0,0,1,0,0,0,0,0,0,0,0,0,1,1
36.87,6,5,1,0,0,0,0,0,1,0,0,1,0,0,0,0,0,0
4.02,19,2,0,1,0,0,0,0,0,0,1,0,0,0,0,0,0,0
19.9,22,5,1,1,0,0,0,0,0,0,0,0,0,0,0,1,0,0
37.41,13,1,0,0,0,0,0,0,1,0,0,0,1,0,0,0,0,0
704.49,3,2,0,0,0,0,0,0,1,0,0,0,0,0,0,0,1,1
141.96,14,0,0,0,0,0,0,0,1,0,0,0,1,0,0,0,0,0
211.0,14,2,0,0,1,0,0,0,0,0,0,0,0,0,1,0,0,0
23.62,6,1,0,0,1,0,0,0,0,0,0,0,0,0,0,1,0,0
28.01,15,3,0,1,0,0,0,0,0,0,0,1,0,0,0,0,0,0
54.72,11,5,1,1,0,0,0,0,0,0,0,0,0,0,0,1,0,0
65.12,6,3,0,0,1,0,0,0,0,0,0,1,0,0,0,0,0,0
10.08,6,2,0,0,0,0,0,0,1,1,0,0,0,0,0,0,0,0
13.1,16,5,1,0,0,0,1,0,0,0,0,0,0,0,0,0,1,0
8.62,7,0,0,1,0,0,0,0,0,1,0,0,0,0,0,0,0,0
5.37,14,5,1,0,0,1,0,0,0,1,0,0,0,0,0,0,0,0
32.9,22,0,0,0,0,1,0,0,0,0,0,0,0,0,0,0,1,0
166.56,18,2,0,0,1,0,0,0,0,0,0,0,0,0,1,0,0,0
435.7,1,5,1,0,0,0,0,0,1,0,0,0,0,1,0,0,0,1
16.45,22,2,0,0,0,0,0,1,0,0,0,0,0,1,0,0,0,0
19.09,16,6,1,1,0,0,0,0,0,0,0,0,0,0,0,0,1,0
119.87,14,0,0,0,1,0,0,0,0,0,0,0,1,0,0,0,0,0
41.55,12,0,0,0,0,0,1,0,0,0,0,0,0,0,0,1,0,0
18.05,13,6,1,0,0,1,0,0,0,0,0,0,0,1,0,0,0,0
11.24,18,0,0,0,1,0,0,0,0,1,0,0,0,0,0,0,0,0
49.34,9,4,0,0,0,0,0,1,0,0,0,1,0,0,0,0,0,0
50.21,21,3,0,1,0,0,0,0,0,0,0,0,0,0,0,1,0,0
40.68,7,6,1,0,0,1,0,0,0,0,0,0,0,0,0,1,0,0
106.0,7,2,0,0,1,0,0,0,0,0,0,0,0,1,0,0,0,0
893.96,8,3,0,0,0,1,0,0,0,0,0,1,0,0,0,0,0,1
1360.32,17,4,0,0,0,0,0,1,0,0,0,0,0,0,0,0,1,1
11.9,22,4,0,1,0,0,0,0,0,0,0,1,0,0,0,0,0,0
76.61,14,2,0,0,0,1,0,0,0,0,0,1,0,0,0,0,0,0
23.84,23,3,0,1,0,0,0,0,0,0,0,1,0,0,0,0,0,0
12.26,20,1,0,1,0,0,0,0,0,1,0,0,0,0,0,0,0,0
292.58,7,4,0,1,0,0,0,0,0,0,0,0,0,0,1,0,0,0
55.73,12,5,1,1,0,0,0,0,0,0,0,0,0,0,0,1,0,0
44.71,21,5,1,1,0,0,0,0,0,0,0,0,0,0,0,1,0,0
159.74,1,0,0,0,0,0,0,0,1,0,0,0,0,0,0,0,1,1
21.66,13,3,0,1,0,0,0,0,0,0,0,0,0,0,0,0,1,0
898.51,3,6,1,0,0,0,0,0,1,0,0,0,0,0,0,1,0,1
51.31,23,6,1,0,0,0,1,0,0,0,0,0,0,1,0,0,0,0
26.34,8,2,0,1,0,0,0,0,0,0,0,0,0,1,0,0,0,0
38.23,6,4,0,1,0,0,0,0,0,0,0,0,0,0,0,1,0,0
288.36,13,2,0,0,0,1,0,0,0,0,0,0,0,0,1,0,0,0
255.93,21,4,0,0,0,0,0,0,1,0,0,0,0,0,1,0,0,0
47.0,14,4,0,0,1,0,0,0,0,0,0,0,0,0,1,0,0,0
36.47,18,2,0,0,1,0,0,0,0,0,0,1,0,0,0,0,0,0
96.99,7,5,1,0,0,0,0,1,0,0,0,0,0,1,0,0,0,0
3.11,19,3,0,0,1,0,0,0,0,0,1,0,0,0,0,0,0,0
104.41,12,4,0,0,0,0,1,0,0,0,0,0,0,0,1,0,0,0
28.87,23,3,0,0,1,0,0,0,0,1,0,0,0,0,0,0,0,0
49.87,18,6,1,0,0,1,0,0,0,0,0,1,0,0,0,0,0,0
169.3,16,3,0,0,1,0,0,0,0,0,0,0,1,0,0,0,0,0
72.96,6,6,1,0,1,0,0,0,0,0,0,0,0,1,0,0,0,0
4.64,19,6,1,1,0,0,0,0,0,0,1,0,0,0,0,0,0,0
18.2,15,1,0,1,0,0,0,0,0,0,0,1,0,0,0,0,0,0
58.18,0,5,1,0,0,0,0,0,1,1,0,0,0,0,0,0,0,1
23.52,23,5,1,0,1,0,0,0,0,0,0,0,0,0,0,0,1,0
29.87,14,3,0,1,0,0,0,0,0,0,0,1,0,0,0,0,0,0
78.07,10,3,0,0,0,0,0,0,1,0,0,1,0,0,0,0,0,0
43.64,21,0,0,0,0,0,0,0,1,0,0,1,0,0,0,0,0,0
133.65,1,2,0,0,0,0,0,0,1,0,0,0,0,0,0,0,1,1
157.45,15,1,0,0,0,0,0,0,1,0,0,0,0,0,1,0,0,0
36.87,18,2,0,1,0,0,0,0,0,0,0,0,0,0,0,0,1,0
33.23,13,4,0,0,0,0,1,0,0,0,0,0,0,0,0,0,1,0
20.13,1,5,1,0,0,0,0,0,1,0,1,0,0,0,0,0,0,1
65.12,23,4,0,1,0,0,0,0,0,0,0,1,0,0,0,0,0,0
2.45,6,2,0,0,0,0,1,0,0,0,1,0,0,0,0,0,0,0
49.6,18,6,1,1,0,0,0,0,0,0,0,0,0,1,0,0,0,0
115.59,12,2,0,0,0,0,0,0,1,0,0,0,0,1,0,0,0,0
119.92,23,3,0,1,0,0,0,0,0,0,0,0,1,0,0,0,0,0
759.79,0,0,0,0,0,0,1,0,0,0,0,1,0,0,0,0,0,1
1544.61,0,3,0,0,1,0,0,0,0,0,0,0,0,0,0,0,1,1
631.82,1,2,0,0,0,0,0,1,0,0,1,0,0,0,0,0,0,1
5.6,17,0,0,0,0,0,1,0,0,0,1,0,0,0,0,0,0,0
170.68,6,1,0,1,0,0,0,0,0,0,0,0,1,0,0,0,0,0
53.98,23,5,1,0,1,0,0,0,0,0,0,1,0,0,0,0,0,0
1109.89,3,0,0,0,1,0,0,0,0,0,0,1,0,0,0,0,0,1
29.82,20,6,1,0,0,0,1,0,0,0,0,0,0,0,0,1,0,0
46.93,9,2,0,1,0,0,0,0,0,0,0,0,1,0,0,0,0,0
1205.16,1,2,0,0,0,0,0,1,0,0,0,0,0,1,0,0,0,1
20.11,23,0,0,1,0,0,0,0,0,1,0,0,0,0,0,0,0,0
66.26,23,4,0,1,0,0,0,0,0,0,0,1,0,0,0,0,0,0
30.78,16,1,0,0,0,0,0,0,1,0,0,1,0,0,0,0,0,0
78.42,16,2,0,1,0,0,0,0,0,0,0,1,0,0,0,0,0,0
50.19,21,5,1,1,0,0,0,0,0,0,0,0,0,0,0,1,0,0
39.43,19,0,0,1,0,0,0,0,0,0,0,1,0,0,0,0,0,0
75.2,23,5,1,1,0,0,0,0,0,0,0,1,0,0,0,0,0,0
32.55,11,4,0,1,0,0,0,0,0,0,0,1,0,0,0,0,0,0
98.65,12,5,1,0,0,1,0,0,0,0,0,0,0,1,0,0,0,0
139.19,17,0,0,1,0,0,0,0,0,0,0,0,0,0,1,0,0,0
27.77,19,2,0,1,0,0,0,0,0,0,0,1,0,0,0,0,0,0
1.86,12,6,1,0,1,0,0,0,0,0,1,0,0,0,0,0,0,0
53.2,23,4,0,1,0,0,0,0,0,0,0,0,0,0,0,1,0,0
11.77,20,1,0,0,1,0,0,0,0,0,0,0,0,0,0,0,1,0
293.3,7,5,1,0,0,1,0,0,0,0,0,0,0,0,1,0,0,0
24.95,9,2,0,0,0,0,0,0,1,1,0,0,0,0,0,0,0,0
1523.83,2,6,1,0,0,0,0,0,1,0,0,0,0,0,0,1,0,1
302.62,4,1,0,0,0,0,0,0,1,0,0,1,0,0,0,0,0,1
32.43,8,0,0,1,0,0,0,0,0,0,0,0,0,0,0,1,0,0
35.86,14,2,0,1,0,0,0,0,0,0,0,1,0,0,0,0,0,0
118.63,12,3,0,0,0,1,0,0,0,0,0,0,0,0,1,0,0,0
65.27,11,5,1,0,0,0,0,0,1,0,0,1,0,0,0,0,0,0
713.46,0,2,0,0,0,0,0,0,1,0,0,0,0,0,0,0,1,1
3.76,10,0,0,0,1,0,0,0,0,0,1,0,0,0,0,0,0,0
9.02,3,0,0,0,0,0,0,0,1,0,1,0,0,0,0,0,0,1
46.68,22,4,0,1,0,0,0,0,0,0,0,0,0,1,0,0,0,0
42.18,9,5,1,1,0,0,0,0,0,0,0,0,1,0,0,0,0,0
113.36,12,0,0,0,0,1,0,0,0,0,0,0,1,0,0,0,0,0
51.57,8,2,0,1,0,0,0,0,0,0,0,0,0,0,0,1,0,0
36.52,9,2,0,0,0,0,0,0,1,0,0,1,0,0,0,0,0,0
384.63,18,4,0,0,0,0,0,0,1,0,1,0,0,0,0,0,0,1
19.38,13,4,0,0,0,0,0,0,1,0,0,0,0,0,0,1,0,0
26.57,22,5,1,0,0,0,0,1,0,1,0,0,0,0,0,0,0,0
13.47,22,0,0,0,0,0,0,0,1,0,0,0,0,0,0,0,1,0
31.36,23,3,0,0,0,0,0,0,1,0,0,1,0,0,0,0,0,0
5.16,7,3,0,0,1,0,0,0,0,0,1,0,0,0,0,0,0,0
11.53,7,1,0,0,0,0,0,0,1,1,0,0,0,0,0,0,0,0
396.8,17,1,0,0,0,0,0,0,1,0,1,0,0,0,0,0,0,1
605.07,1,5,1,0,0,0,0,0,1,0,0,0,1,0,0,0,0,1
52.62,16,1,0,1,0,0,0,0,0,0,0,0,0,0,0,1,0,0
828.41,8,2,0,0,0,0,0,0,1,0,0,0,0,0,0,0,1,1
35.84,23,2,0,0,1,0,0,0,0,0,0,0,0,0,0,1,0,0
171.15,21,4,0,1,0,0,0,0,0,0,0,0,1,0,0,0,0,0
7.44,19,6,1,0,1,0,0,0,0,0,0,0,0,0,0,1,0,0
127.2,23,2,0,1,0,0,0,0,0,0,0,0,1,0,0,0,0,0
61.56,19,6,1,0,0,1,0,0,0,0,0,1,0,0,0,0,0,0
46.68,23,4,0,1,0,0,0,0,0,0,0,0,0,0,0,1,0,0
41.97,6,2,0,0,0,1,0,0,0,0,0,0,0,1,0,0,0,0
6.08,8,0,0,1,0,0,0,0,0,1,0,0,0,0,0,0,0,0
4.15,7,5,1,0,1,0,0,0,0,0,1,0,0,0,0,0,0,0
742.12,17,1,0,0,0,0,0,0,1,0,0,1,0,0,0,0,0,1
24.84,3,0,0,0,0,0,0,0,1,0,1,0,0,0,0,0,0,1
152.5,22,0,0,0,1,0,0,0,0,0,0,0,0,0,1,0,0,0
56.35,17,3,0,0,0,0,1,0,0,0,0,0,0,0,0,1,0,0
32.44,10,1,0,1,0,0,0,0,0,0,0,0,0,0,0,0,1,0
10.49,22,2,0,0,0,1,0,0,0,1,0,0,0,0,0,0,0,0
147.22,1,3,0,0,0,0,0,0,1,0,0,0,0,0,0,0,1,1
148.31,9,1,0,0,0,0,0,0,1,0,0,0,1,0,0,0,0,0
158.76,13,3,0,0,0,1,0,0,0,0,0,0,0,0,1,0,0,0
9.5,19,4,0,1,0,0,0,0,0,1,0,0,0,0,0,0,0,0
13.18,23,4,0,0,0,0,0,0,1,0,0,0,0,0,0,1,0,0
98.67,16,5,1,0,0,0,0,0,1,0,0,0,0,1,0,0,0,0
10.58,8,0,0,0,1,0,0,0,0,0,0,0,0,0,0,0,1,0
155.33,10,6,1,1,0,0,0,0,0,0,0,0,1,0,0,0,0,0
108.13,6,1,0,1,0,0,0,0,0,0,0,0,1,0,0,0,0,0
27.59,18,5,1,0,0,1,0,0,0,0,0,0,0,0,0,0,1,0
244.88,19,5,1,0,0,0,1,0,0,0,0,0,0,0,1,0,0,0
50.34,7,5,1,1,0,0,0,0,0,0,0,0,0,1,0,0,0,0
30.2,21,6,1,0,0,0,0,0,1,1,0,0,0,0,0,0,0,0
551.33,22,2,0,0,0,0,0,1,0,0,1,0,0,0,0,0,0,1
33.87,15,4,0,0,1,0,0,0,0,0,0,0,0,0,0,1,0,0
12.87,17,1,0,1,0,0,0,0,0,0,0,0,0,0,0,1,0,0
18.98,21,1,0,0,0,1,0,0,0,0,0,0,0,0,0,1,0,0
3.4,18,4,0,0,0,0,0,1,0,0,1,0,0,0,0,0,0,0
201.38,10,4,0,1,0,0,0,0,0,0,0,0,0,0,1,0,0,0
116.57,22,3,0,0,0,1,0,0,0,0,0,0,1,0,0,0,0,0
694.2,9,3,0,0,0,0,0,0,1,1,0,0,0,0,0,0,0,1
64.66,11,6,1,0,0,0,1,0,0,0,0,0,0,1,0,0,0,0
3.99,18,6,1,0,1,0,0,0,0,0,1,0,0,0,0,0,0,0
5.86,8,1,0,0,0,0,0,1,0,0,1,0,0,0,0,0,0,0
70.87,10,5,1,1,0,0,0,0,0,0,0,0,0,0,1,0,0,0
70.67,9,2,0,1,0,0,0,0,0,0,0,0,0,1,0,0,0,0
56.22,13,3,0,1,0,0,0,0,0,0,0,0,0,0,0,1,0,0
262.78,9,0,0,1,0,0,0,0,0,0,0,0,0,0,1,0,0,0
5.52,6,4,0,0,0,0,0,0,1,0,1,0,0,0,0,0,0,0
198.02,16,3,0,0,0,0,1,0,0,0,0,0,1,0,0,0,0,0
56.19,23,4,0,1,0,0,0,0,0,0,0,1,0,0,0,0,0,0
81.76,18,1,0,0,1,0,0,0,0,0,0,0,1,0,0,0,0,0
161.8,7,5,1,0,0,0,0,1,0,0,0,0,1,0,0,0,0,0
5.65,20,6,1,0,0,1,0,0,0,0,0,0,0,0,0,1,0,0
3.82,18,3,0,0,0,0,1,0,0,0,1,0,0,0,0,0,0,0
26.61,23,1,0,0,0,0,0,1,0,0,0,0,0,0,0,0,1,0
24.63,19,3,0,0,1,0,0,0,0,1,0,0,0,0,0,0,0,0
4251.6,7,6,1,0,0,0,0,0,1,0,0,0,0,0,1,0,0,1
88.34,16,3,0,0,0,0,0,0,1,0,0,0,0,1,0,0,0,0
4.57,10,0,0,0,0,0,0,1,0,0,1,0,0,0,0,0,0,0
38.61,10,6,1,0,0,0,1,0,0,0,0,0,0,0,1,0,0,0
189.15,23,0,0,1,0,0,0,0,0,0,0,0,0,0,1,0,0,0
72.06,7,3,0,0,1,0,0,0,0,0,0,0,0,0,1,0,0,0
115.67,14,4,0,0,0,0,0,0,1,0,0,0,0,0,1,0,0,0
17.0,14,1,0,1,0,0,0,0,0,0,0,1,0,0,0,0,0,0
5.56,15,0,0,0,0,0,0,0,1,0,1,0,0,0,0,0,0,0
44.61,23,5,1,0,1,0,0,0,0,0,0,0,0,0,0,1,0,0
12.46,13,4,0,0,1,0,0,0,0,0,0,0,0,0,0,0,1,0
77.56,21,6,1,0,1,0,0,0,0,0,0,0,0,1,0,0,0,0
59.73,12,6,1,0,0,1,0,0,0,0,0,0,0,1,0,0,0,0
3.64,12,5,1,0,0,0,1,0,0,0,1,0,0,0,0,0,0,0
172.62,12,6,1,0,1,0,0,0,0,0,0,0,1,0,0,0,0,0
109.87,14,6,1,1,0,0,0,0,0,0,0,0,1,0,0,0,0,0
71.6,10,1,0,0,0,0,0,0,1,0,0,1,0,0,0,0,0,0
21.27,21,6,1,1,0,0,0,0,0,0,0,1,0,0,0,0,0,0
97.58,9,2,0,1,0,0,0,0,0,0,0,0,1,0,0,0,0,0
4.52,18,2,0,0,0,1,0,0,0,0,1,0,0,0,0,0,0,0
23.41,23,5,1,1,0,0,0,0,0,0,0,0,0,0,0,0,1,0
197.48,21,0,0,1,0,0,0,0,0,0,0,0,0,0,1,0,0,0
35.8,20,5,1,0,1,0,0,0,0,0,0,1,0,0,0,0,0,0
74.1,10,4,0,1,0,0,0,0,0,0,0,0,1,0,0,0,0,0
28.78,19,6,1,0,1,0,0,0,0,0,0,1,0,0,0,0,0,0
27.31,11,3,0,1,0,0,0,0,0,0,0,0,0,0,1,0,0,0
1.77,20,2,0,0,1,0,0,0,0,0,1,0,0,0,0,0,0,0
9.32,16,1,0,0,0,0,0,0,1,0,0,0,0,0,0,1,0,0
21.65,6,5,1,1,0,0,0,0,0,0,0,0,0,0,0,0,1,0
7.07,23,1,0,1,0,0,0,0,0,0,0,0,0,0,0,0,1,0
2.2,23,6,1,0,0,1,0,0,0,0,1,0,0,0,0,0,0,0
29.21,18,5,1,1,0,0,0,0,0,0,0,0,0,0,0,0,1,0
31.24,10,3,0,0,0,0,0,0,1,1,0,0,0,0,0,0,0,0
18.01,18,3,0,0,0,0,0,0,1,0,0,0,0,1,0,0,0,0
55.11,21,0,0,0,0,0,0,1,0,0,0,1,0,0,0,0,0,0
2.81,13,3,0,0,1,0,0,0,0,0,1,0,0,0,0,0,0,0
227.13,12,3,0,0,0,0,0,0,1,0,0,0,0,0,1,0,0,0
15.85,11,2,0,0,0,1,0,0,0,0,0,0,0,0,0,1,0,0
113.3,11,2,0,0,0,0,0,0,1,0,0,0,0,1,0,0,0,0
88.03,21,0,0,0,0,0,0,0,1,0,0,0,0,1,0,0,0,0
13.87,18,1,0,0,0,1,0,0,0,0,0,0,0,0,0,0,1,0
17.4,12,0,0,0,0,0,0,0,1,0,0,0,0,0,0,0,1,0
92.8,18,1,0,1,0,0,0,0,0,0,0,0,0,1,0,0,0,0
112.39,6,0,0,0,0,0,0,0,1,0,0,0,0,0,1,0,0,0
19.42,8,5,1,0,0,0,0,1,0,1,0,0,0,0,0,0,0,0
101.59,15,6,1,0,0,1,0,0,0,0,0,0,0,1,0,0,0,0
22.8,14,4,0,0,0,0,1,0,0,0,0,0,0,0,0,1,0,0
4.0,9,0,0,1,0,0,0,0,0,0,1,0,0,0,0,0,0,0
27.42,6,0,0,0,0,0,0,0,1,0,0,0,0,0,0,1,0,0
20.97,9,3,0,0,0,0,0,0,1,0,0,0,0,1,0,0,0,0
56.5,11,0,0,1,0,0,0,0,0,0,0,0,0,0,0,1,0,0
32.25,15,3,0,0,0,0,0,0,1,0,0,0,0,0,0,1,0,0
2.96,10,3,0,1,0,0,0,0,0,0,1,0,0,0,0,0,0,0
37.51,14,0,0,0,1,0,0,0,0,0,0,0,1,0,0,0,0,0
2.1,16,2,0,0,1,0,0,0,0,0,1,0,0,0,0,0,0,0
13.54,18,1,0,0,1,0,0,0,0,1,0,0,0,0,0,0,0,0
28.05,21,2,0,1,0,0,0,0,0,0,0,0,0,0,0,0,1,0
12.15,14,4,0,1,0,0,0,0,0,0,0,0,0,0,0,0,1,0
25.74,17,1,0,0,0,0,0,0,1,0,0,0,0,1,0,0,0,0
21.85,13,1,0,1,0,0,0,0,0,1,0,0,0,0,0,0,0,0
4.12,10,4,0,1,0,0,0,0,0,0,1,0,0,0,0,0,0,0
9.28,13,2,0,1,0,0,0,0,0,1,0,0,0,0,0,0,0,0
1148.45,7,2,0,0,0,0,0,0,1,0,0,1,0,0,0,0,0,1
5.11,16,6,1,0,1,0,0,0,0,0,1,0,0,0,0,0,0,0
107.62,22,3,0,1,0,0,0,0,0,0,0,0,0,0,1,0,0,0
12.03,7,3,0,0,1,0,0,0,0,0,0,0,0,0,0,0,1,0
5.47,16,3,0,1,0,0,0,0,0,0,0,0,0,0,0,1,0,0
3.68,10,1,0,1,0,0,0,0,0,0,1,0,0,0,0,0,0,0
10.43,17,0,0,0,0,0,0,1,0,0,0,0,0,0,0,0,1,0
20.83,17,2,0,1,0,0,0,0,0,0,0,0,0,0,0,1,0,0
67.13,13,6,1,0,0,1,0,0,0,0,0,1,0,0,0,0,0,0
89.61,22,4,0,0,0,0,0,1,0,0,0,0,0,1,0,0,0,0
16.25,23,3,0,0,0,1,0,0,0,1,0,0,0,0,0,0,0,0
11.46,7,2,0,1,0,0,0,0,0,0,0,1,0,0,0,0,0,0
32.15,6,5,1,0,1,0,0,0,0,0,0,0,0,0,0,1,0,0
14.47,21,2,0,1,0,0,0,0,0,0,0,0,0,0,0,0,1,0
1929.86,4,5,1,0,0,0,0,0,1,0,0,0,0,0,0,1,0,1
162.04,10,4,0,1,0,0,0,0,0,0,0,0,1,0,0,0,0,0
878.76,1,4,0,1,0,0,0,0,0,1,0,0,0,0,0,0,0,1
5.04,16,1,0,1,0,0,0,0,0,0,1,0,0,0,0,0,0,0
3.81,16,0,0,0,1,0,0,0,0,0,1,0,0,0,0,0,0,0
15.32,19,3,0,0,1,0,0,0,0,0,0,0,0,0,0,0,1,0
5.33,23,1,0,0,1,0,0,0,0,0,1,0,0,0,0,0,0,0
13.6,7,2,0,0,0,1,0,0,0,1,0,0,0,0,0,0,0,0
31.4,16,3,0,0,1,0,0,0,0,0,0,0,0,0,0,0,1,0
15.17,23,2,0,0,0,1,0,0,0,0,0,1,0,0,0,0,0,0
58.08,7,1,0,0,0,0,1,0,0,0,0,1,0,0,0,0,0,0
21.46,16,5,1,1,0,0,0,0,0,0,0,0,0,0,0,0,1,0
134.09,8,1,0,0,0,0,0,0,1,0,0,0,1,0,0,0,0,0
31.81,13,2,0,1,0,0,0,0,0,1,0,0,0,0,0,0,0,0
918.39,3,5,1,0,0,0,0,0,1,0,0,1,0,0,0,0,0,1
3462.37,15,1,0,1,0,0,0,0,0,0,0,0,0,0,1,0,0,1
38.39,23,6,1,0,0,0,0,1,0,0,0,0,0,0,0,1,0,0
96.87,6,4,0,0,1,0,0,0,0,0,0,0,0,1,0,0,0,0
39.97,19,6,1,0,0,0,0,0,1,0,0,0,0,0,0,0,1,0
4.51,8,1,0,1,0,0,0,0,0,0,1,0,0,0,0,0,0,0
835.54,17,1,0,1,0,0,0,0,0,0,0,0,0,1,0,0,0,1
137.84,19,5,1,0,1,0,0,0,0,0,0,0,1,0,0,0,0,0
163.93,14,4,0,1,0,0,0,0,0,0,0,0,0,0,1,0,0,0
3.49,8,0,0,1,0,0,0,0,0,0,1,0,0,0,0,0,0,0
38.17,12,2,0,0,0,0,0,0,1,0,0,0,0,0,1,0,0,0
15.2,15,1,0,1,0,0,0,0,0,0,0,0,0,0,0,1,0,0
117.97,7,1,0,1,0,0,0,0,0,0,0,0,0,1,0,0,0,0
16.55,19,0,0,0,0,0,0,0,1,0,0,0,1,0,0,0,0,0
45.04,23,1,0,1,0,0,0,0,0,0,0,0,0,0,1,0,0,0
7.37,16,2,0,0,0,0,0,0,1,1,0,0,0,0,0,0,0,0
226.9,19,2,0,1,0,0,0,0,0,0,0,0,0,0,1,0,0,0
73.3,20,2,0,0,0,1,0,0,0,0,0,1,0,0,0,0,0,0
40.98,6,3,0,0,1,0,0,0,0,0,0,1,0,0,0,0,0,0
17.43,12,2,0,0,0,0,0,0,1,1,0,0,0,0,0,0,0,0
137.55,11,2,0,0,0,0,0,0,1,0,0,0,1,0,0,0,0,0
269.89,8,3,0,1,0,0,0,0,0,0,0,0,0,0,1,0,0,0
9.5,22,4,0,0,0,0,0,1,0,1,0,0,0,0,0,0,0,0
18.13,14,4,0,1,0,0,0,0,0,1,0,0,0,0,0,0,0,0
41.12,9,1,0,0,1,0,0,0,0,0,0,0,0,1,0,0,0,0
41.82,12,0,0,0,0,0,0,0,1,0,0,0,0,1,0,0,0,0
52.14,10,3,0,1,0,0,0,0,0,0,0,0,0,1,0,0,0,0
518.67,0,4,0,0,0,0,0,0,1,0,0,0,1,0,0,0,0,1
15.77,4,1,0,0,0,0,0,0,1,0,1,0,0,0,0,0,0,1
2.13,7,2,0,0,1,0,0,0,0,0,1,0,0,0,0,0,0,0
106.59,6,4,0,0,0,0,1,0,0,0,0,0,0,1,0,0,0,0
59.88,17,3,0,1,0,0,0,0,0,0,0,0,0,1,0,0,0,0
22.1,8,5,1,1,0,0,0,0,0,1,0,0,0,0,0,0,0,0
127.83,17,3,0,0,0,0,1,0,0,0,0,0,1,0,0,0,0,0
38.96,17,4,0,0,0,0,0,0,1,0,0,1,0,0,0,0,0,0
1.55,22,2,0,0,1,0,0,0,0,0,1,0,0,0,0,0,0,0
19.42,11,1,0,1,0,0,0,0,0,0,0,0,0,0,0,0,1,0
66.22,10,5,1,0,0,0,0,0,1,0,0,1,0,0,0,0,0,0
58.56,10,4,0,0,0,0,0,1,0,0,0,0,1,0,0,0,0,0
2.02,12,1,0,0,1,0,0,0,0,0,1,0,0,0,0,0,0,0
57.04,17,5,1,0,0,0,0,1,0,0,0,1,0,0,0,0,0,0
34.23,15,4,0,0,1,0,0,0,0,0,0,0,0,1,0,0,0,0
5.85,9,4,0,1,0,0,0,0,0,0,1,0,0,0,0,0,0,0
90.7,19,1,0,0,1,0,0,0,0,0,0,0,1,0,0,0,0,0
1613.97,4,1,0,0,0,1,0,0,0,0,0,0,0,0,1,0,0,1
20.94,23,2,0,1,0,0,0,0,0,1,0,0,0,0,0,0,0,0
16.48,15,2,0,0,0,0,0,0,1,1,0,0,0,0,0,0,0,0
33.57,21,0,0,1,0,0,0,0,0,0,0,0,0,0,0,0,1,0
393.97,1,3,0,0,0,0,0,0,1,0,0,1,0,0,0,0,0,1
77.02,23,5,1,1,0,0,0,0,0,0,0,0,1,0,0,0,0,0
35.3,13,4,0,1,0,0,0,0,0,0,0,0,0,0,0,1,0,0
97.97,14,5,1,1,0,0,0,0,0,0,0,0,1,0,0,0,0,0
19.85,19,2,0,0,0,0,0,0,1,1,0,0,0,0,0,0,0,0
1.6,23,3,0,0,0,0,0,1,0,0,1,0,0,0,0,0,0,0
80.33,7,1,0,1,0,0,0,0,0,0,0,0,0,0,1,0,0,0
78.27,8,2,0,1,0,0,0,0,0,0,0,0,0,1,0,0,0,0
69.19,2,1,0,0,0,0,0,0,1,0,0,0,0,0,0,0,1,1
3.63,20,4,0,1,0,0,0,0,0,0,1,0,0,0,0,0,0,0
79.56,19,1,0,0,1,0,0,0,0,0,0,0,0,1,0,0,0,0
37.69,23,5,1,1,0,0,0,0,0,0,0,0,0,0,0,1,0,0
33.04,21,2,0,0,0,0,0,1,0,0,0,0,0,1,0,0,0,0
67.78,9,0,0,1,0,0,0,0,0,0,0,0,1,0,0,0,0,0
4.97,23,0,0,0,0,1,0,0,0,0,1,0,0,0,0,0,0,0
14.67,22,1,0,0,0,1,0,0,0,0,0,1,0,0,0,0,0,0
66.38,9,1,0,1,0,0,0,0,0,0,0,1,0,0,0,0,0,0
2.44,15,0,0,0,1,0,0,0,0,0,1,0,0,0,0,0,0,0
79.13,12,4,0,1,0,0,0,0,0,0,0,0,1,0,0,0,0,0
1402.39,11,3,0,0,0,0,0,0,1,0,0,0,0,0,0,1,0,1
7.67,16,3,0,0,0,1,0,0,0,1,0,0,0,0,0,0,0,0
158.91,1,1,0,0,0,0,0,0,1,0,0,0,1,0,0,0,0,1
13.3,6,1,0,0,1,0,0,0,0,1,0,0,0,0,0,0,0,0
17.53,7,0,0,0,0,1,0,0,0,0,0,0,0,0,0,0,1,0
16.31,10,6,1,1,0,0,0,0,0,1,0,0,0,0,0,0,0,0
19.95,23,0,0,0,0,0,1,0,0,0,0,0,0,0,0,0,1,0
42.08,10,6,1,1,0,0,0,0,0,0,0,0,0,0,0,1,0,0
33.1,11,0,0,1,0,0,0,0,0,0,0,0,0,0,0,0,1,0
25.07,8,5,1,1,0,0,0,0,0,0,0,0,0,1,0,0,0,0
62.81,11,0,0,0,0,1,0,0,0,0,0,0,0,1,0,0,0,0
912.02,2,0,0,0,0,0,0,0,1,0,0,0,0,0,1,0,0,1
72.97,20,6,1,1,0,0,0,0,0,0,0,1,0,0,0,0,0,0
18.42,20,0,0,0,0,0,0,0,1,0,0,1,0,0,0,0,0,0
28.1,23,4,0,0,0,0,0,0,1,0,0,0,0,0,0,0,1,0
64.62,12,1,0,0,0,1,0,0,0,0,0,0,0,0,1,0,0,0
17.01,10,0,0,0,0,0,1,0,0,0,0,0,0,0,0,0,1,0
151.12,16,3,0,1,0,0,0,0,0,0,0,0,0,0,1,0,0,0
11.71,16,0,0,0,0,0,1,0,0,0,0,0,0,0,0,1,0,0
250.12,10,1,0,1,0,0,0,0,0,0,0,0,0,0,1,0,0,0
6.96,12,3,0,0,0,0,0,1,0,1,0,0,0,0,0,0,0,0
279.82,23,2,0,0,0,1,0,0,0,0,0,0,0,0,1,0,0,0
28.61,18,2,0,1,0,0,0,0,0,0,0,0,0,1,0,0,0,0
78.49,21,3,0,1,0,0,0,0,0,0,0,1,0,0,0,0,0,0
321.11,9,5,1,0,0,0,0,1,0,0,1,0,0,0,0,0,0,1
24.01,23,4,0,1,0,0,0,0,0,0,0,0,1,0,0,0,0,0
1.69,7,2,0,1,0,0,0,0,0,0,1,0,0,0,0,0,0,0
58.62,1,2,0,0,0,0,0,0,1,0,0,0,0,0,0,0,1,1
198.76,16,2,0,0,0,0,0,0,1,0,0,0,0,0,1,0,0,0
19.22,17,3,0,1,0,0,0,0,0,0,0,1,0,0,0,0,0,0
51.43,10,0,0,1,0,0,0,0,0,0,0,0,1,0,0,0,0,0
14.42,23,3,0,0,0,0,0,0,1,1,0,0,0,0,0,0,0,0
20.61,14,5,1,0,0,0,1,0,0,0,0,0,0,0,0,1,0,0
265.81,18,2,0,0,1,0,0,0,0,0,0,0,0,0,1,0,0,0
41.1,13,5,1,0,1,0,0,0,0,0,0,0,0,0,0,1,0,0
1733.14,14,4,0,1,0,0,0,0,0,0,0,0,0,0,1,0,0,1
40.51,10,1,0,1,0,0,0,0,0,0,0,0,0,0,0,1,0,0
97.55,9,6,1,1,0,0,0,0,0,0,0,0,0,1,0,0,0,0
16.78,20,5,1,0,1,0,0,0,0,0,0,1,0,0,0,0,0,0
149.16,23,6,1,0,0,0,0,0,1,0,0,0,1,0,0,0,0,0
250.46,16,4,0,1,0,0,0,0,0,0,0,0,0,0,1,0,0,0
3.77,17,3,0,0,0,1,0,0,0,0,1,0,0,0,0,0,0,0
23.81,15,4,0,1,0,0,0,0,0,0,0,0,0,0,0,1,0,0
4.62,15,2,0,1,0,0,0,0,0,0,1,0,0,0,0,0,0,0
123.54,10,3,0,1,0,0,0,0,0,0,0,0,0,0,1,0,0,0
181.57,18,2,0,0,1,0,0,0,0,0,0,0,1,0,0,0,0,0
2948.92,12,4,0,0,0,0,0,0,1,0,0,0,1,0,0,0,0,1
111.5,10,3,0,0,0,0,0,0,1,0,0,0,0,1,0,0,0,0
2472.24,10,2,0,1,0,0,0,0,0,0,0,0,1,0,0,0,0,1
3.76,6,3,0,0,0,0,0,0,1,0,1,0,0,0,0,0,0,0
4.5,18,0,0,0,0,0,0,1,0,0,1,0,0,0,0,0,0,0
40.91,17,5,1,0,1,0,0,0,0,0,0,0,0,0,0,1,0,0
97.67,20,1,0,0,0,0,0,0,1,0,0,0,0,0,1,0,0,0
119.28,11,3,0,0,0,0,1,0,0,0,0,0,0,1,0,0,0,0
34.05,23,2,0,1,0,0,0,0,0,0,0,0,0,0,0,0,1,0
28.18,12,5,1,1,0,0,0,0,0,0,0,0,1,0,0,0,0,0
285.35,17,1,0,1,0,0,0,0,0,0,0,0,0,0,1,0,0,0
296.01,3,6,1,0,0,0,0,0,1,0,0,0,0,1,0,0,0,1
3.93,15,5,1,0,0,1,0,0,0,0,1,0,0,0,0,0,0,0
3.76,11,5,1,1,0,0,0,0,0,0,1,0,0,0,0,0,0,0
54.42,22,2,0,0,0,0,1,0,0,0,0,0,0,0,0,1,0,0
53.47,18,3,0,0,1,0,0,0,0,0,0,0,0,0,0,1,0,0
21.49,9,5,1,0,0,0,0,0,1,0,0,0,0,0,0,0,1,0
31.46,9,0,0,1,0,0,0,0,0,1,0,0,0,0,0,0,0,0
85.58,20,2,0,0,1,0,0,0,0,0,0,0,0,1,0,0,0,0
44.82,18,2,0,0,0,0,0,1,0,0,0,1,0,0,0,0,0,0
12.12,12,6,1,0,0,0,0,0,1,1,0,0,0,0,0,0,0,0
2.25,23,4,0,1,0,0,0,0,0,0,1,0,0,0,0,0,0,0
4.27,21,0,0,1,0,0,0,0,0,0,1,0,0,0,0,0,0,0
8.49,10,0,0,0,0,0,1,0,0,1,0,0,0,0,0,0,0,0
53.59,16,6,1,0,1,0,0,0,0,0,0,0,0,1,0,0,0,0
43.17,8,0,0,1,0,0,0,0,0,0,0,0,0,0,0,1,0,0
24.41,12,2,0,1,0,0,0,0,0,0,0,0,0,0,0,0,1,0
24.9,6,2,0,0,0,0,0,0,1,0,0,0,0,0,0,1,0,0
5.87,23,4,0,0,1,0,0,0,0,0,0,0,0,0,0,0,1,0
724.39,11,4,0,0,1,0,0,0,0,0,0,0,0,0,0,0,1,1
18.83,23,5,1,1,0,0,0,0,0,1,0,0,0,0,0,0,0,0
54.91,6,6,1,1,0,0,0,0,0,0,0,1,0,0,0,0,0,0
37.85,16,4,0,0,0,0,0,0,1,0,0,1,0,0,0,0,0,0
46.95,18,4,0,0,0,0,0,0,1,0,0,0,0,0,0,1,0,0
97.79,8,0,0,1,0,0,0,0,0,0,0,0,0,1,0,0,0,0
155.56,1,3,0,0,0,0,0,0,1,0,0,0,0,0,0,1,0,1
33.81,18,3,0,0,0,1,0,0,0,0,0,0,0,1,0,0,0,0
102.15,11,0,0,1,0,0,0,0,0,0,0,0,0,1,0,0,0,0
13.99,13,5,1,0,0,0,0,0,1,1,0,0,0,0,0,0,0,0
44.0,20,6,1,0,0,1,0,0,0,0,0,0,0,1,0,0,0,0
21.61,14,1,0,0,1,0,0,0,0,0,0,1,0,0,0,0,0,0
27.27,7,6,1,0,0,0,0,0,1,0,0,0,0,0,0,0,1,0
45.2,13,3,0,0,0,0,1,0,0,0,0,0,0,0,0,1,0,0
134.48,21,4,0,0,0,0,0,1,0,0,0,0,0,0,1,0,0,0
120.53,17,0,0,1,0,0,0,0,0,0,0,0,0,0,1,0,0,0
2.31,21,1,0,0,1,0,0,0,0,0,1,0,0,0,0,0,0,0
143.39,1,5,1,0,0,0,0,0,1,0,0,0,0,0,0,1,0,1
34.7,22,6,1,1,0,0,0,0,0,0,0,0,0,0,0,0,1,0
49.27,21,5,1,0,0,0,0,0,1,0,0,0,0,0,0,1,0,0
228.98,8,2,0,1,0,0,0,0,0,0,0,0,0,0,1,0,0,0
5.66,13,6,1,0,0,1,0,0,0,0,1,0,0,0,0,0,0,0
97.76,22,0,0,1,0,0,0,0,0,0,0,0,0,1,0,0,0,0
35.36,13,6,1,0,1,0,0,0,0,0,0,0,0,0,0,0,1,0
1093.08,7,6,1,0,0,0,0,0,1,0,0,1,0,0,0,0,0,1
17.12,11,0,0,1,0,0,0,0,0,0,0,0,0,0,0,1,0,0
6.96,14,3,0,0,0,0,0,0,1,0,0,0,0,0,0,0,1,0
2.95,22,6,1,1,0,0,0,0,0,0,1,0,0,0,0,0,0,0
99.11,12,1,0,0,1,0,0,0,0,0,0,0,0,0,1,0,0,0
27.84,20,4,0,0,0,0,0,1,0,0,0,0,0,1,0,0,0,0
528.67,0,3,0,0,0,0,0,0,1,0,1,0,0,0,0,0,0,1
71.9,17,2,0,0,0,0,1,0,0,0,0,1,0,0,0,0,0,0
26.21,17,5,1,0,1,0,0,0,0,0,0,0,0,0,0,1,0,0
140.59,6,2,0,0,1,0,0,0,0,0,0,0,1,0,0,0,0,0
355.52,4,3,0,0,1,0,0,0,0,0,1,0,0,0,0,0,0,1
3.68,7,5,1,0,0,0,0,0,1,0,1,0,0,0,0,0,0,0
14.47,23,2,0,0,1,0,0,0,0,0,0,0,0,1,0,0,0,0
101.09,13,2,0,0,0,1,0,0,0,0,0,0,1,0,0,0,0,0
246.41,10,6,1,1,0,0,0,0,0,0,0,0,0,0,1,0,0,0
244.06,16,2,0,1,0,0,0,0,0,0,0,0,0,0,1,0,0,0
44.71,7,3,0,0,0,0,0,0,1,0,0,0,0,0,0,1,0,0
281.67,20,0,0,1,0,0,0,0,0,0,0,0,0,0,1,0,0,0
55.54,14,1,0,0,0,0,0,0,1,0,0,1,0,0,0,0,0,0
54.0,21,4,0,1,0,0,0,0,0,0,0,1,0,0,0,0,0,0
113.23,20,3,0,1,0,0,0,0,0,0,0,0,0,1,0,0,0,0
54.81,9,0,0,0,1,0,0,0,0,0,0,1,0,0,0,0,0,0
40.54,16,2,0,0,1,0,0,0,0,0,0,0,0,1,0,0,0,0
66.27,11,4,0,0,0,0,1,0,0,0,0,0,0,1,0,0,0,0
199.0,16,1,0,1,0,0,0,0,0,0,0,0,1,0,0,0,0,0
5.66,15,3,0,0,1,0,0,0,0,0,1,0,0,0,0,0,0,0
9.59,18,3,0,0,0,0,0,0,1,0,0,0,0,0,0,0,1,0
1836.22,2,2,0,1,0,0,0,0,0,0,0,0,1,0,0,0,0,1
58.97,16,5,1,0,0,0,0,0,1,0,0,1,0,0,0,0,0,0
12.36,9,1,0,1,0,0,0,0,0,1,0,0,0,0,0,0,0,0
1088.02,0,3,0,0,0,0,0,0,1,0,0,0,0,0,0,1,0,1
148.32,23,6,1,1,0,0,0,0,0,0,0,0,1,0,0,0,0,0
6.65,7,3,0,0,0,0,0,0,1,0,0,0,0,0,0,0,1,0
13.93,6,1,0,1,0,0,0,0,0,0,0,0,0,0,0,1,0,0
71.21,14,1,0,0,0,1,0,0,0,0,0,1,0,0,0,0,0,0
34.68,22,1,0,1,0,0,0,0,0,0,0,0,0,0,0,0,1,0
23.25,18,2,0,1,0,0,0,0,0,1,0,0,0,0,0,0,0,0
35.0,21,5,1,1,0,0,0,0,0,0,0,1,0,0,0,0,0,0
12.39,9,0,0,0,0,0,0,1,0,1,0,0,0,0,0,0,0,0
150.59,15,3,0,0,0,1,0,0,0,0,0,0,1,0,0,0,0,0
21.26,12,3,0,0,1,0,0,0,0,0,0,0,0,0,0,0,1,0
17.2,15,6,1,0,0,0,0,0,1,0,0,0,0,0,0,1,0,0
1100.09,10,2,0,0,1,0,0,0,0,0,0,1,0,0,0,0,0,1
8.99,21,6,1,0,1,0,0,0,0,0,0,0,0,0,0,0,1,0
11.06,15,6,1,0,0,0,0,0,1,1,0,0,0,0,0,0,0,0
29.78,16,4,0,0,1,0,0,0,0,0,0,0,0,0,0,0,1,0
81.99,11,0,0,0,1,0,0,0,0,0,0,0,1,0,0,0,0,0
59.19,16,5,1,0,0,0,0,0,1,0,0,1,0,0,0,0,0,0
102.23,20,1,0,0,0,0,0,0,1,0,0,0,1,0,0,0,0,0
197.57,14,0,0,0,0,0,0,0,1,0,0,0,1,0,0,0,0,0
38.51,11,0,0,0,1,0,0,0,0,0,0,0,0,0,0,1,0,0
5.88,16,6,1,0,0,0,0,0,1,1,0,0,0,0,0,0,0,0
65.16,22,4,0,1,0,0,0,0,0,0,0,1,0,0,0,0,0,0
86.18,15,5,1,0,0,0,0,0,1,0,0,0,0,1,0,0,0,0
46.77,21,4,0,0,0,0,0,1,0,0,0,0,0,0,0,1,0,0
63.49,12,0,0,1,0,0,0,0,0,0,0,1,0,0,0,0,0,0
238.51,11,2,0,0,0,1,0,0,0,0,0,0,0,0,1,0,0,0
203.3,17,1,0,0,0,0,1,0,0,0,0,0,0,0,1,0,0,0
30.56,22,3,0,1,0,0,0,0,0,0,0,0,0,1,0,0,0,0
20.54,8,5,1,0,1,0,0,0,0,1,0,0,0,0,0,0,0,0
187.68,7,0,0,0,0,1,0,0,0,0,0,0,1,0,0,0,0,0
42.18,18,1,0,1,0,0,0,0,0,0,0,0,0,1,0,0,0,0
51.48,9,2,0,1,0,0,0,0,0,0,0,0,0,0,0,1,0,0
257.27,10,4,0,1,0,0,0,0,0,0,0,0,0,0,1,0,0,0
14.43,21,2,0,1,0,0,0,0,0,1,0,0,0,0,0,0,0,0
45.38,7,2,0,0,0,0,0,0,1,0,0,0,1,0,0,0,0,0
37.46,8,5,1,0,1,0,0,0,0,0,0,0,0,0,0,1,0,0
64.53,23,0,0,0,0,0,0,0,1,0,0,1,0,0,0,0,0,0
128.11,14,5,1,0,1,0,0,0,0,0,0,0,0,0,1,0,0,0
156.33,16,5,1,0,0,0,1,0,0,0,0,0,1,0,0,0,0,0
81.57,15,3,0,0,0,0,0,0,1,0,0,0,0,1,0,0,0,0
58.46,18,1,0,1,0,0,0,0,0,0,0,0,0,0,1,0,0,0
93.71,16,1,0,0,0,0,0,1,0,0,0,0,0,1,0,0,0,0
5.36,19,1,0,1,0,0,0,0,0,0,0,0,0,0,0,1,0,0
22.08,10,1,0,0,1,0,0,0,0,0,0,1,0,0,0,0,0,0
54.94,11,5,1,1,0,0,0,0,0,0,0,0,0,0,0,1,0,0
16.11,23,3,0,1,0,0,0,0,0,0,0,0,0,0,0,0,1,0
10.1,9,0,0,0,1,0,0,0,0,1,0,0,0,0,0,0,0,0
197.58,17,4,0,0,1,0,0,0,0,0,0,0,1,0,0,0,0,0
2.04,7,6,1,1,0,0,0,0,0,0,1,0,0,0,0,0,0,0
2.14,20,1,0,1,0,0,0,0,0,0,1,0,0,0,0,0,0,0
19.98,11,6,1,0,1,0,0,0,0,0,0,0,0,0,0,1,0,0
16.63,20,2,0,0,1,0,0,0,0,0,0,0,0,0,0,1,0,0
21.06,12,0,0,0,1,0,0,0,0,0,0,0,0,1,0,0,0,0
56.29,11,3,0,0,0,0,1,0,0,0,0,0,1,0,0,0,0,0
9.44,20,0,0,0,1,0,0,0,0,1,0,0,0,0,0,0,0,0
5.93,18,4,0,1,0,0,0,0,0,0,1,0,0,0,0,0,0,0
187.99,1,2,0,0,0,0,0,0,1,0,0,1,0,0,0,0,0,1
7.07,18,2,0,0,1,0,0,0,0,1,0,0,0,0,0,0,0,0
75.47,21,2,0,1,0,0,0,0,0,0,0,1,0,0,0,0,0,0
1110.03,2,0,0,0,0,0,0,1,0,0,0,0,1,0,0,0,0,1
58.09,10,2,0,0,1,0,0,0,0,0,0,1,0,0,0,0,0,0
27.62,9,3,0,0,1,0,0,0,0,0,0,0,0,0,0,0,1,0
55.86,20,6,1,1,0,0,0,0,0,0,0,0,0,1,0,0,0,0
13.77,11,4,0,0,0,0,0,0,1,0,0,0,0,0,0,1,0,0
5.07,20,0,0,0,1,0,0,0,0,0,1,0,0,0,0,0,0,0
119.68,11,0,0,1,0,0,0,0,0,0,0,0,0,0,1,0,0,0
33.43,14,6,1,0,1,0,0,0,0,0,0,0,0,0,0,0,1,0
106.65,15,0,0,1,0,0,0,0,0,0,0,0,0,0,1,0,0,0
18.25,23,6,1,1,0,0,0,0,0,1,0,0,0,0,0,0,0,0
8.52,17,0,0,0,0,0,0,0,1,1,0,0,0,0,0,0,0,0
48.99,7,3,0,1,0,0,0,0,0,0,0,0,0,0,0,1,0,0
137.26,6,4,0,1,0,0,0,0,0,0,0,0,0,0,1,0,0,0
4.2,15,5,1,0,0,0,1,0,0,0,1,0,0,0,0,0,0,0
11.93,8,0,0,0,0,0,0,1,0,1,0,0,0,0,0,0,0,0
190.57,16,5,1,0,0,1,0,0,0,0,0,0,1,0,0,0,0,0
33.55,9,3,0,1,0,0,0,0,0,0,0,1,0,0,0,0,0,0
57.79,14,1,0,1,0,0,0,0,0,0,0,1,0,0,0,0,0,0
24.58,9,6,1,0,0,1,0,0,0,0,0,0,0,0,0,1,0,0
19.73,23,6,1,0,0,1,0,0,0,0,0,0,0,0,0,1,0,0
3.29,11,4,0,0,1,0,0,0,0,0,1,0,0,0,0,0,0,0
20.95,15,0,0,0,0,1,0,0,0,1,0,0,0,0,0,0,0,0
38.86,16,1,0,0,1,0,0,0,0,0,0,0,0,0,0,1,0,0
51.36,23,2,0,1,0,0,0,0,0,0,0,0,1,0,0,0,0,0
103.44,17,6,1,0,0,1,0,0,0,0,0,0,1,0,0,0,0,0
17.44,14,4,0,1,0,0,0,0,0,1,0,0,0,0,0,0,0,0
28.91,15,3,0,0,0,0,1,0,0,0,0,0,0,0,0,1,0,0
53.07,7,3,0,0,0,0,1,0,0,0,0,0,0,0,1,0,0,0
10.29,21,0,0,1,0,0,0,0,0,0,0,0,0,0,0,0,1,0
4.09,6,3,0,1,0,0,0,0,0,0,1,0,0,0,0,0,0,0
9.14,14,6,1,0,0,0,0,0,1,1,0,0,0,0,0,0,0,0
230.24,18,4,0,1,0,0,0,0,0,0,0,0,0,0,1,0,0,0
5.42,16,4,0,1,0,0,0,0,0,0,1,0,0,0,0,0,0,0
66.03,6,1,0,0,1,0,0,0,0,0,0,0,1,0,0,0,0,0
227.95,16,3,0,1,0,0,0,0,0,0,0,0,0,0,1,0,0,0
9.29,19,0,0,1,0,0,0,0,0,0,0,0,0,0,0,0,1,0
38.83,21,1,0,1,0,0,0,0,0,0,0,0,0,0,0,0,1,0
59.59,21,5,1,0,0,0,0,1,0,0,0,0,0,0,1,0,0,0
4.25,23,4,0,1,0,0,0,0,0,0,1,0,0,0,0,0,0,0
12.72,15,2,0,1,0,0,0,0,0,0,0,0,0,0,0,1,0,0
137.5,22,2,0,1,0,0,0,0,0,0,0,0,1,0,0,0,0,0
2833.68,21,2,0,0,1,0,0,0,0,0,0,0,1,0,0,0,0,1
60.22,9,3,0,1,0,0,0,0,0,0,0,1,0,0,0,0,0,0
5.63,7,5,1,1,0,0,0,0,0,0,1,0,0,0,0,0,0,0
10.12,17,3,0,0,0,0,1,0,0,1,0,0,0,0,0,0,0,0
95.25,15,3,0,1,0,0,0,0,0,0,0,0,0,0,1,0,0,0
34.17,18,1,0,0,0,0,0,1,0,0,0,0,1,0,0,0,0,0
54.05,22,6,1,0,1,0,0,0,0,0,0,0,1,0,0,0,0,0
245.4,10,3,0,0,0,0,0,0,1,0,0,0,0,0,1,0,0,0
66.28,23,6,1,1,0,0,0,0,0,0,0,0,0,0,1,0,0,0
51.52,7,2,0,0,0,0,0,0,1,0,0,0,0,0,0,1,0,0
19.51,20,5,1,0,1,0,0,0,0,0,0,0,0,0,0,1,0,0
14.46,20,4,0,0,0,0,0,0,1,1,0,0,0,0,0,0,0,0
59.59,19,5,1,0,0,0,0,0,1,0,0,1,0,0,0,0,0,0
41.26,13,4,0,0,0,0,0,0,1,0,0,0,0,0,1,0,0,0
4.71,9,2,0,1,0,0,0,0,0,0,1,0,0,0,0,0,0,0
263.73,13,4,0,0,0,0,0,1,0,0,0,0,0,0,1,0,0,0
17.02,18,2,0,1,0,0,0,0,0,0,0,1,0,0,0,0,0,0
20.18,22,2,0,1,0,0,0,0,0,1,0,0,0,0,0,0,0,0
867.22,8,5,1,0,0,0,0,0,1,0,0,0,0,0,0,1,0,1
4.06,11,6,1,1,0,0,0,0,0,0,1,0,0,0,0,0,0,0
16.95,6,2,0,1,0,0,0,0,0,0,0,0,0,1,0,0,0,0
76.71,8,5,1,0,0,1,0,0,0,0,0,0,0,1,0,0,0,0
9.19,13,1,0,1,0,0,0,0,0,0,0,0,0,0,0,0,1,0
36.12,15,0,0,1,0,0,0,0,0,0,0,1,0,0,0,0,0,0
52.89,23,2,0,0,1,0,0,0,0,0,0,0,0,0,0,1,0,0
264.37,1,2,0,0,0,0,0,0,1,0,0,0,0,1,0,0,0,1
26.46,18,3,0,1,0,0,0,0,0,0,0,0,0,1,0,0,0,0
110.78,6,4,0,0,0,1,0,0,0,0,0,0,1,0,0,0,0,0
23.95,13,3,0,0,0,0,0,0,1,0,0,1,0,0,0,0,0,0
24.34,1,2,0,0,0,0,0,0,1,0,1,0,0,0,0,0,0,1
2.55,17,5,1,1,0,0,0,0,0,0,1,0,0,0,0,0,0,0
15.7,15,0,0,1,0,0,0,0,0,0,0,0,0,0,0,1,0,0
201.41,14,5,1,0,0,1,0,0,0,0,0,0,0,0,1,0,0,0
28.43,6,4,0,0,1,0,0,0,0,0,0,1,0,0,0,0,0,0
878.94,2,2,0,0,0,0,0,0,1,0,0,0,0,0,1,0,0,1
24.62,6,0,0,1,0,0,0,0,0,0,0,0,0,0,0,0,1,0
102.45,12,5,1,0,0,0,0,0,1,0,0,0,0,1,0,0,0,0
120.94,21,2,0,1,0,0,0,0,0,0,0,0,1,0,0,0,0,0
23.11,15,0,0,0,1,0,0,0,0,1,0,0,0,0,0,0,0,0
1546.24,9,3,0,0,1,0,0,0,0,0,0,0,0,0,0,0,1,1
62.39,9,1,0,0,0,0,0,1,0,0,0,1,0,0,0,0,0,0
46.75,15,4,0,1,0,0,0,0,0,0,0,0,0,0,0,1,0,0
14.34,13,6,1,1,0,0,0,0,0,0,0,1,0,0,0,0,0,0
306.1,0,4,0,0,0,0,0,0,1,0,0,0,0,1,0,0,0,1
1117.29,2,6,1,0,0,0,0,0,1,0,0,1,0,0,0,0,0,1
146.27,23,6,1,0,1,0,0,0,0,0,0,0,1,0,0,0,0,0
76.21,19,4,0,0,0,0,0,0,1,0,0,1,0,0,0,0,0,0
50.34,23,0,0,1,0,0,0,0,0,0,0,0,0,1,0,0,0,0
22.89,7,3,0,1,0,0,0,0,0,0,0,1,0,0,0,0,0,0
2787.12,4,0,0,0,0,0,0,0,1,0,0,0,0,0,1,0,0,1
18.11,20,0,0,1,0,0,0,0,0,0,0,0,0,0,0,1,0,0
414.45,0,2,0,0,0,0,0,0,1,0,0,0,1,0,0,0,0,1
33.85,15,5,1,0,0,1,0,0,0,0,0,0,1,0,0,0,0,0
35.45,20,4,0,1,0,0,0,0,0,0,0,0,0,0,0,1,0,0
105.2,2,2,0,0,0,0,0,0,1,1,0,0,0,0,0,0,0,1
29.15,18,3,0,1,0,0,0,0,0,1,0,0,0,0,0,0,0,0
20.32,19,2,0,0,0,1,0,0,0,0,0,0,0,0,0,1,0,0
72.39,20,1,0,0,1,0,0,0,0,0,0,0,0,1,0,0,0,0
118.06,23,3,0,1,0,0,0,0,0,0,0,0,1,0,0,0,0,0
27.17,13,5,1,0,0,1,0,0,0,1,0,0,0,0,0,0,0,0
28.7,11,2,0,1,0,0,0,0,0,1,0,0,0,0,0,0,0,0
54.22,16,1,0,1,0,0,0,0,0,0,0,0,0,0,1,0,0,0
861.81,12,2,0,0,0,0,1,0,0,0,0,1,0,0,0,0,0,1
56.64,17,2,0,0,0,1,0,0,0,0,0,0,0,0,0,1,0,0
19.56,19,1,0,0,0,0,0,0,1,0,0,0,0,0,0,0,1,0
189.8,23,3,0,1,0,0,0,0,0,0,0,0,1,0,0,0,0,0
5.55,20,3,0,0,0,0,0,0,1,0,1,0,0,0,0,0,0,0
2497.24,3,6,1,0,0,0,0,0,1,0,0,0,0,0,1,0,0,1
50.77,14,0,0,1,0,0,0,0,0,0,0,0,0,0,0,1,0,0
80.36,15,3,0,0,1,0,0,0,0,0,0,0,1,0,0,0,0,0
42.04,18,0,0,1,0,0,0,0,0,0,0,0,1,0,0,0,0,0
29.14,7,3,0,1,0,0,0,0,0,0,0,0,0,0,0,0,1,0
9.42,18,0,0,0,0,1,0,0,0,0,0,0,0,0,0,1,0,0
177.62,17,5,1,1,0,0,0,0,0,0,0,0,1,0,0,0,0,0
4.09,16,5,1,1,0,0,0,0,0,0,1,0,0,0,0,0,0,0
29.8,6,0,0,0,0,0,0,0,1,0,0,0,0,0,0,1,0,0
1036.91,9,5,1,0,0,0,1,0,0,0,0,0,0,1,0,0,0,1
146.92,8,2,0,1,0,0,0,0,0,0,0,0,0,0,1,0,0,0
147.35,4,5,1,0,0,0,0,0,1,1,0,0,0,0,0,0,0,1
188.8,7,6,1,0,1,0,0,0,0,0,0,0,1,0,0,0,0,0
2.83,12,5,1,0,0,0,0,1,0,0,1,0,0,0,0,0,0,0
13.09,9,1,0,1,0,0,0,0,0,0,0,0,0,1,0,0,0,0
23.74,13,4,0,1,0,0,0,0,0,0,0,0,0,0,0,0,1,0
1653.28,4,4,0,0,1,0,0,0,0,0,0,0,0,0,1,0,0,1
256.81,16,3,0,0,0,0,0,0,1,0,0,0,0,0,1,0,0,0
253.61,0,6,1,0,0,0,0,0,1,0,0,1,0,0,0,0,0,1
51.05,17,2,0,0,0,0,0,0,1,0,0,1,0,0,0,0,0,0
15.75,23,4,0,1,0,0,0,0,0,0,0,0,0,0,0,1,0,0
56.52,13,2,0,0,0,1,0,0,0,0,0,1,0,0,0,0,0,0
34.8,23,2,0,1,0,0,0,0,0,0,0,0,0,0,0,1,0,0
4.8,17,6,1,1,0,0,0,0,0,0,1,0,0,0,0,0,0,0
29.24,23,5,1,0,0,0,0,0,1,0,0,0,0,0,1,0,0,0
43.79,23,6,1,0,0,0,1,0,0,0,0,1,0,0,0,0,0,0
64.9,17,2,0,1,0,0,0,0,0,0,0,0,0,1,0,0,0,0
53.02,11,2,0,1,0,0,0,0,0,0,0,0,0,1,0,0,0,0
46.74,22,1,0,1,0,0,0,0,0,0,0,0,0,0,1,0,0,0
4.54,18,0,0,0,0,0,0,0,1,0,1,0,0,0,0,0,0,0
41.56,18,6,1,1,0,0,0,0,0,0,0,0,0,0,0,1,0,0
153.64,14,5,1,1,0,0,0,0,0,0,0,0,0,0,1,0,0,0
1336.79,12,5,1,0,0,0,0,1,0,0,0,0,0,0,0,0,1,1
12.83,20,4,0,0,0,0,0,1,0,0,0,0,0,0,0,1,0,0
7.67,8,4,0,0,0,1,0,0,0,0,0,0,0,0,0,1,0,0
73.15,23,3,0,1,0,0,0,0,0,0,0,1,0,0,0,0,0,0
621.77,2,4,0,1,0,0,0,0,0,0,0,0,0,0,0,0,1,1
3.69,10,3,0,0,1,0,0,0,0,0,1,0,0,0,0,0,0,0
199.75,13,3,0,0,0,1,0,0,0,0,0,0,1,0,0,0,0,0
62.58,22,1,0,0,0,0,0,1,0,0,0,0,1,0,0,0,0,0
305.78,4,6,1,0,0,0,0,0,1,0,0,0,0,1,0,0,0,1
158.72,8,6,1,1,0,0,0,0,0,0,0,0,1,0,0,0,0,0
48.19,16,1,0,0,1,0,0,0,0,0,0,0,0,1,0,0,0,0
174.95,16,5,1,0,0,0,0,0,1,0,0,0,0,0,1,0,0,0
99.1,20,4,0,0,0,0,0,0,1,0,0,0,0,0,1,0,0,0
1151.91,4,2,0,0,0,0,1,0,0,0,0,0,0,0,0,0,1,1
615.18,9,6,1,0,0,0,0,0,1,0,0,1,0,0,0,0,0,1
4.67,23,4,0,0,0,0,0,0,1,0,1,0,0,0,0,0,0,0
42.25,11,1,0,0,1,0,0,0,0,0,0,0,0,0,0,1,0,0
289.37,4,2,0,0,0,0,0,0,1,0,0,0,0,1,0,0,0,1
123.91,14,1,0,0,1,0,0,0,0,0,0,0,1,0,0,0,0,0
13.74,14,4,0,0,0,0,1,0,0,0,0,1,0,0,0,0,0,0
5.44,13,0,0,1,0,0,0,0,0,1,0,0,0,0,0,0,0,0
130.62,23,3,0,0,0,0,0,0,1,0,0,0,1,0,0,0,0,0
49.56,19,6,1,1,0,0,0,0,0,0,0,0,0,0,0,1,0,0
29.07,7,2,0,1,0,0,0,0,0,1,0,0,0,0,0,0,0,0
456.34,10,4,0,0,0,0,0,0,1,1,0,0,0,0,0,0,0,1
38.4,18,6,1,1,0,0,0,0,0,0,0,1,0,0,0,0,0,0
257.45,16,1,0,1,0,0,0,0,0,0,0,0,0,0,1,0,0,0
50.15,15,3,0,0,0,0,0,1,0,0,0,0,0,0,0,1,0,0
106.14,14,2,0,0,1,0,0,0,0,0,0,0,0,1,0,0,0,0
200.06,11,5,1,0,0,0,0,0,1,0,0,0,0,0,1,0,0,0
59.84,17,5,1,0,0,0,1,0,0,0,0,0,1,0,0,0,0,0
108.5,2,1,0,0,0,0,0,0,1,1,0,0,0,0,0,0,0,1
20.1,10,2,0,0,0,1,0,0,0,1,0,0,0,0,0,0,0,0
30.47,16,6,1,0,0,1,0,0,0,0,0,0,0,0,0,1,0,0
230.63,6,2,0,1,0,0,0,0,0,0,0,0,0,0,1,0,0,0
88.04,4,2,0,0,0,0,0,0,1,0,0,0,0,0,0,0,1,1
20.97,11,6,1,1,0,0,0,0,0,0,0,0,0,1,0,0,0,0
7.06,16,4,0,1,0,0,0,0,0,0,0,0,0,0,0,0,1,0
43.86,15,5,1,0,0,0,0,0,1,0,0,1,0,0,0,0,0,0
38.77,15,5,1,0,0,0,0,0,1,0,0,0,0,0,0,1,0,0
5.06,20,0,0,1,0,0,0,0,0,0,1,0,0,0,0,0,0,0
96.08,8,5,1,0,1,0,0,0,0,0,0,0,0,0,1,0,0,0
29.29,18,0,0,0,1,0,0,0,0,0,0,0,0,0,0,0,1,0
14.32,23,3,0,0,0,0,0,0,1,1,0,0,0,0,0,0,0,0
280.69,11,0,0,0,0,0,0,0,1,0,0,0,0,0,1,0,0,0
73.65,8,4,0,1,0,0,0,0,0,0,0,1,0,0,0,0,0,0
41.35,16,2,0,1,0,0,0,0,0,0,0,0,0,0,0,1,0,0
19.61,17,4,0,0,0,1,0,0,0,1,0,0,0,0,0,0,0,0
26.68,10,3,0,1,0,0,0,0,0,0,0,0,0,0,0,1,0,0
258.61,22,6,1,0,0,1,0,0,0,0,0,0,0,0,1,0,0,0
31.23,6,3,0,0,1,0,0,0,0,0,0,0,0,0,0,0,1,0
17.53,7,6,1,0,0,0,1,0,0,1,0,0,0,0,0,0,0,0
32.11,19,3,0,0,0,0,0,0,1,0,0,0,0,0,0,0,1,0
94.33,10,0,0,0,0,0,0,0,1,0,0,0,0,1,0,0,0,0
125.02,14,5,1,0,1,0,0,0,0,0,0,0,0,0,1,0,0,0
1037.77,8,5,1,0,1,0,0,0,0,0,0,1,0,0,0,0,0,1
269.27,21,6,1,0,0,1,0,0,0,0,0,0,0,0,1,0,0,0
47.38,16,6,1,1,0,0,0,0,0,0,0,0,0,0,1,0,0,0
18.12,14,1,0,1,0,0,0,0,0,0,0,0,0,0,0,1,0,0
54.1,18,5,1,0,0,0,0,1,0,0,0,0,0,1,0,0,0,0
1004.42,18,1,0,0,0,1,0,0,0,0,0,0,0,1,0,0,0,1
46.11,7,0,0,0,0,0,0,0,1,0,0,0,0,0,0,1,0,0
29.22,22,2,0,0,0,0,0,0,1,0,0,1,0,0,0,0,0,0
104.78,12,2,0,1,0,0,0,0,0,0,0,0,1,0,0,0,0,0
53.72,11,4,0,0,1,0,0,0,0,0,0,0,0,0,0,1,0,0
21.9,14,2,0,1,0,0,0,0,0,0,0,0,0,0,0,0,1,0
626.3,18,0,0,0,0,0,0,0,1,0,1,0,0,0,0,0,0,1
17.91,13,3,0,1,0,0,0,0,0,0,0,0,0,0,0,1,0,0
715.64,12,2,0,0,0,0,0,0,1,0,0,1,0,0,0,0,0,1
560.72,9,0,0,0,0,0,0,0,1,0,1,0,0,0,0,0,0,1
4.75,19,4,0,1,0,0,0,0,0,0,1,0,0,0,0,0,0,0
21.41,17,5,1,1,0,0,0,0,0,0,0,0,0,0,0,0,1,0
36.01,8,0,0,1,0,0,0,0,0,0,0,0,0,0,0,0,1,0
27.47,10,3,0,0,0,0,1,0,0,0,0,0,0,0,0,0,1,0
20.0,21,3,0,0,0,1,0,0,0,0,0,0,0,0,0,0,1,0
167.12,17,2,0,1,0,0,0,0,0,0,0,0,1,0,0,0,0,0
72.69,23,2,0,1,0,0,0,0,0,0,0,1,0,0,0,0,0,0
5.32,23,2,0,1,0,0,0,0,0,0,0,0,0,0,0,1,0,0
6.0,18,3,0,0,0,1,0,0,0,1,0,0,0,0,0,0,0,0
65.25,13,2,0,1,0,0,0,0,0,0,0,1,0,0,0,0,0,0
2.9,8,4,0,1,0,0,0,0,0,0,1,0,0,0,0,0,0,0
191.13,23,1,0,0,0,0,0,1,0,0,0,0,1,0,0,0,0,0
28.28,22,1,0,1,0,0,0,0,0,0,0,0,0,0,0,1,0,0
1.51,21,1,0,0,0,0,0,1,0,0,1,0,0,0,0,0,0,0
3.45,7,4,0,0,0,0,0,0,1,0,1,0,0,0,0,0,0,0
531.78,10,2,0,0,0,0,0,1,0,0,1,0,0,0,0,0,0,1
3.23,23,5,1,0,1,0,0,0,0,0,1,0,0,0,0,0,0,0
25.25,14,2,0,0,0,1,0,0,0,0,0,0,0,1,0,0,0,0
459.67,2,2,0,0,0,0,0,0,1,0,0,0,1,0,0,0,0,1
17.75,22,1,0,0,0,1,0,0,0,0,0,0,0,0,0,1,0,0
19.37,7,1,0,1,0,0,0,0,0,1,0,0,0,0,0,0,0,0
1127.03,2,5,1,0,0,0,0,0,1,0,0,0,0,0,0,0,1,1
3.41,18,0,0,0,0,0,0,0,1,0,1,0,0,0,0,0,0,0
23.78,22,4,0,0,0,0,0,1,0,0,0,0,0,0,0,1,0,0
61.24,8,4,0,0,1,0,0,0,0,0,0,1,0,0,0,0,0,0
47.67,19,1,0,1,0,0,0,0,0,0,0,0,0,0,1,0,0,0
34.68,13,5,1,0,1,0,0,0,0,0,0,0,0,0,1,0,0,0
43.64,23,5,1,0,0,1,0,0,0,0,0,0,0,0,0,1,0,0
2.87,15,5,1,0,0,0,0,0,1,0,1,0,0,0,0,0,0,0
131.08,8,1,0,0,0,0,0,0,1,0,0,0,1,0,0,0,0,0
12.43,15,3,0,0,0,0,1,0,0,0,0,0,0,0,0,0,1,0
24.91,6,6,1,1,0,0,0,0,0,1,0,0,0,0,0,0,0,0
22.57,14,3,0,0,0,0,1,0,0,1,0,0,0,0,0,0,0,0
46.5,6,2,0,1,0,0,0,0,0,0,0,0,0,0,1,0,0,0
3.8,12,3,0,0,0,0,0,1,0,0,1,0,0,0,0,0,0,0
77.08,12,2,0,0,0,0,0,0,1,0,0,1,0,0,0,0,0,0
56.18,22,5,1,1,0,0,0,0,0,0,0,0,0,0,0,1,0,0
53.78,14,4,0,1,0,0,0,0,0,0,0,1,0,0,0,0,0,0
126.93,11,6,1,1,0,0,0,0,0,0,0,0,0,0,1,0,0,0
22.57,21,0,0,0,0,0,0,1,0,1,0,0,0,0,0,0,0,0
5.97,14,6,1,0,0,0,0,0,1,0,1,0,0,0,0,0,0,0
60.26,20,1,0,1,0,0,0,0,0,0,0,1,0,0,0,0,0,0
30.21,7,3,0,1,0,0,0,0,0,0,0,0,0,0,0,1,0,0
179.86,0,2,0,0,0,0,0,0,1,0,0,0,0,0,0,1,0,1
187.1,11,2,0,1,0,0,0,0,0,0,0,0,1,0,0,0,0,0
5.98,6,6,1,1,0,0,0,0,0,0,1,0,0,0,0,0,0,0
277.72,7,2,0,0,0,0,0,0,1,0,0,0,0,0,1,0,0,0
1103.39,22,6,1,1,0,0,0,0,0,0,0,0,0,0,0,0,1,1
3.57,23,3,0,0,0,0,1,0,0,0,1,0,0,0,0,0,0,0
32.84,17,0,0,1,0,0,0,0,0,0,0,0,0,0,0,1,0,0
21.64,13,1,0,1,0,0,0,0,0,0,0,0,1,0,0,0,0,0
53.91,23,1,0,0,0,0,0,0,1,0,0,0,0,1,0,0,0,0
529.32,2,2,0,0,0,1,0,0,0,0,1,0,0,0,0,0,0,1
5.58,21,6,1,1,0,0,0,0,0,0,0,0,0,0,0,0,1,0
164.39,12,5,1,0,1,0,0,0,0,0,0,0,0,0,1,0,0,0
166.37,23,2,0,0,0,0,0,1,0,0,0,0,1,0,0,0,0,0
254.04,16,2,0,1,0,0,0,0,0,0,0,0,0,0,1,0,0,0
247.05,3,6,1,0,0,0,0,0,1,0,0,0,0,1,0,0,0,1
78.05,21,2,0,0,0,0,0,0,1,0,0,1,0,0,0,0,0,0
2.65,12,1,0,0,0,1,0,0,0,0,1,0,0,0,0,0,0,0
17.61,14,4,0,0,0,0,1,0,0,0,0,0,0,0,0,0,1,0
1.55,14,3,0,0,0,0,0,0,1,0,1,0,0,0,0,0,0,0
3118.75,9,6,1,0,0,1,0,0,0,0,0,0,0,0,1,0,0,1
82.43,6,0,0,1,0,0,0,0,0,0,0,0,1,0,0,0,0,0
2036.54,12,1,0,1,0,0,0,0,0,0,0,0,1,0,0,0,0,1
14.25,8,5,1,1,0,0,0,0,0,0,0,0,0,0,0,0,1,0
33.63,23,0,0,0,0,1,0,0,0,1,0,0,0,0,0,0,0,0
25.07,9,3,0,0,1,0,0,0,0,1,0,0,0,0,0,0,0,0
142.14,6,0,0,0,1,0,0,0,0,0,0,0,1,0,0,0,0,0
95.54,23,3,0,0,0,0,1,0,0,0,0,0,1,0,0,0,0,0
25.32,20,2,0,0,1,0,0,0,0,1,0,0,0,0,0,0,0,0
38.36,18,4,0,0,0,1,0,0,0,0,0,0,0,0,0,1,0,0
39.0,10,2,0,0,1,0,0,0,0,0,0,0,0,0,0,0,1,0
161.94,15,6,1,1,0,0,0,0,0,0,0,0,1,0,0,0,0,0
73.18,12,4,0,1,0,0,0,0,0,0,0,1,0,0,0,0,0,0
15.66,15,6,1,0,0,0,0,0,1,0,0,0,0,0,0,1,0,0
538.2,15,4,0,0,0,0,1,0,0,0,0,1,0,0,0,0,0,1
15.29,19,3,0,0,1,0,0,0,0,0,0,1,0,0,0,0,0,0
97.19,18,6,1,1,0,0,0,0,0,0,0,0,1,0,0,0,0,0
33.35,19,3,0,1,0,0,0,0,0,0,0,0,0,0,0,0,1,0
17.3,15,3,0,1,0,0,0,0,0,0,0,0,0,0,0,0,1,0
58.37,13,1,0,1,0,0,0,0,0,0,0,0,0,1,0,0,0,0
3.17,16,4,0,1,0,0,0,0,0,0,1,0,0,0,0,0,0,0
934.19,1,4,0,0,0,0,0,0,1,0,0,0,0,0,1,0,0,1
31.84,6,6,1,1,0,0,0,0,0,0,0,0,0,0,0,0,1,0
32.76,13,2,0,0,1,0,0,0,0,0,0,0,0,0,0,0,1,0
12.2,23,3,0,1,0,0,0,0,0,0,0,0,0,1,0,0,0,0
55.4,23,5,1,0,0,0,1,0,0,0,0,0,0,0,0,1,0,0
27.5,6,2,0,0,0,0,1,0,0,0,0,1,0,0,0,0,0,0
130.56,23,4,0,0,0,0,0,0,1,0,0,0,1,0,0,0,0,0
300.77,1,1,0,0,0,0,0,0,1,0,0,0,1,0,0,0,0,1
92.67,10,4,0,1,0,0,0,0,0,0,0,0,1,0,0,0,0,0
15.6,15,0,0,0,0,0,1,0,0,1,0,0,0,0,0,0,0,0
7.82,15,4,0,0,0,0,0,0,1,0,0,0,0,0,0,1,0,0
5.78,9,4,0,1,0,0,0,0,0,0,1,0,0,0,0,0,0,0
57.05,0,6,1,0,0,0,0,0,1,0,0,0,0,0,0,0,1,1
24.49,17,6,1,1,0,0,0,0,0,1,0,0,0,0,0,0,0,0
1011.85,2,2,0,0,0,0,0,0,1,0,0,0,0,0,1,0,0,1
107.17,9,4,0,0,0,0,0,1,0,0,0,0,0,1,0,0,0,0
15.7,23,0,0,1,0,0,0,0,0,0,0,0,0,0,0,1,0,0
63.22,8,5,1,0,0,0,0,0,1,0,0,1,0,0,0,0,0,0
2.82,17,2,0,0,1,0,0,0,0,0,1,0,0,0,0,0,0,0
2.54,12,3,0,1,0,0,0,0,0,0,1,0,0,0,0,0,0,0
82.83,23,1,0,1,0,0,0,0,0,0,0,0,0,0,1,0,0,0
64.78,10,3,0,0,0,0,0,0,1,0,0,0,1,0,0,0,0,0
109.9,11,4,0,0,1,0,0,0,0,0,0,0,0,0,1,0,0,0
146.67,22,4,0,1,0,0,0,0,0,0,0,0,0,0,1,0,0,0
56.69,12,1,0,1,0,0,0,0,0,0,0,0,0,0,0,1,0,0
74.15,10,1,0,1,0,0,0,0,0,0,0,0,0,1,0,0,0,0
44.87,11,3,0,1,0,0,0,0,0,0,0,0,0,0,0,1,0,0
3.04,11,6,1,0,0,0,0,0,1,0,1,0,0,0,0,0,0,0
101.21,0,5,1,0,0,0,0,0,1,0,0,0,0,0,0,0,1,1
1237.48,12,0,0,0,0,0,0,0,1,0,0,0,1,0,0,0,0,1
453.07,13,2,0,0,0,0,0,1,0,1,0,0,0,0,0,0,0,1
23.94,21,3,0,0,0,0,0,0,1,0,0,0,0,0,0,0,1,0
61.17,13,3,0,1,0,0,0,0,0,0,0,0,1,0,0,0,0,0
39.65,19,5,1,0,1,0,0,0,0,0,0,0,0,0,0,1,0,0
33.95,19,0,0,0,0,0,0,0,1,0,0,1,0,0,0,0,0,0
32.45,12,5,1,0,0,0,0,0,1,1,0,0,0,0,0,0,0,0
2368.97,0,4,0,0,0,0,0,0,1,0,0,0,0,1,0,0,0,1
15.9,22,3,0,0,0,1,0,0,0,1,0,0,0,0,0,0,0,0
38.97,23,3,0,0,0,0,0,0,1,0,0,0,0,0,1,0,0,0
180.2,23,6,1,0,0,0,0,0,1,0,0,0,1,0,0,0,0,0
63.26,14,4,0,1,0,0,0,0,0,0,0,0,0,0,1,0,0,0
5.51,23,2,0,1,0,0,0,0,0,0,1,0,0,0,0,0,0,0
5.99,7,1,0,0,1,0,0,0,0,0,1,0,0,0,0,0,0,0
228.62,22,2,0,1,0,0,0,0,0,0,0,0,0,0,1,0,0,0
16.37,7,5,1,0,1,0,0,0,0,1,0,0,0,0,0,0,0,0
19.87,6,4,0,0,1,0,0,0,0,1,0,0,0,0,0,0,0,0
274.54,13,0,0,0,0,0,0,0,1,0,0,0,0,0,1,0,0,0
28.34,18,4,0,0,0,0,0,1,0,0,0,0,0,0,1,0,0,0
6.32,6,2,0,1,0,0,0,0,0,1,0,0,0,0,0,0,0,0
16.92,23,0,0,1,0,0,0,0,0,1,0,0,0,0,0,0,0,0
28.08,23,0,0,1,0,0,0,0,0,0,0,0,0,0,0,0,1,0
32.07,13,1,0,0,0,1,0,0,0,1,0,0,0,0,0,0,0,0
34.9,23,6,1,1,0,0,0,0,0,0,0,0,0,0,0,0,1,0
28.61,17,6,1,0,0,0,0,0,1,0,0,0,0,0,0,1,0,0
3.12,23,0,0,0,1,0,0,0,0,0,1,0,0,0,0,0,0,0
58.03,20,0,0,1,0,0,0,0,0,0,0,0,0,1,0,0,0,0
1.66,6,2,0,0,0,0,0,0,1,0,1,0,0,0,0,0,0,0
54.48,22,4,0,0,0,0,0,1,0,0,0,0,0,0,0,1,0,0
193.38,11,4,0,1,0,0,0,0,0,0,0,0,0,0,1,0,0,0
33.3,15,6,1,0,0,0,0,0,1,0,0,0,0,0,0,0,1,0
30.76,14,3,0,0,0,1,0,0,0,0,0,0,0,0,0,1,0,0
693.53,0,2,0,0,0,0,0,0,1,0,0,0,1,0,0,0,0,1
53.98,7,2,0,0,0,0,0,0,1,0,0,1,0,0,0,0,0,0
79.72,14,5,1,0,0,0,0,1,0,0,0,0,0,0,1,0,0,0
43.62,7,5,1,1,0,0,0,0,0,0,0,1,0,0,0,0,0,0
5.11,6,6,1,1,0,0,0,0,0,0,1,0,0,0,0,0,0,0
27.71,10,2,0,0,1,0,0,0,0,1,0,0,0,0,0,0,0,0
26.27,8,3,0,1,0,0,0,0,0,1,0,0,0,0,0,0,0,0
37.88,21,2,0,1,0,0,0,0,0,0,0,0,0,0,0,1,0,0
90.18,19,6,1,0,0,0,1,0,0,0,0,0,0,1,0,0,0,0
322.76,4,4,0,0,0,0,0,0,1,0,1,0,0,0,0,0,0,1
30.87,10,6,1,0,1,0,0,0,0,0,0,1,0,0,0,0,0,0
31.26,8,6,1,1,0,0,0,0,0,0,0,1,0,0,0,0,0,0
528.29,10,3,0,1,0,0,0,0,0,0,0,1,0,0,0,0,0,1
19.51,23,1,0,0,1,0,0,0,0,0,0,0,0,0,0,0,1,0
149.93,21,6,1,0,0,1,0,0,0,0,0,0,1,0,0,0,0,0
21.5,21,6,1,1,0,0,0,0,0,1,0,0,0,0,0,0,0,0
495.7,3,3,0,0,1,0,0,0,0,1,0,0,0,0,0,0,0,1
65.23,8,5,1,0,0,0,0,0,1,0,0,1,0,0,0,0,0,0
3.41,19,0,0,0,0,0,0,0,1,0,1,0,0,0,0,0,0,0
284.97,21,6,1,0,1,0,0,0,0,0,0,0,0,0,1,0,0,0
23.55,13,0,0,1,0,0,0,0,0,0,0,1,0,0,0,0,0,0
5.67,23,4,0,1,0,0,0,0,0,0,1,0,0,0,0,0,0,0
6.05,16,4,0,0,1,0,0,0,0,1,0,0,0,0,0,0,0,0
48.75,7,5,1,1,0,0,0,0,0,0,0,1,0,0,0,0,0,0
47.23,18,6,1,1,0,0,0,0,0,0,0,0,1,0,0,0,0,0
43.75,8,5,1,0,1,0,0,0,0,0,0,1,0,0,0,0,0,0
797.74,17,2,0,0,1,0,0,0,0,0,0,0,0,0,0,0,1,1
152.7,9,4,0,1,0,0,0,0,0,0,0,0,0,0,1,0,0,0
54.52,16,1,0,1,0,0,0,0,0,0,0,1,0,0,0,0,0,0
105.06,15,6,1,0,0,0,0,0,1,0,0,0,1,0,0,0,0,0
115.38,9,0,0,0,0,0,0,0,1,0,0,0,0,1,0,0,0,0
3.36,17,5,1,0,0,1,0,0,0,0,1,0,0,0,0,0,0,0
2.24,18,4,0,0,1,0,0,0,0,0,1,0,0,0,0,0,0,0
35.69,9,2,0,0,1,0,0,0,0,0,0,0,0,0,0,0,1,0
56.36,23,6,1,0,1,0,0,0,0,0,0,0,0,0,1,0,0,0
49.21,23,3,0,0,0,0,1,0,0,0,0,0,0,0,1,0,0,0
172.02,11,2,0,1,0,0,0,0,0,0,0,0,1,0,0,0,0,0
4.94,11,6,1,0,0,0,0,0,1,0,1,0,0,0,0,0,0,0
229.91,19,1,0,1,0,0,0,0,0,0,0,0,0,0,1,0,0,0
185.41,23,1,0,1,0,0,0,0,0,0,0,0,0,0,1,0,0,0
8.41,18,1,0,0,1,0,0,0,0,0,0,0,0,0,0,0,1,0
24.81,16,6,1,1,0,0,0,0,0,1,0,0,0,0,0,0,0,0
28.78,18,6,1,0,1,0,0,0,0,0,0,0,0,0,0,0,1,0
38.52,16,0,0,1,0,0,0,0,0,0,0,0,0,0,0,0,1,0
31.17,22,1,0,0,1,0,0,0,0,0,0,0,0,0,0,1,0,0
105.93,21,3,0,0,1,0,0,0,0,0,0,0,0,1,0,0,0,0
219.53,16,2,0,0,0,0,0,1,0,0,0,0,0,0,1,0,0,0
15.95,16,6,1,0,0,0,0,1,0,0,0,0,0,1,0,0,0,0
5.3,14,3,0,0,1,0,0,0,0,1,0,0,0,0,0,0,0,0
29.06,9,0,0,0,0,0,0,0,1,0,0,0,0,0,1,0,0,0
118.06,6,3,0,0,1,0,0,0,0,0,0,0,1,0,0,0,0,0
178.14,21,0,0,0,0,0,0,1,0,0,0,0,1,0,0,0,0,0
45.83,23,0,0,0,0,0,0,0,1,0,0,0,0,0,0,1,0,0
32.9,9,5,1,1,0,0,0,0,0,0,0,0,0,0,0,1,0,0
18.49,10,3,0,0,0,0,0,0,1,0,0,0,0,0,0,0,1,0
986.67,8,6,1,0,0,1,0,0,0,0,0,0,0,0,0,1,0,1
50.18,9,1,0,1,0,0,0,0,0,0,0,1,0,0,0,0,0,0
3.28,11,6,1,0,0,0,0,0,1,0,1,0,0,0,0,0,0,0
94.53,12,5,1,0,1,0,0,0,0,0,0,0,1,0,0,0,0,0
16.41,23,1,0,0,0,0,1,0,0,0,0,0,0,0,0,0,1,0
33.47,20,6,1,0,1,0,0,0,0,0,0,0,0,0,0,0,1,0
1556.33,10,5,1,1,0,0,0,0,0,0,0,0,0,1,0,0,0,1
25.51,23,3,0,0,0,0,0,0,1,0,0,0,0,1,0,0,0,0
141.57,14,2,0,1,0,0,0,0,0,0,0,0,1,0,0,0,0,0
504.05,3,2,0,0,0,0,0,0,1,1,0,0,0,0,0,0,0,1
7.96,17,3,0,1,0,0,0,0,0,0,0,0,0,0,0,0,1,0
33.51,14,2,0,0,1,0,0,0,0,0,0,0,0,0,0,0,1,0
287.3,16,2,0,1,0,0,0,0,0,0,0,0,0,0,1,0,0,0
28.06,11,0,0,0,0,1,0,0,0,1,0,0,0,0,0,0,0,0
171.49,17,2,0,0,0,0,0,1,0,0,0,0,1,0,0,0,0,0
15.32,19,3,0,0,0,0,0,0,1,0,0,1,0,0,0,0,0,0
12.71,23,6,1,1,0,0,0,0,0,0,0,1,0,0,0,0,0,0
106.01,22,3,0,0,0,0,0,0,1,0,0,0,0,1,0,0,0,0
2.7,22,1,0,0,0,1,0,0,0,0,1,0,0,0,0,0,0,0
19.29,7,0,0,1,0,0,0,0,0,1,0,0,0,0,0,0,0,0
35.35,16,2,0,0,1,0,0,0,0,0,0,0,0,0,0,0,1,0
56.69,1,0,0,0,0,0,0,0,1,0,0,0,1,0,0,0,0,1
64.53,8,2,0,0,0,0,0,0,1,0,0,1,0,0,0,0,0,0
39.0,22,2,0,0,1,0,0,0,0,0,0,0,0,1,0,0,0,0
58.83,6,5,1,0,1,0,0,0,0,0,0,0,1,0,0,0,0,0
31.01,8,0,0,0,0,1,0,0,0,0,0,1,0,0,0,0,0,0
290.61,10,1,0,1,0,0,0,0,0,0,0,0,0,0,1,0,0,0
145.5,22,1,0,0,1,0,0,0,0,0,0,0,0,0,1,0,0,0
5.54,19,6,1,0,0,1,0,0,0,0,0,0,0,0,0,0,1,0
276.5,23,0,0,1,0,0,0,0,0,0,0,0,0,0,1,0,0,0
14.49,6,2,0,1,0,0,0,0,0,0,0,0,0,0,0,1,0,0
6.26,6,5,1,0,1,0,0,0,0,1,0,0,0,0,0,0,0,0
16.86,7,5,1,0,1,0,0,0,0,0,0,0,1,0,0,0,0,0
1227.01,20,2,0,0,0,0,0,0,1,0,0,0,0,0,0,0,1,1
27.39,10,6,1,0,0,1,0,0,0,1,0,0,0,0,0,0,0,0
242.84,19,3,0,1,0,0,0,0,0,0,0,0,0,0,1,0,0,0
54.62,13,1,0,0,1,0,0,0,0,0,0,0,0,0,0,1,0,0
8.77,20,5,1,0,0,0,1,0,0,0,0,0,0,0,0,0,1,0
42.06,8,3,0,0,1,0,0,0,0,0,0,0,1,0,0,0,0,0
36.56,17,4,0,0,0,1,0,0,0,0,0,0,0,0,0,0,1,0
52.73,9,3,0,1,0,0,0,0,0,0,0,1,0,0,0,0,0,0
105.14,12,1,0,0,0,0,0,1,0,0,0,0,0,1,0,0,0,0
90.92,21,6,1,0,0,0,0,0,1,0,0,0,1,0,0,0,0,0
162.18,10,1,0,0,0,0,0,0,1,0,0,0,1,0,0,0,0,0
118.06,11,3,0,0,0,1,0,0,0,0,0,0,0,0,1,0,0,0
67.01,8,1,0,0,0,0,1,0,0,0,0,0,0,0,1,0,0,0
53.43,9,5,1,0,0,0,0,1,0,0,0,0,0,0,0,1,0,0
795.08,16,6,1,0,0,0,1,0,0,1,0,0,0,0,0,0,0,1
29.77,23,5,1,1,0,0,0,0,0,0,0,1,0,0,0,0,0,0
34.04,7,1,0,0,1,0,0,0,0,0,0,1,0,0,0,0,0,0
156.19,22,6,1,0,1,0,0,0,0,0,0,0,1,0,0,0,0,0
65.39,11,2,0,1,0,0,0,0,0,0,0,1,0,0,0,0,0,0
39.04,17,0,0,0,0,0,0,1,0,0,0,0,0,0,0,0,1,0
1653.0,2,2,0,1,0,0,0,0,0,0,0,0,0,0,0,0,1,1
534.83,4,5,1,1,0,0,0,0,0,0,0,1,0,0,0,0,0,1
5.29,9,0,0,1,0,0,0,0,0,0,1,0,0,0,0,0,0,0
10.98,17,1,0,0,1,0,0,0,0,0,0,0,0,0,0,1,0,0
36.21,20,5,1,0,0,0,0,0,1,0,0,0,0,0,0,0,1,0
21.01,16,6,1,0,0,0,0,0,1,0,0,0,0,0,0,1,0,0
52.73,7,0,0,0,0,1,0,0,0,0,0,0,0,0,0,1,0,0
14.11,8,2,0,1,0,0,0,0,0,1,0,0,0,0,0,0,0,0
816.99,4,5,1,0,0,0,0,0,1,0,0,0,1,0,0,0,0,1
46.44,3,5,1,0,0,0,0,0,1,0,0,0,0,0,0,1,0,1
2312.06,3,4,0,0,0,0,0,0,1,0,0,0,0,1,0,0,0,1
795.95,1,2,0,1,0,0,0,0,0,0,0,1,0,0,0,0,0,1
4.07,23,6,1,0,0,0,0,0,1,0,1,0,0,0,0,0,0,0
56.51,9,1,0,0,1,0,0,0,0,0,0,0,0,0,0,1,0,0
46.53,15,4,0,1,0,0,0,0,0,0,0,0,0,0,1,0,0,0
111.31,9,3,0,0,0,0,0,0,1,0,0,0,1,0,0,0,0,0
20.15,23,3,0,1,0,0,0,0,0,0,0,0,0,0,0,0,1,0
52.88,23,1,0,0,1,0,0,0,0,0,0,1,0,0,0,0,0,0
163.27,19,6,1,0,0,0,1,0,0,0,0,0,1,0,0,0,0,0
26.92,6,3,0,0,0,1,0,0,0,0,0,0,0,1,0,0,0,0
10.96,16,6,1,0,0,1,0,0,0,1,0,0,0,0,0,0,0,0
21.57,19,2,0,0,1,0,0,0,0,0,0,0,0,0,0,1,0,0
20.33,15,1,0,1,0,0,0,0,0,0,0,0,0,0,0,1,0,0
5.73,16,5,1,1,0,0,0,0,0,0,1,0,0,0,0,0,0,0
6.29,18,1,0,1,0,0,0,0,0,0,0,0,0,0,0,0,1,0
21.04,18,0,0,1,0,0,0,0,0,0,0,0,0,0,0,1,0,0
57.38,6,6,1,1,0,0,0,0,0,0,0,0,0,0,1,0,0,0
59.23,18,3,0,1,0,0,0,0,0,0,0,0,0,1,0,0,0,0
24.43,8,1,0,1,0,0,0,0,0,0,0,0,1,0,0,0,0,0
1150.4,6,1,0,0,0,0,0,1,0,0,0,1,0,0,0,0,0,1
34.37,23,1,0,1,0,0,0,0,0,0,0,0,0,0,0,0,1,0
119.04,9,0,0,1,0,0,0,0,0,0,0,0,0,1,0,0,0,0
4.48,13,6,1,1,0,0,0,0,0,0,1,0,0,0,0,0,0,0
32.65,22,2,0,0,1,0,0,0,0,0,0,0,0,1,0,0,0,0
112.23,23,3,0,0,1,0,0,0,0,0,0,0,1,0,0,0,0,0
154.1,19,0,0,1,0,0,0,0,0,0,0,0,1,0,0,0,0,0
165.3,23,6,1,0,0,0,0,0,1,0,0,0,1,0,0,0,0,0
5.21,9,5,1,0,1,0,0,0,0,0,1,0,0,0,0,0,0,0
795.03,8,0,0,0,0,0,0,0,1,0,0,1,0,0,0,0,0,1
13.37,22,0,0,1,0,0,0,0,0,1,0,0,0,0,0,0,0,0
3.66,15,2,0,0,0,1,0,0,0,0,1,0,0,0,0,0,0,0
29.3,23,2,0,1,0,0,0,0,0,1,0,0,0,0,0,0,0,0
26.43,23,5,1,0,0,1,0,0,0,0,0,1,0,0,0,0,0,0
5.24,22,2,0,0,1,0,0,0,0,0,1,0,0,0,0,0,0,0
19.98,17,6,1,0,0,0,0,0,1,0,0,0,0,0,0,0,1,0
3.8,10,3,0,1,0,0,0,0,0,0,1,0,0,0,0,0,0,0
6.83,23,1,0,0,0,0,0,0,1,0,0,0,0,0,0,0,1,0
5.88,16,6,1,1,0,0,0,0,0,0,1,0,0,0,0,0,0,0
15.17,13,5,1,0,0,0,0,0,1,1,0,0,0,0,0,0,0,0
79.3,20,1,0,0,1,0,0,0,0,0,0,1,0,0,0,0,0,0
1235.67,7,4,0,0,1,0,0,0,0,0,0,0,0,0,0,1,0,1
21.98,16,2,0,0,0,0,0,0,1,0,0,1,0,0,0,0,0,0
4.29,11,4,0,1,0,0,0,0,0,0,1,0,0,0,0,0,0,0
72.42,8,1,0,0,1,0,0,0,0,0,0,0,0,1,0,0,0,0
26.68,6,5,1,0,1,0,0,0,0,0,0,1,0,0,0,0,0,0
170.87,12,1,0,0,1,0,0,0,0,0,0,0,1,0,0,0,0,0
22.79,8,1,0,0,0,0,0,0,1,1,0,0,0,0,0,0,0,0
597.35,1,5,1,0,0,1,0,0,0,0,0,1,0,0,0,0,0,1
73.63,14,5,1,1,0,0,0,0,0,0,0,1,0,0,0,0,0,0
5.34,18,6,1,0,0,0,0,0,1,0,1,0,0,0,0,0,0,0
20.35,9,2,0,0,0,0,1,0,0,1,0,0,0,0,0,0,0,0
109.14,23,1,0,1,0,0,0,0,0,0,0,0,0,1,0,0,0,0
33.89,22,4,0,1,0,0,0,0,0,1,0,0,0,0,0,0,0,0
111.53,19,6,1,0,0,0,0,0,1,0,0,0,0,1,0,0,0,0
53.97,23,6,1,0,0,0,0,1,0,0,0,0,0,0,0,1,0,0
10.0,13,3,0,0,1,0,0,0,0,0,0,0,0,0,0,0,1,0
2813.55,4,3,0,0,0,0,1,0,0,0,0,0,1,0,0,0,0,1
7.32,16,5,1,1,0,0,0,0,0,1,0,0,0,0,0,0,0,0
19.03,21,3,0,0,1,0,0,0,0,0,0,0,0,0,0,1,0,0
294.94,14,1,0,0,0,0,1,0,0,0,0,0,0,0,1,0,0,0
61.68,15,6,1,0,0,0,0,0,1,0,0,0,1,0,0,0,0,0
4.26,22,3,0,0,1,0,0,0,0,0,1,0,0,0,0,0,0,0
24.17,12,0,0,0,0,0,0,0,1,0,0,0,0,0,0,0,1,0
4533.08,0,0,0,0,0,1,0,0,0,0,0,0,0,0,1,0,0,1
65.14,9,5,1,0,0,0,1,0,0,0,0,1,0,0,0,0,0,0
35.51,6,4,0,0,0,0,0,0,1,0,0,0,0,0,0,1,0,0
36.84,17,6,1,0,0,0,0,0,1,0,0,0,0,0,1,0,0,0
23.92,14,1,0,0,0,0,0,0,1,1,0,0,0,0,0,0,0,0
40.47,8,4,0,1,0,0,0,0,0,0,0,0,1,0,0,0,0,0
23.3,9,5,1,0,1,0,0,0,0,0,0,0,0,0,0,0,1,0
165.15,19,5,1,1,0,0,0,0,0,0,0,0,1,0,0,0,0,0
172.43,1,0,0,0,0,0,0,0,1,0,0,1,0,0,0,0,0,1
27.47,6,1,0,0,0,0,1,0,0,0,0,1,0,0,0,0,0,0
165.78,21,4,0,0,0,1,0,0,0,0,0,0,1,0,0,0,0,0
879.3,20,6,1,0,0,0,0,1,0,0,0,0,0,1,0,0,0,1
559.78,22,4,0,0,1,0,0,0,0,0,0,1,0,0,0,0,0,1
384.18,21,5,1,0,0,0,0,0,1,0,1,0,0,0,0,0,0,1
7.86,23,2,0,0,1,0,0,0,0,0,0,0,0,0,0,0,1,0
93.27,11,1,0,1,0,0,0,0,0,0,0,0,1,0,0,0,0,0
16.02,9,4,0,1,0,0,0,0,0,0,0,1,0,0,0,0,0,0
2.68,6,6,1,1,0,0,0,0,0,0,1,0,0,0,0,0,0,0
88.32,12,5,1,1,0,0,0,0,0,0,0,0,0,1,0,0,0,0
184.54,10,1,0,1,0,0,0,0,0,0,0,0,0,0,1,0,0,0
67.34,6,1,0,0,1,0,0,0,0,0,0,1,0,0,0,0,0,0
148.33,13,6,1,0,1,0,0,0,0,0,0,0,1,0,0,0,0,0
1167.2,0,6,1,0,0,0,0,0,1,0,0,0,0,0,0,0,1,1
37.59,23,2,0,0,0,0,0,0,1,0,0,0,0,0,0,0,1,0
5.09,11,1,0,1,0,0,0,0,0,0,1,0,0,0,0,0,0,0
5.49,11,0,0,0,0,0,0,0,1,0,1,0,0,0,0,0,0,0
843.22,1,2,0,0,0,0,0,0,1,1,0,0,0,0,0,0,0,1
18.46,13,6,1,1,0,0,0,0,0,0,0,0,0,0,0,0,1,0
5.57,20,6,1,0,0,0,0,0,1,0,1,0,0,0,0,0,0,0
1536.85,4,0,0,0,0,0,0,0,1,0,0,0,0,0,0,0,1,1
5.92,13,6,1,0,0,1,0,0,0,0,0,0,0,0,0,1,0,0
38.87,17,4,0,0,1,0,0,0,0,0,0,0,0,1,0,0,0,0
5.25,9,4,0,0,1,0,0,0,0,0,1,0,0,0,0,0,0,0
65.2,9,0,0,1,0,0,0,0,0,0,0,0,0,1,0,0,0,0
254.5,20,3,0,0,1,0,0,0,0,0,0,0,0,0,1,0,0,0
31.82,7,4,0,0,0,1,0,0,0,0,0,0,0,1,0,0,0,0
3.84,9,1,0,0,0,1,0,0,0,0,1,0,0,0,0,0,0,0
55.35,21,4,0,0,1,0,0,0,0,0,0,1,0,0,0,0,0,0
4.55,23,6,1,0,1,0,0,0,0,0,1,0,0,0,0,0,0,0
4.12,9,5,1,1,0,0,0,0,0,0,1,0,0,0,0,0,0,0
27.39,6,1,0,1,0,0,0,0,0,0,0,0,0,0,0,1,0,0
3.34,8,2,0,0,0,0,0,0,1,0,1,0,0,0,0,0,0,0
223.47,15,0,0,0,0,1,0,0,0,0,0,0,0,0,1,0,0,0
17.73,23,3,0,1,0,0,0,0,0,0,0,0,0,0,0,1,0,0
51.57,14,6,1,0,0,0,0,0,1,0,0,0,0,0,0,1,0,0
137.5,14,5,1,1,0,0,0,0,0,0,0,0,0,0,1,0,0,0
19.84,7,2,0,1,0,0,0,0,0,0,0,0,0,0,0,1,0,0
19.17,18,3,0,0,0,1,0,0,0,0,0,0,0,0,0,1,0,0
4.42,15,2,0,0,1,0,0,0,0,0,1,0,0,0,0,0,0,0
31.41,21,2,0,1,0,0,0,0,0,1,0,0,0,0,0,0,0,0
1713.66,6,2,0,0,0,0,0,0,1,0,0,0,1,0,0,0,0,1
32.34,21,2,0,1,0,0,0,0,0,0,0,0,0,0,0,1,0,0
71.01,15,4,0,1,0,0,0,0,0,0,0,0,1,0,0,0,0,0
2.13,20,6,1,0,0,0,0,0,1,0,1,0,0,0,0,0,0,0
715.45,15,3,0,0,0,0,0,1,0,0,0,0,0,0,0,0,1,1
25.48,16,4,0,1,0,0,0,0,0,1,0,0,0,0,0,0,0,0
5.34,11,2,0,1,0,0,0,0,0,1,0,0,0,0,0,0,0,0
9.49,20,6,1,0,1,0,0,0,0,0,0,0,0,0,0,1,0,0
9.38,6,0,0,0,1,0,0,0,0,0,0,0,0,0,0,0,1,0
28.7,9,0,0,0,0,1,0,0,0,0,0,0,0,0,0,1,0,0
48.19,17,4,0,0,1,0,0,0,0,0,0,1,0,0,0,0,0,0
111.96,4,2,0,0,0,0,0,0,1,0,0,0,0,0,0,1,0,1
1.76,19,5,1,1,0,0,0,0,0,0,1,0,0,0,0,0,0,0
112.06,19,0,0,0,0,0,0,0,1,0,0,0,0,1,0,0,0,0
9.58,16,6,1,1,0,0,0,0,0,0,0,0,0,0,0,1,0,0
5.62,12,5,1,1,0,0,0,0,0,0,1,0,0,0,0,0,0,0
16.44,23,3,0,0,0,1,0,0,0,0,0,0,0,0,0,1,0,0
1907.93,4,6,1,0,1,0,0,0,0,0,0,0,1,0,0,0,0,1
29.25,15,4,0,1,0,0,0,0,0,0,0,1,0,0,0,0,0,0
20.56,22,3,0,0,0,0,0,0,1,0,0,0,0,0,0,1,0,0
111.74,13,2,0,0,1,0,0,0,0,0,0,0,0,1,0,0,0,0
57.15,17,2,0,0,1,0,0,0,0,0,0,0,1,0,0,0,0,0
56.64,7,4,0,1,0,0,0,0,0,0,0,1,0,0,0,0,0,0
102.66,17,4,0,0,0,0,0,0,1,0,0,0,1,0,0,0,0,0
56.06,6,3,0,0,1,0,0,0,0,0,0,1,0,0,0,0,0,0
47.43,18,1,0,1,0,0,0,0,0,0,0,1,0,0,0,0,0,0
26.3,19,2,0,0,1,0,0,0,0,0,0,0,0,0,0,1,0,0
82.36,20,6,1,1,0,0,0,0,0,0,0,0,0,0,1,0,0,0
65.66,23,6,1,0,1,0,0,0,0,0,0,0,0,0,1,0,0,0
132.79,17,3,0,1,0,0,0,0,0,0,0,0,0,0,1,0,0,0
85.33,18,5,1,0,1,0,0,0,0,0,0,0,0,1,0,0,0,0
18.95,19,3,0,0,0,0,0,0,1,1,0,0,0,0,0,0,0,0
1.9,21,3,0,0,0,0,0,0,1,0,1,0,0,0,0,0,0,0
784.23,0,3,0,0,0,0,0,0,1,0,0,0,1,0,0,0,0,1
5.36,18,4,0,0,0,0,0,1,0,0,1,0,0,0,0,0,0,0
17.99,14,5,1,0,1,0,0,0,0,0,0,0,0,1,0,0,0,0
17.1,23,3,0,0,0,1,0,0,0,0,0,0,0,0,0,0,1,0
23.82,18,4,0,1,0,0,0,0,0,0,0,0,0,1,0,0,0,0
59.63,10,4,0,0,1,0,0,0,0,0,0,0,0,0,0,1,0,0
46.64,12,3,0,1,0,0,0,0,0,0,0,1,0,0,0,0,0,0
1780.03,21,6,1,0,0,0,0,1,0,0,0,0,1,0,0,0,0,1
17.25,20,5,1,0,0,0,0,0,1,0,0,0,0,0,0,0,1,0
695.99,3,2,0,0,1,0,0,0,0,0,1,0,0,0,0,0,0,1
29.58,23,2,0,1,0,0,0,0,0,0,0,0,1,0,0,0,0,0
232.45,12,1,0,0,0,1,0,0,0,0,0,0,0,0,1,0,0,0
32.74,6,6,1,0,0,0,0,1,0,0,0,0,0,0,0,1,0,0
35.28,23,0,0,1,0,0,0,0,0,0,0,0,0,0,0,1,0,0
10.28,9,0,0,0,0,0,0,0,1,1,0,0,0,0,0,0,0,0
20.67,20,3,0,0,0,0,1,0,0,0,0,0,0,0,0,0,1,0
23.69,17,4,0,0,0,0,0,0,1,1,0,0,0,0,0,0,0,0
5.73,22,1,0,0,1,0,0,0,0,0,1,0,0,0,0,0,0,0
37.29,20,6,1,0,0,0,0,0,1,0,0,0,0,0,0,0,1,0
4.19,12,6,1,1,0,0,0,0,0,0,1,0,0,0,0,0,0,0
9.37,18,0,0,1,0,0,0,0,0,1,0,0,0,0,0,0,0,0
26.96,8,1,0,0,1,0,0,0,0,0,0,0,0,0,0,1,0,0
238.61,11,1,0,1,0,0,0,0,0,0,0,0,0,0,1,0,0,0
8.61,11,3,0,0,0,1,0,0,0,1,0,0,0,0,0,0,0,0
49.76,16,5,1,1,0,0,0,0,0,0,0,1,0,0,0,0,0,0
36.99,14,2,0,1,0,0,0,0,0,0,0,0,0,0,0,0,1,0
19.42,10,1,0,1,0,0,0,0,0,0,0,0,0,0,0,0,1,0
51.17,20,5,1,0,0,0,0,0,1,0,0,0,0,0,0,1,0,0
274.32,7,5,1,0,1,0,0,0,0,0,0,0,0,0,1,0,0,0
43.18,14,5,1,0,1,0,0,0,0,0,0,1,0,0,0,0,0,0
1171.03,3,3,0,0,0,1,0,0,0,0,0,1,0,0,0,0,0,1
1960.43,1,0,0,0,0,0,0,0,1,0,0,0,0,0,1,0,0,1
16.45,9,4,0,1,0,0,0,0,0,0,0,0,0,0,0,0,1,0
100.0,7,5,1,1,0,0,0,0,0,0,0,0,0,1,0,0,0,0
73.2,22,3,0,1,0,0,0,0,0,0,0,1,0,0,0,0,0,0
32.0,14,4,0,1,0,0,0,0,0,0,0,0,0,1,0,0,0,0
57.35,23,0,0,0,0,0,0,0,1,0,0,0,0,0,1,0,0,0
74.62,15,5,1,1,0,0,0,0,0,0,0,1,0,0,0,0,0,0
242.84,13,0,0,1,0,0,0,0,0,0,0,0,0,0,1,0,0,0
202.35,19,2,0,1,0,0,0,0,0,0,0,0,0,0,1,0,0,0
114.17,18,6,1,0,0,1,0,0,0,0,0,0,1,0,0,0,0,0
5.11,12,2,0,0,0,0,0,0,1,0,0,0,0,0,0,1,0,0
124.44,20,6,1,1,0,0,0,0,0,0,0,0,1,0,0,0,0,0
76.35,16,6,1,1,0,0,0,0,0,0,0,1,0,0,0,0,0,0
2377.25,4,2,0,0,0,0,1,0,0,0,0,0,0,1,0,0,0,1
3.19,6,4,0,1,0,0,0,0,0,0,1,0,0,0,0,0,0,0
194.91,13,4,0,1,0,0,0,0,0,0,0,0,1,0,0,0,0,0
1012.1,2,5,1,0,0,1,0,0,0,0,0,0,0,1,0,0,0,1
59.79,23,2,0,1,0,0,0,0,0,0,0,0,0,0,0,1,0,0
34.42,13,3,0,0,0,0,0,0,1,0,0,0,0,0,0,0,1,0
23.52,15,0,0,1,0,0,0,0,0,0,0,0,0,1,0,0,0,0
68.71,10,4,0,0,1,0,0,0,0,0,0,0,0,1,0,0,0,0
64.25,4,1,0,0,0,0,0,0,1,0,0,0,0,0,0,1,0,1
12.15,23,1,0,1,0,0,0,0,0,1,0,0,0,0,0,0,0,0
6.09,19,4,0,1,0,0,0,0,0,1,0,0,0,0,0,0,0,0
51.66,15,6,1,0,0,0,0,0,1,0,0,1,0,0,0,0,0,0
245.16,23,6,1,0,0,0,0,0,1,0,0,0,0,0,1,0,0,0
164.01,20,3,0,1,0,0,0,0,0,0,0,0,0,0,1,0,0,0
1322.19,4,6,1,0,0,0,0,0,1,0,0,0,0,0,1,0,0,1
54.83,8,1,0,0,0,1,0,0,0,0,0,0,0,1,0,0,0,0
46.14,10,3,0,0,0,0,0,0,1,0,0,1,0,0,0,0,0,0
93.61,22,3,0,1,0,0,0,0,0,0,0,0,0,1,0,0,0,0
30.09,19,3,0,0,0,1,0,0,0,0,0,0,0,0,0,1,0,0
1.53,10,5,1,0,1,0,0,0,0,0,1,0,0,0,0,0,0,0
417.76,21,4,0,0,0,0,1,0,0,1,0,0,0,0,0,0,0,1
2095.73,19,1,0,0,0,0,0,0,1,0,0,0,0,1,0,0,0,1
32.21,9,1,0,1,0,0,0,0,0,0,0,0,0,0,0,1,0,0
156.08,15,2,0,0,1,0,0,0,0,0,0,0,0,0,1,0,0,0
473.24,3,2,0,0,0,0,0,0,1,0,0,0,1,0,0,0,0,1
282.22,12,5,1,0,0,1,0,0,0,0,0,0,0,0,1,0,0,0
493.77,0,3,0,0,0,0,0,0,1,0,0,0,1,0,0,0,0,1
117.08,15,1,0,1,0,0,0,0,0,0,0,0,0,1,0,0,0,0
15.49,19,5,1,0,0,0,0,0,1,0,0,0,0,0,0,0,1,0
31.32,20,0,0,0,0,0,0,0,1,0,0,1,0,0,0,0,0,0
47.98,7,3,0,1,0,0,0,0,0,0,0,0,0,1,0,0,0,0
172.85,10,3,0,0,0,0,0,0,1,0,0,0,1,0,0,0,0,0
31.88,10,6,1,0,0,1,0,0,0,1,0,0,0,0,0,0,0,0
28.13,22,0,0,0,0,1,0,0,0,0,0,0,0,1,0,0,0,0
55.41,20,2,0,1,0,0,0,0,0,0,0,0,0,1,0,0,0,0
27.83,14,6,1,0,0,0,0,0,1,0,0,1,0,0,0,0,0,0
51.04,20,3,0,0,0,1,0,0,0,0,0,1,0,0,0,0,0,0
12.44,10,5,1,0,1,0,0,0,0,0,0,0,0,0,0,0,1,0
34.34,6,1,0,0,0,0,0,0,1,0,0,0,0,0,0,1,0,0
38.13,23,4,0,0,1,0,0,0,0,0,0,0,0,0,0,1,0,0
537.52,15,4,0,0,0,0,0,1,0,1,0,0,0,0,0,0,0,1
84.13,7,4,0,1,0,0,0,0,0,0,0,0,1,0,0,0,0,0
90.58,23,0,0,0,1,0,0,0,0,0,0,0,0,1,0,0,0,0
30.37,12,6,1,0,1,0,0,0,0,0,0,0,0,0,0,0,1,0
492.82,4,5,1,0,0,0,0,0,1,0,0,0,0,1,0,0,0,1
12.51,14,1,0,1,0,0,0,0,0,1,0,0,0,0,0,0,0,0
13.19,15,3,0,0,0,0,0,1,0,0,0,0,0,0,0,0,1,0
12.57,23,4,0,1,0,0,0,0,0,0,0,1,0,0,0,0,0,0
640.47,21,6,1,0,0,0,0,0,1,0,1,0,0,0,0,0,0,1
22.32,14,1,0,0,0,0,0,0,1,0,0,0,0,0,0,1,0,0
31.16,20,6,1,1,0,0,0,0,0,0,0,0,0,0,0,0,1,0
82.72,3,2,0,0,0,0,0,0,1,0,0,1,0,0,0,0,0,1
17.91,6,4,0,0,0,0,0,0,1,0,0,0,0,1,0,0,0,0
53.12,7,4,0,0,0,1,0,0,0,0,0,0,0,0,0,1,0,0
31.72,19,3,0,0,1,0,0,0,0,0,0,0,0,0,0,0,1,0
47.03,17,1,0,1,0,0,0,0,0,0,0,0,0,0,1,0,0,0
150.93,10,2,0,0,0,1,0,0,0,0,0,0,1,0,0,0,0,0
166.85,15,2,0,1,0,0,0,0,0,0,0,0,1,0,0,0,0,0
7.91,22,6,1,1,0,0,0,0,0,0,0,0,0,0,0,0,1,0
3.12,12,0,0,0,1,0,0,0,0,0,1,0,0,0,0,0,0,0
260.71,6,2,0,0,0,0,0,1,0,0,0,0,0,0,1,0,0,0
2.95,21,1,0,1,0,0,0,0,0,0,1,0,0,0,0,0,0,0
12.46,15,2,0,0,0,0,1,0,0,1,0,0,0,0,0,0,0,0
59.65,0,5,1,0,0,0,0,0,1,0,0,0,0,1,0,0,0,1
5.54,19,2,0,0,0,0,0,1,0,0,0,0,0,0,0,0,1,0
272.5,11,4,0,0,1,0,0,0,0,0,0,0,0,0,1,0,0,0
17.75,7,0,0,0,0,0,0,1,0,1,0,0,0,0,0,0,0,0
110.91,22,0,0,0,1,0,0,0,0,0,0,0,0,1,0,0,0,0
38.86,7,0,0,0,0,0,0,0,1,0,0,1,0,0,0,0,0,0
2563.79,13,2,0,0,0,0,0,0,1,0,0,0,1,0,0,0,0,1
25.63,21,4,0,1,0,0,0,0,0,1,0,0,0,0,0,0,0,0
4.29,7,1,0,0,0,0,0,0,1,0,1,0,0,0,0,0,0,0
732.42,17,1,0,0,0,0,0,0,1,1,0,0,0,0,0,0,0,1
5.41,8,0,0,1,0,0,0,0,0,0,1,0,0,0,0,0,0,0
8.27,9,3,0,1,0,0,0,0,0,1,0,0,0,0,0,0,0,0
268.07,4,3,0,0,0,0,0,0,1,0,0,0,0,0,0,1,0,1
2.81,18,4,0,0,0,1,0,0,0,0,1,0,0,0,0,0,0,0
1637.3,4,1,0,0,0,0,0,0,1,0,0,0,0,0,0,1,0,1
1198.56,2,5,1,0,0,0,0,0,1,0,0,0,0,0,1,0,0,1
163.79,9,4,0,1,0,0,0,0,0,0,0,0,0,0,1,0,0,0
101.53,23,2,0,0,0,0,0,0,1,0,0,0,0,1,0,0,0,0
12.77,16,2,0,1,0,0,0,0,0,0,0,0,0,0,0,0,1,0
214.83,9,5,1,1,0,0,0,0,0,0,0,0,0,0,1,0,0,0
55.62,19,2,0,1,0,0,0,0,0,0,0,0,0,0,0,1,0,0
236.24,17,5,1,1,0,0,0,0,0,0,0,0,0,0,1,0,0,0
142.97,10,2,0,1,0,0,0,0,0,0,0,0,0,0,1,0,0,0
37.9,23,5,1,0,0,0,0,0,1,0,0,0,0,0,0,1,0,0
5.39,13,5,1,0,0,0,0,0,1,0,1,0,0,0,0,0,0,0
16.09,23,4,0,0,0,0,0,0,1,0,0,0,0,0,0,0,1,0
3.05,11,2,0,0,0,0,0,0,1,0,1,0,0,0,0,0,0,0
135.07,3,1,0,0,0,0,0,0,1,0,0,1,0,0,0,0,0,1
21.9,23,1,0,0,0,0,0,1,0,0,0,0,0,0,0,1,0,0
45.13,7,2,0,0,1,0,0,0,0,0,0,0,0,0,0,1,0,0
53.86,22,2,0,1,0,0,0,0,0,0,0,0,1,0,0,0,0,0
2756.31,4,3,0,0,0,0,0,1,0,0,0,0,1,0,0,0,0,1
11.73,15,5,1,1,0,0,0,0,0,0,0,0,0,0,0,0,1,0
219.09,1,2,0,0,0,0,0,0,1,0,0,0,0,1,0,0,0,1
262.61,23,4,0,0,0,0,0,0,1,0,0,0,0,0,1,0,0,0
264.56,13,3,0,0,1,0,0,0,0,0,0,0,0,0,1,0,0,0
2.11,23,5,1,1,0,0,0,0,0,0,1,0,0,0,0,0,0,0
1206.53,1,1,0,0,0,0,0,0,1,0,0,0,0,0,0,0,1,1
2498.07,7,3,0,0,0,0,0,0,1,0,0,0,0,0,1,0,0,1
22.13,12,4,0,0,0,0,0,0,1,0,0,1,0,0,0,0,0,0
51.51,18,5,1,1,0,0,0,0,0,0,0,1,0,0,0,0,0,0
4.62,18,2,0,0,1,0,0,0,0,0,1,0,0,0,0,0,0,0
21.24,23,3,0,0,0,1,0,0,0,0,0,0,0,0,0,0,1,0
193.73,9,0,0,0,0,0,0,0,1,0,0,0,0,0,1,0,0,0
250.71,21,1,0,0,1,0,0,0,0,0,0,0,0,0,1,0,0,0
29.67,10,6,1,0,0,0,0,0,1,1,0,0,0,0,0,0,0,0
142.89,4,6,1,0,0,0,0,0,1,0,0,0,0,0,0,1,0,1
5.82,23,2,0,0,0,0,1,0,0,0,1,0,0,0,0,0,0,0
249.82,13,2,0,0,1,0,0,0,0,0,0,0,0,0,1,0,0,0
61.97,6,0,0,1,0,0,0,0,0,0,0,1,0,0,0,0,0,0
1.54,12,4,0,0,0,1,0,0,0,0,1,0,0,0,0,0,0,0
29.13,23,5,1,1,0,0,0,0,0,0,0,1,0,0,0,0,0,0
22.26,17,6,1,0,1,0,0,0,0,0,0,0,0,0,0,0,1,0
26.15,12,2,0,1,0,0,0,0,0,0,0,0,0,0,0,0,1,0
189.45,19,0,0,0,0,0,0,0,1,0,0,0,1,0,0,0,0,0
92.3,23,1,0,0,0,1,0,0,0,0,0,0,1,0,0,0,0,0
24.52,15,3,0,0,0,0,0,0,1,1,0,0,0,0,0,0,0,0
93.77,23,6,1,1,0,0,0,0,0,0,0,0,0,1,0,0,0,0
1057.27,10,4,0,0,0,0,0,0,1,0,0,0,0,1,0,0,0,1
24.56,20,1,0,0,0,0,0,0,1,0,0,0,0,0,0,0,1,0
677.23,19,0,0,0,0,0,0,0,1,1,0,0,0,0,0,0,0,1
27.83,7,0,0,1,0,0,0,0,0,0,0,0,0,0,0,0,1,0
41.07,16,3,0,1,0,0,0,0,0,0,0,0,0,0,0,1,0,0
32.9,22,1,0,0,0,0,0,0,1,0,0,1,0,0,0,0,0,0
6.35,15,2,0,1,0,0,0,0,0,0,0,0,0,0,0,0,1,0
12.38,19,3,0,1,0,0,0,0,0,0,0,0,0,1,0,0,0,0
3.99,21,2,0,1,0,0,0,0,0,0,1,0,0,0,0,0,0,0
44.88,20,0,0,0,0,0,0,0,1,0,0,1,0,0,0,0,0,0
876.14,7,4,0,0,1,0,0,0,0,0,0,1,0,0,0,0,0,1
12.41,18,0,0,1,0,0,0,0,0,0,0,0,0,1,0,0,0,0
43.65,14,4,0,0,1,0,0,0,0,0,0,1,0,0,0,0,0,0
17.52,8,6,1,0,0,0,1,0,0,1,0,0,0,0,0,0,0,0
5.52,17,1,0,1,0,0,0,0,0,1,0,0,0,0,0,0,0,0
287.41,9,6,1,1,0,0,0,0,0,0,0,0,0,0,1,0,0,0
22.73,16,6,1,1,0,0,0,0,0,0,0,0,1,0,0,0,0,0
2.99,20,0,0,1,0,0,0,0,0,0,1,0,0,0,0,0,0,0
5.79,15,2,0,0,1,0,0,0,0,0,1,0,0,0,0,0,0,0
294.87,17,3,0,0,0,0,0,0,1,0,0,0,0,0,1,0,0,0
48.23,9,0,0,0,0,0,0,0,1,0,0,0,0,0,0,1,0,0
28.31,13,4,0,0,0,1,0,0,0,0,0,0,0,0,0,1,0,0
50.33,21,5,1,1,0,0,0,0,0,0,0,0,0,1,0,0,0,0
30.93,20,2,0,0,1,0,0,0,0,0,0,0,1,0,0,0,0,0
39.46,11,3,0,0,0,1,0,0,0,0,0,0,0,0,0,1,0,0
39.83,21,3,0,0,0,0,0,1,0,0,0,1,0,0,0,0,0,0
286.29,7,2,0,0,0,0,1,0,0,0,0,0,0,0,1,0,0,0
1835.76,10,3,0,0,0,0,0,0,1,0,0,0,1,0,0,0,0,1
3.6,19,0,0,0,1,0,0,0,0,0,1,0,0,0,0,0,0,0
746.57,1,0,0,0,1,0,0,0,0,0,0,0,0,0,0,0,1,1
176.64,14,5,1,0,0,0,0,0,1,0,0,0,1,0,0,0,0,0
169.67,16,6,1,0,0,0,0,0,1,0,0,0,0,0,1,0,0,0
18.7,13,2,0,1,0,0,0,0,0,0,0,0,1,0,0,0,0,0
3.18,11,1,0,0,0,0,1,0,0,0,1,0,0,0,0,0,0,0
88.69,21,6,1,1,0,0,0,0,0,0,0,0,0,1,0,0,0,0
21.96,18,0,0,0,1,0,0,0,0,0,0,0,1,0,0,0,0,0
2.84,7,0,0,0,1,0,0,0,0,0,1,0,0,0,0,0,0,0
76.77,18,1,0,1,0,0,0,0,0,0,0,0,0,1,0,0,0,0
32.73,23,5,1,0,0,0,0,0,1,0,0,0,0,0,0,1,0,0
17.37,10,2,0,1,0,0,0,0,0,1,0,0,0,0,0,0,0,0
5.52,15,0,0,1,0,0,0,0,0,0,1,0,0,0,0,0,0,0
187.39,6,1,0,1,0,0,0,0,0,0,0,0,1,0,0,0,0,0
57.91,19,0,0,1,0,0,0,0,0,0,0,1,0,0,0,0,0,0
1603.69,19,1,0,0,0,0,0,1,0,0,0,0,0,0,0,1,0,1
59.53,9,4,0,1,0,0,0,0,0,0,0,1,0,0,0,0,0,0
2.22,8,4,0,1,0,0,0,0,0,0,1,0,0,0,0,0,0,0
60.48,19,5,1,0,0,1,0,0,0,0,0,1,0,0,0,0,0,0
2.5,9,3,0,1,0,0,0,0,0,0,1,0,0,0,0,0,0,0
3.77,19,2,0,0,0,0,0,0,1,0,1,0,0,0,0,0,0,0
2.7,14,4,0,1,0,0,0,0,0,0,1,0,0,0,0,0,0,0
86.88,14,1,0,0,0,0,0,1,0,0,0,0,0,1,0,0,0,0
17.73,8,5,1,0,0,0,0,1,0,1,0,0,0,0,0,0,0,0
16.32,18,0,0,0,0,0,0,0,1,0,0,0,1,0,0,0,0,0
1.92,23,6,1,0,1,0,0,0,0,0,1,0,0,0,0,0,0,0
93.26,10,2,0,1,0,0,0,0,0,0,0,0,0,1,0,0,0,0
3.53,20,5,1,1,0,0,0,0,0,0,1,0,0,0,0,0,0,0
38.1,6,2,0,1,0,0,0,0,0,0,0,0,0,0,1,0,0,0
15.71,11,0,0,0,0,1,0,0,0,0,0,0,0,0,0,1,0,0
116.19,16,0,0,0,0,1,0,0,0,0,0,0,0,1,0,0,0,0
28.82,21,3,0,1,0,0,0,0,0,1,0,0,0,0,0,0,0,0
91.42,14,6,1,1,0,0,0,0,0,0,0,0,1,0,0,0,0,0
95.81,23,1,0,1,0,0,0,0,0,0,0,0,0,1,0,0,0,0
29.16,17,5,1,0,1,0,0,0,0,0,0,0,0,0,0,0,1,0
104.99,13,6,1,0,0,0,1,0,0,0,0,0,1,0,0,0,0,0
14.17,16,0,0,0,0,0,0,0,1,0,0,0,0,0,0,0,1,0
45.96,7,4,0,1,0,0,0,0,0,0,0,0,1,0,0,0,0,0
25.68,12,3,0,1,0,0,0,0,0,0,0,0,0,0,0,1,0,0
13.96,6,1,0,1,0,0,0,0,0,0,0,1,0,0,0,0,0,0
1243.18,0,6,1,0,0,0,0,0,1,0,0,0,0,0,0,1,0,1
5.65,8,1,0,1,0,0,0,0,0,0,1,0,0,0,0,0,0,0
5.26,20,2,0,1,0,0,0,0,0,0,1,0,0,0,0,0,0,0
71.95,0,5,1,0,0,0,0,0,1,1,0,0,0,0,0,0,0,1
6.72,23,0,0,0,1,0,0,0,0,1,0,0,0,0,0,0,0,0
45.09,7,1,0,1,0,0,0,0,0,0,0,0,1,0,0,0,0,0
48.24,18,4,0,1,0,0,0,0,0,0,0,0,0,0,0,1,0,0
12.47,6,3,0,0,0,1,0,0,0,0,0,0,0,0,0,0,1,0
1.66,13,2,0,1,0,0,0,0,0,0,1,0,0,0,0,0,0,0
210.39,0,3,0,0,0,0,0,0,1,0,0,0,1,0,0,0,0,1
11.85,12,4,0,1,0,0,0,0,0,1,0,0,0,0,0,0,0,0
233.12,2,6,1,0,0,0,0,0,1,0,0,0,0,0,0,1,0,1
49.06,16,5,1,1,0,0,0,0,0,0,0,0,0,1,0,0,0,0
24.61,6,4,0,0,1,0,0,0,0,1,0,0,0,0,0,0,0,0
115.78,17,4,0,1,0,0,0,0,0,0,0,0,1,0,0,0,0,0
22.9,23,5,1,0,1,0,0,0,0,0,0,0,0,0,0,0,1,0
28.09,23,0,0,1,0,0,0,0,0,0,0,0,0,0,0,0,1,0
37.47,15,2,0,1,0,0,0,0,0,0,0,0,1,0,0,0,0,0
43.44,19,4,0,0,0,1,0,0,0,0,0,0,0,1,0,0,0,0
5.15,6,6,1,0,0,1,0,0,0,0,1,0,0,0,0,0,0,0
32.43,19,4,0,0,0,0,0,1,0,0,0,1,0,0,0,0,0,0
65.64,12,1,0,1,0,0,0,0,0,0,0,0,0,1,0,0,0,0
13.87,14,3,0,0,0,0,0,1,0,0,0,0,0,1,0,0,0,0
72.69,7,6,1,0,0,1,0,0,0,0,0,0,0,1,0,0,0,0
279.49,11,1,0,1,0,0,0,0,0,0,0,0,0,0,1,0,0,0
149.54,23,3,0,0,1,0,0,0,0,0,0,0,1,0,0,0,0,0
9.34,11,5,1,1,0,0,0,0,0,0,0,0,0,0,0,1,0,0
180.07,6,6,1,1,0,0,0,0,0,0,0,0,1,0,0,0,0,0
84.15,21,4,0,1,0,0,0,0,0,0,0,0,1,0,0,0,0,0
214.86,7,5,1,0,0,0,0,1,0,0,0,0,0,0,1,0,0,0
17.86,12,6,1,0,1,0,0,0,0,1,0,0,0,0,0,0,0,0
40.02,12,1,0,0,0,0,0,0,1,0,0,0,0,0,0,1,0,0
15.25,15,4,0,1,0,0,0,0,0,1,0,0,0,0,0,0,0,0
158.62,8,5,1,0,0,0,0,0,1,0,0,0,0,0,1,0,0,0
6.37,22,0,0,0,0,0,0,0,1,0,0,0,0,0,0,0,1,0
371.95,3,6,1,0,0,0,0,0,1,0,0,1,0,0,0,0,0,1
5.09,21,1,0,1,0,0,0,0,0,0,1,0,0,0,0,0,0,0
27.1,11,0,0,0,1,0,0,0,0,0,0,0,0,1,0,0,0,0
6.54,7,0,0,1,0,0,0,0,0,1,0,0,0,0,0,0,0,0
62.22,11,1,0,1,0,0,0,0,0,0,0,0,0,1,0,0,0,0
20.63,15,0,0,1,0,0,0,0,0,1,0,0,0,0,0,0,0,0
27.05,17,3,0,0,1,0,0,0,0,0,0,0,0,0,0,0,1,0
4.73,9,2,0,1,0,0,0,0,0,0,1,0,0,0,0,0,0,0
84.07,6,6,1,0,0,0,0,0,1,0,0,0,0,1,0,0,0,0
28.72,23,5,1,1,0,0,0,0,0,0,0,0,0,0,0,1,0,0
84.97,19,2,0,0,0,0,0,0,1,0,0,0,0,1,0,0,0,0
145.23,17,2,0,0,0,0,0,1,0,0,0,0,0,0,1,0,0,0
535.56,10,2,0,1,0,0,0,0,0,0,1,0,0,0,0,0,0,1
6.86,7,3,0,1,0,0,0,0,0,0,0,0,0,0,0,0,1,0
20.81,8,2,0,0,0,0,0,0,1,0,0,0,1,0,0,0,0,0
147.73,7,3,0,0,1,0,0,0,0,0,0,0,1,0,0,0,0,0
1422.46,8,4,0,0,1,0,0,0,0,0,0,0,1,0,0,0,0,1
19.35,10,3,0,1,0,0,0,0,0,0,0,0,0,0,0,0,1,0
157.56,12,5,1,1,0,0,0,0,0,0,0,0,1,0,0,0,0,0
5.16,15,2,0,1,0,0,0,0,0,0,0,0,0,0,0,0,1,0
88.54,22,0,0,0,0,0,0,0,1,0,0,0,0,1,0,0,0,0
19.0,17,3,0,0,0,1,0,0,0,0,0,0,0,0,0,1,0,0
39.18,18,2,0,0,0,1,0,0,0,0,0,0,1,0,0,0,0,0
3343.33,4,3,0,0,0,1,0,0,0,0,0,0,0,0,1,0,0,1
2.91,13,0,0,1,0,0,0,0,0,0,1,0,0,0,0,0,0,0
33.29,14,0,0,0,0,0,0,1,0,0,0,0,0,0,0,0,1,0
69.23,6,5,1,1,0,0,0,0,0,0,0,1,0,0,0,0,0,0
32.03,8,4,0,0,0,1,0,0,0,0,0,0,0,0,0,0,1,0
4.36,10,4,0,0,0,0,0,0,1,0,1,0,0,0,0,0,0,0
293.1,17,3,0,0,1,0,0,0,0,0,0,0,0,0,1,0,0,0
39.61,20,2,0,1,0,0,0,0,0,0,0,0,0,1,0,0,0,0
130.03,19,4,0,0,1,0,0,0,0,0,0,0,1,0,0,0,0,0
37.28,20,2,0,1,0,0,0,0,0,0,0,0,0,0,0,0,1,0
9.01,16,5,1,1,0,0,0,0,0,1,0,0,0,0,0,0,0,0
10.79,20,1,0,0,0,0,0,0,1,1,0,0,0,0,0,0,0,0
54.1,4,3,0,0,0,0,0,0,1,0,0,0,0,0,0,0,1,1
499.96,1,2,0,0,0,0,0,0,1,1,0,0,0,0,0,0,0,1
155.12,15,3,0,0,0,0,0,0,1,0,0,0,0,0,1,0,0,0
5.3,12,5,1,1,0,0,0,0,0,1,0,0,0,0,0,0,0,0
3.92,7,6,1,1,0,0,0,0,0,0,1,0,0,0,0,0,0,0
1503.23,15,3,0,0,0,0,0,1,0,0,0,0,0,0,1,0,0,1
35.52,23,4,0,0,0,0,0,0,1,0,0,0,0,0,1,0,0,0
81.18,19,5,1,0,0,0,0,0,1,0,0,0,0,1,0,0,0,0
2.01,13,0,0,0,0,0,0,0,1,0,1,0,0,0,0,0,0,0
711.82,4,0,0,0,0,0,0,0,1,0,0,0,0,0,0,0,1,1
57.76,11,1,0,1,0,0,0,0,0,0,0,0,1,0,0,0,0,0
1483.86,18,1,0,0,0,0,0,1,0,0,0,0,0,1,0,0,0,1
73.37,23,6,1,1,0,0,0,0,0,0,0,0,1,0,0,0,0,0
39.2,18,6,1,0,0,0,0,0,1,0,0,0,0,1,0,0,0,0
140.23,16,3,0,0,0,0,0,0,1,0,0,0,1,0,0,0,0,0
84.41,9,2,0,0,0,0,0,1,0,0,0,0,0,1,0,0,0,0
32.41,13,5,1,0,1,0,0,0,0,0,0,0,1,0,0,0,0,0
19.44,16,0,0,0,0,0,1,0,0,1,0,0,0,0,0,0,0,0
262.38,23,2,0,0,0,0,0,0,1,0,0,0,0,0,1,0,0,0
530.64,15,3,0,0,0,0,1,0,0,1,0,0,0,0,0,0,0,1
28.6,21,6,1,0,0,0,0,0,1,0,0,0,1,0,0,0,0,0
530.75,2,2,0,0,0,0,0,0,1,1,0,0,0,0,0,0,0,1
4.82,23,6,1,1,0,0,0,0,0,0,1,0,0,0,0,0,0,0
21.14,15,6,1,1,0,0,0,0,0,0,0,0,0,0,0,0,1,0
5.95,18,5,1,0,1,0,0,0,0,0,1,0,0,0,0,0,0,0
54.82,23,1,0,0,0,0,0,0,1,0,0,0,1,0,0,0,0,0
5.65,10,1,0,0,0,0,0,0,1,0,1,0,0,0,0,0,0,0
59.8,8,1,0,0,1,0,0,0,0,0,0,0,0,1,0,0,0,0
36.22,11,4,0,1,0,0,0,0,0,0,0,0,0,0,0,1,0,0
9.87,18,4,0,0,0,0,0,0,1,0,0,0,0,0,0,0,1,0
20.92,11,4,0,0,0,1,0,0,0,1,0,0,0,0,0,0,0,0
167.98,1,0,0,0,0,0,0,0,1,0,0,0,1,0,0,0,0,1
23.44,13,6,1,1,0,0,0,0,0,0,0,0,0,0,0,0,1,0
117.89,15,2,0,0,0,1,0,0,0,0,0,0,0,1,0,0,0,0
423.97,3,6,1,0,0,0,0,0,1,0,1,0,0,0,0,0,0,1
6.09,23,6,1,0,0,0,0,1,0,1,0,0,0,0,0,0,0,0
5.82,6,4,0,1,0,0,0,0,0,0,1,0,0,0,0,0,0,0
193.83,12,2,0,0,0,0,0,1,0,0,0,0,1,0,0,0,0,0
126.92,11,5,1,1,0,0,0,0,0,0,0,0,0,0,1,0,0,0
85.63,6,3,0,1,0,0,0,0,0,0,0,0,0,0,1,0,0,0
35.89,23,2,0,0,0,0,0,0,1,0,0,0,0,0,0,0,1,0
83.24,0,3,0,0,0,0,0,0,1,0,0,0,0,0,0,1,0,1
17.46,6,0,0,1,0,0,0,0,0,0,0,0,0,0,0,1,0,0
33.07,14,4,0,0,0,0,0,0,1,0,0,0,0,0,0,0,1,0
19.48,22,5,1,0,0,0,0,0,1,0,0,1,0,0,0,0,0,0
27.41,23,5,1,0,0,0,0,1,0,0,0,0,0,0,0,0,1,0
31.16,23,3,0,1,0,0,0,0,0,0,0,1,0,0,0,0,0,0
41.29,11,2,0,1,0,0,0,0,0,0,0,0,0,0,1,0,0,0
11.84,7,5,1,0,1,0,0,0,0,0,0,1,0,0,0,0,0,0
114.48,15,4,0,1,0,0,0,0,0,0,0,0,0,1,0,0,0,0
50.05,23,1,0,1,0,0,0,0,0,0,0,0,0,0,0,1,0,0
79.24,9,2,0,0,0,0,0,1,0,0,0,0,0,0,1,0,0,0
714.0,4,1,0,1,0,0,0,0,0,1,0,0,0,0,0,0,0,1
1297.93,3,4,0,0,0,0,0,0,1,0,0,0,0,1,0,0,0,1
19.79,14,5,1,1,0,0,0,0,0,0,0,0,0,0,0,0,1,0
1162.02,17,6,1,0,0,0,0,0,1,0,0,0,0,1,0,0,0,1
151.79,3,2,0,0,0,0,0,0,1,0,0,0,0,0,1,0,0,1
15.5,23,0,0,0,0,0,0,0,1,0,0,0,0,0,0,0,1,0
196.0,14,2,0,1,0,0,0,0,0,0,0,0,1,0,0,0,0,0
33.03,16,3,0,0,0,0,0,0,1,0,0,0,0,0,0,1,0,0
3.62,9,1,0,1,0,0,0,0,0,0,1,0,0,0,0,0,0,0
26.93,18,2,0,0,1,0,0,0,0,0,0,1,0,0,0,0,0,0
73.97,10,6,1,0,1,0,0,0,0,0,0,1,0,0,0,0,0,0
49.75,23,1,0,1,0,0,0,0,0,0,0,0,0,0,0,1,0,0
30.69,21,3,0,1,0,0,0,0,0,0,0,0,0,1,0,0,0,0
54.34,10,0,0,0,0,0,0,0,1,0,0,1,0,0,0,0,0,0
29.48,9,4,0,0,1,0,0,0,0,0,0,0,0,0,0,1,0,0
29.67,18,5,1,1,0,0,0,0,0,0,0,0,0,0,0,1,0,0
25.32,18,1,0,1,0,0,0,0,0,1,0,0,0,0,0,0,0,0
4.34,23,2,0,0,1,0,0,0,0,0,1,0,0,0,0,0,0,0
3.5,7,0,0,1,0,0,0,0,0,0,1,0,0,0,0,0,0,0
116.53,11,5,1,1,0,0,0,0,0,0,0,0,0,1,0,0,0,0
31.2,23,0,0,1,0,0,0,0,0,0,0,0,0,0,0,0,1,0
187.84,22,3,0,1,0,0,0,0,0,0,0,0,0,0,1,0,0,0
1045.33,2,2,0,0,0,1,0,0,0,0,0,0,0,0,0,0,1,1
197.85,16,0,0,0,1,0,0,0,0,0,0,0,0,0,1,0,0,0
10.51,10,3,0,0,0,0,0,1,0,0,0,0,0,0,0,1,0,0
73.92,11,6,1,0,1,0,0,0,0,0,0,1,0,0,0,0,0,0
103.73,23,0,0,0,1,0,0,0,0,0,0,0,1,0,0,0,0,0
409.38,15,0,0,1,0,0,0,0,0,1,0,0,0,0,0,0,0,1
94.55,17,0,0,1,0,0,0,0,0,0,0,0,0,1,0,0,0,0
28.73,10,2,0,1,0,0,0,0,0,0,0,0,0,0,0,1,0,0
53.97,20,3,0,0,1,0,0,0,0,0,0,0,0,1,0,0,0,0
1093.26,19,0,0,0,0,0,0,0,1,0,0,1,0,0,0,0,0,1
20.38,12,2,0,1,0,0,0,0,0,0,0,0,0,0,0,1,0,0
15.25,7,4,0,1,0,0,0,0,0,1,0,0,0,0,0,0,0,0
2679.14,22,4,0,0,0,1,0,0,0,0,0,0,0,0,1,0,0,1
61.26,21,3,0,1,0,0,0,0,0,0,0,1,0,0,0,0,0,0
1.96,7,0,0,0,0,0,0,0,1,0,1,0,0,0,0,0,0,0
1854.97,1,6,1,0,0,0,0,0,1,0,0,0,0,0,0,1,0,1
92.07,21,5,1,1,0,0,0,0,0,0,0,0,0,1,0,0,0,0
15.75,22,2,0,0,0,0,0,1,0,0,0,0,0,0,0,1,0,0
115.39,12,1,0,0,1,0,0,0,0,0,0,0,1,0,0,0,0,0
19.99,0,6,1,0,0,0,0,0,1,0,1,0,0,0,0,0,0,1
269.88,13,5,1,1,0,0,0,0,0,0,0,0,0,0,1,0,0,0
29.36,21,2,0,0,0,1,0,0,0,0,0,0,0,0,0,0,1,0
15.93,16,0,0,0,0,0,0,1,0,0,0,0,0,0,0,1,0,0
85.82,10,6,1,0,1,0,0,0,0,0,0,0,1,0,0,0,0,0
63.49,20,3,0,1,0,0,0,0,0,0,0,0,0,1,0,0,0,0
1441.27,4,3,0,0,0,0,0,0,1,0,0,0,0,0,1,0,0,1
32.51,19,5,1,0,1,0,0,0,0,0,0,0,0,0,0,1,0,0
1179.54,17,2,0,0,0,0,0,0,1,0,0,0,1,0,0,0,0,1
5.62,23,3,0,0,0,0,0,0,1,0,0,0,0,0,0,1,0,0
92.91,19,5,1,0,0,1,0,0,0,0,0,0,0,0,1,0,0,0
23.15,20,2,0,1,0,0,0,0,0,1,0,0,0,0,0,0,0,0
88.9,19,3,0,0,0,0,0,0,1,0,0,0,1,0,0,0,0,0
109.16,23,1,0,1,0,0,0,0,0,0,0,0,0,0,1,0,0,0
805.66,3,5,1,0,0,1,0,0,0,0,0,1,0,0,0,0,0,1
13.48,17,2,0,0,0,1,0,0,0,0,0,1,0,0,0,0,0,0
63.69,22,5,1,1,0,0,0,0,0,0,0,1,0,0,0,0,0,0
247.98,12,5,1,0,0,0,1,0,0,0,0,0,0,0,1,0,0,0
124.44,8,5,1,0,1,0,0,0,0,0,0,0,0,0,1,0,0,0
677.56,10,3,0,0,0,1,0,0,0,0,0,1,0,0,0,0,0,1
14.28,12,6,1,0,0,1,0,0,0,0,0,0,0,1,0,0,0,0
1281.64,1,6,1,0,0,0,1,0,0,0,0,0,0,0,0,0,1,1
43.35,13,1,0,0,0,1,0,0,0,0,0,1,0,0,0,0,0,0
52.31,19,0,0,1,0,0,0,0,0,0,0,0,1,0,0,0,0,0
188.61,18,3,0,0,1,0,0,0,0,0,0,0,1,0,0,0,0,0
30.29,16,1,0,1,0,0,0,0,0,0,0,0,0,0,0,0,1,0
14.8,11,3,0,0,1,0,0,0,0,0,0,0,0,0,0,0,1,0
77.28,11,3,0,0,0,0,0,0,1,0,0,0,1,0,0,0,0,0
1046.51,0,0,0,0,0,0,0,0,1,0,0,1,0,0,0,0,0,1
27.32,1,3,0,0,0,0,0,0,1,0,1,0,0,0,0,0,0,1
29.69,8,2,0,0,0,0,0,0,1,0,0,0,0,0,1,0,0,0
4.64,15,4,0,0,0,1,0,0,0,0,1,0,0,0,0,0,0,0
79.95,12,4,0,0,0,0,1,0,0,0,0,0,1,0,0,0,0,0
93.72,22,3,0,0,0,0,0,1,0,0,0,0,0,1,0,0,0,0
33.1,18,5,1,1,0,0,0,0,0,0,0,0,0,0,0,0,1,0
4.12,8,5,1,0,0,0,0,0,1,0,1,0,0,0,0,0,0,0
1260.57,13,6,1,0,1,0,0,0,0,0,0,0,0,0,0,1,0,1
1217.27,21,3,0,0,0,0,1,0,0,0,0,0,0,0,0,1,0,1
31.17,11,5,1,1,0,0,0,0,0,0,0,1,0,0,0,0,0,0
13.6,16,5,1,1,0,0,0,0,0,0,0,1,0,0,0,0,0,0
4.13,15,0,0,1,0,0,0,0,0,0,1,0,0,0,0,0,0,0
31.73,21,0,0,1,0,0,0,0,0,0,0,1,0,0,0,0,0,0
8.4,20,3,0,1,0,0,0,0,0,0,0,0,0,0,0,0,1,0
11.54,12,2,0,0,1,0,0,0,0,0,0,0,0,1,0,0,0,0
18.34,14,5,1,0,0,0,0,0,1,0,0,1,0,0,0,0,0,0
105.21,12,5,1,0,1,0,0,0,0,0,0,0,1,0,0,0,0,0
74.5,6,3,0,0,1,0,0,0,0,0,0,0,0,0,1,0,0,0
1.51,17,1,0,0,1,0,0,0,0,0,1,0,0,0,0,0,0,0
86.67,7,3,0,1,0,0,0,0,0,0,0,0,0,0,1,0,0,0
30.61,23,5,1,1,0,0,0,0,0,1,0,0,0,0,0,0,0,0
47.57,22,6,1,0,0,0,1,0,0,0,0,0,0,0,0,1,0,0
1763.4,2,4,0,0,0,0,0,0,1,0,0,0,0,0,0,1,0,1
14.31,6,6,1,0,0,0,0,0,1,1,0,0,0,0,0,0,0,0
15.76,11,6,1,0,1,0,0,0,0,0,0,0,0,1,0,0,0,0
31.84,13,5,1,1,0,0,0,0,0,0,0,0,0,1,0,0,0,0
1990.67,1,2,0,0,0,0,0,0,1,0,0,0,1,0,0,0,0,1
6.2,13,1,0,0,0,0,0,0,1,1,0,0,0,0,0,0,0,0
5.1,16,2,0,1,0,0,0,0,0,0,1,0,0,0,0,0,0,0
31.72,18,2,0,0,0,1,0,0,0,0,0,1,0,0,0,0,0,0
20.21,13,4,0,1,0,0,0,0,0,0,0,0,0,0,0,0,1,0
542.82,3,1,0,0,0,0,0,0,1,0,1,0,0,0,0,0,0,1
736.62,0,6,1,1,0,0,0,0,0,1,0,0,0,0,0,0,0,1
28.02,8,3,0,0,0,0,0,0,1,0,0,1,0,0,0,0,0,0
83.04,23,3,0,0,0,0,1,0,0,0,0,0,0,1,0,0,0,0
17.0,13,1,0,0,1,0,0,0,0,1,0,0,0,0,0,0,0,0
26.38,10,0,0,1,0,0,0,0,0,0,0,0,0,1,0,0,0,0
2.05,19,6,1,1,0,0,0,0,0,0,1,0,0,0,0,0,0,0
295.15,2,1,0,0,0,0,0,0,1,0,0,0,1,0,0,0,0,1
4.15,23,3,0,0,0,0,0,1,0,0,1,0,0,0,0,0,0,0
36.64,15,3,0,0,0,0,0,0,1,0,0,0,1,0,0,0,0,0
84.91,16,4,0,1,0,0,0,0,0,0,0,0,1,0,0,0,0,0
2.27,23,4,0,0,1,0,0,0,0,0,1,0,0,0,0,0,0,0
7.15,14,0,0,0,0,1,0,0,0,1,0,0,0,0,0,0,0,0
22.83,7,1,0,0,1,0,0,0,0,1,0,0,0,0,0,0,0,0
4.44,9,2,0,0,0,0,0,0,1,0,1,0,0,0,0,0,0,0
39.98,10,6,1,1,0,0,0,0,0,0,0,0,0,1,0,0,0,0
51.04,13,6,1,0,0,0,0,0,1,0,0,0,0,1,0,0,0,0
95.6,23,2,0,0,0,0,0,0,1,0,0,0,0,1,0,0,0,0
165.12,23,5,1,0,1,0,0,0,0,0,0,0,0,0,1,0,0,0
138.02,18,3,0,1,0,0,0,0,0,0,0,0,1,0,0,0,0,0
136.58,21,5,1,1,0,0,0,0,0,0,0,0,1,0,0,0,0,0
2.29,17,6,1,1,0,0,0,0,0,0,1,0,0,0,0,0,0,0
30.65,10,5,1,0,0,0,0,1,0,1,0,0,0,0,0,0,0,0
33.22,17,2,0,0,1,0,0,0,0,0,0,0,0,0,0,1,0,0
230.77,9,1,0,0,0,0,0,0,1,0,0,0,0,0,1,0,0,0
13.62,23,0,0,0,1,0,0,0,0,0,0,0,0,1,0,0,0,0
174.21,23,3,0,0,0,0,0,0,1,0,0,0,1,0,0,0,0,0
10.52,11,6,1,0,1,0,0,0,0,0,0,1,0,0,0,0,0,0
664.78,4,6,1,0,0,0,1,0,0,0,0,0,0,0,0,0,1,1
40.81,7,6,1,1,0,0,0,0,0,0,0,1,0,0,0,0,0,0
81.81,7,4,0,0,0,0,0,1,0,0,0,0,0,1,0,0,0,0
12.71,21,2,0,0,0,0,0,0,1,1,0,0,0,0,0,0,0,0
248.89,16,0,0,0,1,0,0,0,0,0,0,0,0,0,1,0,0,0
7.76,8,3,0,1,0,0,0,0,0,0,0,0,0,0,0,0,1,0
262.45,9,4,0,1,0,0,0,0,0,0,0,0,0,0,1,0,0,0
8.7,23,2,0,0,0,0,0,0,1,0,0,0,0,0,0,1,0,0
84.08,9,2,0,0,0,0,0,0,1,0,0,0,0,1,0,0,0,0
4.31,19,4,0,1,0,0,0,0,0,0,1,0,0,0,0,0,0,0
8.06,10,2,0,1,0,0,0,0,0,0,0,0,0,0,0,1,0,0
59.34,23,5,1,0,0,0,0,1,0,0,0,0,0,1,0,0,0,0
2.59,12,0,0,0,0,0,1,0,0,0,1,0,0,0,0,0,0,0
21.43,23,0,0,0,0,1,0,0,0,0,0,1,0,0,0,0,0,0
1.9,20,3,0,0,0,0,0,1,0,0,1,0,0,0,0,0,0,0
2.19,11,1,0,0,0,1,0,0,0,0,1,0,0,0,0,0,0,0
8.16,11,1,0,1,0,0,0,0,0,1,0,0,0,0,0,0,0,0
35.47,13,5,1,0,1,0,0,0,0,0,0,0,0,0,0,0,1,0
882.75,13,1,0,0,0,0,0,0,1,0,0,0,1,0,0,0,0,1
78.5,13,0,0,0,0,0,0,0,1,0,0,1,0,0,0,0,0,0
128.7,4,5,1,0,0,0,0,0,1,0,0,0,0,0,0,0,1,1
53.42,21,4,0,0,0,0,1,0,0,0,0,0,0,1,0,0,0,0
58.51,16,4,0,0,1,0,0,0,0,0,0,0,0,0,0,1,0,0
61.66,6,0,0,0,1,0,0,0,0,0,0,0,1,0,0,0,0,0
37.52,23,4,0,0,0,0,0,0,1,0,0,0,0,0,0,0,1,0
33.12,23,0,0,0,0,1,0,0,0,0,0,1,0,0,0,0,0,0
1563.07,9,4,0,0,0,1,0,0,0,0,0,0,0,0,0,0,1,1
173.57,22,5,1,0,0,0,0,0,1,0,0,0,0,0,1,0,0,0
16.08,19,6,1,0,1,0,0,0,0,0,0,0,0,1,0,0,0,0
6.19,18,6,1,0,1,0,0,0,0,0,0,0,0,0,0,0,1,0
5.23,21,4,0,1,0,0,0,0,0,0,0,0,0,0,0,1,0,0
62.85,23,6,1,1,0,0,0,0,0,0,0,1,0,0,0,0,0,0
85.56,12,0,0,1,0,0,0,0,0,0,0,0,1,0,0,0,0,0
41.44,22,5,1,0,0,0,0,0,1,0,0,0,0,0,1,0,0,0
16.34,7,3,0,0,1,0,0,0,0,1,0,0,0,0,0,0,0,0
732.7,1,2,0,0,0,0,0,1,0,0,0,1,0,0,0,0,0,1
5.57,12,1,0,1,0,0,0,0,0,0,1,0,0,0,0,0,0,0
4251.5,1,5,1,0,0,0,1,0,0,0,0,0,0,0,1,0,0,1
2.2,17,0,0,0,0,1,0,0,0,0,1,0,0,0,0,0,0,0
92.63,13,1,0,0,0,1,0,0,0,0,0,0,0,1,0,0,0,0
99.92,21,6,1,0,1,0,0,0,0,0,0,0,0,0,1,0,0,0
1537.39,1,6,1,1,0,0,0,0,0,0,0,0,0,0,1,0,0,1
395.49,2,4,0,0,0,0,0,0,1,0,1,0,0,0,0,0,0,1
1583.84,1,3,0,0,0,1,0,0,0,0,0,0,0,0,0,0,1,1
176.75,22,1,0,0,0,0,0,0,1,0,0,0,0,0,1,0,0,0
4.62,23,3,0,1,0,0,0,0,0,0,1,0,0,0,0,0,0,0
57.7,22,3,0,0,1,0,0,0,0,0,0,0,0,0,1,0,0,0
33.43,16,2,0,0,0,0,0,0,1,0,0,0,0,0,0,1,0,0
26.46,23,6,1,0,0,0,0,0,1,1,0,0,0,0,0,0,0,0
3.16,23,4,0,1,0,0,0,0,0,0,1,0,0,0,0,0,0,0
16.89,13,2,0,0,0,0,0,0,1,0,0,0,0,1,0,0,0,0
2.69,23,1,0,0,0,1,0,0,0,0,1,0,0,0,0,0,0,0
28.76,23,3,0,0,0,0,0,1,0,1,0,0,0,0,0,0,0,0
473.15,10,6,1,0,0,0,0,0,1,0,1,0,0,0,0,0,0,1
611.86,1,1,0,0,0,0,0,0,1,0,0,0,1,0,0,0,0,1
29.98,18,3,0,0,0,0,0,0,1,0,0,1,0,0,0,0,0,0
55.1,14,4,0,1,0,0,0,0,0,0,0,1,0,0,0,0,0,0
1.83,23,6,1,0,0,1,0,0,0,0,1,0,0,0,0,0,0,0
113.26,10,5,1,1,0,0,0,0,0,0,0,0,0,1,0,0,0,0
19.43,9,5,1,1,0,0,0,0,0,1,0,0,0,0,0,0,0,0
72.26,13,2,0,0,0,1,0,0,0,0,0,0,1,0,0,0,0,0
58.0,6,4,0,0,0,0,0,0,1,0,0,0,0,0,0,1,0,0
194.12,20,0,0,0,0,1,0,0,0,0,0,0,1,0,0,0,0,0
19.97,16,4,0,0,1,0,0,0,0,0,0,0,0,0,0,0,1,0
13.16,16,4,0,1,0,0,0,0,0,0,0,0,0,0,0,0,1,0
55.29,9,0,0,1,0,0,0,0,0,0,0,0,0,1,0,0,0,0
1.68,6,4,0,1,0,0,0,0,0,0,1,0,0,0,0,0,0,0
561.48,22,1,0,0,0,0,0,0,1,0,1,0,0,0,0,0,0,1
114.46,6,4,0,0,0,0,0,0,1,0,0,0,1,0,0,0,0,0
65.81,18,1,0,1,0,0,0,0,0,0,0,1,0,0,0,0,0,0
13.22,23,2,0,1,0,0,0,0,0,1,0,0,0,0,0,0,0,0
35.82,6,2,0,0,0,0,0,0,1,0,0,0,0,0,0,0,1,0
1954.04,15,2,0,0,0,0,0,0,1,0,0,0,0,1,0,0,0,1
163.98,12,6,1,0,1,0,0,0,0,0,0,0,0,0,1,0,0,0
1.97,21,4,0,0,1,0,0,0,0,0,1,0,0,0,0,0,0,0
26.39,21,0,0,1,0,0,0,0,0,0,0,0,0,0,0,0,1,0
31.15,8,4,0,0,0,1,0,0,0,0,0,0,0,0,0,0,1,0
8.8,20,1,0,0,0,0,0,0,1,0,0,0,0,0,0,0,1,0
87.02,20,0,0,0,1,0,0,0,0,0,0,0,0,1,0,0,0,0
26.13,11,2,0,0,0,0,1,0,0,1,0,0,0,0,0,0,0,0
222.28,0,6,1,0,0,0,0,0,1,0,0,0,0,0,0,1,0,1
26.3,17,1,0,0,1,0,0,0,0,0,0,1,0,0,0,0,0,0
28.52,13,1,0,0,0,0,0,0,1,0,0,0,0,0,0,0,1,0
35.73,22,2,0,1,0,0,0,0,0,0,0,0,0,0,0,0,1,0
11.93,7,5,1,1,0,0,0,0,0,1,0,0,0,0,0,0,0,0
40.27,23,6,1,1,0,0,0,0,0,0,0,0,0,0,1,0,0,0
90.77,13,6,1,1,0,0,0,0,0,0,0,0,0,0,1,0,0,0
12.85,17,4,0,1,0,0,0,0,0,0,0,0,0,1,0,0,0,0
1486.14,17,0,0,0,0,0,1,0,0,0,0,0,0,1,0,0,0,1
32.84,10,3,0,1,0,0,0,0,0,0,0,0,1,0,0,0,0,0
293.85,17,2,0,0,1,0,0,0,0,0,0,0,0,0,1,0,0,0
35.65,8,5,1,1,0,0,0,0,0,0,0,0,0,0,0,1,0,0
38.46,19,0,0,0,1,0,0,0,0,0,0,0,0,1,0,0,0,0
911.5,11,1,0,0,0,0,0,0,1,0,0,0,1,0,0,0,0,1
34.19,20,5,1,1,0,0,0,0,0,0,0,0,0,0,0,0,1,0
102.66,18,6,1,1,0,0,0,0,0,0,0,0,0,1,0,0,0,0
109.36,7,2,0,1,0,0,0,0,0,0,0,0,0,1,0,0,0,0
36.49,23,5,1,0,0,0,0,0,1,0,0,0,0,0,0,1,0,0
35.8,11,5,1,1,0,0,0,0,0,0,0,0,0,0,0,1,0,0
4.08,7,2,0,0,0,1,0,0,0,0,1,0,0,0,0,0,0,0
3218.18,4,6,1,0,1,0,0,0,0,0,0,0,0,0,1,0,0,1
57.03,23,0,0,0,1,0,0,0,0,0,0,0,0,0,1,0,0,0
23.12,7,6,1,0,1,0,0,0,0,0,0,1,0,0,0,0,0,0
52.62,7,5,1,1,0,0,0,0,0,0,0,0,0,0,0,1,0,0
668.22,2,1,0,0,0,0,0,0,1,0,0,1,0,0,0,0,0,1
257.64,6,1,0,0,0,0,0,1,0,0,0,0,0,0,1,0,0,0
53.89,10,5,1,0,0,1,0,0,0,0,0,0,1,0,0,0,0,0
68.4,17,3,0,0,1,0,0,0,0,0,0,0,1,0,0,0,0,0
228.61,20,6,1,1,0,0,0,0,0,0,0,0,0,0,1,0,0,0
30.3,17,1,0,1,0,0,0,0,0,0,0,0,0,0,0,0,1,0
2.65,7,5,1,0,0,1,0,0,0,0,1,0,0,0,0,0,0,0
16.02,21,4,0,1,0,0,0,0,0,0,0,0,0,0,0,0,1,0
51.93,9,1,0,0,1,0,0,0,0,0,0,0,0,1,0,0,0,0
90.75,15,0,0,0,0,0,0,0,1,0,0,0,0,1,0,0,0,0
68.69,7,2,0,0,1,0,0,0,0,0,0,1,0,0,0,0,0,0
2494.02,1,6,1,0,0,0,0,0,1,0,0,0,1,0,0,0,0,1
28.01,21,5,1,1,0,0,0,0,0,1,0,0,0,0,0,0,0,0
883.21,4,0,0,0,0,0,0,0,1,0,0,1,0,0,0,0,0,1
46.9,17,5,1,0,1,0,0,0,0,0,0,0,1,0,0,0,0,0
1600.21,22,3,0,0,0,0,0,0,1,0,0,0,0,0,0,0,1,1
66.65,15,3,0,0,1,0,0,0,0,0,0,0,0,1,0,0,0,0
5.13,13,3,0,1,0,0,0,0,0,0,0,0,0,0,0,0,1,0
1.51,17,2,0,0,1,0,0,0,0,0,1,0,0,0,0,0,0,0
32.03,17,0,0,1,0,0,0,0,0,0,0,0,0,0,0,0,1,0
3.36,15,4,0,1,0,0,0,0,0,0,1,0,0,0,0,0,0,0
5.69,17,4,0,1,0,0,0,0,0,0,1,0,0,0,0,0,0,0
26.18,9,3,0,0,0,1,0,0,0,0,0,0,0,0,0,1,0,0
27.75,18,1,0,1,0,0,0,0,0,0,0,0,0,0,0,0,1,0
34.6,21,0,0,0,1,0,0,0,0,1,0,0,0,0,0,0,0,0
243.1,23,2,0,0,0,0,0,0,1,0,0,0,0,0,1,0,0,0
31.35,23,1,0,0,0,0,1,0,0,1,0,0,0,0,0,0,0,0
31.48,23,2,0,1,0,0,0,0,0,0,0,0,0,0,1,0,0,0
12.12,22,1,0,0,1,0,0,0,0,0,0,0,0,0,0,1,0,0
175.27,15,2,0,0,0,1,0,0,0,0,0,0,1,0,0,0,0,0
69.29,19,0,0,0,0,0,0,0,1,0,0,1,0,0,0,0,0,0
38.95,22,3,0,0,1,0,0,0,0,0,0,0,0,0,0,1,0,0
76.53,23,2,0,1,0,0,0,0,0,0,0,0,0,1,0,0,0,0
173.21,14,5,1,0,0,1,0,0,0,0,0,0,1,0,0,0,0,0
31.87,21,1,0,0,1,0,0,0,0,0,0,1,0,0,0,0,0,0
73.56,9,6,1,0,0,0,1,0,0,0,0,0,1,0,0,0,0,0
34.6,17,5,1,1,0,0,0,0,0,0,0,0,1,0,0,0,0,0
155.15,23,2,0,0,1,0,0,0,0,0,0,0,1,0,0,0,0,0
12.41,7,3,0,1,0,0,0,0,0,1,0,0,0,0,0,0,0,0
71.67,9,1,0,1,0,0,0,0,0,0,0,1,0,0,0,0,0,0
32.71,8,2,0,1,0,0,0,0,0,0,0,0,0,0,0,1,0,0
1340.48,3,1,0,0,0,0,0,0,1,0,0,0,0,0,1,0,0,1
80.3,17,1,0,0,0,1,0,0,0,0,0,0,1,0,0,0,0,0
56.01,14,5,1,1,0,0,0,0,0,0,0,0,0,0,0,1,0,0
116.7,8,4,0,0,0,0,0,1,0,0,0,0,0,1,0,0,0,0
62.92,9,6,1,1,0,0,0,0,0,0,0,0,0,1,0,0,0,0
933.17,1,0,0,0,0,0,1,0,0,0,0,0,0,0,0,0,1,1
39.17,19,3,0,1,0,0,0,0,0,0,0,0,0,0,0,0,1,0
186.7,23,4,0,0,0,1,0,0,0,0,0,0,0,0,1,0,0,0
19.39,14,1,0,0,0,0,0,0,1,0,0,0,0,0,0,0,1,0
11.04,19,2,0,1,0,0,0,0,0,0,0,0,0,1,0,0,0,0
25.69,11,6,1,0,1,0,0,0,0,1,0,0,0,0,0,0,0,0
29.26,18,4,0,1,0,0,0,0,0,0,0,0,0,0,0,0,1,0
21.48,17,6,1,0,1,0,0,0,0,1,0,0,0,0,0,0,0,0
58.09,17,6,1,0,1,0,0,0,0,0,0,1,0,0,0,0,0,0
9.47,19,3,0,1,0,0,0,0,0,0,0,0,0,0,0,0,1,0
823.26,11,1,0,0,0,0,0,0,1,1,0,0,0,0,0,0,0,1
22.18,1,4,0,0,0,0,0,0,1,0,1,0,0,0,0,0,0,1
42.06,13,5,1,0,0,0,0,0,1,0,0,0,1,0,0,0,0,0
22.47,10,3,0,0,0,1,0,0,0,0,0,0,1,0,0,0,0,0
27.81,23,6,1,0,0,0,0,1,0,0,0,0,0,0,0,1,0,0
3.94,16,1,0,0,1,0,0,0,0,0,1,0,0,0,0,0,0,0
23.95,17,3,0,0,0,1,0,0,0,1,0,0,0,0,0,0,0,0
2311.11,18,2,0,1,0,0,0,0,0,0,0,0,1,0,0,0,0,1
226.77,22,6,1,1,0,0,0,0,0,0,0,0,0,0,1,0,0,0
1747.15,3,1,0,0,0,0,1,0,0,0,0,0,0,1,0,0,0,1
69.28,21,1,0,1,0,0,0,0,0,0,0,0,0,0,1,0,0,0
11.93,6,2,0,0,0,0,0,0,1,0,0,0,0,0,0,1,0,0
213.5,1,4,0,0,0,0,0,0,1,0,0,1,0,0,0,0,0,1
4.82,16,4,0,0,1,0,0,0,0,0,1,0,0,0,0,0,0,0
2.77,21,4,0,1,0,0,0,0,0,0,1,0,0,0,0,0,0,0
14.7,18,3,0,1,0,0,0,0,0,0,0,0,0,0,0,0,1,0
42.76,14,1,0,1,0,0,0,0,0,0,0,1,0,0,0,0,0,0
125.25,20,1,0,0,1,0,0,0,0,0,0,0,1,0,0,0,0,0
1.85,13,5,1,1,0,0,0,0,0,0,1,0,0,0,0,0,0,0
31.28,22,3,0,0,0,0,0,1,0,0,0,0,0,1,0,0,0,0
25.14,17,2,0,0,0,0,0,1,0,1,0,0,0,0,0,0,0,0
1816.0,8,6,1,0,0,0,0,0,1,0,0,0,0,0,0,1,0,1
12.43,19,2,0,1,0,0,0,0,0,0,0,0,0,0,0,0,1,0
141.2,2,4,0,0,0,0,0,0,1,0,0,0,1,0,0,0,0,1
1639.79,11,3,0,0,0,1,0,0,0,0,0,0,0,0,0,1,0,1
4.91,7,5,1,0,0,0,0,1,0,0,1,0,0,0,0,0,0,0
39.02,12,1,0,1,0,0,0,0,0,0,0,0,0,0,1,0,0,0
20.24,20,3,0,1,0,0,0,0,0,1,0,0,0,0,0,0,0,0
23.77,9,0,0,0,0,0,0,0,1,0,0,0,0,0,1,0,0,0
31.52,23,0,0,1,0,0,0,0,0,0,0,0,0,0,0,1,0,0
260.66,9,3,0,0,1,0,0,0,0,0,0,0,0,0,1,0,0,0
1306.47,2,2,0,0,0,0,0,0,1,0,0,0,0,0,1,0,0,1
23.68,21,0,0,0,0,1,0,0,0,0,0,1,0,0,0,0,0,0
209.49,23,4,0,1,0,0,0,0,0,0,0,0,0,0,1,0,0,0
29.04,16,4,0,0,1,0,0,0,0,1,0,0,0,0,0,0,0,0
102.05,22,3,0,1,0,0,0,0,0,0,0,0,1,0,0,0,0,0
173.62,17,6,1,1,0,0,0,0,0,0,0,0,1,0,0,0,0,0
953.89,11,0,0,0,0,0,0,0,1,0,0,0,0,0,0,0,1,1
640.57,7,4,0,0,0,1,0,0,0,0,1,0,0,0,0,0,0,1
26.73,23,6,1,1,0,0,0,0,0,0,0,0,0,0,0,0,1,0
17.98,10,3,0,0,0,0,0,0,1,0,0,0,0,0,0,0,1,0
5.2,14,0,0,1,0,0,0,0,0,0,1,0,0,0,0,0,0,0
749.88,3,6,1,0,1,0,0,0,0,0,0,0,0,1,0,0,0,1
208.88,19,3,0,1,0,0,0,0,0,0,0,0,0,0,1,0,0,0
27.53,7,0,0,0,1,0,0,0,0,0,0,1,0,0,0,0,0,0
52.25,14,1,0,0,0,0,0,0,1,0,0,0,0,0,0,1,0,0
1770.53,0,4,0,0,1,0,0,0,0,0,0,0,0,0,0,1,0,1
86.61,21,3,0,0,0,1,0,0,0,0,0,0,0,1,0,0,0,0
3.63,15,5,1,1,0,0,0,0,0,0,1,0,0,0,0,0,0,0
203.59,8,0,0,0,0,0,1,0,0,0,0,0,0,0,1,0,0,0
55.38,17,2,0,0,0,0,0,0,1,0,0,0,0,0,0,1,0,0
3.3,9,3,0,0,0,0,0,0,1,0,1,0,0,0,0,0,0,0
33.23,19,4,0,0,0,0,0,0,1,0,0,0,0,1,0,0,0,0
35.76,23,4,0,0,1,0,0,0,0,0,0,0,0,1,0,0,0,0
6.76,20,1,0,1,0,0,0,0,0,0,0,0,0,0,0,0,1,0
148.9,10,4,0,0,0,0,0,0,1,0,0,0,1,0,0,0,0,0
3320.18,6,4,0,0,0,0,0,0,1,0,0,0,0,0,1,0,0,1
25.23,17,2,0,1,0,0,0,0,0,0,0,0,0,0,0,0,1,0
31.62,7,6,1,0,0,0,0,0,1,0,0,0,0,1,0,0,0,0
678.06,1,6,1,0,0,1,0,0,0,0,1,0,0,0,0,0,0,1
568.04,2,0,0,0,0,0,0,0,1,0,0,0,0,1,0,0,0,1
11.04,10,4,0,0,0,1,0,0,0,1,0,0,0,0,0,0,0,0
13.21,17,1,0,0,0,1,0,0,0,0,0,1,0,0,0,0,0,0
500.91,3,2,0,0,0,0,0,0,1,0,1,0,0,0,0,0,0,1
10.19,23,2,0,0,0,1,0,0,0,0,0,0,0,0,0,0,1,0
21.93,14,6,1,1,0,0,0,0,0,0,0,0,0,0,0,1,0,0
4.42,15,0,0,1,0,0,0,0,0,0,1,0,0,0,0,0,0,0
26.65,9,4,0,0,0,1,0,0,0,1,0,0,0,0,0,0,0,0
25.76,12,6,1,0,1,0,0,0,0,0,0,0,0,0,1,0,0,0
65.27,23,3,0,1,0,0,0,0,0,0,0,0,1,0,0,0,0,0
4.47,9,6,1,0,0,1,0,0,0,0,1,0,0,0,0,0,0,0
39.94,16,1,0,0,0,0,0,0,1,0,0,0,0,0,0,0,1,0
33.01,10,6,1,1,0,0,0,0,0,1,0,0,0,0,0,0,0,0
729.28,6,0,0,0,0,0,0,0,1,0,0,0,0,0,0,1,0,1
175.76,0,1,0,0,0,0,0,0,1,0,0,0,0,0,0,0,1,1
91.6,0,1,0,0,0,0,0,0,1,1,0,0,0,0,0,0,0,1
39.79,20,2,0,1,0,0,0,0,0,0,0,0,0,0,0,1,0,0
35.76,15,6,1,0,0,0,0,0,1,0,0,0,0,0,0,0,1,0
129.9,0,4,0,0,0,0,0,0,1,1,0,0,0,0,0,0,0,1
72.8,0,5,1,0,0,0,0,0,1,0,0,0,0,0,0,1,0,1
16.48,23,4,0,0,0,0,0,0,1,0,0,0,0,0,0,0,1,0
14.38,6,5,1,0,0,0,0,1,0,0,0,0,0,0,0,0,1,0
40.12,14,0,0,0,1,0,0,0,0,0,0,0,0,1,0,0,0,0
1034.32,20,0,0,0,0,0,0,0,1,0,0,0,0,0,0,0,1,1
1.68,21,0,0,0,0,1,0,0,0,0,1,0,0,0,0,0,0,0
45.28,20,2,0,0,1,0,0,0,0,0,0,0,0,0,0,1,0,0
55.39,14,3,0,1,0,0,0,0,0,0,0,0,0,0,0,1,0,0
4.86,17,5,1,0,0,0,0,0,1,0,1,0,0,0,0,0,0,0
78.32,17,6,1,0,1,0,0,0,0,0,0,1,0,0,0,0,0,0
19.81,8,0,0,0,0,0,0,0,1,0,0,0,0,0,0,0,1,0
92.78,11,6,1,0,1,0,0,0,0,0,0,0,0,1,0,0,0,0
4.77,6,6,1,0,1,0,0,0,0,0,1,0,0,0,0,0,0,0
49.3,14,0,0,0,1,0,0,0,0,0,0,1,0,0,0,0,0,0
18.95,18,6,1,0,1,0,0,0,0,1,0,0,0,0,0,0,0,0
14.79,10,3,0,0,0,0,0,1,0,0,0,1,0,0,0,0,0,0
16.99,16,0,0,1,0,0,0,0,0,0,0,0,0,0,0,1,0,0
5.83,15,3,0,0,0,0,0,0,1,0,1,0,0,0,0,0,0,0
129.15,19,4,0,0,0,0,0,0,1,0,0,0,1,0,0,0,0,0
209.18,17,2,0,0,0,0,0,0,1,0,0,0,0,0,1,0,0,0
13.47,6,2,0,0,0,0,0,0,1,0,0,1,0,0,0,0,0,0
82.89,16,5,1,0,1,0,0,0,0,0,0,0,0,1,0,0,0,0
1309.72,15,1,0,0,0,1,0,0,0,0,0,0,0,0,0,1,0,1
3.44,11,1,0,0,0,1,0,0,0,0,1,0,0,0,0,0,0,0
11.19,13,3,0,0,0,0,0,0,1,1,0,0,0,0,0,0,0,0
20.14,15,6,1,1,0,0,0,0,0,0,0,0,0,0,0,0,1,0
26.69,20,2,0,0,0,0,0,0,1,0,0,0,0,0,0,0,1,0
30.96,14,0,0,1,0,0,0,0,0,0,0,0,0,0,0,1,0,0
36.68,8,0,0,0,0,0,0,0,1,0,0,1,0,0,0,0,0,0
75.05,23,2,0,1,0,0,0,0,0,0,0,0,0,0,1,0,0,0
10.28,20,6,1,1,0,0,0,0,0,0,0,0,0,0,0,1,0,0
18.96,9,6,1,0,1,0,0,0,0,0,0,0,0,0,0,0,1,0
501.4,4,6,1,0,0,0,0,0,1,0,0,1,0,0,0,0,0,1
4.76,23,4,0,0,0,0,0,1,0,0,1,0,0,0,0,0,0,0
55.57,20,6,1,0,1,0,0,0,0,0,0,0,0,0,0,1,0,0
2241.57,1,1,0,0,0,0,0,0,1,0,0,0,0,1,0,0,0,1
53.25,9,2,0,0,0,0,0,0,1,0,0,0,0,0,0,1,0,0
38.14,16,0,0,0,0,0,0,0,1,0,0,0,0,0,0,0,1,0
31.15,14,1,0,0,0,0,1,0,0,0,0,0,0,1,0,0,0,0
1.84,23,0,0,0,1,0,0,0,0,0,1,0,0,0,0,0,0,0
47.14,21,4,0,0,0,0,0,0,1,0,0,1,0,0,0,0,0,0
188.85,3,6,1,0,0,0,0,0,1,0,0,0,0,0,0,0,1,1
131.09,18,1,0,0,0,1,0,0,0,0,0,0,1,0,0,0,0,0
4.64,23,4,0,1,0,0,0,0,0,0,1,0,0,0,0,0,0,0
174.64,18,3,0,0,1,0,0,0,0,0,0,0,1,0,0,0,0,0
5.1,15,6,1,1,0,0,0,0,0,0,0,0,0,0,0,1,0,0
3.25,23,4,0,1,0,0,0,0,0,0,1,0,0,0,0,0,0,0
139.4,2,5,1,0,0,0,0,0,1,0,0,0,0,0,0,1,0,1
69.12,14,5,1,0,0,0,0,0,1,0,0,0,0,1,0,0,0,0
45.52,14,1,0,1,0,0,0,0,0,0,0,0,0,0,0,1,0,0
5.28,16,3,0,0,1,0,0,0,0,0,0,0,0,0,0,0,1,0
60.66,16,4,0,0,0,0,1,0,0,0,0,0,0,1,0,0,0,0
38.51,17,0,0,0,0,0,0,0,1,0,0,0,0,0,0,0,1,0
169.84,11,6,1,0,0,0,0,0,1,0,0,0,1,0,0,0,0,0
20.35,10,2,0,0,1,0,0,0,0,0,0,0,0,0,0,1,0,0
74.86,14,0,0,0,1,0,0,0,0,0,0,1,0,0,0,0,0,0
4.54,9,4,0,0,0,0,0,0,1,0,1,0,0,0,0,0,0,0
799.45,0,1,0,0,0,0,0,0,1,1,0,0,0,0,0,0,0,1
292.02,20,0,0,0,1,0,0,0,0,0,0,0,0,0,1,0,0,0
21.62,14,6,1,1,0,0,0,0,0,1,0,0,0,0,0,0,0,0
188.5,13,4,0,0,1,0,0,0,0,0,0,0,1,0,0,0,0,0
53.2,12,3,0,1,0,0,0,0,0,0,0,1,0,0,0,0,0,0
32.94,19,0,0,0,0,1,0,0,0,0,0,0,0,0,0,0,1,0
172.45,17,3,0,1,0,0,0,0,0,0,0,0,0,0,1,0,0,0
10.69,11,6,1,1,0,0,0,0,0,0,0,0,0,0,0,0,1,0
2419.76,9,5,1,0,1,0,0,0,0,0,0,0,0,1,0,0,0,1
43.46,13,1,0,1,0,0,0,0,0,0,0,0,0,0,0,1,0,0
21.19,8,6,1,0,0,1,0,0,0,1,0,0,0,0,0,0,0,0
1923.24,2,4,0,0,0,0,0,0,1,0,0,0,1,0,0,0,0,1
54.26,14,4,0,0,1,0,0,0,0,0,0,0,0,1,0,0,0,0
28.73,7,2,0,0,0,0,0,0,1,1,0,0,0,0,0,0,0,0
45.74,16,4,0,1,0,0,0,0,0,0,0,1,0,0,0,0,0,0
4672.89,0,2,0,0,0,0,0,0,1,0,0,0,0,0,1,0,0,1
112.36,17,4,0,1,0,0,0,0,0,0,0,0,1,0,0,0,0,0
93.14,6,1,0,1,0,0,0,0,0,0,0,0,0,0,1,0,0,0
49.34,14,4,0,1,0,0,0,0,0,0,0,0,0,1,0,0,0,0
85.62,12,0,0,0,0,0,0,0,1,0,0,0,0,0,1,0,0,0
16.39,7,4,0,0,1,0,0,0,0,1,0,0,0,0,0,0,0,0
132.71,7,6,1,1,0,0,0,0,0,0,0,0,1,0,0,0,0,0
74.2,15,1,0,1,0,0,0,0,0,0,0,0,0,1,0,0,0,0
5.96,10,1,0,0,0,0,1,0,0,0,0,0,0,0,0,0,1,0
145.49,16,4,0,1,0,0,0,0,0,0,0,0,1,0,0,0,0,0
237.71,11,1,0,1,0,0,0,0,0,0,0,0,0,0,1,0,0,0
54.41,16,0,0,0,1,0,0,0,0,0,0,0,0,0,0,1,0,0
28.51,17,0,0,0,1,0,0,0,0,1,0,0,0,0,0,0,0,0
46.39,22,2,0,1,0,0,0,0,0,0,0,0,0,0,0,1,0,0
49.48,18,6,1,1,0,0,0,0,0,0,0,0,0,0,0,1,0,0
236.72,19,3,0,0,0,0,0,0,1,0,0,0,0,0,1,0,0,0
262.92,11,4,0,1,0,0,0,0,0,0,0,0,0,0,1,0,0,0
13.59,21,0,0,0,1,0,0,0,0,1,0,0,0,0,0,0,0,0
3.87,13,0,0,1,0,0,0,0,0,0,1,0,0,0,0,0,0,0
47.61,23,2,0,0,0,0,1,0,0,0,0,0,0,1,0,0,0,0
2.93,13,5,1,0,0,0,0,0,1,0,1,0,0,0,0,0,0,0
15.66,9,3,0,1,0,0,0,0,0,0,0,1,0,0,0,0,0,0
52.85,12,3,0,0,0,0,0,0,1,0,0,0,1,0,0,0,0,0
171.48,3,5,1,0,0,0,0,0,1,0,0,1,0,0,0,0,0,1
25.94,23,5,1,0,0,0,0,1,0,0,0,0,0,0,0,1,0,0
177.56,14,2,0,0,0,0,0,1,0,0,0,0,0,0,1,0,0,0
542.11,4,4,0,0,0,0,0,0,1,0,1,0,0,0,0,0,0,1
23.11,17,2,0,0,0,0,0,0,1,0,0,0,0,0,0,1,0,0
16.31,16,5,1,0,1,0,0,0,0,0,0,1,0,0,0,0,0,0
25.4,9,3,0,0,0,1,0,0,0,0,0,1,0,0,0,0,0,0
11.47,23,5,1,0,1,0,0,0,0,1,0,0,0,0,0,0,0,0
3.98,10,1,0,0,0,0,0,0,1,0,1,0,0,0,0,0,0,0
19.85,10,6,1,0,0,0,0,0,1,0,0,1,0,0,0,0,0,0
90.79,17,5,1,1,0,0,0,0,0,0,0,0,0,1,0,0,0,0
12.86,21,4,0,0,1,0,0,0,0,1,0,0,0,0,0,0,0,0
30.5,7,5,1,0,1,0,0,0,0,0,0,0,0,0,0,1,0,0
41.87,15,2,0,0,1,0,0,0,0,0,0,1,0,0,0,0,0,0
72.1,23,4,0,0,0,1,0,0,0,0,0,0,0,0,1,0,0,0
26.07,13,2,0,0,0,0,0,0,1,0,0,0,0,1,0,0,0,0
14.48,16,6,1,0,1,0,0,0,0,0,0,1,0,0,0,0,0,0
63.31,7,0,0,1,0,0,0,0,0,0,0,1,0,0,0,0,0,0
48.89,21,0,0,0,1,0,0,0,0,0,0,0,0,1,0,0,0,0
54.43,2,3,0,0,0,0,0,0,1,0,0,1,0,0,0,0,0,1
51.35,15,2,0,1,0,0,0,0,0,0,0,0,1,0,0,0,0,0
6.36,12,3,0,0,1,0,0,0,0,0,0,0,0,0,0,0,1,0
28.01,3,1,0,0,0,0,0,0,1,0,1,0,0,0,0,0,0,1
3.23,22,4,0,1,0,0,0,0,0,0,1,0,0,0,0,0,0,0
191.17,12,3,0,1,0,0,0,0,0,0,0,0,1,0,0,0,0,0
252.16,15,6,1,1,0,0,0,0,0,0,0,0,0,0,1,0,0,0
90.5,12,5,1,0,0,0,1,0,0,0,0,0,1,0,0,0,0,0
154.05,22,6,1,0,0,1,0,0,0,0,0,0,1,0,0,0,0,0
172.89,23,6,1,1,0,0,0,0,0,0,0,0,0,0,1,0,0,0
123.48,7,3,0,0,1,0,0,0,0,0,0,0,1,0,0,0,0,0
175.32,7,6,1,1,0,0,0,0,0,0,0,0,1,0,0,0,0,0
125.56,12,6,1,0,1,0,0,0,0,0,0,0,0,0,1,0,0,0
13.08,20,2,0,0,1,0,0,0,0,1,0,0,0,0,0,0,0,0
30.35,16,2,0,0,0,1,0,0,0,1,0,0,0,0,0,0,0,0
42.56,13,0,0,0,0,0,0,1,0,0,0,0,1,0,0,0,0,0
21.04,6,1,0,0,1,0,0,0,0,1,0,0,0,0,0,0,0,0
13.48,10,5,1,1,0,0,0,0,0,0,0,0,0,0,0,1,0,0
215.48,23,3,0,1,0,0,0,0,0,0,0,0,0,0,1,0,0,0
14.1,15,5,1,1,0,0,0,0,0,0,0,0,0,1,0,0,0,0
28.6,9,5,1,0,0,0,0,0,1,0,0,0,0,0,0,1,0,0
44.96,17,2,0,1,0,0,0,0,0,0,0,0,0,0,0,1,0,0
80.87,6,1,0,1,0,0,0,0,0,0,0,0,0,1,0,0,0,0
260.6,0,1,0,0,0,0,0,0,1,0,0,1,0,0,0,0,0,1
30.08,20,2,0,1,0,0,0,0,0,0,0,0,0,0,0,0,1,0
28.96,16,3,0,0,0,1,0,0,0,0,0,1,0,0,0,0,0,0
23.35,9,0,0,1,0,0,0,0,0,1,0,0,0,0,0,0,0,0
157.48,23,0,0,0,1,0,0,0,0,0,0,0,0,0,1,0,0,0
11.63,20,4,0,0,0,0,0,0,1,1,0,0,0,0,0,0,0,0
482.22,10,6,1,1,0,0,0,0,0,1,0,0,0,0,0,0,0,1
24.24,18,4,0,0,0,0,0,0,1,1,0,0,0,0,0,0,0,0
641.29,3,2,0,0,0,0,0,0,1,0,1,0,0,0,0,0,0,1
122.35,19,4,0,1,0,0,0,0,0,0,0,0,1,0,0,0,0,0
5.55,17,1,0,0,0,1,0,0,0,0,1,0,0,0,0,0,0,0
217.0,22,0,0,0,0,0,0,0,1,0,0,0,0,0,1,0,0,0
1.68,9,1,0,0,0,0,0,0,1,0,1,0,0,0,0,0,0,0
21.46,6,2,0,0,0,0,0,1,0,1,0,0,0,0,0,0,0,0
4.09,13,0,0,0,1,0,0,0,0,0,1,0,0,0,0,0,0,0
23.1,2,0,0,0,0,0,0,0,1,1,0,0,0,0,0,0,0,1
185.4,4,4,0,0,0,0,0,0,1,0,0,0,1,0,0,0,0,1
1143.52,17,2,0,0,1,0,0,0,0,0,0,0,0,0,0,1,0,1
93.62,1,3,0,0,0,0,0,0,1,1,0,0,0,0,0,0,0,1
47.77,12,6,1,0,0,0,0,0,1,0,0,1,0,0,0,0,0,0
76.41,6,6,1,1,0,0,0,0,0,0,0,0,0,0,1,0,0,0
161.49,18,1,0,0,0,0,0,0,1,0,0,0,1,0,0,0,0,0
74.38,20,3,0,0,1,0,0,0,0,0,0,0,0,1,0,0,0,0
9.29,6,0,0,0,0,1,0,0,0,1,0,0,0,0,0,0,0,0
71.99,0,5,1,0,0,0,0,0,1,0,0,1,0,0,0,0,0,1
13.7,21,1,0,1,0,0,0,0,0,0,0,0,0,0,0,0,1,0
25.91,22,5,1,0,0,0,0,0,1,0,0,1,0,0,0,0,0,0
24.25,20,1,0,0,0,0,0,0,1,0,0,0,1,0,0,0,0,0
17.77,21,5,1,0,0,0,0,1,0,1,0,0,0,0,0,0,0,0
27.23,6,1,0,0,0,0,0,0,1,0,0,0,1,0,0,0,0,0
111.11,11,5,1,0,1,0,0,0,0,0,0,0,0,1,0,0,0,0
8.09,22,5,1,1,0,0,0,0,0,1,0,0,0,0,0,0,0,0
333.66,4,6,1,0,0,0,0,0,1,0,0,1,0,0,0,0,0,1
36.98,8,1,0,0,1,0,0,0,0,0,0,0,0,0,0,0,1,0
53.25,23,4,0,0,1,0,0,0,0,0,0,1,0,0,0,0,0,0
326.47,4,5,1,0,0,0,0,1,0,0,1,0,0,0,0,0,0,1
16.17,6,6,1,1,0,0,0,0,0,1,0,0,0,0,0,0,0,0
139.46,14,5,1,1,0,0,0,0,0,0,0,0,0,0,1,0,0,0
10.49,6,5,1,0,0,0,0,0,1,0,0,0,0,0,0,0,1,0
13.6,10,1,0,1,0,0,0,0,0,1,0,0,0,0,0,0,0,0
94.07,6,3,0,0,0,0,0,0,1,0,0,0,1,0,0,0,0,0
17.09,19,6,1,0,0,1,0,0,0,0,0,1,0,0,0,0,0,0
96.68,13,0,0,0,1,0,0,0,0,0,0,0,0,1,0,0,0,0
2.0,11,0,0,1,0,0,0,0,0,0,1,0,0,0,0,0,0,0
146.35,9,4,0,0,0,0,1,0,0,0,0,0,0,0,1,0,0,0
51.55,19,3,0,1,0,0,0,0,0,0,0,1,0,0,0,0,0,0
25.18,15,6,1,1,0,0,0,0,0,0,0,1,0,0,0,0,0,0
33.81,23,3,0,0,0,0,0,0,1,0,0,0,0,0,1,0,0,0
2.54,17,4,0,0,1,0,0,0,0,0,1,0,0,0,0,0,0,0
1847.67,1,2,0,0,1,0,0,0,0,0,0,0,1,0,0,0,0,1
2.03,14,5,1,0,1,0,0,0,0,0,1,0,0,0,0,0,0,0
9.03,10,1,0,0,0,1,0,0,0,1,0,0,0,0,0,0,0,0
5.89,7,0,0,1,0,0,0,0,0,0,1,0,0,0,0,0,0,0
56.06,9,0,0,0,0,0,0,0,1,0,0,0,0,1,0,0,0,0
42.58,21,6,1,0,0,0,0,0,1,0,0,0,0,0,0,1,0,0
58.18,7,3,0,0,1,0,0,0,0,0,0,0,0,1,0,0,0,0
78.33,23,0,0,0,0,0,0,0,1,0,0,1,0,0,0,0,0,0
3.14,16,4,0,0,0,0,0,0,1,0,1,0,0,0,0,0,0,0
169.89,18,0,0,1,0,0,0,0,0,0,0,0,0,0,1,0,0,0
45.98,21,6,1,1,0,0,0,0,0,0,0,0,1,0,0,0,0,0
3.85,20,4,0,1,0,0,0,0,0,0,1,0,0,0,0,0,0,0
778.08,2,1,0,0,0,0,0,0,1,0,0,0,1,0,0,0,0,1
73.85,23,5,1,1,0,0,0,0,0,0,0,1,0,0,0,0,0,0
1.51,12,6,1,0,1,0,0,0,0,0,1,0,0,0,0,0,0,0
48.91,17,2,0,0,0,1,0,0,0,0,0,0,0,0,1,0,0,0
69.37,7,3,0,1,0,0,0,0,0,0,0,1,0,0,0,0,0,0
30.43,20,6,1,0,0,0,0,0,1,0,0,0,0,0,0,1,0,0
15.09,10,2,0,0,1,0,0,0,0,0,0,1,0,0,0,0,0,0
36.07,20,3,0,0,0,0,0,0,1,0,0,0,0,0,0,0,1,0
52.31,8,0,0,1,0,0,0,0,0,0,0,1,0,0,0,0,0,0
55.86,22,3,0,1,0,0,0,0,0,0,0,1,0,0,0,0,0,0
5.01,17,1,0,0,0,0,0,0,1,0,1,0,0,0,0,0,0,0
28.44,17,6,1,1,0,0,0,0,0,0,0,0,1,0,0,0,0,0
30.43,22,5,1,0,1,0,0,0,0,0,0,0,0,0,0,1,0,0
345.7,2,2,0,0,0,0,0,0,1,0,0,0,1,0,0,0,0,1
26.86,18,2,0,1,0,0,0,0,0,0,0,0,0,0,1,0,0,0
21.07,17,4,0,1,0,0,0,0,0,0,0,1,0,0,0,0,0,0
25.74,9,0,0,0,0,0,1,0,0,0,0,0,0,0,0,1,0,0
118.09,23,3,0,0,1,0,0,0,0,0,0,0,0,1,0,0,0,0
85.38,20,4,0,1,0,0,0,0,0,0,0,0,1,0,0,0,0,0
24.53,15,3,0,0,0,0,0,0,1,0,0,0,0,0,1,0,0,0
39.23,10,6,1,0,0,0,0,1,0,0,0,0,0,0,0,1,0,0
236.63,23,2,0,0,0,1,0,0,0,0,0,0,0,0,1,0,0,0
182.68,12,4,0,1,0,0,0,0,0,0,0,0,0,0,1,0,0,0
118.32,23,5,1,1,0,0,0,0,0,0,0,0,1,0,0,0,0,0
508.55,13,6,1,0,0,0,0,0,1,0,0,1,0,0,0,0,0,1
2.07,18,2,0,1,0,0,0,0,0,0,1,0,0,0,0,0,0,0
5.25,7,5,1,1,0,0,0,0,0,0,1,0,0,0,0,0,0,0
219.87,23,6,1,0,0,1,0,0,0,0,0,0,0,0,1,0,0,0
3.04,21,3,0,0,1,0,0,0,0,0,1,0,0,0,0,0,0,0
33.05,15,3,0,1,0,0,0,0,0,1,0,0,0,0,0,0,0,0
99.37,23,0,0,0,0,0,0,0,1,0,0,0,1,0,0,0,0,0
30.8,13,3,0,0,0,0,0,0,1,0,0,0,0,1,0,0,0,0
141.02,13,2,0,1,0,0,0,0,0,0,0,0,0,0,1,0,0,0
1143.78,1,1,0,0,0,0,0,0,1,0,0,0,0,1,0,0,0,1
39.06,13,0,0,1,0,0,0,0,0,0,0,0,0,1,0,0,0,0
5.19,18,3,0,0,1,0,0,0,0,0,0,0,0,0,0,1,0,0
4.95,10,2,0,1,0,0,0,0,0,0,1,0,0,0,0,0,0,0
21.49,19,0,0,1,0,0,0,0,0,0,0,0,0,0,0,0,1,0
1025.66,10,4,0,0,0,0,0,0,1,0,0,0,0,0,0,1,0,1
4.37,8,0,0,1,0,0,0,0,0,0,1,0,0,0,0,0,0,0
52.31,17,3,0,0,0,0,0,0,1,0,0,0,1,0,0,0,0,0
166.53,21,6,1,1,0,0,0,0,0,0,0,0,0,0,1,0,0,0
48.45,23,2,0,0,0,0,0,0,1,0,0,1,0,0,0,0,0,0
977.76,12,1,0,0,0,0,0,0,1,0,0,1,0,0,0,0,0,1
64.94,15,0,0,1,0,0,0,0,0,0,0,1,0,0,0,0,0,0
14.57,15,0,0,0,1,0,0,0,0,0,0,1,0,0,0,0,0,0
3.58,19,6,1,0,0,0,0,0,1,0,1,0,0,0,0,0,0,0
46.73,23,4,0,0,0,0,0,1,0,0,0,0,0,0,0,1,0,0
96.54,18,0,0,1,0,0,0,0,0,0,0,0,0,1,0,0,0,0
65.0,16,6,1,0,1,0,0,0,0,0,0,0,0,1,0,0,0,0
7.35,11,2,0,0,1,0,0,0,0,0,0,0,0,0,0,0,1,0
28.68,18,4,0,1,0,0,0,0,0,1,0,0,0,0,0,0,0,0
5.45,22,0,0,1,0,0,0,0,0,1,0,0,0,0,0,0,0,0
45.0,12,4,0,1,0,0,0,0,0,0,0,0,0,0,1,0,0,0
2.74,13,1,0,1,0,0,0,0,0,0,1,0,0,0,0,0,0,0
152.17,1,1,0,0,0,0,0,0,1,0,0,0,0,0,0,1,0,1
30.57,14,6,1,0,0,0,0,0,1,0,0,0,0,0,0,0,1,0
139.26,17,1,0,0,1,0,0,0,0,0,0,0,1,0,0,0,0,0
71.69,20,6,1,0,1,0,0,0,0,0,0,1,0,0,0,0,0,0
33.25,7,5,1,1,0,0,0,0,0,0,0,0,0,1,0,0,0,0
10.34,18,6,1,1,0,0,0,0,0,1,0,0,0,0,0,0,0,0
399.83,22,5,1,0,0,0,1,0,0,0,1,0,0,0,0,0,0,1
23.58,12,2,0,0,0,1,0,0,0,1,0,0,0,0,0,0,0,0
34.01,8,0,0,0,0,1,0,0,0,0,0,0,0,0,0,1,0,0
104.04,12,1,0,0,1,0,0,0,0,0,0,0,1,0,0,0,0,0
5.89,23,6,1,0,0,0,0,0,1,0,0,0,0,0,0,0,1,0
6.05,7,2,0,0,0,0,0,1,0,0,0,0,0,0,0,0,1,0
12.25,6,4,0,0,1,0,0,0,0,1,0,0,0,0,0,0,0,0
25.92,16,5,1,0,0,0,0,0,1,0,0,0,0,0,0,0,1,0
44.71,15,0,0,0,0,0,1,0,0,0,0,1,0,0,0,0,0,0
3.6,20,4,0,1,0,0,0,0,0,0,1,0,0,0,0,0,0,0
12.61,12,6,1,0,0,1,0,0,0,0,0,0,0,0,0,0,1,0
96.89,20,6,1,1,0,0,0,0,0,0,0,0,0,1,0,0,0,0
15.32,2,1,0,0,0,0,0,0,1,0,1,0,0,0,0,0,0,1
23.36,13,3,0,0,1,0,0,0,0,0,0,0,0,1,0,0,0,0
8.12,21,5,1,1,0,0,0,0,0,1,0,0,0,0,0,0,0,0
119.49,10,6,1,1,0,0,0,0,0,0,0,0,0,1,0,0,0,0
194.52,7,6,1,0,1,0,0,0,0,0,0,0,1,0,0,0,0,0
187.04,6,6,1,1,0,0,0,0,0,0,0,0,1,0,0,0,0,0
52.85,21,1,0,0,0,1,0,0,0,0,0,0,0,1,0,0,0,0
1617.78,11,6,1,0,0,0,0,0,1,0,0,0,0,0,0,1,0,1
76.2,12,3,0,0,1,0,0,0,0,0,0,0,0,1,0,0,0,0
78.75,11,1,0,0,1,0,0,0,0,0,0,0,0,1,0,0,0,0
4.96,23,1,0,0,0,0,0,0,1,0,1,0,0,0,0,0,0,0
25.86,7,2,0,0,1,0,0,0,0,0,0,0,0,0,0,0,1,0
189.02,22,5,1,1,0,0,0,0,0,0,0,0,1,0,0,0,0,0
38.01,7,6,1,0,1,0,0,0,0,0,0,0,0,0,0,0,1,0
12.62,21,3,0,1,0,0,0,0,0,1,0,0,0,0,0,0,0,0
33.03,10,3,0,1,0,0,0,0,0,1,0,0,0,0,0,0,0,0
100.7,7,0,0,0,0,1,0,0,0,0,0,0,1,0,0,0,0,0
4.73,9,1,0,1,0,0,0,0,0,0,1,0,0,0,0,0,0,0
921.06,8,3,0,0,0,0,0,1,0,0,0,0,0,0,0,1,0,1
3.89,13,3,0,0,0,1,0,0,0,0,1,0,0,0,0,0,0,0
15.2,23,4,0,0,0,0,0,0,1,0,0,0,0,0,0,1,0,0
2.09,16,1,0,1,0,0,0,0,0,0,1,0,0,0,0,0,0,0
33.09,11,4,0,1,0,0,0,0,0,1,0,0,0,0,0,0,0,0
15.33,23,6,1,0,0,0,0,0,1,0,0,0,0,0,0,1,0,0
48.39,6,4,0,0,0,0,0,0,1,0,0,1,0,0,0,0,0,0
284.07,15,6,1,0,0,0,1,0,0,0,0,0,0,0,1,0,0,0
41.24,8,5,1,0,1,0,0,0,0,0,0,0,0,0,1,0,0,0
103.73,11,4,0,0,1,0,0,0,0,0,0,0,1,0,0,0,0,0
21.11,4,3,0,0,0,0,0,0,1,0,1,0,0,0,0,0,0,1
5.24,21,5,1,0,0,0,0,0,1,0,1,0,0,0,0,0,0,0
41.81,19,2,0,0,0,0,0,0,1,0,0,0,0,0,0,1,0,0
38.26,19,4,0,1,0,0,0,0,0,0,0,0,0,0,0,0,1,0
11.64,14,5,1,0,1,0,0,0,0,0,0,0,0,0,0,0,1,0
4860.24,8,5,1,1,0,0,0,0,0,0,0,0,0,0,1,0,0,1
76.38,7,2,0,1,0,0,0,0,0,0,0,0,0,0,1,0,0,0
13.37,22,2,0,1,0,0,0,0,0,0,0,0,0,0,0,1,0,0
76.56,23,3,0,0,0,0,0,0,1,0,0,1,0,0,0,0,0,0
153.76,19,2,0,0,1,0,0,0,0,0,0,0,1,0,0,0,0,0
11.51,19,1,0,1,0,0,0,0,0,0,0,1,0,0,0,0,0,0
1859.11,1,2,0,1,0,0,0,0,0,0,0,0,0,0,0,1,0,1
68.21,17,0,0,0,1,0,0,0,0,0,0,0,0,1,0,0,0,0
3.39,22,2,0,0,0,0,0,0,1,0,1,0,0,0,0,0,0,0
39.79,14,5,1,1,0,0,0,0,0,0,0,0,0,0,0,0,1,0
3.3,13,6,1,1,0,0,0,0,0,0,1,0,0,0,0,0,0,0
165.25,22,0,0,0,1,0,0,0,0,0,0,0,1,0,0,0,0,0
2.08,23,5,1,1,0,0,0,0,0,0,1,0,0,0,0,0,0,0
10.54,12,6,1,0,1,0,0,0,0,0,0,0,0,1,0,0,0,0
3.3,9,0,0,0,0,0,0,0,1,0,1,0,0,0,0,0,0,0
34.35,23,0,0,1,0,0,0,0,0,1,0,0,0,0,0,0,0,0
57.97,6,4,0,0,0,0,1,0,0,0,0,0,0,0,0,1,0,0
2.1,6,2,0,1,0,0,0,0,0,0,1,0,0,0,0,0,0,0
20.07,21,4,0,0,0,0,0,0,1,0,0,0,0,0,0,1,0,0
295.09,3,1,0,0,0,0,0,0,1,0,0,0,0,1,0,0,0,1
3.91,21,0,0,0,1,0,0,0,0,0,1,0,0,0,0,0,0,0
44.75,9,3,0,1,0,0,0,0,0,0,0,1,0,0,0,0,0,0
39.41,23,1,0,1,0,0,0,0,0,0,0,0,0,1,0,0,0,0
23.31,18,5,1,1,0,0,0,0,0,0,0,1,0,0,0,0,0,0
281.16,23,0,0,0,1,0,0,0,0,0,0,0,0,0,1,0,0,0
1.9,7,2,0,1,0,0,0,0,0,0,1,0,0,0,0,0,0,0
8.55,14,4,0,0,0,1,0,0,0,0,0,0,0,0,0,0,1,0
394.98,2,0,0,0,0,0,0,0,1,0,0,1,0,0,0,0,0,1
13.85,18,1,0,0,1,0,0,0,0,0,0,0,0,0,0,1,0,0
108.27,3,5,1,0,0,0,0,0,1,0,0,0,0,0,0,0,1,1
24.08,13,2,0,1,0,0,0,0,0,0,0,0,0,0,0,0,1,0
163.42,20,1,0,0,0,0,0,0,1,0,0,0,0,0,1,0,0,0
121.08,22,4,0,0,0,0,0,1,0,0,0,0,1,0,0,0,0,0
43.96,14,4,0,1,0,0,0,0,0,0,0,0,0,0,0,1,0,0
36.57,18,3,0,0,0,0,0,0,1,0,0,1,0,0,0,0,0,0
23.33,10,0,0,0,0,0,0,0,1,0,0,1,0,0,0,0,0,0
28.34,10,1,0,0,0,0,1,0,0,0,0,0,0,1,0,0,0,0
15.8,23,4,0,0,1,0,0,0,0,1,0,0,0,0,0,0,0,0
42.87,16,0,0,0,1,0,0,0,0,0,0,1,0,0,0,0,0,0
19.23,18,2,0,0,0,0,0,1,0,0,0,1,0,0,0,0,0,0
2561.75,15,5,1,0,0,0,0,0,1,0,0,0,0,0,1,0,0,1
4.71,19,4,0,1,0,0,0,0,0,0,1,0,0,0,0,0,0,0
24.54,15,5,1,0,0,0,0,0,1,0,0,0,1,0,0,0,0,0
104.09,11,1,0,0,0,0,0,1,0,0,0,0,0,1,0,0,0,0
45.41,9,4,0,0,0,0,1,0,0,0,0,0,0,0,0,1,0,0
276.4,15,0,0,1,0,0,0,0,0,0,0,0,0,0,1,0,0,0
668.56,1,3,0,0,0,0,1,0,0,0,0,1,0,0,0,0,0,1
119.29,15,4,0,1,0,0,0,0,0,0,0,0,0,1,0,0,0,0
5.85,7,2,0,1,0,0,0,0,0,0,1,0,0,0,0,0,0,0
2975.08,2,4,0,1,0,0,0,0,0,0,0,0,1,0,0,0,0,1
56.31,6,4,0,0,0,1,0,0,0,0,0,1,0,0,0,0,0,0
251.01,11,6,1,1,0,0,0,0,0,0,0,0,0,0,1,0,0,0
18.36,10,0,0,0,0,0,1,0,0,1,0,0,0,0,0,0,0,0
6.61,8,6,1,0,0,1,0,0,0,1,0,0,0,0,0,0,0,0
218.59,4,4,0,0,0,0,0,0,1,0,0,1,0,0,0,0,0,1
25.9,21,1,0,0,0,1,0,0,0,0,0,0,0,0,0,0,1,0
44.32,9,1,0,1,0,0,0,0,0,0,0,1,0,0,0,0,0,0
26.49,7,3,0,1,0,0,0,0,0,0,0,0,0,0,0,0,1,0
41.8,12,5,1,1,0,0,0,0,0,0,0,0,0,0,0,1,0,0
5.09,15,2,0,1,0,0,0,0,0,0,1,0,0,0,0,0,0,0
270.56,8,3,0,0,1,0,0,0,0,0,0,0,0,0,1,0,0,0
44.31,14,3,0,0,1,0,0,0,0,0,0,0,0,0,0,1,0,0
30.43,10,2,0,0,1,0,0,0,0,0,0,0,0,1,0,0,0,0
1.77,22,6,1,0,0,0,0,0,1,0,1,0,0,0,0,0,0,0
369.95,22,0,0,0,0,0,0,0,1,0,1,0,0,0,0,0,0,1
18.18,17,6,1,0,1,0,0,0,0,0,0,1,0,0,0,0,0,0
287.62,16,1,0,1,0,0,0,0,0,0,0,0,0,0,1,0,0,0
167.23,20,0,0,1,0,0,0,0,0,0,0,0,1,0,0,0,0,0
113.42,14,2,0,1,0,0,0,0,0,0,0,0,0,0,1,0,0,0
2822.96,21,6,1,0,0,0,0,1,0,0,0,0,0,0,1,0,0,1
104.12,21,4,0,0,0,1,0,0,0,0,0,0,0,0,1,0,0,0
37.95,11,2,0,0,0,0,0,0,1,0,0,0,0,0,0,1,0,0
62.27,21,1,0,1,0,0,0,0,0,0,0,0,0,0,1,0,0,0
19.04,21,3,0,0,1,0,0,0,0,0,0,0,0,0,0,0,1,0
1162.48,12,3,0,0,0,0,1,0,0,0,0,0,0,0,0,1,0,1
1520.28,3,1,0,1,0,0,0,0,0,0,0,0,0,0,0,0,1,1
8.79,19,3,0,0,0,0,0,1,0,0,0,0,0,0,0,0,1,0
2.71,11,3,0,1,0,0,0,0,0,0,1,0,0,0,0,0,0,0
18.67,23,5,1,0,0,0,0,0,1,0,0,0,0,0,0,0,1,0
12.04,21,4,0,1,0,0,0,0,0,1,0,0,0,0,0,0,0,0
151.18,13,6,1,0,0,0,0,0,1,0,0,0,1,0,0,0,0,0
2689.63,12,1,0,0,0,0,0,0,1,0,0,0,0,0,1,0,0,1
20.22,23,4,0,1,0,0,0,0,0,0,0,1,0,0,0,0,0,0
138.98,8,6,1,0,0,1,0,0,0,0,0,0,1,0,0,0,0,0
30.67,15,3,0,1,0,0,0,0,0,0,0,0,1,0,0,0,0,0
20.34,3,6,1,0,0,0,0,0,1,1,0,0,0,0,0,0,0,1
19.56,23,5,1,1,0,0,0,0,0,0,0,0,0,0,0,0,1,0
11.62,10,3,0,0,0,0,0,0,1,0,0,0,0,0,0,1,0,0
24.92,18,0,0,0,0,0,0,0,1,0,0,0,0,0,0,0,1,0
2.64,6,2,0,1,0,0,0,0,0,0,1,0,0,0,0,0,0,0
9.07,23,5,1,1,0,0,0,0,0,0,0,0,0,0,0,0,1,0
28.01,22,2,0,1,0,0,0,0,0,0,0,0,0,0,0,0,1,0
30.86,17,2,0,0,1,0,0,0,0,0,0,1,0,0,0,0,0,0
55.15,11,2,0,1,0,0,0,0,0,0,0,1,0,0,0,0,0,0
58.39,13,3,0,1,0,0,0,0,0,0,0,0,0,0,0,1,0,0
2.39,21,1,0,1,0,0,0,0,0,0,1,0,0,0,0,0,0,0
24.54,7,3,0,0,0,0,0,0,1,0,0,0,0,0,1,0,0,0
210.72,16,0,0,0,0,1,0,0,0,0,0,0,0,0,1,0,0,0
24.72,6,3,0,0,1,0,0,0,0,0,0,0,0,1,0,0,0,0
48.51,12,6,1,1,0,0,0,0,0,0,0,0,0,1,0,0,0,0
23.15,23,0,0,1,0,0,0,0,0,1,0,0,0,0,0,0,0,0
42.64,9,3,0,0,0,1,0,0,0,0,0,0,1,0,0,0,0,0
72.47,19,3,0,0,0,0,0,0,1,0,0,1,0,0,0,0,0,0
2.35,16,5,1,0,0,0,0,0,1,0,1,0,0,0,0,0,0,0
35.35,7,6,1,1,0,0,0,0,0,0,0,1,0,0,0,0,0,0
22.26,7,3,0,0,0,0,0,1,0,0,0,0,0,0,0,0,1,0
279.31,19,2,0,0,0,0,0,0,1,0,0,0,0,0,1,0,0,0
5.76,20,4,0,1,0,0,0,0,0,0,1,0,0,0,0,0,0,0
1.89,23,2,0,1,0,0,0,0,0,0,1,0,0,0,0,0,0,0
831.81,0,5,1,0,0,0,0,1,0,0,0,0,0,0,0,1,0,1
5.59,18,5,1,0,0,0,0,0,1,0,1,0,0,0,0,0,0,0
19.56,21,2,0,0,0,0,0,0,1,0,0,0,0,0,0,1,0,0
189.35,19,1,0,1,0,0,0,0,0,0,0,0,1,0,0,0,0,0
29.82,14,0,0,1,0,0,0,0,0,1,0,0,0,0,0,0,0,0
58.35,14,1,0,1,0,0,0,0,0,0,0,0,0,1,0,0,0,0
7.14,10,5,1,1,0,0,0,0,0,0,0,0,0,0,0,1,0,0
31.85,15,2,0,0,0,0,0,0,1,1,0,0,0,0,0,0,0,0
2.41,21,6,1,1,0,0,0,0,0,0,1,0,0,0,0,0,0,0
22.51,15,4,0,0,1,0,0,0,0,0,0,0,0,0,0,0,1,0
83.13,12,1,0,1,0,0,0,0,0,0,0,0,0,1,0,0,0,0
29.22,7,5,1,0,0,0,0,0,1,0,0,0,0,0,0,0,1,0
34.51,9,2,0,0,0,1,0,0,0,0,0,0,0,0,0,0,1,0
77.62,16,1,0,0,0,1,0,0,0,0,0,1,0,0,0,0,0,0
261.51,18,3,0,1,0,0,0,0,0,0,0,0,0,0,1,0,0,0
207.52,0,6,1,0,0,0,0,0,1,0,0,1,0,0,0,0,0,1
13.02,11,5,1,1,0,0,0,0,0,0,0,0,0,1,0,0,0,0
10.25,9,4,0,0,0,0,0,0,1,1,0,0,0,0,0,0,0,0
59.1,13,0,0,0,1,0,0,0,0,0,0,0,1,0,0,0,0,0
73.54,7,6,1,0,1,0,0,0,0,0,0,1,0,0,0,0,0,0
19.14,16,4,0,0,0,0,0,0,1,0,0,0,1,0,0,0,0,0
86.33,10,1,0,0,1,0,0,0,0,0,0,0,0,0,1,0,0,0
842.25,2,5,1,0,0,1,0,0,0,0,0,0,1,0,0,0,0,1
158.74,7,3,0,0,0,0,0,0,1,0,0,0,1,0,0,0,0,0
107.95,21,4,0,1,0,0,0,0,0,0,0,0,0,1,0,0,0,0
33.24,18,1,0,1,0,0,0,0,0,1,0,0,0,0,0,0,0,0
7.35,8,1,0,1,0,0,0,0,0,1,0,0,0,0,0,0,0,0
28.19,22,3,0,1,0,0,0,0,0,1,0,0,0,0,0,0,0,0
3.75,8,5,1,1,0,0,0,0,0,0,1,0,0,0,0,0,0,0
56.99,15,4,0,1,0,0,0,0,0,0,0,0,0,0,0,1,0,0
206.4,6,3,0,1,0,0,0,0,0,0,0,0,0,0,1,0,0,0
430.49,15,0,0,0,0,0,0,0,1,0,1,0,0,0,0,0,0,1
928.94,13,3,0,0,0,0,0,0,1,0,0,0,1,0,0,0,0,1
73.44,15,1,0,0,0,0,0,0,1,0,0,1,0,0,0,0,0,0
4.63,23,0,0,0,0,1,0,0,0,0,1,0,0,0,0,0,0,0
27.44,23,0,0,1,0,0,0,0,0,1,0,0,0,0,0,0,0,0
21.07,20,6,1,0,0,0,0,1,0,0,0,0,0,0,0,0,1,0
46.69,11,4,0,1,0,0,0,0,0,0,0,0,0,1,0,0,0,0
1838.39,21,4,0,0,0,0,0,0,1,0,0,0,0,0,1,0,0,1
64.49,6,6,1,0,1,0,0,0,0,0,0,1,0,0,0,0,0,0
63.52,13,3,0,0,0,0,0,1,0,0,0,1,0,0,0,0,0,0
2511.94,13,3,0,1,0,0,0,0,0,0,0,0,0,0,1,0,0,1
2.23,15,0,0,0,1,0,0,0,0,0,1,0,0,0,0,0,0,0
37.25,23,0,0,0,0,0,1,0,0,0,0,0,0,0,0,1,0,0
154.08,15,0,0,1,0,0,0,0,0,0,0,0,0,0,1,0,0,0
34.59,16,3,0,0,0,0,0,0,1,0,0,0,0,0,0,0,1,0
63.56,16,0,0,0,1,0,0,0,0,0,0,0,0,1,0,0,0,0
2359.91,18,6,1,0,0,1,0,0,0,0,0,0,0,0,1,0,0,1
14.49,8,3,0,0,0,0,0,0,1,0,0,0,0,0,0,0,1,0
19.23,10,6,1,0,1,0,0,0,0,0,0,0,0,0,0,0,1,0
44.32,19,4,0,0,0,0,0,0,1,0,0,0,0,0,0,1,0,0
30.86,21,0,0,1,0,0,0,0,0,0,0,0,0,0,0,0,1,0
177.99,14,6,1,0,0,0,0,0,1,0,0,0,1,0,0,0,0,0
703.03,22,2,0,0,0,0,0,1,0,1,0,0,0,0,0,0,0,1
57.54,21,5,1,0,0,1,0,0,0,0,0,0,0,1,0,0,0,0
71.17,10,0,0,1,0,0,0,0,0,0,0,0,0,0,1,0,0,0
52.04,16,6,1,1,0,0,0,0,0,0,0,0,1,0,0,0,0,0
82.12,16,3,0,0,0,1,0,0,0,0,0,0,0,1,0,0,0,0
27.05,22,0,0,1,0,0,0,0,0,1,0,0,0,0,0,0,0,0
8.46,8,6,1,0,1,0,0,0,0,0,0,0,0,0,0,0,1,0
188.24,20,4,0,1,0,0,0,0,0,0,0,0,1,0,0,0,0,0
31.05,22,5,1,1,0,0,0,0,0,0,0,1,0,0,0,0,0,0
14.36,19,2,0,0,0,1,0,0,0,1,0,0,0,0,0,0,0,0
5.17,12,2,0,1,0,0,0,0,0,0,1,0,0,0,0,0,0,0
10.28,22,3,0,0,0,0,1,0,0,0,0,0,0,1,0,0,0,0
36.39,11,1,0,0,0,0,0,1,0,0,0,0,0,0,0,1,0,0
32.09,14,4,0,0,1,0,0,0,0,0,0,0,0,0,0,0,1,0
109.41,14,1,0,0,1,0,0,0,0,0,0,0,1,0,0,0,0,0
28.0,23,2,0,0,1,0,0,0,0,0,0,0,0,0,0,1,0,0
20.89,14,0,0,0,0,0,0,0,1,0,0,0,0,0,0,0,1,0
43.02,19,4,0,1,0,0,0,0,0,0,0,1,0,0,0,0,0,0
31.03,21,5,1,0,1,0,0,0,0,0,0,1,0,0,0,0,0,0
27.43,7,5,1,0,0,1,0,0,0,0,0,1,0,0,0,0,0,0
25.05,21,1,0,1,0,0,0,0,0,0,0,0,0,0,0,0,1,0
4.7,15,4,0,0,0,0,1,0,0,0,1,0,0,0,0,0,0,0
29.3,22,1,0,1,0,0,0,0,0,0,0,0,0,1,0,0,0,0
31.52,13,5,1,1,0,0,0,0,0,1,0,0,0,0,0,0,0,0
8.09,7,5,1,0,1,0,0,0,0,0,0,0,0,0,0,1,0,0
18.9,8,3,0,1,0,0,0,0,0,0,0,1,0,0,0,0,0,0
62.44,13,1,0,0,0,1,0,0,0,0,0,1,0,0,0,0,0,0
102.22,16,6,1,1,0,0,0,0,0,0,0,0,0,0,1,0,0,0
247.89,4,4,0,0,0,0,0,0,1,0,0,1,0,0,0,0,0,1
26.89,17,5,1,0,0,0,0,1,0,0,0,1,0,0,0,0,0,0
47.44,12,5,1,1,0,0,0,0,0,0,0,0,0,1,0,0,0,0
86.54,18,5,1,0,1,0,0,0,0,0,0,0,0,0,1,0,0,0
147.18,9,4,0,1,0,0,0,0,0,0,0,0,0,0,1,0,0,0
2.05,10,3,0,1,0,0,0,0,0,0,1,0,0,0,0,0,0,0
89.31,14,4,0,1,0,0,0,0,0,0,0,0,0,1,0,0,0,0
1779.43,4,1,0,0,0,0,0,0,1,0,0,0,0,1,0,0,0,1
12.25,1,4,0,0,0,0,0,0,1,0,1,0,0,0,0,0,0,1
252.02,22,1,0,0,1,0,0,0,0,0,0,0,0,0,1,0,0,0
15.81,23,4,0,0,0,0,0,0,1,0,0,1,0,0,0,0,0,0
105.35,23,1,0,0,0,0,0,0,1,0,0,0,0,1,0,0,0,0
140.2,8,4,0,0,1,0,0,0,0,0,0,0,1,0,0,0,0,0
214.69,16,2,0,0,0,0,0,0,1,0,0,0,0,0,1,0,0,0
14.21,10,6,1,0,0,0,1,0,0,0,0,0,0,0,0,0,1,0
10.62,10,5,1,1,0,0,0,0,0,0,0,0,0,1,0,0,0,0
41.24,9,1,0,1,0,0,0,0,0,0,0,0,0,0,0,1,0,0
35.33,11,2,0,1,0,0,0,0,0,0,0,0,1,0,0,0,0,0
59.32,8,6,1,1,0,0,0,0,0,0,0,0,1,0,0,0,0,0
29.22,15,3,0,1,0,0,0,0,0,0,0,0,0,0,1,0,0,0
278.88,14,5,1,0,1,0,0,0,0,0,0,0,0,0,1,0,0,0
4.7,9,1,0,1,0,0,0,0,0,0,1,0,0,0,0,0,0,0
22.43,17,1,0,0,1,0,0,0,0,0,0,0,0,0,0,0,1,0
23.21,23,5,1,0,0,1,0,0,0,0,0,1,0,0,0,0,0,0
34.26,23,1,0,0,0,1,0,0,0,1,0,0,0,0,0,0,0,0
28.49,10,1,0,1,0,0,0,0,0,0,0,0,0,0,0,0,1,0
174.54,9,5,1,1,0,0,0,0,0,0,0,0,0,0,1,0,0,0
16.55,9,2,0,1,0,0,0,0,0,0,0,1,0,0,0,0,0,0
265.28,7,1,0,0,1,0,0,0,0,0,0,0,0,0,1,0,0,0
39.85,21,0,0,1,0,0,0,0,0,0,0,1,0,0,0,0,0,0
39.7,20,5,1,0,0,1,0,0,0,0,0,0,0,0,0,0,1,0
46.43,10,3,0,0,0,0,0,0,1,0,0,0,0,0,0,1,0,0
136.96,15,5,1,0,1,0,0,0,0,0,0,0,1,0,0,0,0,0
10.26,22,2,0,0,0,1,0,0,0,0,0,0,0,0,0,0,1,0
18.21,15,6,1,0,1,0,0,0,0,0,0,0,0,0,0,0,1,0
27.59,10,4,0,1,0,0,0,0,0,0,0,0,0,0,1,0,0,0
76.02,8,3,0,1,0,0,0,0,0,0,0,0,0,1,0,0,0,0
42.64,6,1,0,1,0,0,0,0,0,0,0,0,0,0,1,0,0,0
675.69,18,3,0,0,0,1,0,0,0,1,0,0,0,0,0,0,0,1
96.58,8,3,0,1,0,0,0,0,0,0,0,0,0,1,0,0,0,0
10.6,11,1,0,0,0,0,0,1,0,0,0,0,0,0,0,0,1,0
69.41,20,0,0,0,1,0,0,0,0,0,0,0,0,0,1,0,0,0
5.54,18,0,0,0,0,0,0,1,0,0,0,0,0,0,0,0,1,0
51.13,13,0,0,1,0,0,0,0,0,0,0,0,0,0,0,1,0,0
26.67,20,5,1,1,0,0,0,0,0,0,0,0,0,0,0,0,1,0
17.05,23,6,1,1,0,0,0,0,0,0,0,0,0,0,0,1,0,0
1.86,19,1,0,0,0,0,0,1,0,0,1,0,0,0,0,0,0,0
806.72,4,1,0,0,0,0,0,1,0,0,0,0,0,1,0,0,0,1
2.5,18,1,0,1,0,0,0,0,0,0,1,0,0,0,0,0,0,0
52.3,19,0,0,1,0,0,0,0,0,0,0,1,0,0,0,0,0,0
1.75,20,4,0,0,1,0,0,0,0,0,1,0,0,0,0,0,0,0
224.77,23,6,1,1,0,0,0,0,0,0,0,0,0,0,1,0,0,0
484.76,13,2,0,0,0,0,0,0,1,0,1,0,0,0,0,0,0,1
92.85,1,4,0,0,0,0,0,0,1,0,0,0,0,1,0,0,0,1
154.41,17,4,0,0,1,0,0,0,0,0,0,0,1,0,0,0,0,0
2.7,23,4,0,0,0,1,0,0,0,0,1,0,0,0,0,0,0,0
36.98,7,4,0,0,1,0,0,0,0,0,0,0,0,0,0,1,0,0
3.27,7,2,0,0,0,0,0,1,0,0,1,0,0,0,0,0,0,0
36.75,6,4,0,0,1,0,0,0,0,0,0,0,0,0,0,0,1,0
3.12,10,4,0,0,0,0,0,0,1,0,1,0,0,0,0,0,0,0
35.85,8,2,0,0,0,1,0,0,0,0,0,0,0,0,0,1,0,0
7.74,21,6,1,1,0,0,0,0,0,1,0,0,0,0,0,0,0,0
305.96,0,3,0,0,0,0,0,0,1,0,0,1,0,0,0,0,0,1
2.36,9,6,1,1,0,0,0,0,0,0,1,0,0,0,0,0,0,0
3.81,18,5,1,1,0,0,0,0,0,0,1,0,0,0,0,0,0,0
61.68,16,6,1,0,0,0,0,1,0,0,0,1,0,0,0,0,0,0
49.02,1,6,1,0,0,0,0,0,1,1,0,0,0,0,0,0,0,1
55.15,6,2,0,0,0,0,1,0,0,0,0,0,0,1,0,0,0,0
165.44,23,3,0,1,0,0,0,0,0,0,0,0,1,0,0,0,0,0
25.32,15,3,0,0,0,0,0,0,1,0,0,1,0,0,0,0,0,0
55.57,13,5,1,0,0,1,0,0,0,0,0,0,1,0,0,0,0,0
17.43,21,6,1,0,0,1,0,0,0,0,0,0,0,0,0,0,1,0
12.8,23,3,0,0,0,0,0,0,1,1,0,0,0,0,0,0,0,0
2.41,18,2,0,1,0,0,0,0,0,0,1,0,0,0,0,0,0,0
3.18,11,0,0,0,1,0,0,0,0,0,1,0,0,0,0,0,0,0
19.82,1,1,0,0,0,0,0,0,1,0,1,0,0,0,0,0,0,1
14.12,14,3,0,0,0,1,0,0,0,1,0,0,0,0,0,0,0,0
114.2,17,4,0,1,0,0,0,0,0,0,0,0,0,1,0,0,0,0
157.81,4,4,0,0,0,0,0,0,1,1,0,0,0,0,0,0,0,1
836.14,9,1,0,0,0,0,0,0,1,0,0,0,0,0,0,0,1,1
601.27,18,0,0,0,0,0,1,0,0,0,1,0,0,0,0,0,0,1
87.58,7,4,0,0,0,0,0,0,1,0,0,0,0,0,1,0,0,0
5.07,22,4,0,1,0,0,0,0,0,1,0,0,0,0,0,0,0,0
29.06,18,2,0,0,0,0,1,0,0,0,0,0,0,0,0,0,1,0
153.46,19,1,0,1,0,0,0,0,0,0,0,0,0,0,1,0,0,0
27.68,21,3,0,1,0,0,0,0,0,0,0,0,0,0,0,1,0,0
10.04,23,6,1,1,0,0,0,0,0,0,0,0,0,1,0,0,0,0
27.52,17,4,0,1,0,0,0,0,0,0,0,0,0,0,0,1,0,0
4.03,14,6,1,0,0,0,1,0,0,0,1,0,0,0,0,0,0,0
14.64,23,1,0,1,0,0,0,0,0,0,0,0,0,0,0,0,1,0
72.18,13,1,0,1,0,0,0,0,0,0,0,0,0,1,0,0,0,0
32.37,11,4,0,0,1,0,0,0,0,0,0,0,0,0,0,0,1,0
33.09,7,0,0,0,1,0,0,0,0,0,0,0,1,0,0,0,0,0
32.28,9,0,0,0,1,0,0,0,0,0,0,0,0,0,0,0,1,0
21.87,10,6,1,0,0,1,0,0,0,0,0,0,0,0,0,0,1,0
72.21,19,0,0,0,0,0,0,0,1,0,0,0,1,0,0,0,0,0
3.92,7,6,1,0,0,0,0,1,0,0,1,0,0,0,0,0,0,0
26.41,19,3,0,0,0,0,0,1,0,1,0,0,0,0,0,0,0,0
34.11,11,5,1,1,0,0,0,0,0,0,0,1,0,0,0,0,0,0
17.1,11,0,0,0,1,0,0,0,0,1,0,0,0,0,0,0,0,0
57.74,10,6,1,0,0,1,0,0,0,0,0,0,1,0,0,0,0,0
3.3,6,3,0,1,0,0,0,0,0,0,1,0,0,0,0,0,0,0
210.47,8,0,0,0,1,0,0,0,0,0,0,0,0,0,1,0,0,0
2.16,10,5,1,0,0,0,1,0,0,0,1,0,0,0,0,0,0,0
32.07,22,0,0,0,1,0,0,0,0,0,0,0,0,0,0,1,0,0
27.72,9,3,0,0,1,0,0,0,0,0,0,0,0,0,0,0,1,0
2.38,19,4,0,1,0,0,0,0,0,0,1,0,0,0,0,0,0,0
19.27,16,4,0,0,0,0,1,0,0,0,0,0,0,1,0,0,0,0
263.98,23,0,0,0,0,1,0,0,0,0,0,0,0,0,1,0,0,0
192.52,14,6,1,0,1,0,0,0,0,0,0,0,1,0,0,0,0,0
30.84,11,2,0,1,0,0,0,0,0,0,0,0,0,0,0,1,0,0
45.13,15,1,0,0,0,0,0,0,1,0,0,0,0,0,0,1,0,0
4.59,14,3,0,0,0,0,0,1,0,0,1,0,0,0,0,0,0,0
31.7,7,0,0,0,0,0,0,0,1,0,0,0,0,0,0,1,0,0
15.76,22,5,1,1,0,0,0,0,0,0,0,1,0,0,0,0,0,0
22.35,22,2,0,0,0,0,0,0,1,0,0,1,0,0,0,0,0,0
240.74,4,4,0,0,0,0,0,0,1,0,0,1,0,0,0,0,0,1
4.06,19,4,0,0,0,0,0,0,1,0,1,0,0,0,0,0,0,0
1079.25,22,6,1,0,0,0,0,0,1,0,0,0,0,0,0,1,0,1
3.61,18,4,0,1,0,0,0,0,0,0,1,0,0,0,0,0,0,0
29.92,12,3,0,0,0,1,0,0,0,0,0,0,1,0,0,0,0,0
35.44,7,5,1,0,0,0,0,0,1,0,0,0,0,0,0,0,1,0
26.14,23,2,0,1,0,0,0,0,0,0,0,0,0,1,0,0,0,0
50.32,22,6,1,0,0,1,0,0,0,0,0,1,0,0,0,0,0,0
226.06,14,5,1,1,0,0,0,0,0,0,0,0,0,0,1,0,0,0
25.77,14,5,1,0,0,0,0,1,0,0,0,0,0,0,0,1,0,0
39.95,23,3,0,0,1,0,0,0,0,0,0,1,0,0,0,0,0,0
29.65,17,2,0,0,0,0,0,0,1,0,0,0,0,0,0,0,1,0
56.23,20,0,0,1,0,0,0,0,0,0,0,0,0,0,0,1,0,0
5.87,15,2,0,0,1,0,0,0,0,0,1,0,0,0,0,0,0,0
680.26,0,1,0,1,0,0,0,0,0,0,1,0,0,0,0,0,0,1
88.65,14,3,0,1,0,0,0,0,0,0,0,0,0,1,0,0,0,0
15.54,14,1,0,1,0,0,0,0,0,0,0,0,0,1,0,0,0,0
8.05,22,2,0,0,1,0,0,0,0,1,0,0,0,0,0,0,0,0
56.02,9,5,1,0,1,0,0,0,0,0,0,0,0,0,0,1,0,0
32.07,23,0,0,1,0,0,0,0,0,0,0,0,0,0,0,1,0,0
34.12,21,6,1,0,0,0,0,0,1,1,0,0,0,0,0,0,0,0
219.31,8,2,0,0,1,0,0,0,0,0,0,0,0,0,1,0,0,0
39.05,13,2,0,0,0,0,1,0,0,0,0,0,0,0,0,1,0,0
3.34,6,5,1,0,0,0,0,1,0,0,1,0,0,0,0,0,0,0
30.43,9,6,1,1,0,0,0,0,0,1,0,0,0,0,0,0,0,0
59.88,1,4,0,0,0,0,0,0,1,1,0,0,0,0,0,0,0,1
35.22,7,5,1,0,0,0,0,0,1,0,0,0,0,0,0,1,0,0
21.3,9,0,0,0,0,0,0,0,1,0,0,0,0,0,0,0,1,0
193.73,21,0,0,1,0,0,0,0,0,0,0,0,1,0,0,0,0,0
510.89,3,5,1,0,0,0,0,1,0,1,0,0,0,0,0,0,0,1
22.45,14,6,1,1,0,0,0,0,0,0,0,1,0,0,0,0,0,0
159.22,16,1,0,0,0,1,0,0,0,0,0,0,1,0,0,0,0,0
207.07,1,1,0,0,0,0,0,0,1,0,0,0,0,1,0,0,0,1
54.66,11,5,1,1,0,0,0,0,0,0,0,0,1,0,0,0,0,0
119.42,16,2,0,0,1,0,0,0,0,0,0,0,1,0,0,0,0,0
167.05,3,3,0,0,0,0,0,0,1,0,0,0,0,1,0,0,0,1
255.03,14,3,0,1,0,0,0,0,0,0,0,0,0,0,1,0,0,0
14.09,13,3,0,1,0,0,0,0,0,0,0,1,0,0,0,0,0,0
1.86,17,2,0,0,0,0,0,0,1,0,1,0,0,0,0,0,0,0
5.73,10,2,0,1,0,0,0,0,0,0,1,0,0,0,0,0,0,0
120.52,22,3,0,1,0,0,0,0,0,0,0,0,1,0,0,0,0,0
6.57,13,3,0,1,0,0,0,0,0,1,0,0,0,0,0,0,0,0
968.38,3,3,0,0,0,0,0,0,1,0,0,0,1,0,0,0,0,1
1323.49,21,3,0,0,0,0,1,0,0,0,0,0,0,0,0,1,0,1
5.51,15,0,0,1,0,0,0,0,0,0,1,0,0,0,0,0,0,0
185.12,18,5,1,1,0,0,0,0,0,0,0,0,1,0,0,0,0,0
224.43,14,6,1,1,0,0,0,0,0,0,0,0,0,0,1,0,0,0
4.62,23,5,1,1,0,0,0,0,0,0,1,0,0,0,0,0,0,0
5.9,14,2,0,0,0,1,0,0,0,0,1,0,0,0,0,0,0,0
1886.05,4,4,0,0,0,0,0,1,0,0,0,0,1,0,0,0,0,1
22.89,18,5,1,0,1,0,0,0,0,0,0,0,0,1,0,0,0,0
23.27,14,6,1,1,0,0,0,0,0,1,0,0,0,0,0,0,0,0
27.93,23,0,0,1,0,0,0,0,0,1,0,0,0,0,0,0,0,0
133.16,2,5,1,0,0,0,0,0,1,0,0,0,0,0,0,0,1,1
63.15,21,0,0,0,0,0,0,1,0,0,0,1,0,0,0,0,0,0
33.16,22,3,0,0,0,0,0,1,0,0,0,0,0,0,0,0,1,0
2.3,19,3,0,0,1,0,0,0,0,0,1,0,0,0,0,0,0,0
33.51,14,1,0,1,0,0,0,0,0,1,0,0,0,0,0,0,0,0
215.89,2,2,0,0,0,0,0,0,1,0,0,0,0,0,1,0,0,1
59.37,16,6,1,1,0,0,0,0,0,0,0,0,0,0,0,1,0,0
19.58,13,2,0,1,0,0,0,0,0,1,0,0,0,0,0,0,0,0
77.04,22,5,1,0,1,0,0,0,0,0,0,0,1,0,0,0,0,0
131.25,6,6,1,0,0,0,1,0,0,0,0,0,1,0,0,0,0,0
145.98,16,2,0,1,0,0,0,0,0,0,0,0,1,0,0,0,0,0
32.05,21,2,0,0,0,0,0,0,1,0,0,0,0,1,0,0,0,0
8.71,15,4,0,0,0,0,0,0,1,0,0,0,0,0,0,1,0,0
79.47,15,3,0,0,0,1,0,0,0,0,0,0,0,1,0,0,0,0
20.93,13,2,0,1,0,0,0,0,0,0,0,0,0,0,0,1,0,0
58.32,21,3,0,1,0,0,0,0,0,0,0,0,0,1,0,0,0,0
3.31,22,3,0,1,0,0,0,0,0,0,1,0,0,0,0,0,0,0
13.52,19,4,0,0,0,1,0,0,0,1,0,0,0,0,0,0,0,0
33.04,20,2,0,1,0,0,0,0,0,0,0,0,0,0,0,1,0,0
205.92,15,1,0,0,1,0,0,0,0,0,0,0,0,0,1,0,0,0
4.7,11,2,0,0,0,0,0,1,0,0,1,0,0,0,0,0,0,0
140.57,13,3,0,0,1,0,0,0,0,0,0,0,0,0,1,0,0,0
14.91,6,6,1,0,1,0,0,0,0,1,0,0,0,0,0,0,0,0
918.17,1,1,0,0,0,0,1,0,0,0,0,0,1,0,0,0,0,1
34.12,10,0,0,0,0,0,0,0,1,1,0,0,0,0,0,0,0,0
49.44,23,2,0,0,0,0,1,0,0,0,0,0,1,0,0,0,0,0
50.02,6,1,0,0,1,0,0,0,0,0,0,0,0,0,0,1,0,0
88.08,21,5,1,0,1,0,0,0,0,0,0,0,1,0,0,0,0,0
29.31,6,2,0,1,0,0,0,0,0,0,0,0,0,0,1,0,0,0
3.83,15,0,0,0,1,0,0,0,0,0,1,0,0,0,0,0,0,0
53.15,7,6,1,0,0,0,0,0,1,0,0,0,1,0,0,0,0,0
108.17,11,2,0,0,0,0,0,0,1,0,0,0,1,0,0,0,0,0
785.36,18,1,0,1,0,0,0,0,0,0,0,1,0,0,0,0,0,1
37.31,14,5,1,0,0,1,0,0,0,0,0,0,0,0,0,0,1,0
102.76,16,5,1,0,0,0,0,0,1,0,0,0,0,1,0,0,0,0
27.74,7,4,0,0,1,0,0,0,0,1,0,0,0,0,0,0,0,0
23.95,22,6,1,0,1,0,0,0,0,0,0,0,0,0,0,1,0,0
130.87,13,6,1,1,0,0,0,0,0,0,0,0,1,0,0,0,0,0
15.99,8,3,0,1,0,0,0,0,0,0,0,0,0,0,0,1,0,0
25.93,8,5,1,1,0,0,0,0,0,0,0,0,0,0,0,1,0,0
39.77,17,0,0,1,0,0,0,0,0,0,0,1,0,0,0,0,0,0
4.72,22,1,0,1,0,0,0,0,0,0,1,0,0,0,0,0,0,0
2304.32,13,1,0,0,0,0,1,0,0,0,0,0,0,0,1,0,0,1
33.7,11,0,0,0,0,1,0,0,0,0,0,0,0,0,0,0,1,0
99.04,11,5,1,0,1,0,0,0,0,0,0,0,0,1,0,0,0,0
48.1,17,5,1,1,0,0,0,0,0,0,0,0,0,1,0,0,0,0
80.29,19,6,1,0,0,0,0,0,1,0,0,0,1,0,0,0,0,0
21.11,6,6,1,1,0,0,0,0,0,0,0,1,0,0,0,0,0,0
4.46,14,6,1,1,0,0,0,0,0,0,1,0,0,0,0,0,0,0
2.86,9,3,0,0,1,0,0,0,0,0,1,0,0,0,0,0,0,0
21.27,21,3,0,1,0,0,0,0,0,0,0,0,0,0,0,0,1,0
25.43,20,6,1,1,0,0,0,0,0,0,0,0,0,1,0,0,0,0
29.54,9,5,1,1,0,0,0,0,0,0,0,0,0,0,0,1,0,0
291.61,11,0,0,0,0,0,0,1,0,0,0,0,0,0,1,0,0,0
112.33,23,1,0,1,0,0,0,0,0,0,0,0,0,1,0,0,0,0
6.71,17,2,0,0,1,0,0,0,0,0,0,0,0,0,0,1,0,0
64.47,9,3,0,0,0,0,0,0,1,0,0,0,0,1,0,0,0,0
279.59,21,0,0,1,0,0,0,0,0,0,0,0,0,0,1,0,0,0
22.63,2,0,0,0,0,0,0,0,1,0,1,0,0,0,0,0,0,1
27.07,13,4,0,0,0,0,0,0,1,0,0,0,0,1,0,0,0,0
10.06,12,4,0,0,0,1,0,0,0,1,0,0,0,0,0,0,0,0
19.99,21,1,0,1,0,0,0,0,0,1,0,0,0,0,0,0,0,0
1.9,12,1,0,1,0,0,0,0,0,0,1,0,0,0,0,0,0,0
107.75,19,5,1,0,0,0,0,0,1,0,0,0,0,1,0,0,0,0
5.57,19,1,0,0,0,0,0,0,1,0,0,0,0,0,0,0,1,0
53.59,13,5,1,1,0,0,0,0,0,0,0,0,1,0,0,0,0,0
161.26,9,2,0,1,0,0,0,0,0,0,0,0,0,0,1,0,0,0
1280.1,3,4,0,1,0,0,0,0,0,0,0,0,1,0,0,0,0,1
168.17,23,0,0,1,0,0,0,0,0,0,0,0,1,0,0,0,0,0
136.73,16,1,0,1,0,0,0,0,0,0,0,0,1,0,0,0,0,0
68.79,15,3,0,1,0,0,0,0,0,0,0,0,0,1,0,0,0,0
13.64,6,4,0,1,0,0,0,0,0,0,0,0,0,0,0,1,0,0
22.4,19,6,1,1,0,0,0,0,0,1,0,0,0,0,0,0,0,0
79.72,11,6,1,0,0,0,0,0,1,0,0,1,0,0,0,0,0,0
2277.74,3,3,0,0,0,0,1,0,0,0,0,0,0,1,0,0,0,1
18.55,6,0,0,0,0,0,0,1,0,0,0,0,0,0,0,1,0,0
240.53,15,2,0,0,1,0,0,0,0,0,0,0,0,0,1,0,0,0
68.23,15,0,0,0,0,0,0,0,1,0,0,1,0,0,0,0,0,0
22.55,18,5,1,0,0,0,0,0,1,0,0,0,0,0,0,0,1,0
144.73,9,5,1,0,0,0,0,0,1,0,0,0,0,0,1,0,0,0
4.71,13,3,0,1,0,0,0,0,0,0,1,0,0,0,0,0,0,0
1753.57,11,6,1,0,0,0,1,0,0,0,0,0,0,0,0,1,0,1
158.49,15,4,0,0,0,0,0,0,1,0,0,0,0,0,1,0,0,0
35.66,6,5,1,0,0,1,0,0,0,0,0,0,1,0,0,0,0,0
374.49,3,3,0,0,0,0,0,0,1,0,0,0,0,1,0,0,0,1
12.46,23,4,0,1,0,0,0,0,0,0,0,0,0,0,0,1,0,0
27.76,6,4,0,0,0,0,0,0,1,0,0,0,0,0,0,1,0,0
61.58,8,4,0,0,0,0,0,0,1,0,0,0,1,0,0,0,0,0
115.39,16,0,0,0,1,0,0,0,0,0,0,0,0,0,1,0,0,0
188.67,8,1,0,0,0,1,0,0,0,0,0,0,1,0,0,0,0,0
80.96,1,6,1,0,0,0,0,0,1,1,0,0,0,0,0,0,0,1
32.05,17,5,1,0,0,1,0,0,0,1,0,0,0,0,0,0,0,0
49.06,9,4,0,0,0,0,0,0,1,0,0,0,0,0,0,1,0,0
249.59,10,5,1,0,0,0,0,1,0,0,0,0,0,0,1,0,0,0
12.42,13,6,1,0,0,0,0,1,0,0,0,0,0,0,0,1,0,0
29.83,10,4,0,1,0,0,0,0,0,0,0,1,0,0,0,0,0,0
3061.51,0,1,0,0,1,0,0,0,0,0,0,0,0,0,1,0,0,1
3.15,8,6,1,1,0,0,0,0,0,0,1,0,0,0,0,0,0,0
43.04,10,5,1,0,0,0,0,0,1,0,0,0,0,0,0,1,0,0
5.07,6,0,0,1,0,0,0,0,0,0,1,0,0,0,0,0,0,0
474.75,4,6,1,0,0,0,0,0,1,0,0,0,0,1,0,0,0,1
47.67,14,2,0,1,0,0,0,0,0,0,0,1,0,0,0,0,0,0
37.18,23,0,0,0,0,0,0,0,1,0,0,0,0,0,0,0,1,0
107.84,13,4,0,0,0,0,0,0,1,0,0,0,0,1,0,0,0,0
6.77,22,0,0,0,0,1,0,0,0,0,0,0,0,0,0,1,0,0
77.43,16,1,0,0,0,0,0,1,0,0,0,0,0,1,0,0,0,0
1241.81,2,5,1,0,0,0,0,0,1,0,0,0,0,0,0,1,0,1
68.03,23,3,0,0,1,0,0,0,0,0,0,0,0,1,0,0,0,0
905.88,8,6,1,0,0,0,0,0,1,0,0,0,0,1,0,0,0,1
74.37,16,6,1,0,1,0,0,0,0,0,0,1,0,0,0,0,0,0
3.14,22,5,1,0,1,0,0,0,0,0,1,0,0,0,0,0,0,0
141.07,10,2,0,0,0,1,0,0,0,0,0,0,0,0,1,0,0,0
3.57,17,6,1,1,0,0,0,0,0,0,1,0,0,0,0,0,0,0
33.78,23,0,0,1,0,0,0,0,0,0,0,0,0,0,1,0,0,0
2.5,11,4,0,0,0,0,0,0,1,0,1,0,0,0,0,0,0,0
162.4,23,2,0,1,0,0,0,0,0,0,0,0,0,0,1,0,0,0
964.18,1,6,1,0,0,0,0,0,1,0,0,0,0,0,1,0,0,1
3.37,14,3,0,0,1,0,0,0,0,0,1,0,0,0,0,0,0,0
98.43,20,3,0,0,0,1,0,0,0,0,0,0,0,1,0,0,0,0
20.43,6,3,0,0,0,0,0,0,1,0,0,0,0,1,0,0,0,0
51.43,21,2,0,0,1,0,0,0,0,0,0,0,0,0,0,1,0,0
512.36,9,4,0,0,0,0,0,0,1,0,1,0,0,0,0,0,0,1
63.14,19,1,0,1,0,0,0,0,0,0,0,0,0,0,1,0,0,0
42.99,22,2,0,1,0,0,0,0,0,0,0,0,0,1,0,0,0,0
98.97,17,3,0,0,1,0,0,0,0,0,0,0,0,1,0,0,0,0
12.9,14,1,0,1,0,0,0,0,0,0,0,0,0,1,0,0,0,0
3.24,15,0,0,0,0,0,0,0,1,0,1,0,0,0,0,0,0,0
1.6,10,5,1,0,1,0,0,0,0,0,1,0,0,0,0,0,0,0
34.12,20,4,0,0,1,0,0,0,0,0,0,0,0,0,0,0,1,0
46.18,7,2,0,0,0,0,0,0,1,0,0,1,0,0,0,0,0,0
101.66,16,6,1,1,0,0,0,0,0,0,0,0,0,1,0,0,0,0
3.8,12,0,0,0,0,0,0,0,1,0,1,0,0,0,0,0,0,0
69.96,14,6,1,0,0,0,1,0,0,0,0,1,0,0,0,0,0,0
151.05,10,1,0,0,1,0,0,0,0,0,0,0,1,0,0,0,0,0
34.49,12,0,0,1,0,0,0,0,0,0,0,0,0,0,1,0,0,0
51.17,14,0,0,0,0,1,0,0,0,0,0,0,1,0,0,0,0,0
70.36,10,6,1,0,1,0,0,0,0,0,0,0,1,0,0,0,0,0
144.58,11,5,1,0,1,0,0,0,0,0,0,0,1,0,0,0,0,0
164.28,22,0,0,0,0,0,0,1,0,0,0,0,0,0,1,0,0,0
21.34,9,1,0,1,0,0,0,0,0,0,0,0,0,0,0,0,1,0
281.73,17,0,0,0,0,0,0,0,1,0,0,0,0,0,1,0,0,0
14.95,16,6,1,0,0,0,0,0,1,1,0,0,0,0,0,0,0,0
46.74,7,4,0,1,0,0,0,0,0,0,0,0,0,0,0,1,0,0
3547.46,10,0,0,0,0,1,0,0,0,0,0,0,0,0,1,0,0,1
93.65,13,2,0,1,0,0,0,0,0,0,0,0,1,0,0,0,0,0
1.7,9,6,1,1,0,0,0,0,0,0,1,0,0,0,0,0,0,0
1542.3,2,5,1,1,0,0,0,0,0,0,0,0,0,1,0,0,0,1
37.11,7,1,0,1,0,0,0,0,0,0,0,0,0,0,0,1,0,0
54.42,18,2,0,1,0,0,0,0,0,0,0,0,0,0,0,1,0,0
45.76,15,5,1,0,0,0,1,0,0,0,0,1,0,0,0,0,0,0
71.75,21,4,0,0,0,0,0,0,1,0,0,1,0,0,0,0,0,0
374.36,18,1,0,0,1,0,0,0,0,0,1,0,0,0,0,0,0,1
565.39,4,5,1,0,0,0,0,0,1,0,1,0,0,0,0,0,0,1
39.51,15,6,1,0,1,0,0,0,0,0,0,1,0,0,0,0,0,0
2.19,14,2,0,1,0,0,0,0,0,0,1,0,0,0,0,0,0,0
197.03,1,4,0,0,0,0,0,0,1,0,0,0,0,0,0,0,1,1
1.87,9,0,0,1,0,0,0,0,0,0,1,0,0,0,0,0,0,0
593.67,1,4,0,0,0,0,0,0,1,0,0,0,0,0,0,0,1,1
9.15,23,1,0,0,0,0,0,0,1,0,0,0,0,0,0,0,1,0
273.17,17,1,0,0,0,1,0,0,0,0,0,0,0,0,1,0,0,0
915.28,4,0,0,0,0,0,0,0,1,0,0,1,0,0,0,0,0,1
72.01,15,2,0,0,1,0,0,0,0,0,0,0,0,1,0,0,0,0
8.86,11,4,0,1,0,0,0,0,0,0,0,0,0,0,0,0,1,0
41.06,19,2,0,1,0,0,0,0,0,0,0,0,0,0,0,1,0,0
22.67,15,0,0,0,1,0,0,0,0,0,0,1,0,0,0,0,0,0
2455.04,19,1,0,1,0,0,0,0,0,0,0,0,0,0,1,0,0,1
103.57,23,6,1,1,0,0,0,0,0,0,0,0,0,1,0,0,0,0
228.99,8,6,1,1,0,0,0,0,0,0,0,0,0,0,1,0,0,0
76.0,14,5,1,1,0,0,0,0,0,0,0,1,0,0,0,0,0,0
52.57,15,0,0,1,0,0,0,0,0,0,0,0,0,0,1,0,0,0
41.97,7,0,0,0,1,0,0,0,0,0,0,0,1,0,0,0,0,0
134.38,12,5,1,0,0,0,0,0,1,0,0,0,0,0,1,0,0,0
76.27,22,2,0,1,0,0,0,0,0,0,0,0,0,0,1,0,0,0
143.44,17,2,0,0,1,0,0,0,0,0,0,0,1,0,0,0,0,0
90.95,21,0,0,1,0,0,0,0,0,0,0,0,1,0,0,0,0,0
61.92,20,6,1,0,0,0,1,0,0,0,0,0,1,0,0,0,0,0
25.67,21,6,1,0,0,0,0,0,1,0,0,0,0,0,0,0,1,0
149.71,7,6,1,0,0,0,1,0,0,0,0,0,1,0,0,0,0,0
61.74,13,2,0,0,1,0,0,0,0,0,0,1,0,0,0,0,0,0
55.45,8,1,0,1,0,0,0,0,0,0,0,0,0,0,0,1,0,0
42.68,19,2,0,0,0,1,0,0,0,0,0,0,0,1,0,0,0,0
55.07,16,4,0,0,1,0,0,0,0,0,0,0,0,0,0,1,0,0
21.17,23,2,0,0,0,1,0,0,0,0,0,1,0,0,0,0,0,0
79.3,17,0,0,0,0,0,0,0,1,0,0,0,0,1,0,0,0,0
210.68,21,2,0,0,0,0,0,0,1,0,0,0,0,0,1,0,0,0
27.9,7,3,0,1,0,0,0,0,0,1,0,0,0,0,0,0,0,0
73.72,23,3,0,0,0,0,0,1,0,0,0,1,0,0,0,0,0,0
74.49,15,3,0,0,1,0,0,0,0,0,0,1,0,0,0,0,0,0
16.19,21,0,0,0,1,0,0,0,0,0,0,1,0,0,0,0,0,0
100.6,8,0,0,0,0,0,0,0,1,0,0,0,0,1,0,0,0,0
5.02,11,4,0,0,0,0,1,0,0,0,1,0,0,0,0,0,0,0
20.28,19,0,0,0,0,0,0,0,1,1,0,0,0,0,0,0,0,0
21.2,6,5,1,1,0,0,0,0,0,0,0,1,0,0,0,0,0,0
3.82,18,2,0,0,1,0,0,0,0,0,1,0,0,0,0,0,0,0
221.09,17,4,0,0,0,1,0,0,0,0,0,0,0,0,1,0,0,0
270.19,9,3,0,1,0,0,0,0,0,0,0,0,0,0,1,0,0,0
2161.29,1,2,0,0,0,0,0,0,1,0,0,0,0,1,0,0,0,1
158.8,23,4,0,0,0,0,0,0,1,0,0,0,1,0,0,0,0,0
8.28,13,4,0,0,0,0,0,0,1,0,0,0,0,0,0,0,1,0
95.84,16,1,0,1,0,0,0,0,0,0,0,0,0,0,1,0,0,0
65.69,15,3,0,0,0,1,0,0,0,0,0,0,0,1,0,0,0,0
1.77,21,3,0,1,0,0,0,0,0,0,1,0,0,0,0,0,0,0
66.25,9,1,0,1,0,0,0,0,0,0,0,0,0,1,0,0,0,0
553.15,2,1,0,0,0,0,0,0,1,1,0,0,0,0,0,0,0,1
112.2,15,5,1,1,0,0,0,0,0,0,0,0,0,1,0,0,0,0
122.98,22,5,1,1,0,0,0,0,0,0,0,0,0,0,1,0,0,0
261.87,19,6,1,0,0,0,0,0,1,0,0,0,0,0,1,0,0,0
57.56,18,4,0,1,0,0,0,0,0,0,0,1,0,0,0,0,0,0
76.2,21,6,1,1,0,0,0,0,0,0,0,1,0,0,0,0,0,0
26.49,6,4,0,0,0,0,0,0,1,0,0,0,0,1,0,0,0,0
5.5,21,0,0,1,0,0,0,0,0,0,1,0,0,0,0,0,0,0
27.14,19,0,0,1,0,0,0,0,0,1,0,0,0,0,0,0,0,0
27.05,19,0,0,0,1,0,0,0,0,1,0,0,0,0,0,0,0,0
21.9,18,5,1,0,0,1,0,0,0,0,0,1,0,0,0,0,0,0
16.95,11,0,0,1,0,0,0,0,0,0,0,0,0,0,0,0,1,0
56.44,18,2,0,0,1,0,0,0,0,0,0,1,0,0,0,0,0,0
19.08,23,3,0,0,0,0,0,0,1,0,0,1,0,0,0,0,0,0
20.23,10,1,0,0,0,0,1,0,0,1,0,0,0,0,0,0,0,0
9.84,9,6,1,1,0,0,0,0,0,0,0,0,0,0,0,0,1,0
39.47,22,0,0,1,0,0,0,0,0,0,0,0,0,0,0,0,1,0
3.98,13,0,0,0,0,0,0,0,1,0,1,0,0,0,0,0,0,0
111.58,21,3,0,0,0,0,0,0,1,0,0,0,0,1,0,0,0,0
301.81,3,2,0,0,0,0,0,0,1,0,1,0,0,0,0,0,0,1
25.68,20,0,0,0,1,0,0,0,0,1,0,0,0,0,0,0,0,0
290.27,21,3,0,0,1,0,0,0,0,0,0,0,0,0,1,0,0,0
3.55,13,2,0,0,1,0,0,0,0,0,1,0,0,0,0,0,0,0
348.44,16,6,1,1,0,0,0,0,0,0,1,0,0,0,0,0,0,1
10.17,13,1,0,0,0,1,0,0,0,0,0,0,0,0,0,0,1,0
27.55,21,3,0,0,1,0,0,0,0,1,0,0,0,0,0,0,0,0
39.72,11,4,0,0,0,0,0,1,0,0,0,0,0,0,0,0,1,0
13.03,17,2,0,0,0,0,0,0,1,0,0,0,0,0,0,0,1,0
66.71,23,6,1,1,0,0,0,0,0,0,0,1,0,0,0,0,0,0
1612.65,3,3,0,0,0,0,0,0,1,0,0,0,0,1,0,0,0,1
57.89,13,0,0,1,0,0,0,0,0,0,0,0,0,0,0,1,0,0
1.73,6,6,1,0,0,0,0,0,1,0,1,0,0,0,0,0,0,0
34.2,6,5,1,0,0,0,1,0,0,0,0,0,0,0,0,0,1,0
18.02,13,5,1,1,0,0,0,0,0,1,0,0,0,0,0,0,0,0
33.56,20,6,1,1,0,0,0,0,0,1,0,0,0,0,0,0,0,0
199.72,23,2,0,0,0,1,0,0,0,0,0,0,0,0,1,0,0,0
39.53,16,4,0,0,0,1,0,0,0,0,0,0,0,0,0,0,1,0
5.39,10,3,0,1,0,0,0,0,0,0,1,0,0,0,0,0,0,0
59.93,8,3,0,0,0,1,0,0,0,0,0,0,0,0,0,1,0,0
1.91,20,5,1,0,0,0,0,0,1,0,1,0,0,0,0,0,0,0
15.1,23,2,0,0,1,0,0,0,0,0,0,0,1,0,0,0,0,0
2.44,14,1,0,1,0,0,0,0,0,0,1,0,0,0,0,0,0,0
4.84,22,5,1,0,1,0,0,0,0,0,1,0,0,0,0,0,0,0
12.92,9,6,1,1,0,0,0,0,0,0,0,0,0,0,0,1,0,0
103.66,17,5,1,1,0,0,0,0,0,0,0,0,0,1,0,0,0,0
49.76,18,3,0,0,0,0,0,0,1,0,0,0,0,1,0,0,0,0
1092.41,0,3,0,0,0,0,0,0,1,0,0,0,0,0,1,0,0,1
68.83,19,6,1,0,0,0,0,0,1,0,0,0,0,1,0,0,0,0
57.05,16,1,0,0,0,1,0,0,0,0,0,0,0,1,0,0,0,0
1.76,17,0,0,0,1,0,0,0,0,0,1,0,0,0,0,0,0,0
272.5,18,2,0,0,1,0,0,0,0,0,0,0,0,0,1,0,0,0
35.51,8,3,0,1,0,0,0,0,0,0,0,0,0,0,0,0,1,0
30.28,14,0,0,0,0,0,0,0,1,0,0,0,0,1,0,0,0,0
17.91,23,2,0,1,0,0,0,0,0,0,0,0,0,0,0,1,0,0
264.51,22,5,1,0,0,0,1,0,0,0,0,0,0,0,1,0,0,0
71.48,21,6,1,0,1,0,0,0,0,0,0,0,0,1,0,0,0,0
18.92,17,6,1,1,0,0,0,0,0,1,0,0,0,0,0,0,0,0
14.85,6,4,0,0,1,0,0,0,0,1,0,0,0,0,0,0,0,0
64.42,17,6,1,0,0,0,0,0,1,0,0,0,0,1,0,0,0,0
35.66,16,5,1,1,0,0,0,0,0,0,0,0,0,0,0,1,0,0
39.22,22,3,0,1,0,0,0,0,0,0,0,0,0,1,0,0,0,0
46.46,10,5,1,1,0,0,0,0,0,0,0,0,0,0,0,1,0,0
33.51,9,3,0,0,0,0,0,0,1,0,0,0,0,0,0,1,0,0
36.35,7,3,0,0,1,0,0,0,0,0,0,0,0,0,0,1,0,0
79.89,23,3,0,1,0,0,0,0,0,0,0,1,0,0,0,0,0,0
18.25,18,5,1,1,0,0,0,0,0,0,0,0,0,0,0,0,1,0
4.72,23,1,0,0,0,0,0,0,1,0,1,0,0,0,0,0,0,0
288.02,12,2,0,0,0,0,0,0,1,0,0,0,0,0,1,0,0,0
11.97,11,5,1,1,0,0,0,0,0,0,0,0,0,0,0,0,1,0
854.31,17,5,1,0,0,0,0,0,1,1,0,0,0,0,0,0,0,1
5.91,12,1,0,0,0,0,0,1,0,0,1,0,0,0,0,0,0,0
80.09,16,1,0,0,0,1,0,0,0,0,0,0,0,1,0,0,0,0
22.79,12,3,0,1,0,0,0,0,0,0,0,1,0,0,0,0,0,0
22.33,20,4,0,1,0,0,0,0,0,0,0,0,0,0,0,1,0,0
33.08,8,3,0,1,0,0,0,0,0,0,0,0,0,0,0,0,1,0
177.03,10,5,1,1,0,0,0,0,0,0,0,0,0,0,1,0,0,0
281.11,10,2,0,0,0,0,0,0,1,0,0,0,0,0,1,0,0,0
3.81,11,0,0,1,0,0,0,0,0,0,1,0,0,0,0,0,0,0
23.95,10,3,0,1,0,0,0,0,0,1,0,0,0,0,0,0,0,0
2.02,22,4,0,0,0,1,0,0,0,0,1,0,0,0,0,0,0,0
8.89,13,3,0,0,0,1,0,0,0,0,0,0,0,0,0,1,0,0
73.54,21,6,1,0,0,0,1,0,0,0,0,0,0,1,0,0,0,0
187.29,23,0,0,0,0,0,0,0,1,0,0,0,0,0,1,0,0,0
47.44,11,2,0,0,1,0,0,0,0,0,0,0,0,1,0,0,0,0
2.28,23,5,1,1,0,0,0,0,0,0,1,0,0,0,0,0,0,0
102.58,6,4,0,0,1,0,0,0,0,0,0,0,1,0,0,0,0,0
285.52,9,3,0,1,0,0,0,0,0,0,0,0,0,0,1,0,0,0
37.38,9,4,0,0,1,0,0,0,0,0,0,0,0,0,0,1,0,0
36.84,21,3,0,0,0,1,0,0,0,0,0,0,0,0,0,1,0,0
100.8,19,2,0,1,0,0,0,0,0,0,0,0,0,1,0,0,0,0
22.58,10,3,0,0,0,1,0,0,0,0,0,0,0,0,0,1,0,0
112.86,23,3,0,0,0,0,0,1,0,0,0,0,0,1,0,0,0,0
45.55,9,2,0,0,0,1,0,0,0,0,0,0,0,0,0,1,0,0
35.95,23,2,0,0,0,0,0,0,1,0,0,0,1,0,0,0,0,0
15.51,13,5,1,1,0,0,0,0,0,0,0,0,0,0,0,0,1,0
22.58,23,2,0,0,0,1,0,0,0,0,0,0,0,1,0,0,0,0
38.63,7,0,0,1,0,0,0,0,0,0,0,0,0,0,0,1,0,0
30.14,11,0,0,0,1,0,0,0,0,1,0,0,0,0,0,0,0,0
59.44,6,6,1,0,0,0,0,0,1,0,0,1,0,0,0,0,0,0
46.74,12,2,0,1,0,0,0,0,0,0,0,0,0,0,0,1,0,0
13.6,23,2,0,0,0,0,0,0,1,0,0,0,0,0,0,1,0,0
79.2,9,3,0,0,0,1,0,0,0,0,0,0,0,1,0,0,0,0
44.11,7,6,1,1,0,0,0,0,0,0,0,0,0,1,0,0,0,0
15.0,23,0,0,1,0,0,0,0,0,0,0,0,0,1,0,0,0,0
206.23,21,5,1,0,0,1,0,0,0,0,0,0,0,0,1,0,0,0
190.37,20,0,0,0,0,0,0,1,0,0,0,0,1,0,0,0,0,0
1460.31,21,4,0,0,0,0,0,0,1,0,0,0,0,0,0,1,0,1
11.11,23,5,1,1,0,0,0,0,0,0,0,0,0,0,0,0,1,0
17.76,22,2,0,0,0,0,0,0,1,0,0,0,0,1,0,0,0,0
40.56,15,5,1,0,0,0,0,0,1,0,0,0,0,1,0,0,0,0
1.9,17,1,0,0,0,0,0,0,1,0,1,0,0,0,0,0,0,0
174.7,11,0,0,0,0,1,0,0,0,0,0,0,1,0,0,0,0,0
29.15,11,5,1,0,1,0,0,0,0,1,0,0,0,0,0,0,0,0
2.75,16,2,0,0,1,0,0,0,0,0,1,0,0,0,0,0,0,0
25.61,16,1,0,1,0,0,0,0,0,0,0,0,0,0,0,0,1,0
5.11,7,3,0,1,0,0,0,0,0,0,1,0,0,0,0,0,0,0
30.86,12,4,0,0,0,0,0,1,0,0,0,1,0,0,0,0,0,0
783.94,12,0,0,0,0,0,1,0,0,0,0,1,0,0,0,0,0,1
39.31,16,5,1,0,0,0,0,0,1,0,0,0,0,0,1,0,0,0
159.03,17,4,0,0,0,0,0,0,1,0,0,0,1,0,0,0,0,0
19.52,3,2,0,0,0,0,0,0,1,0,1,0,0,0,0,0,0,1
11.97,4,6,1,0,0,0,0,0,1,0,1,0,0,0,0,0,0,1
104.19,6,0,0,1,0,0,0,0,0,0,0,0,0,1,0,0,0,0
19.74,23,5,1,0,0,0,0,0,1,0,0,0,0,0,0,0,1,0
5.75,22,6,1,0,0,1,0,0,0,0,1,0,0,0,0,0,0,0
71.25,15,6,1,0,0,1,0,0,0,0,0,0,0,0,1,0,0,0
7.01,10,6,1,1,0,0,0,0,0,1,0,0,0,0,0,0,0,0
12.33,16,6,1,0,0,1,0,0,0,1,0,0,0,0,0,0,0,0
94.4,10,1,0,0,1,0,0,0,0,0,0,0,1,0,0,0,0,0
102.66,14,1,0,1,0,0,0,0,0,0,0,0,0,1,0,0,0,0
10.48,14,2,0,0,1,0,0,0,0,0,0,0,0,0,0,1,0,0
12.3,15,5,1,1,0,0,0,0,0,1,0,0,0,0,0,0,0,0
26.16,20,6,1,0,0,0,0,0,1,0,0,0,1,0,0,0,0,0
267.41,4,3,0,0,0,0,0,0,1,0,0,1,0,0,0,0,0,1
21.26,21,6,1,1,0,0,0,0,0,1,0,0,0,0,0,0,0,0
31.93,16,1,0,1,0,0,0,0,0,0,0,1,0,0,0,0,0,0
1625.17,8,6,1,0,0,0,0,0,1,0,0,0,0,0,0,1,0,1
49.8,17,5,1,0,0,1,0,0,0,0,0,0,0,1,0,0,0,0
24.73,8,4,0,0,1,0,0,0,0,0,0,0,0,0,0,0,1,0
30.32,19,4,0,0,1,0,0,0,0,1,0,0,0,0,0,0,0,0
65.9,8,6,1,0,0,0,0,0,1,0,0,1,0,0,0,0,0,0
18.41,15,0,0,0,0,0,1,0,0,0,0,0,0,0,0,1,0,0
4.74,22,2,0,0,0,1,0,0,0,0,1,0,0,0,0,0,0,0
5.51,18,4,0,0,1,0,0,0,0,0,1,0,0,0,0,0,0,0
30.32,7,5,1,1,0,0,0,0,0,0,0,0,0,1,0,0,0,0
27.86,9,0,0,1,0,0,0,0,0,1,0,0,0,0,0,0,0,0
49.1,7,1,0,0,1,0,0,0,0,0,0,0,1,0,0,0,0,0
35.72,23,2,0,0,1,0,0,0,0,0,0,0,0,0,0,0,1,0
28.56,9,0,0,1,0,0,0,0,0,0,0,1,0,0,0,0,0,0
125.74,14,4,0,0,0,0,1,0,0,0,0,0,1,0,0,0,0,0
1234.45,2,5,1,0,0,0,0,0,1,0,0,0,0,0,0,1,0,1
32.27,16,2,0,1,0,0,0,0,0,0,0,0,0,0,0,1,0,0
79.34,23,3,0,0,0,0,0,0,1,0,0,1,0,0,0,0,0,0
43.91,15,5,1,0,0,1,0,0,0,0,0,0,0,0,0,1,0,0
192.1,12,3,0,1,0,0,0,0,0,0,0,0,1,0,0,0,0,0
74.21,14,6,1,1,0,0,0,0,0,0,0,1,0,0,0,0,0,0
9.45,20,3,0,0,0,1,0,0,0,1,0,0,0,0,0,0,0,0
695.61,3,3,0,0,0,1,0,0,0,0,1,0,0,0,0,0,0,1
177.23,11,0,0,1,0,0,0,0,0,0,0,0,1,0,0,0,0,0
7.43,19,1,0,0,0,0,0,0,1,0,0,0,0,0,0,0,1,0
85.17,7,1,0,0,0,0,0,1,0,0,0,0,0,1,0,0,0,0
45.48,17,3,0,0,1,0,0,0,0,0,0,0,0,0,0,1,0,0
111.66,13,6,1,1,0,0,0,0,0,0,0,0,0,0,1,0,0,0
100.75,21,6,1,0,0,1,0,0,0,0,0,0,0,0,1,0,0,0
20.73,9,3,0,1,0,0,0,0,0,0,0,0,0,0,0,0,1,0
3.91,19,2,0,0,0,0,0,0,1,0,1,0,0,0,0,0,0,0
33.49,14,2,0,0,0,0,0,1,0,0,0,1,0,0,0,0,0,0
64.32,10,3,0,0,1,0,0,0,0,0,0,1,0,0,0,0,0,0
158.96,17,4,0,1,0,0,0,0,0,0,0,0,1,0,0,0,0,0
70.87,6,3,0,0,0,0,0,0,1,0,0,0,0,1,0,0,0,0
15.65,12,0,0,1,0,0,0,0,0,0,0,0,0,0,0,1,0,0
51.19,13,0,0,1,0,0,0,0,0,0,0,0,0,0,0,1,0,0
22.3,23,1,0,1,0,0,0,0,0,0,0,0,1,0,0,0,0,0
23.39,11,5,1,0,0,0,0,0,1,0,0,0,0,0,0,0,1,0
1485.11,1,1,0,0,0,0,0,0,1,0,0,0,0,0,0,0,1,1
19.79,23,1,0,0,0,0,0,0,1,1,0,0,0,0,0,0,0,0
13.8,16,1,0,1,0,0,0,0,0,0,0,0,0,0,0,0,1,0
1204.26,13,6,1,0,0,0,0,0,1,0,0,0,0,0,0,0,1,1
294.16,14,1,0,0,0,0,0,0,1,0,0,0,0,0,1,0,0,0
29.0,13,1,0,0,0,0,0,0,1,0,0,0,0,0,0,1,0,0
30.2,0,4,0,0,0,0,0,0,1,0,0,0,0,0,0,0,1,1
4.57,7,2,0,1,0,0,0,0,0,0,1,0,0,0,0,0,0,0
54.16,16,6,1,0,0,0,1,0,0,0,0,0,0,0,0,1,0,0
30.83,8,4,0,1,0,0,0,0,0,0,0,0,0,1,0,0,0,0
33.59,12,2,0,1,0,0,0,0,0,0,0,1,0,0,0,0,0,0
28.34,22,4,0,1,0,0,0,0,0,0,0,0,0,0,0,1,0,0
4.31,12,0,0,0,0,1,0,0,0,0,1,0,0,0,0,0,0,0
23.99,9,0,0,1,0,0,0,0,0,1,0,0,0,0,0,0,0,0
30.03,21,4,0,1,0,0,0,0,0,0,0,0,0,0,0,0,1,0
33.75,17,3,0,1,0,0,0,0,0,0,0,0,0,0,0,0,1,0
252.16,19,3,0,0,0,1,0,0,0,0,0,0,0,0,1,0,0,0
86.47,12,0,0,0,0,0,0,1,0,0,0,0,0,1,0,0,0,0
71.56,9,0,0,1,0,0,0,0,0,0,0,0,0,1,0,0,0,0
16.26,13,1,0,0,0,0,0,0,1,1,0,0,0,0,0,0,0,0
241.2,12,0,0,0,0,1,0,0,0,0,0,0,0,0,1,0,0,0
50.91,17,1,0,0,0,0,0,0,1,0,0,0,0,0,0,1,0,0
28.07,21,2,0,1,0,0,0,0,0,0,0,0,0,0,0,0,1,0
18.11,11,0,0,1,0,0,0,0,0,0,0,0,0,0,0,0,1,0
42.37,7,4,0,1,0,0,0,0,0,0,0,0,0,0,0,1,0,0
18.75,14,3,0,0,0,0,0,0,1,1,0,0,0,0,0,0,0,0
5.79,10,5,1,1,0,0,0,0,0,0,1,0,0,0,0,0,0,0
7.83,14,3,0,0,0,0,0,0,1,1,0,0,0,0,0,0,0,0
269.49,4,5,1,0,0,0,0,0,1,0,0,0,0,0,0,1,0,1
547.17,18,4,0,0,0,0,1,0,0,1,0,0,0,0,0,0,0,1
28.64,8,0,0,1,0,0,0,0,0,0,0,0,0,0,1,0,0,0
24.03,23,4,0,0,0,1,0,0,0,0,0,1,0,0,0,0,0,0
3.19,16,0,0,1,0,0,0,0,0,0,1,0,0,0,0,0,0,0
199.23,14,2,0,0,0,0,0,1,0,0,0,0,0,0,1,0,0,0
392.19,4,2,0,0,0,0,0,0,1,0,0,0,0,1,0,0,0,1
70.81,7,1,0,1,0,0,0,0,0,0,0,0,0,0,1,0,0,0
30.85,21,4,0,1,0,0,0,0,0,0,0,1,0,0,0,0,0,0
28.63,23,5,1,0,0,1,0,0,0,0,0,1,0,0,0,0,0,0
4.6,16,3,0,1,0,0,0,0,0,0,1,0,0,0,0,0,0,0
43.51,18,3,0,0,0,0,0,0,1,0,0,0,1,0,0,0,0,0
14.42,16,0,0,1,0,0,0,0,0,0,0,0,0,0,0,0,1,0
2480.72,15,3,0,0,0,1,0,0,0,0,0,0,1,0,0,0,0,1
28.98,20,1,0,0,0,0,0,0,1,1,0,0,0,0,0,0,0,0
7.29,15,4,0,1,0,0,0,0,0,0,0,0,0,0,0,0,1,0
24.76,14,4,0,0,0,0,0,0,1,0,0,0,0,0,0,1,0,0
440.96,3,5,1,0,0,1,0,0,0,0,1,0,0,0,0,0,0,1
48.74,18,1,0,1,0,0,0,0,0,0,0,0,0,0,0,1,0,0
37.15,10,1,0,1,0,0,0,0,0,0,0,0,0,1,0,0,0,0
106.94,19,0,0,0,0,1,0,0,0,0,0,0,0,0,1,0,0,0
64.7,16,3,0,1,0,0,0,0,0,0,0,0,1,0,0,0,0,0
10.57,13,4,0,1,0,0,0,0,0,0,0,0,0,0,0,1,0,0
48.73,19,1,0,0,0,1,0,0,0,0,0,0,0,0,0,1,0,0
158.7,23,1,0,0,1,0,0,0,0,0,0,0,0,0,1,0,0,0
167.9,13,6,1,0,0,1,0,0,0,0,0,0,1,0,0,0,0,0
54.64,20,4,0,0,0,1,0,0,0,0,0,0,0,1,0,0,0,0
188.88,23,0,0,0,0,0,0,0,1,0,0,0,1,0,0,0,0,0
71.06,15,3,0,0,0,1,0,0,0,0,0,1,0,0,0,0,0,0
58.0,12,0,0,1,0,0,0,0,0,0,0,0,0,0,1,0,0,0
94.68,19,4,0,0,0,0,1,0,0,0,0,0,0,0,1,0,0,0
149.94,13,4,0,0,0,0,0,0,1,0,0,0,1,0,0,0,0,0
12.07,18,0,0,0,0,1,0,0,0,1,0,0,0,0,0,0,0,0
30.97,9,2,0,1,0,0,0,0,0,0,0,0,0,0,0,0,1,0
201.18,20,2,0,1,0,0,0,0,0,0,0,0,0,0,1,0,0,0
115.69,8,6,1,0,0,0,0,0,1,0,0,0,0,1,0,0,0,0
789.09,2,6,1,0,0,0,0,0,1,1,0,0,0,0,0,0,0,1
15.08,21,5,1,1,0,0,0,0,0,1,0,0,0,0,0,0,0,0
90.41,23,5,1,0,0,0,1,0,0,0,0,0,0,1,0,0,0,0
2.2,23,4,0,1,0,0,0,0,0,0,1,0,0,0,0,0,0,0
20.61,15,6,1,0,1,0,0,0,0,1,0,0,0,0,0,0,0,0
26.63,18,3,0,0,0,0,0,0,1,1,0,0,0,0,0,0,0,0
3.94,18,1,0,0,0,0,0,0,1,0,1,0,0,0,0,0,0,0
33.6,19,5,1,1,0,0,0,0,0,0,0,0,0,1,0,0,0,0
42.72,21,6,1,1,0,0,0,0,0,0,0,0,0,1,0,0,0,0
45.4,18,4,0,0,1,0,0,0,0,0,0,0,0,1,0,0,0,0
13.08,19,1,0,1,0,0,0,0,0,0,0,0,0,0,0,0,1,0
11.64,23,4,0,1,0,0,0,0,0,0,0,0,0,0,0,0,1,0
893.35,22,3,0,1,0,0,0,0,0,0,0,0,0,1,0,0,0,1
27.45,18,1,0,0,0,0,0,1,0,0,0,0,0,0,0,1,0,0
31.8,12,3,0,1,0,0,0,0,0,0,0,1,0,0,0,0,0,0
30.39,23,4,0,0,1,0,0,0,0,0,0,0,0,0,1,0,0,0
140.91,11,4,0,0,0,0,0,0,1,0,0,0,0,0,1,0,0,0
295.68,21,1,0,0,1,0,0,0,0,0,0,0,0,0,1,0,0,0
764.25,2,3,0,0,0,1,0,0,0,0,0,0,0,0,0,1,0,1
29.37,6,6,1,1,0,0,0,0,0,0,0,0,1,0,0,0,0,0
730.47,4,1,0,0,0,0,0,0,1,0,0,0,0,0,1,0,0,1
199.46,7,2,0,1,0,0,0,0,0,0,0,0,1,0,0,0,0,0
166.54,23,0,0,0,0,0,0,0,1,0,0,0,0,0,1,0,0,0
80.85,21,5,1,1,0,0,0,0,0,0,0,0,0,1,0,0,0,0
16.8,9,6,1,0,0,0,1,0,0,0,0,1,0,0,0,0,0,0
178.35,21,5,1,1,0,0,0,0,0,0,0,0,0,0,1,0,0,0
194.82,23,1,0,1,0,0,0,0,0,0,0,0,1,0,0,0,0,0
197.69,17,6,1,0,0,0,0,0,1,0,0,0,1,0,0,0,0,0
2.94,12,3,0,1,0,0,0,0,0,0,1,0,0,0,0,0,0,0
55.41,9,3,0,1,0,0,0,0,0,0,0,0,1,0,0,0,0,0
506.74,0,6,1,1,0,0,0,0,0,0,0,1,0,0,0,0,0,1
223.6,4,6,1,0,0,0,0,0,1,0,0,1,0,0,0,0,0,1
23.87,7,3,0,1,0,0,0,0,0,0,0,0,0,0,0,0,1,0
34.88,20,6,1,0,0,0,0,0,1,1,0,0,0,0,0,0,0,0
91.52,8,1,0,0,0,0,0,0,1,0,0,0,0,1,0,0,0,0
440.81,1,4,0,0,0,0,0,0,1,0,0,0,0,0,1,0,0,1
10.6,20,2,0,0,1,0,0,0,0,0,0,0,0,0,0,0,1,0
99.32,0,1,0,0,0,0,0,0,1,0,0,0,1,0,0,0,0,1
1325.56,1,6,1,0,0,0,0,0,1,0,0,0,0,1,0,0,0,1
55.59,17,4,0,0,0,0,0,1,0,0,0,0,0,0,0,1,0,0
37.37,12,3,0,0,0,1,0,0,0,0,0,0,0,0,0,1,0,0
27.48,9,0,0,1,0,0,0,0,0,0,0,0,0,0,0,0,1,0
1.73,20,6,1,0,1,0,0,0,0,0,1,0,0,0,0,0,0,0
116.82,9,4,0,0,1,0,0,0,0,0,0,0,0,1,0,0,0,0
370.64,9,1,0,0,0,0,0,0,1,0,1,0,0,0,0,0,0,1
27.84,21,6,1,0,0,0,0,0,1,0,0,0,0,0,1,0,0,0
4.8,22,5,1,0,0,0,0,1,0,0,1,0,0,0,0,0,0,0
40.83,10,6,1,0,0,0,0,0,1,0,0,1,0,0,0,0,0,0
5.32,12,3,0,1,0,0,0,0,0,1,0,0,0,0,0,0,0,0
18.02,21,4,0,0,1,0,0,0,0,0,0,0,0,0,0,0,1,0
4.05,21,6,1,1,0,0,0,0,0,0,1,0,0,0,0,0,0,0
105.73,8,0,0,0,0,0,0,0,1,0,0,0,0,1,0,0,0,0
84.51,10,5,1,0,0,0,0,0,1,0,0,0,0,1,0,0,0,0
77.17,9,0,0,0,1,0,0,0,0,0,0,1,0,0,0,0,0,0
87.55,7,4,0,0,0,0,0,0,1,0,0,0,0,1,0,0,0,0
190.89,21,1,0,1,0,0,0,0,0,0,0,0,0,0,1,0,0,0
111.61,0,0,0,0,0,0,0,0,1,0,0,0,0,1,0,0,0,1
29.0,23,0,0,0,1,0,0,0,0,0,0,0,0,0,0,0,1,0
2.59,17,1,0,0,0,0,1,0,0,0,1,0,0,0,0,0,0,0
3.3,21,5,1,1,0,0,0,0,0,0,1,0,0,0,0,0,0,0
58.6,13,3,0,0,1,0,0,0,0,0,0,1,0,0,0,0,0,0
5.24,12,5,1,0,0,0,0,1,0,0,0,0,0,0,0,1,0,0
23.86,23,1,0,1,0,0,0,0,0,1,0,0,0,0,0,0,0,0
129.86,11,5,1,1,0,0,0,0,0,0,0,0,1,0,0,0,0,0
293.63,10,6,1,0,0,0,0,1,0,0,0,0,0,0,1,0,0,0
104.47,12,1,0,0,1,0,0,0,0,0,0,0,0,1,0,0,0,0
10.35,23,6,1,0,0,0,0,0,1,0,0,0,0,0,0,1,0,0
27.11,22,5,1,0,1,0,0,0,0,0,0,0,0,0,0,0,1,0
87.88,7,2,0,0,0,0,0,1,0,0,0,0,0,0,1,0,0,0
17.02,18,1,0,1,0,0,0,0,0,0,0,0,0,0,0,1,0,0
39.95,10,3,0,0,0,1,0,0,0,0,0,1,0,0,0,0,0,0
10.0,23,6,1,1,0,0,0,0,0,0,0,0,0,1,0,0,0,0
116.64,12,4,0,0,1,0,0,0,0,0,0,0,0,1,0,0,0,0
16.81,23,1,0,1,0,0,0,0,0,0,0,0,0,0,0,1,0,0
5.82,22,6,1,1,0,0,0,0,0,0,1,0,0,0,0,0,0,0
61.31,23,6,1,1,0,0,0,0,0,0,0,0,0,1,0,0,0,0
21.71,16,2,0,0,1,0,0,0,0,1,0,0,0,0,0,0,0,0
2.17,12,0,0,1,0,0,0,0,0,0,1,0,0,0,0,0,0,0
11.01,7,1,0,1,0,0,0,0,0,0,0,1,0,0,0,0,0,0
3.27,9,4,0,1,0,0,0,0,0,0,1,0,0,0,0,0,0,0
60.78,9,2,0,0,0,0,0,0,1,0,0,0,0,0,1,0,0,0
2783.34,1,4,0,0,1,0,0,0,0,0,0,0,0,0,1,0,0,1
876.76,10,0,0,0,0,1,0,0,0,0,0,0,0,0,0,1,0,1
1904.34,4,2,0,0,0,0,0,0,1,0,0,0,0,0,1,0,0,1
34.38,19,2,0,0,1,0,0,0,0,0,0,0,0,0,0,1,0,0
10.56,23,3,0,1,0,0,0,0,0,0,0,0,0,0,0,1,0,0
15.12,9,5,1,0,1,0,0,0,0,0,0,0,0,0,0,1,0,0
459.83,9,2,0,0,0,0,1,0,0,1,0,0,0,0,0,0,0,1
10.95,18,2,0,1,0,0,0,0,0,1,0,0,0,0,0,0,0,0
3.45,14,4,0,0,0,1,0,0,0,0,1,0,0,0,0,0,0,0
40.54,6,0,0,0,0,0,0,0,1,0,0,1,0,0,0,0,0,0
284.46,18,3,0,0,1,0,0,0,0,0,0,0,0,0,1,0,0,0
71.58,20,2,0,1,0,0,0,0,0,0,0,1,0,0,0,0,0,0
86.0,7,4,0,0,0,1,0,0,0,0,0,0,0,0,1,0,0,0
80.93,13,1,0,0,0,0,0,0,1,0,0,0,0,1,0,0,0,0
36.13,17,0,0,0,1,0,0,0,0,0,0,1,0,0,0,0,0,0
29.41,18,3,0,1,0,0,0,0,0,0,0,0,0,0,0,0,1,0
274.76,14,5,1,0,0,0,0,0,1,0,0,0,0,0,1,0,0,0
95.47,22,2,0,0,1,0,0,0,0,0,0,0,0,0,1,0,0,0
42.74,20,2,0,0,0,0,0,0,1,0,0,0,0,0,0,1,0,0
24.17,19,2,0,0,0,0,0,0,1,1,0,0,0,0,0,0,0,0
32.23,18,2,0,1,0,0,0,0,0,0,0,0,0,0,0,1,0,0
17.22,6,2,0,0,1,0,0,0,0,0,0,0,0,0,0,1,0,0
30.22,11,4,0,0,1,0,0,0,0,1,0,0,0,0,0,0,0,0
9.01,20,2,0,1,0,0,0,0,0,0,0,0,0,0,0,0,1,0
19.41,14,0,0,1,0,0,0,0,0,0,0,0,0,0,0,1,0,0
1.56,19,2,0,0,0,0,0,0,1,0,1,0,0,0,0,0,0,0
2.14,19,1,0,0,1,0,0,0,0,0,1,0,0,0,0,0,0,0
8.08,20,2,0,1,0,0,0,0,0,1,0,0,0,0,0,0,0,0
69.26,10,5,1,0,0,0,0,0,1,0,0,1,0,0,0,0,0,0
38.72,10,6,1,0,0,0,0,1,0,0,0,0,1,0,0,0,0,0
53.06,13,3,0,0,1,0,0,0,0,0,0,1,0,0,0,0,0,0
185.93,11,5,1,0,0,0,0,0,1,0,0,0,0,0,1,0,0,0
17.94,9,3,0,1,0,0,0,0,0,0,0,0,0,0,0,0,1,0
171.93,7,0,0,0,0,0,0,0,1,0,0,0,0,0,1,0,0,0
20.26,11,3,0,0,0,0,0,0,1,1,0,0,0,0,0,0,0,0
75.54,11,5,1,0,0,1,0,0,0,0,0,1,0,0,0,0,0,0
71.94,8,6,1,0,1,0,0,0,0,0,0,0,0,1,0,0,0,0
100.39,20,4,0,0,0,1,0,0,0,0,0,0,0,1,0,0,0,0
2.91,22,2,0,0,0,0,0,0,1,0,1,0,0,0,0,0,0,0
67.33,7,0,0,1,0,0,0,0,0,0,0,1,0,0,0,0,0,0
99.93,6,5,1,1,0,0,0,0,0,0,0,0,1,0,0,0,0,0
70.69,20,2,0,1,0,0,0,0,0,0,0,0,1,0,0,0,0,0
124.89,7,2,0,1,0,0,0,0,0,0,0,0,1,0,0,0,0,0
1759.07,18,0,0,1,0,0,0,0,0,0,0,0,0,0,1,0,0,1
58.37,12,2,0,0,0,0,0,1,0,0,0,0,1,0,0,0,0,0
24.55,8,2,0,0,0,1,0,0,0,1,0,0,0,0,0,0,0,0
2077.55,3,4,0,0,0,0,1,0,0,0,0,0,1,0,0,0,0,1
188.69,14,6,1,0,0,0,0,0,1,0,0,0,1,0,0,0,0,0
211.6,20,4,0,0,1,0,0,0,0,0,0,0,0,0,1,0,0,0
63.74,11,4,0,0,0,0,0,0,1,0,0,1,0,0,0,0,0,0
40.93,6,5,1,0,0,0,1,0,0,0,0,1,0,0,0,0,0,0
50.38,19,3,0,1,0,0,0,0,0,0,0,0,0,0,0,1,0,0
21.01,7,2,0,1,0,0,0,0,0,1,0,0,0,0,0,0,0,0
35.39,20,3,0,1,0,0,0,0,0,0,0,1,0,0,0,0,0,0
1539.97,21,1,0,0,0,0,0,0,1,0,0,0,0,0,0,1,0,1
20.93,6,1,0,1,0,0,0,0,0,0,0,1,0,0,0,0,0,0
149.37,18,3,0,1,0,0,0,0,0,0,0,0,1,0,0,0,0,0
83.6,12,3,0,0,0,0,0,1,0,0,0,0,0,1,0,0,0,0
140.48,22,1,0,1,0,0,0,0,0,0,0,0,0,0,1,0,0,0
210.84,18,0,0,1,0,0,0,0,0,0,0,0,0,0,1,0,0,0
15.7,21,1,0,0,0,0,0,0,1,0,0,0,1,0,0,0,0,0
32.99,7,5,1,0,0,0,0,1,0,0,0,0,0,0,0,0,1,0
26.17,23,6,1,0,0,1,0,0,0,0,0,0,0,1,0,0,0,0
8.05,23,6,1,1,0,0,0,0,0,0,0,0,0,0,0,0,1,0
16.85,16,6,1,1,0,0,0,0,0,1,0,0,0,0,0,0,0,0
16.3,21,1,0,1,0,0,0,0,0,0,0,0,1,0,0,0,0,0
14.74,14,0,0,1,0,0,0,0,0,1,0,0,0,0,0,0,0,0
55.32,18,1,0,1,0,0,0,0,0,0,0,0,1,0,0,0,0,0
142.95,13,5,1,0,0,0,0,1,0,0,0,0,1,0,0,0,0,0
3.81,22,5,1,1,0,0,0,0,0,0,1,0,0,0,0,0,0,0
43.2,23,1,0,0,0,0,0,0,1,0,0,1,0,0,0,0,0,0
32.3,23,3,0,0,0,0,0,0,1,0,0,0,0,0,0,1,0,0
14.07,16,0,0,1,0,0,0,0,0,0,0,0,0,0,0,1,0,0
4.67,20,1,0,1,0,0,0,0,0,0,1,0,0,0,0,0,0,0
18.36,11,3,0,0,1,0,0,0,0,0,0,0,0,0,0,0,1,0
91.35,21,6,1,1,0,0,0,0,0,0,0,0,1,0,0,0,0,0
57.34,23,1,0,1,0,0,0,0,0,0,0,0,0,0,0,1,0,0
18.74,16,2,0,1,0,0,0,0,0,0,0,0,0,1,0,0,0,0
2452.57,15,3,0,0,0,0,0,1,0,0,0,0,1,0,0,0,0,1
18.16,8,1,0,1,0,0,0,0,0,1,0,0,0,0,0,0,0,0
341.09,4,6,1,0,0,0,0,0,1,0,0,0,1,0,0,0,0,1
29.26,20,2,0,1,0,0,0,0,0,0,0,0,0,0,0,1,0,0
705.46,19,5,1,0,0,0,0,0,1,0,0,1,0,0,0,0,0,1
15.57,8,3,0,1,0,0,0,0,0,0,0,1,0,0,0,0,0,0
23.97,21,3,0,1,0,0,0,0,0,0,0,0,0,0,0,0,1,0
21.06,14,1,0,1,0,0,0,0,0,1,0,0,0,0,0,0,0,0
37.36,7,2,0,1,0,0,0,0,0,0,0,0,0,1,0,0,0,0
8.22,16,0,0,0,0,1,0,0,0,1,0,0,0,0,0,0,0,0
9.1,23,2,0,0,1,0,0,0,0,0,0,0,0,0,0,0,1,0
53.56,23,1,0,1,0,0,0,0,0,0,0,0,1,0,0,0,0,0
39.54,11,1,0,0,0,0,0,0,1,0,0,0,0,0,0,1,0,0
64.14,23,4,0,1,0,0,0,0,0,0,0,0,0,1,0,0,0,0
19.77,7,6,1,1,0,0,0,0,0,0,0,0,0,1,0,0,0,0
1.58,21,3,0,1,0,0,0,0,0,0,1,0,0,0,0,0,0,0
1900.66,22,5,1,0,0,0,0,1,0,0,0,0,0,1,0,0,0,1
44.11,16,3,0,0,0,0,0,0,1,0,0,1,0,0,0,0,0,0
47.97,22,0,0,1,0,0,0,0,0,0,0,0,0,0,0,1,0,0
29.03,12,3,0,0,1,0,0,0,0,0,0,0,0,0,0,0,1,0
19.21,18,3,0,0,0,0,0,0,1,1,0,0,0,0,0,0,0,0
29.95,19,2,0,0,1,0,0,0,0,1,0,0,0,0,0,0,0,0
6.32,16,6,1,1,0,0,0,0,0,0,0,0,0,0,0,0,1,0
27.7,9,1,0,0,0,0,0,0,1,0,0,0,0,0,0,0,1,0
34.04,10,4,0,0,0,0,0,0,1,1,0,0,0,0,0,0,0,0
17.42,18,5,1,0,0,1,0,0,0,0,0,0,0,1,0,0,0,0
293.2,2,3,0,0,0,0,0,0,1,0,0,1,0,0,0,0,0,1
25.82,14,6,1,0,1,0,0,0,0,0,0,0,0,1,0,0,0,0
182.44,17,2,0,1,0,0,0,0,0,0,0,0,1,0,0,0,0,0
44.83,9,5,1,1,0,0,0,0,0,0,0,0,0,0,1,0,0,0
24.39,9,4,0,1,0,0,0,0,0,0,0,0,0,0,0,0,1,0
1718.89,16,0,0,0,1,0,0,0,0,0,0,0,0,0,0,1,0,1
17.95,15,3,0,1,0,0,0,0,0,0,0,1,0,0,0,0,0,0
193.43,6,4,0,1,0,0,0,0,0,0,0,0,0,0,1,0,0,0
55.18,12,0,0,0,1,0,0,0,0,0,0,0,1,0,0,0,0,0
94.1,7,0,0,0,0,0,1,0,0,0,0,0,1,0,0,0,0,0
14.24,9,3,0,0,0,0,0,0,1,0,0,0,0,0,0,0,1,0
26.58,18,2,0,1,0,0,0,0,0,0,0,1,0,0,0,0,0,0
26.93,17,4,0,0,0,0,0,1,0,0,0,1,0,0,0,0,0,0
40.84,17,6,1,0,0,0,0,0,1,0,0,0,0,0,0,1,0,0
56.47,12,5,1,1,0,0,0,0,0,0,0,1,0,0,0,0,0,0
5.05,23,4,0,0,0,0,0,1,0,0,1,0,0,0,0,0,0,0
3248.34,18,4,0,0,0,0,0,0,1,0,0,0,0,0,1,0,0,1
11.69,21,5,1,0,1,0,0,0,0,0,0,0,0,0,0,1,0,0
110.16,21,4,0,1,0,0,0,0,0,0,0,0,0,0,1,0,0,0
30.91,9,1,0,0,0,1,0,0,0,1,0,0,0,0,0,0,0,0
118.77,9,4,0,1,0,0,0,0,0,0,0,0,0,1,0,0,0,0
27.24,22,1,0,1,0,0,0,0,0,0,0,0,0,0,0,1,0,0
241.63,6,5,1,0,1,0,0,0,0,0,0,0,0,0,1,0,0,0
7.54,22,5,1,1,0,0,0,0,0,1,0,0,0,0,0,0,0,0
488.32,0,3,0,0,0,0,0,0,1,0,1,0,0,0,0,0,0,1
17.45,22,6,1,1,0,0,0,0,0,1,0,0,0,0,0,0,0,0
275.23,7,0,0,1,0,0,0,0,0,0,0,0,0,0,1,0,0,0
21.93,9,1,0,1,0,0,0,0,0,0,0,0,0,0,0,0,1,0
16.5,14,5,1,0,0,0,0,0,1,1,0,0,0,0,0,0,0,0
1.88,23,6,1,0,1,0,0,0,0,0,1,0,0,0,0,0,0,0
69.25,23,4,0,0,1,0,0,0,0,0,0,1,0,0,0,0,0,0
29.19,13,6,1,1,0,0,0,0,0,0,0,0,0,0,0,0,1,0
57.05,16,4,0,0,0,0,0,0,1,0,0,0,0,0,1,0,0,0
28.88,8,1,0,0,0,0,0,1,0,0,0,0,0,0,0,1,0,0
29.89,20,5,1,0,0,1,0,0,0,0,0,0,0,0,0,1,0,0
130.59,23,2,0,0,0,1,0,0,0,0,0,0,1,0,0,0,0,0
183.72,21,3,0,0,0,0,0,0,1,0,0,0,1,0,0,0,0,0
26.83,14,4,0,1,0,0,0,0,0,0,0,1,0,0,0,0,0,0
14.41,6,2,0,0,0,0,1,0,0,0,0,1,0,0,0,0,0,0
27.33,13,1,0,0,1,0,0,0,0,0,0,0,0,0,0,0,1,0
765.3,9,3,0,1,0,0,0,0,0,1,0,0,0,0,0,0,0,1
15.44,11,3,0,1,0,0,0,0,0,1,0,0,0,0,0,0,0,0
37.89,22,1,0,0,0,0,0,0,1,0,0,0,0,0,0,0,1,0
9.6,10,3,0,1,0,0,0,0,0,0,0,0,0,0,0,1,0,0
4.53,11,1,0,1,0,0,0,0,0,0,1,0,0,0,0,0,0,0
59.09,9,5,1,0,1,0,0,0,0,0,0,1,0,0,0,0,0,0
22.42,12,6,1,1,0,0,0,0,0,0,0,0,0,0,0,0,1,0
42.43,11,0,0,1,0,0,0,0,0,0,0,0,0,1,0,0,0,0
53.99,21,5,1,0,0,0,0,0,1,0,0,0,1,0,0,0,0,0
18.25,23,1,0,0,0,0,0,0,1,1,0,0,0,0,0,0,0,0
26.93,8,6,1,0,1,0,0,0,0,1,0,0,0,0,0,0,0,0
4.41,9,1,0,1,0,0,0,0,0,0,1,0,0,0,0,0,0,0
2.83,12,4,0,0,1,0,0,0,0,0,1,0,0,0,0,0,0,0
1472.69,0,3,0,0,0,1,0,0,0,0,0,0,0,0,0,0,1,1
17.2,8,2,0,0,0,0,0,0,1,0,0,0,0,0,0,1,0,0
32.09,16,4,0,1,0,0,0,0,0,0,0,1,0,0,0,0,0,0
115.98,0,1,0,0,0,0,0,0,1,0,0,0,0,0,0,1,0,1
3.38,22,5,1,0,0,1,0,0,0,0,1,0,0,0,0,0,0,0
92.66,11,4,0,1,0,0,0,0,0,0,0,0,0,1,0,0,0,0
14.01,3,5,1,0,0,0,0,0,1,0,1,0,0,0,0,0,0,1
18.76,20,5,1,0,0,0,0,0,1,0,0,1,0,0,0,0,0,0
31.41,15,3,0,0,1,0,0,0,0,0,0,0,0,0,0,0,1,0
256.07,19,5,1,1,0,0,0,0,0,0,0,0,0,0,1,0,0,0
5.49,10,6,1,1,0,0,0,0,0,0,0,0,0,0,0,0,1,0
13.05,23,2,0,1,0,0,0,0,0,0,0,0,0,0,0,0,1,0
142.36,21,4,0,1,0,0,0,0,0,0,0,0,1,0,0,0,0,0
20.88,22,2,0,1,0,0,0,0,0,0,0,1,0,0,0,0,0,0
1.77,20,5,1,0,0,1,0,0,0,0,1,0,0,0,0,0,0,0
96.4,23,5,1,0,0,0,0,1,0,0,0,0,0,1,0,0,0,0
191.72,6,2,0,1,0,0,0,0,0,0,0,0,0,0,1,0,0,0
6.83,19,4,0,1,0,0,0,0,0,0,0,0,0,0,0,0,1,0
152.56,15,4,0,1,0,0,0,0,0,0,0,0,1,0,0,0,0,0
221.1,15,6,1,1,0,0,0,0,0,0,0,0,0,0,1,0,0,0
16.71,6,2,0,0,0,0,0,0,1,0,0,1,0,0,0,0,0,0
120.95,11,4,0,0,0,0,0,0,1,0,0,0,1,0,0,0,0,0
128.89,13,1,0,0,1,0,0,0,0,0,0,0,0,0,1,0,0,0
6.95,15,2,0,1,0,0,0,0,0,0,0,0,0,0,0,0,1,0
11.03,8,1,0,0,1,0,0,0,0,0,0,0,0,0,0,1,0,0
152.12,13,6,1,0,1,0,0,0,0,0,0,0,1,0,0,0,0,0
2.61,17,1,0,0,0,0,1,0,0,0,1,0,0,0,0,0,0,0
71.42,9,2,0,0,0,0,0,0,1,0,0,1,0,0,0,0,0,0
32.29,12,2,0,0,1,0,0,0,0,0,0,1,0,0,0,0,0,0
25.56,23,0,0,1,0,0,0,0,0,1,0,0,0,0,0,0,0,0
32.23,6,2,0,0,0,0,0,0,1,0,0,0,0,0,0,0,1,0
132.4,16,2,0,0,0,1,0,0,0,0,0,0,1,0,0,0,0,0
198.17,19,4,0,0,0,0,1,0,0,0,0,0,1,0,0,0,0,0
32.81,20,6,1,1,0,0,0,0,0,0,0,0,0,1,0,0,0,0
8.04,23,4,0,1,0,0,0,0,0,1,0,0,0,0,0,0,0,0
14.58,10,4,0,0,1,0,0,0,0,1,0,0,0,0,0,0,0,0
191.93,6,5,1,0,0,0,0,0,1,0,0,0,0,0,1,0,0,0
969.12,2,5,1,0,0,1,0,0,0,0,0,1,0,0,0,0,0,1
52.08,17,1,0,0,0,0,1,0,0,0,0,0,0,0,0,1,0,0
108.31,21,6,1,0,0,1,0,0,0,0,0,0,1,0,0,0,0,0
529.23,3,6,1,0,0,0,0,0,1,0,0,0,0,1,0,0,0,1
14.3,23,2,0,0,0,1,0,0,0,0,0,0,0,1,0,0,0,0
19.99,18,0,0,1,0,0,0,0,0,1,0,0,0,0,0,0,0,0
86.22,16,4,0,0,0,1,0,0,0,0,0,0,0,1,0,0,0,0
64.52,19,6,1,0,0,1,0,0,0,0,0,1,0,0,0,0,0,0
1576.15,13,5,1,0,1,0,0,0,0,0,0,0,1,0,0,0,0,1
28.53,18,1,0,0,0,1,0,0,0,0,0,0,0,0,0,0,1,0
359.86,2,5,1,0,0,0,0,0,1,0,0,1,0,0,0,0,0,1
1.77,16,5,1,0,0,0,0,0,1,0,1,0,0,0,0,0,0,0
14.82,21,3,0,1,0,0,0,0,0,1,0,0,0,0,0,0,0,0
633.12,2,5,1,0,0,0,1,0,0,0,1,0,0,0,0,0,0,1
15.8,9,3,0,0,1,0,0,0,0,0,0,1,0,0,0,0,0,0
811.58,2,4,0,0,0,0,1,0,0,0,0,1,0,0,0,0,0,1
64.68,19,2,0,1,0,0,0,0,0,0,0,0,0,1,0,0,0,0
68.49,19,6,1,0,0,0,0,0,1,0,0,0,1,0,0,0,0,0
47.11,10,1,0,0,0,0,1,0,0,0,0,0,0,0,0,1,0,0
37.3,15,3,0,1,0,0,0,0,0,0,0,0,0,0,0,0,1,0
33.8,20,4,0,1,0,0,0,0,0,0,0,0,0,0,0,0,1,0
93.08,0,0,0,0,0,0,0,0,1,1,0,0,0,0,0,0,0,1
2027.61,3,3,0,0,0,0,0,0,1,0,0,0,0,1,0,0,0,1
9.62,16,1,0,0,1,0,0,0,0,1,0,0,0,0,0,0,0,0
5.86,15,5,1,1,0,0,0,0,0,0,1,0,0,0,0,0,0,0
24.65,17,4,0,0,0,0,1,0,0,0,0,0,0,0,0,1,0,0
11.15,10,4,0,0,0,0,1,0,0,0,0,0,0,0,0,1,0,0
268.29,20,3,0,1,0,0,0,0,0,0,0,0,0,0,1,0,0,0
53.18,16,1,0,0,0,0,0,0,1,0,0,1,0,0,0,0,0,0
138.44,7,2,0,0,1,0,0,0,0,0,0,0,1,0,0,0,0,0
809.02,15,5,1,0,0,0,0,0,1,0,0,0,0,0,0,1,0,1
34.9,15,1,0,0,1,0,0,0,0,1,0,0,0,0,0,0,0,0
4.62,7,0,0,0,0,1,0,0,0,0,1,0,0,0,0,0,0,0
47.43,17,1,0,0,1,0,0,0,0,0,0,0,0,0,0,1,0,0
10.06,12,3,0,1,0,0,0,0,0,0,0,0,0,0,0,1,0,0
5.96,23,6,1,0,1,0,0,0,0,0,1,0,0,0,0,0,0,0
114.6,16,5,1,1,0,0,0,0,0,0,0,0,1,0,0,0,0,0
34.29,19,1,0,0,1,0,0,0,0,0,0,0,0,0,0,1,0,0
73.8,21,5,1,0,1,0,0,0,0,0,0,0,0,1,0,0,0,0
74.51,13,3,0,1,0,0,0,0,0,0,0,0,1,0,0,0,0,0
28.16,9,0,0,1,0,0,0,0,0,1,0,0,0,0,0,0,0,0
2.82,15,5,1,0,1,0,0,0,0,0,1,0,0,0,0,0,0,0
16.22,6,0,0,1,0,0,0,0,0,0,0,0,0,0,0,0,1,0
37.4,8,0,0,0,1,0,0,0,0,0,0,0,0,0,0,0,1,0
19.99,23,5,1,0,1,0,0,0,0,1,0,0,0,0,0,0,0,0
3.68,17,6,1,1,0,0,0,0,0,0,1,0,0,0,0,0,0,0
20.04,13,6,1,0,0,0,0,1,0,0,0,0,0,0,0,0,1,0
8.28,1,4,0,0,0,0,0,0,1,0,1,0,0,0,0,0,0,1
20.26,21,2,0,0,1,0,0,0,0,1,0,0,0,0,0,0,0,0
98.05,13,1,0,1,0,0,0,0,0,0,0,0,1,0,0,0,0,0
15.03,12,5,1,1,0,0,0,0,0,0,0,0,0,0,0,1,0,0
31.03,12,6,1,1,0,0,0,0,0,0,0,1,0,0,0,0,0,0
1233.84,2,0,0,1,0,0,0,0,0,0,0,0,0,0,0,1,0,1
30.9,7,3,0,1,0,0,0,0,0,0,0,0,0,0,0,0,1,0
1.81,10,5,1,0,1,0,0,0,0,0,1,0,0,0,0,0,0,0
16.54,23,4,0,0,1,0,0,0,0,0,0,1,0,0,0,0,0,0
35.7,3,6,1,0,0,0,0,0,1,1,0,0,0,0,0,0,0,1
94.25,18,0,0,1,0,0,0,0,0,0,0,0,0,1,0,0,0,0
45.74,12,2,0,1,0,0,0,0,0,0,0,0,0,0,0,1,0,0
3.34,8,1,0,1,0,0,0,0,0,0,1,0,0,0,0,0,0,0
230.99,6,6,1,1,0,0,0,0,0,0,0,0,0,0,1,0,0,0
28.83,6,5,1,0,0,1,0,0,0,1,0,0,0,0,0,0,0,0
3.08,17,4,0,0,0,0,0,0,1,0,1,0,0,0,0,0,0,0
48.88,12,2,0,0,1,0,0,0,0,0,0,1,0,0,0,0,0,0
30.6,19,0,0,0,0,0,1,0,0,0,0,1,0,0,0,0,0,0
14.85,21,4,0,1,0,0,0,0,0,0,0,0,0,0,0,0,1,0
29.2,7,5,1,0,0,1,0,0,0,0,0,0,0,0,0,0,1,0
2.66,15,5,1,0,0,0,0,1,0,0,1,0,0,0,0,0,0,0
1990.03,3,3,0,0,0,0,1,0,0,0,0,0,0,0,0,1,0,1
35.63,13,1,0,0,0,0,1,0,0,0,0,0,0,0,0,1,0,0
4.39,15,2,0,0,1,0,0,0,0,0,1,0,0,0,0,0,0,0
36.45,10,2,0,0,0,0,0,1,0,0,0,0,0,0,0,1,0,0
53.94,8,0,0,1,0,0,0,0,0,0,0,0,0,1,0,0,0,0
98.56,19,6,1,1,0,0,0,0,0,0,0,0,0,0,1,0,0,0
155.71,23,1,0,1,0,0,0,0,0,0,0,0,0,0,1,0,0,0
38.32,6,0,0,0,1,0,0,0,0,0,0,1,0,0,0,0,0,0
90.0,23,3,0,0,1,0,0,0,0,0,0,0,0,0,1,0,0,0
33.04,18,0,0,1,0,0,0,0,0,1,0,0,0,0,0,0,0,0
18.81,11,2,0,0,0,0,0,0,1,1,0,0,0,0,0,0,0,0
6.43,23,2,0,1,0,0,0,0,0,0,0,0,0,0,0,0,1,0
158.88,2,2,0,0,0,0,0,0,1,0,0,0,0,0,0,0,1,1
280.64,7,1,0,1,0,0,0,0,0,0,0,0,0,0,1,0,0,0
26.5,12,3,0,0,1,0,0,0,0,0,0,0,0,1,0,0,0,0
28.12,19,0,0,0,1,0,0,0,0,1,0,0,0,0,0,0,0,0
1031.41,0,6,1,0,0,0,0,0,1,0,0,0,0,0,1,0,0,1
47.37,17,1,0,0,0,0,1,0,0,0,0,1,0,0,0,0,0,0
1447.5,16,5,1,0,0,0,1,0,0,0,0,0,0,0,0,1,0,1
36.13,23,3,0,1,0,0,0,0,0,0,0,0,0,0,0,0,1,0
107.43,11,1,0,0,0,0,0,0,1,0,0,0,0,0,1,0,0,0
1925.01,16,3,0,0,0,0,1,0,0,0,0,0,1,0,0,0,0,1
975.47,10,2,0,0,0,0,0,0,1,0,0,0,0,1,0,0,0,1
6.69,8,1,0,0,0,0,0,0,1,0,0,0,0,0,0,0,1,0
7.15,23,2,0,1,0,0,0,0,0,0,0,0,0,0,0,0,1,0
143.42,20,4,0,1,0,0,0,0,0,0,0,0,1,0,0,0,0,0
92.68,18,2,0,0,1,0,0,0,0,0,0,0,0,0,1,0,0,0
1.88,6,2,0,0,1,0,0,0,0,0,1,0,0,0,0,0,0,0
608.34,0,0,0,0,0,0,0,0,1,0,0,0,0,0,0,0,1,1
29.37,23,1,0,0,0,0,1,0,0,0,0,0,0,0,1,0,0,0
22.34,6,0,0,1,0,0,0,0,0,1,0,0,0,0,0,0,0,0
13.94,23,4,0,1,0,0,0,0,0,0,0,1,0,0,0,0,0,0
17.12,22,0,0,0,0,0,0,1,0,1,0,0,0,0,0,0,0,0
13.37,2,0,0,0,0,0,0,0,1,0,1,0,0,0,0,0,0,1
117.96,19,4,0,1,0,0,0,0,0,0,0,0,0,1,0,0,0,0
12.87,12,5,1,1,0,0,0,0,0,0,0,0,0,0,0,0,1,0
37.71,10,3,0,0,0,0,0,0,1,0,0,0,1,0,0,0,0,0
28.46,22,1,0,1,0,0,0,0,0,0,0,0,0,1,0,0,0,0
25.69,10,6,1,0,0,0,0,0,1,0,0,1,0,0,0,0,0,0
219.24,14,0,0,0,0,0,0,1,0,0,0,0,0,0,1,0,0,0
34.03,12,4,0,1,0,0,0,0,0,0,0,0,0,0,0,0,1,0
28.06,17,6,1,1,0,0,0,0,0,0,0,0,0,0,0,1,0,0
91.89,14,0,0,0,0,0,0,1,0,0,0,0,0,1,0,0,0,0
47.13,7,3,0,0,0,0,0,0,1,0,0,1,0,0,0,0,0,0
55.74,23,4,0,1,0,0,0,0,0,0,0,0,0,0,0,1,0,0
162.21,16,3,0,1,0,0,0,0,0,0,0,0,1,0,0,0,0,0
2.98,16,5,1,0,0,0,0,0,1,0,1,0,0,0,0,0,0,0
42.7,19,2,0,0,1,0,0,0,0,0,0,1,0,0,0,0,0,0
154.52,12,3,0,0,0,0,1,0,0,0,0,0,1,0,0,0,0,0
2.38,22,6,1,0,0,0,1,0,0,0,1,0,0,0,0,0,0,0
42.24,10,4,0,0,1,0,0,0,0,0,0,0,0,1,0,0,0,0
1.8,10,2,0,0,0,0,0,0,1,0,1,0,0,0,0,0,0,0
10.17,15,4,0,0,1,0,0,0,0,0,0,0,0,0,0,0,1,0
2757.03,14,6,1,1,0,0,0,0,0,0,0,0,0,0,1,0,0,1
21.44,17,4,0,0,0,0,0,1,0,0,0,0,0,0,0,0,1,0
1.99,7,0,0,0,1,0,0,0,0,0,1,0,0,0,0,0,0,0
36.88,11,1,0,1,0,0,0,0,0,0,0,0,1,0,0,0,0,0
17.66,12,4,0,0,0,0,0,0,1,1,0,0,0,0,0,0,0,0
175.55,15,0,0,0,0,0,1,0,0,0,0,0,0,0,1,0,0,0
5.2,22,0,0,0,0,0,0,0,1,0,1,0,0,0,0,0,0,0
15.54,23,4,0,1,0,0,0,0,0,0,0,0,0,1,0,0,0,0
695.88,0,4,0,0,0,1,0,0,0,1,0,0,0,0,0,0,0,1
171.53,23,3,0,1,0,0,0,0,0,0,0,0,1,0,0,0,0,0
236.99,15,6,1,0,0,0,0,0,1,0,0,0,0,0,1,0,0,0
3.3,12,0,0,1,0,0,0,0,0,0,1,0,0,0,0,0,0,0
14.98,17,6,1,0,0,1,0,0,0,1,0,0,0,0,0,0,0,0
25.37,22,2,0,1,0,0,0,0,0,0,0,0,0,0,0,1,0,0
5.9,16,1,0,0,1,0,0,0,0,0,0,0,0,0,0,0,1,0
15.94,16,0,0,0,0,0,0,0,1,0,0,0,1,0,0,0,0,0
621.91,2,0,0,0,0,0,0,0,1,0,0,0,0,1,0,0,0,1
39.25,6,3,0,1,0,0,0,0,0,0,0,1,0,0,0,0,0,0
2.04,13,4,0,0,1,0,0,0,0,0,1,0,0,0,0,0,0,0
50.3,14,5,1,0,0,0,0,0,1,0,0,0,0,0,0,1,0,0
25.37,10,4,0,0,0,1,0,0,0,0,0,0,0,0,0,0,1,0
56.77,21,5,1,0,1,0,0,0,0,0,0,0,0,0,0,1,0,0
207.04,11,6,1,1,0,0,0,0,0,0,0,0,0,0,1,0,0,0
16.81,12,5,1,1,0,0,0,0,0,0,0,1,0,0,0,0,0,0
72.68,10,3,0,0,0,1,0,0,0,0,0,1,0,0,0,0,0,0
99.01,9,4,0,0,0,0,1,0,0,0,0,0,0,1,0,0,0,0
163.1,12,6,1,0,0,0,1,0,0,0,0,0,0,0,1,0,0,0
58.35,13,4,0,0,0,1,0,0,0,0,0,0,0,0,0,1,0,0
61.15,17,6,1,1,0,0,0,0,0,0,0,0,1,0,0,0,0,0
7.83,11,5,1,1,0,0,0,0,0,0,0,0,0,0,0,0,1,0
37.91,14,6,1,1,0,0,0,0,0,0,0,1,0,0,0,0,0,0
5.66,17,6,1,0,0,1,0,0,0,0,0,0,0,0,0,0,1,0
24.82,16,1,0,1,0,0,0,0,0,1,0,0,0,0,0,0,0,0
45.27,14,4,0,0,0,0,1,0,0,0,0,1,0,0,0,0,0,0
30.45,23,3,0,1,0,0,0,0,0,0,0,0,0,0,0,1,0,0
10.7,18,5,1,1,0,0,0,0,0,1,0,0,0,0,0,0,0,0
189.83,17,6,1,0,0,1,0,0,0,0,0,0,1,0,0,0,0,0
4.54,21,3,0,0,0,1,0,0,0,0,1,0,0,0,0,0,0,0
258.96,16,4,0,0,0,0,0,0,1,0,0,0,0,0,1,0,0,0
68.3,18,6,1,1,0,0,0,0,0,0,0,0,0,1,0,0,0,0
818.92,9,3,0,0,0,0,0,0,1,0,0,0,0,0,0,1,0,1
273.47,7,4,0,1,0,0,0,0,0,0,0,0,0,0,1,0,0,0
171.25,4,2,0,0,0,0,0,0,1,1,0,0,0,0,0,0,0,1
9.9,23,0,0,1,0,0,0,0,0,0,0,0,0,0,0,0,1,0
126.13,11,6,1,0,0,0,0,0,1,0,0,0,1,0,0,0,0,0
1976.66,8,6,1,0,0,0,0,0,1,0,0,0,0,0,0,1,0,1
1711.31,3,4,0,0,0,0,0,1,0,0,0,0,1,0,0,0,0,1
22.58,23,0,0,0,1,0,0,0,0,0,0,0,1,0,0,0,0,0
152.21,15,4,0,1,0,0,0,0,0,0,0,0,1,0,0,0,0,0
39.07,14,0,0,0,0,0,0,1,0,0,0,0,0,0,0,1,0,0
28.17,21,0,0,0,0,1,0,0,0,0,0,0,0,0,0,1,0,0
15.55,12,6,1,1,0,0,0,0,0,0,0,0,0,0,0,0,1,0
39.9,11,5,1,0,0,0,0,0,1,0,0,0,0,0,0,1,0,0
4693.64,1,0,0,1,0,0,0,0,0,0,0,0,0,0,1,0,0,1
12.94,17,2,0,0,1,0,0,0,0,1,0,0,0,0,0,0,0,0
40.32,9,2,0,0,1,0,0,0,0,0,0,0,0,1,0,0,0,0
1.77,18,3,0,1,0,0,0,0,0,0,1,0,0,0,0,0,0,0
2.84,14,2,0,1,0,0,0,0,0,0,1,0,0,0,0,0,0,0
53.36,8,1,0,0,1,0,0,0,0,0,0,1,0,0,0,0,0,0
91.18,21,2,0,1,0,0,0,0,0,0,0,0,0,1,0,0,0,0
28.83,12,6,1,0,0,0,0,0,1,1,0,0,0,0,0,0,0,0
35.85,15,6,1,0,1,0,0,0,0,0,0,0,0,0,0,1,0,0
23.18,20,1,0,1,0,0,0,0,0,0,0,0,0,0,0,1,0,0
6.65,21,4,0,0,0,0,0,0,1,1,0,0,0,0,0,0,0,0
119.6,15,2,0,1,0,0,0,0,0,0,0,0,0,1,0,0,0,0
35.61,23,5,1,0,1,0,0,0,0,0,0,1,0,0,0,0,0,0
2181.34,3,6,1,0,0,0,1,0,0,0,0,0,1,0,0,0,0,1
58.81,20,3,0,1,0,0,0,0,0,0,0,0,0,1,0,0,0,0
21.4,19,6,1,0,1,0,0,0,0,0,0,0,0,0,0,0,1,0
96.4,17,3,0,0,0,0,0,0,1,0,0,0,1,0,0,0,0,0
1.92,23,3,0,0,0,0,0,0,1,0,1,0,0,0,0,0,0,0
494.31,0,2,0,0,0,0,0,0,1,0,0,0,0,0,1,0,0,1
11.19,23,1,0,0,0,1,0,0,0,1,0,0,0,0,0,0,0,0
70.49,20,4,0,1,0,0,0,0,0,0,0,0,0,1,0,0,0,0
9.58,14,2,0,0,0,0,0,0,1,1,0,0,0,0,0,0,0,0
4.9,22,4,0,0,1,0,0,0,0,0,1,0,0,0,0,0,0,0
39.26,7,5,1,0,0,0,1,0,0,0,0,0,0,1,0,0,0,0
68.3,0,3,0,0,0,0,0,0,1,1,0,0,0,0,0,0,0,1
81.73,8,5,1,0,0,0,0,0,1,0,0,0,0,1,0,0,0,0
8.63,18,3,0,1,0,0,0,0,0,1,0,0,0,0,0,0,0,0
20.22,23,6,1,0,0,0,0,0,1,0,0,0,0,0,0,1,0,0
13.23,19,1,0,1,0,0,0,0,0,0,0,0,0,0,0,0,1,0
8.23,23,3,0,1,0,0,0,0,0,0,0,0,0,0,0,0,1,0
66.22,12,4,0,1,0,0,0,0,0,0,0,0,0,1,0,0,0,0
85.97,9,4,0,0,0,0,0,1,0,0,0,0,1,0,0,0,0,0
95.99,15,1,0,0,0,0,0,0,1,0,0,0,0,1,0,0,0,0
186.8,1,2,0,0,0,0,0,0,1,0,0,0,0,0,0,0,1,1
136.39,9,2,0,0,1,0,0,0,0,0,0,0,1,0,0,0,0,0
49.58,23,6,1,0,0,0,0,0,1,0,0,0,0,0,0,1,0,0
37.26,23,6,1,0,1,0,0,0,0,0,0,0,0,1,0,0,0,0
44.2,21,3,0,0,0,1,0,0,0,0,0,0,0,1,0,0,0,0
4.44,7,4,0,0,0,0,0,1,0,0,1,0,0,0,0,0,0,0
19.73,20,6,1,1,0,0,0,0,0,0,0,1,0,0,0,0,0,0
3.63,22,2,0,1,0,0,0,0,0,0,1,0,0,0,0,0,0,0
1698.5,6,2,0,0,0,0,0,0,1,0,0,0,0,1,0,0,0,1
43.05,23,6,1,1,0,0,0,0,0,0,0,0,0,0,0,1,0,0
31.71,13,0,0,0,0,0,0,0,1,0,0,0,0,0,0,0,1,0
7.49,16,2,0,1,0,0,0,0,0,0,0,0,0,0,0,1,0,0
41.68,19,2,0,0,1,0,0,0,0,0,0,0,0,0,0,1,0,0
35.21,21,4,0,0,0,0,0,0,1,0,0,0,1,0,0,0,0,0
24.33,20,1,0,0,1,0,0,0,0,1,0,0,0,0,0,0,0,0
109.14,9,4,0,0,0,0,0,0,1,0,0,0,0,1,0,0,0,0
68.13,16,3,0,0,0,0,0,0,1,0,0,1,0,0,0,0,0,0
16.31,14,2,0,0,0,0,0,0,1,1,0,0,0,0,0,0,0,0
36.34,23,0,0,0,1,0,0,0,0,0,0,0,0,0,0,0,1,0
68.75,18,4,0,1,0,0,0,0,0,0,0,0,0,1,0,0,0,0
29.16,0,1,0,0,0,0,0,0,1,0,1,0,0,0,0,0,0,1
21.27,11,2,0,1,0,0,0,0,0,1,0,0,0,0,0,0,0,0
8.27,19,1,0,0,1,0,0,0,0,0,0,0,0,0,0,1,0,0
115.16,6,2,0,0,1,0,0,0,0,0,0,0,0,0,1,0,0,0
67.17,10,0,0,0,1,0,0,0,0,0,0,0,0,1,0,0,0,0
8.28,15,5,1,0,0,0,0,1,0,1,0,0,0,0,0,0,0,0
133.86,19,0,0,0,0,1,0,0,0,0,0,0,1,0,0,0,0,0
1.77,6,0,0,1,0,0,0,0,0,0,1,0,0,0,0,0,0,0
66.38,13,5,1,1,0,0,0,0,0,0,0,1,0,0,0,0,0,0
84.64,18,6,1,0,0,0,0,0,1,0,0,0,0,1,0,0,0,0
23.37,17,4,0,1,0,0,0,0,0,0,0,1,0,0,0,0,0,0
10.26,17,3,0,0,0,1,0,0,0,1,0,0,0,0,0,0,0,0
15.87,22,1,0,0,1,0,0,0,0,1,0,0,0,0,0,0,0,0
2141.44,0,4,0,0,0,0,0,0,1,0,0,0,0,1,0,0,0,1
5.67,21,4,0,0,1,0,0,0,0,0,0,0,0,0,0,0,1,0
183.12,6,0,0,0,1,0,0,0,0,0,0,0,1,0,0,0,0,0
175.61,11,0,0,0,1,0,0,0,0,0,0,0,1,0,0,0,0,0
209.96,4,3,0,0,0,0,0,0,1,0,0,0,0,0,0,1,0,1
30.58,19,0,0,1,0,0,0,0,0,0,0,1,0,0,0,0,0,0
10.58,7,5,1,1,0,0,0,0,0,0,0,0,0,0,0,1,0,0
259.25,21,0,0,1,0,0,0,0,0,0,0,0,0,0,1,0,0,0
152.47,14,1,0,1,0,0,0,0,0,0,0,0,1,0,0,0,0,0
70.88,19,2,0,0,1,0,0,0,0,0,0,1,0,0,0,0,0,0
3.95,9,6,1,0,1,0,0,0,0,0,1,0,0,0,0,0,0,0
565.82,18,1,0,0,0,0,0,1,0,0,1,0,0,0,0,0,0,1
21.61,19,2,0,1,0,0,0,0,0,0,0,0,0,0,0,1,0,0
1320.58,13,1,0,0,0,0,0,0,1,0,0,0,0,0,0,1,0,1
3.91,23,5,1,0,0,0,0,0,1,0,1,0,0,0,0,0,0,0
147.01,15,0,0,1,0,0,0,0,0,0,0,0,0,0,1,0,0,0
110.53,12,2,0,0,0,1,0,0,0,0,0,0,0,0,1,0,0,0
582.39,0,0,0,0,1,0,0,0,0,1,0,0,0,0,0,0,0,1
8.34,22,4,0,1,0,0,0,0,0,0,0,0,0,0,0,1,0,0
24.32,23,0,0,0,0,0,0,0,1,1,0,0,0,0,0,0,0,0
21.96,14,4,0,1,0,0,0,0,0,1,0,0,0,0,0,0,0,0
24.45,19,5,1,0,0,0,0,0,1,0,0,0,0,0,0,1,0,0
4.74,18,1,0,1,0,0,0,0,0,0,1,0,0,0,0,0,0,0
30.49,17,5,1,0,1,0,0,0,0,0,0,1,0,0,0,0,0,0
80.15,17,3,0,1,0,0,0,0,0,0,0,0,0,1,0,0,0,0
27.79,23,1,0,0,0,0,0,0,1,0,0,1,0,0,0,0,0,0
56.79,19,2,0,0,0,0,0,0,1,0,0,1,0,0,0,0,0,0
10.29,6,3,0,0,0,0,0,1,0,0,0,1,0,0,0,0,0,0
14.79,6,5,1,0,0,0,1,0,0,0,0,0,0,0,0,1,0,0
40.56,10,3,0,1,0,0,0,0,0,0,0,1,0,0,0,0,0,0
24.64,18,3,0,0,0,1,0,0,0,0,0,0,0,0,0,1,0,0
5.21,21,5,1,0,1,0,0,0,0,0,0,0,0,0,0,1,0,0
27.56,18,0,0,0,1,0,0,0,0,0,0,0,0,0,0,1,0,0
97.54,23,1,0,1,0,0,0,0,0,0,0,0,0,1,0,0,0,0
5.81,11,0,0,0,1,0,0,0,0,0,0,0,0,0,0,1,0,0
21.89,20,3,0,1,0,0,0,0,0,1,0,0,0,0,0,0,0,0
100.43,9,3,0,0,1,0,0,0,0,0,0,0,0,1,0,0,0,0
29.88,2,3,0,0,0,0,0,0,1,0,1,0,0,0,0,0,0,1
20.89,21,0,0,0,0,0,0,0,1,0,0,1,0,0,0,0,0,0
23.15,7,0,0,1,0,0,0,0,0,0,0,0,0,0,0,0,1,0
4.41,22,5,1,0,0,0,0,1,0,0,1,0,0,0,0,0,0,0
2913.29,4,2,0,0,0,0,0,0,1,0,0,0,0,0,1,0,0,1
27.7,13,0,0,0,0,0,0,0,1,0,0,0,0,0,0,0,1,0
15.07,10,2,0,1,0,0,0,0,0,0,0,0,0,0,0,0,1,0
46.88,8,6,1,1,0,0,0,0,0,0,0,0,1,0,0,0,0,0
133.33,23,6,1,0,0,0,1,0,0,0,0,0,1,0,0,0,0,0
16.18,18,1,0,1,0,0,0,0,0,0,0,0,0,0,0,1,0,0
132.26,7,4,0,0,0,1,0,0,0,0,0,0,0,0,1,0,0,0
33.9,7,1,0,0,1,0,0,0,0,1,0,0,0,0,0,0,0,0
602.23,3,1,0,0,1,0,0,0,0,0,1,0,0,0,0,0,0,1
3.95,7,1,0,0,1,0,0,0,0,0,1,0,0,0,0,0,0,0
80.71,23,2,0,0,0,0,0,0,1,0,0,0,0,1,0,0,0,0
19.67,22,2,0,1,0,0,0,0,0,0,0,0,0,0,0,0,1,0
91.44,20,3,0,0,0,0,0,0,1,0,0,0,0,1,0,0,0,0
5.98,11,2,0,0,1,0,0,0,0,0,1,0,0,0,0,0,0,0
1371.1,0,6,1,0,0,0,0,0,1,0,0,0,0,0,1,0,0,1
104.71,22,4,0,1,0,0,0,0,0,0,0,0,1,0,0,0,0,0
510.35,0,0,0,0,0,0,0,0,1,0,0,0,0,0,0,0,1,1
35.22,22,5,1,0,0,0,0,1,0,0,0,0,0,1,0,0,0,0
32.5,7,0,0,0,0,0,1,0,0,0,0,0,0,0,0,1,0,0
109.71,15,3,0,1,0,0,0,0,0,0,0,0,0,0,1,0,0,0
62.62,14,2,0,1,0,0,0,0,0,0,0,0,1,0,0,0,0,0
86.15,9,2,0,0,1,0,0,0,0,0,0,0,0,1,0,0,0,0
29.07,18,0,0,0,0,0,0,0,1,0,0,1,0,0,0,0,0,0
5.14,17,1,0,0,0,0,0,0,1,0,0,0,0,0,0,0,1,0
32.15,16,5,1,0,0,0,0,1,0,1,0,0,0,0,0,0,0,0
115.22,9,6,1,0,0,0,0,0,1,0,0,0,0,1,0,0,0,0
54.08,21,0,0,0,1,0,0,0,0,0,0,0,1,0,0,0,0,0
15.97,23,3,0,1,0,0,0,0,0,1,0,0,0,0,0,0,0,0
5.7,23,5,1,0,1,0,0,0,0,0,1,0,0,0,0,0,0,0
13.51,23,2,0,0,0,0,0,1,0,0,0,1,0,0,0,0,0,0
159.7,23,3,0,0,0,0,0,0,1,0,0,0,1,0,0,0,0,0
2.47,17,6,1,0,0,0,1,0,0,0,1,0,0,0,0,0,0,0
11.12,19,5,1,1,0,0,0,0,0,0,0,0,0,0,0,0,1,0
5.9,17,4,0,0,1,0,0,0,0,0,1,0,0,0,0,0,0,0
26.66,23,6,1,0,0,1,0,0,0,0,0,0,0,1,0,0,0,0
114.69,13,6,1,0,1,0,0,0,0,0,0,0,1,0,0,0,0,0
14.75,14,4,0,1,0,0,0,0,0,0,0,0,0,0,0,0,1,0
61.12,8,4,0,0,1,0,0,0,0,0,0,1,0,0,0,0,0,0
172.89,21,1,0,0,0,0,0,0,1,0,0,0,0,0,1,0,0,0
27.09,23,4,0,1,0,0,0,0,0,0,0,0,0,0,0,0,1,0
10.05,10,1,0,1,0,0,0,0,0,1,0,0,0,0,0,0,0,0
5.83,10,0,0,0,0,0,1,0,0,0,1,0,0,0,0,0,0,0
2.27,23,1,0,0,0,0,0,0,1,0,1,0,0,0,0,0,0,0
11.57,8,1,0,0,0,0,0,0,1,0,0,1,0,0,0,0,0,0
46.94,19,6,1,0,0,0,0,1,0,0,0,0,1,0,0,0,0,0
5.35,6,5,1,0,0,1,0,0,0,0,1,0,0,0,0,0,0,0
61.24,15,4,0,1,0,0,0,0,0,0,0,0,0,1,0,0,0,0
26.85,18,2,0,0,0,0,0,0,1,0,0,0,0,0,1,0,0,0
25.12,21,5,1,1,0,0,0,0,0,0,0,0,0,0,1,0,0,0
12.05,23,4,0,0,0,0,0,0,1,0,0,0,0,0,0,1,0,0
4.24,16,0,0,0,1,0,0,0,0,0,1,0,0,0,0,0,0,0
245.33,22,0,0,0,1,0,0,0,0,0,0,0,0,0,1,0,0,0
175.17,12,1,0,0,1,0,0,0,0,0,0,0,1,0,0,0,0,0
21.68,11,0,0,0,1,0,0,0,0,0,0,1,0,0,0,0,0,0
12.43,13,4,0,1,0,0,0,0,0,0,0,1,0,0,0,0,0,0
14.02,17,5,1,1,0,0,0,0,0,0,0,0,0,0,0,0,1,0
67.3,11,2,0,0,0,0,0,1,0,0,0,1,0,0,0,0,0,0
108.61,6,1,0,1,0,0,0,0,0,0,0,0,0,1,0,0,0,0
135.31,23,6,1,0,1,0,0,0,0,0,0,0,0,0,1,0,0,0
29.34,7,6,1,0,1,0,0,0,0,0,0,0,0,0,0,1,0,0
103.83,2,4,0,0,0,0,0,0,1,0,0,0,1,0,0,0,0,1
119.49,12,2,0,1,0,0,0,0,0,0,0,0,0,1,0,0,0,0
11.0,15,4,0,0,0,1,0,0,0,1,0,0,0,0,0,0,0,0
34.53,20,0,0,0,0,0,0,1,0,0,0,0,0,0,0,1,0,0
70.5,6,4,0,0,1,0,0,0,0,0,0,1,0,0,0,0,0,0
3.56,21,4,0,1,0,0,0,0,0,0,1,0,0,0,0,0,0,0
45.67,23,3,0,0,0,0,0,0,1,0,0,0,0,0,0,1,0,0
2953.71,9,2,0,0,0,0,0,1,0,0,0,0,0,0,1,0,0,1
3.1,21,4,0,0,0,1,0,0,0,0,1,0,0,0,0,0,0,0
34.58,11,5,1,0,0,0,0,0,1,0,0,0,0,0,0,1,0,0
29.74,22,1,0,0,1,0,0,0,0,0,0,0,0,0,0,1,0,0
241.88,9,0,0,0,0,0,0,1,0,0,0,0,0,0,1,0,0,0
73.62,15,4,0,0,0,0,1,0,0,0,0,0,0,0,1,0,0,0
166.49,15,1,0,0,0,0,0,0,1,0,0,0,1,0,0,0,0,0
1191.03,6,3,0,0,0,0,0,0,1,0,0,0,0,0,0,0,1,1
177.16,23,4,0,1,0,0,0,0,0,0,0,0,0,0,1,0,0,0
116.87,15,6,1,0,0,0,0,0,1,0,0,0,0,0,1,0,0,0
120.76,10,2,0,0,0,0,0,0,1,0,0,0,1,0,0,0,0,0
70.99,7,5,1,1,0,0,0,0,0,0,0,1,0,0,0,0,0,0
43.27,19,6,1,1,0,0,0,0,0,0,0,0,0,0,1,0,0,0
71.23,15,4,0,1,0,0,0,0,0,0,0,0,0,1,0,0,0,0
26.17,12,3,0,1,0,0,0,0,0,1,0,0,0,0,0,0,0,0
12.88,12,4,0,1,0,0,0,0,0,0,0,0,0,0,0,0,1,0
18.23,19,3,0,1,0,0,0,0,0,0,0,0,0,0,0,0,1,0
87.12,22,3,0,0,1,0,0,0,0,0,0,0,0,0,1,0,0,0
51.97,17,0,0,0,0,1,0,0,0,0,0,1,0,0,0,0,0,0
22.68,10,2,0,0,0,0,0,0,1,0,0,0,0,0,0,0,1,0
20.93,18,1,0,0,1,0,0,0,0,0,0,0,0,0,1,0,0,0
10.62,21,0,0,0,1,0,0,0,0,1,0,0,0,0,0,0,0,0
150.74,19,3,0,1,0,0,0,0,0,0,0,0,1,0,0,0,0,0
18.1,20,6,1,0,1,0,0,0,0,0,0,1,0,0,0,0,0,0
28.57,17,2,0,1,0,0,0,0,0,0,0,1,0,0,0,0,0,0
2.55,23,0,0,0,0,0,0,0,1,0,1,0,0,0,0,0,0,0
883.89,3,3,0,0,0,0,1,0,0,1,0,0,0,0,0,0,0,1
73.05,20,4,0,1,0,0,0,0,0,0,0,0,0,0,1,0,0,0
3.18,23,1,0,0,0,0,0,0,1,0,1,0,0,0,0,0,0,0
26.3,8,1,0,0,1,0,0,0,0,0,0,0,0,0,0,1,0,0
4402.44,2,2,0,0,0,0,0,1,0,0,0,0,0,0,1,0,0,1
44.86,18,3,0,0,0,0,0,1,0,0,0,0,0,0,0,1,0,0
728.18,22,0,0,0,0,0,0,1,0,0,0,1,0,0,0,0,0,1
28.58,23,4,0,1,0,0,0,0,0,1,0,0,0,0,0,0,0,0
33.77,23,1,0,0,0,0,0,1,0,1,0,0,0,0,0,0,0,0
97.29,15,4,0,0,0,0,0,0,1,0,0,0,0,0,1,0,0,0
1.82,20,0,0,0,1,0,0,0,0,0,1,0,0,0,0,0,0,0
77.07,19,0,0,0,0,1,0,0,0,0,0,1,0,0,0,0,0,0
4.42,21,5,1,0,0,0,1,0,0,0,1,0,0,0,0,0,0,0
44.5,13,4,0,0,1,0,0,0,0,0,0,0,0,0,0,1,0,0
4.59,21,5,1,0,1,0,0,0,0,0,1,0,0,0,0,0,0,0
5.62,21,3,0,1,0,0,0,0,0,0,1,0,0,0,0,0,0,0
53.08,4,5,1,0,0,0,0,0,1,1,0,0,0,0,0,0,0,1
175.7,16,5,1,0,1,0,0,0,0,0,0,0,1,0,0,0,0,0
7.23,16,4,0,1,0,0,0,0,0,0,0,0,0,0,0,0,1,0
33.48,7,5,1,0,1,0,0,0,0,0,0,0,0,1,0,0,0,0
129.09,7,0,0,1,0,0,0,0,0,0,0,0,0,0,1,0,0,0
4.74,7,4,0,0,1,0,0,0,0,0,1,0,0,0,0,0,0,0
4.07,12,1,0,1,0,0,0,0,0,0,1,0,0,0,0,0,0,0
7.04,20,2,0,0,0,0,0,1,0,1,0,0,0,0,0,0,0,0
13.11,15,4,0,0,0,0,0,0,1,0,0,0,0,0,0,1,0,0
179.12,23,3,0,0,1,0,0,0,0,0,0,0,1,0,0,0,0,0
883.84,20,2,0,0,0,0,1,0,0,1,0,0,0,0,0,0,0,1
5.81,8,1,0,1,0,0,0,0,0,0,0,0,0,0,0,0,1,0
77.03,10,0,0,0,0,1,0,0,0,0,0,0,0,0,1,0,0,0
32.33,8,5,1,1,0,0,0,0,0,1,0,0,0,0,0,0,0,0
7.49,14,0,0,0,0,0,1,0,0,0,0,0,0,0,0,0,1,0
21.68,21,4,0,0,0,0,0,0,1,0,0,0,0,0,0,0,1,0
4787.51,18,6,1,0,0,0,0,1,0,0,0,0,0,0,1,0,0,1
1871.52,11,0,0,0,0,0,0,0,1,0,0,0,1,0,0,0,0,1
29.06,23,0,0,0,0,0,0,0,1,1,0,0,0,0,0,0,0,0
402.05,3,6,1,0,0,0,0,0,1,0,0,0,0,0,1,0,0,1
19.44,18,2,0,1,0,0,0,0,0,0,0,0,1,0,0,0,0,0
2.31,6,1,0,0,0,0,0,1,0,0,1,0,0,0,0,0,0,0
2012.14,4,4,0,0,0,1,0,0,0,0,0,0,0,1,0,0,0,1
67.42,11,4,0,0,1,0,0,0,0,0,0,0,0,1,0,0,0,0
1.66,9,0,0,0,0,1,0,0,0,0,1,0,0,0,0,0,0,0
5.86,14,5,1,0,1,0,0,0,0,0,1,0,0,0,0,0,0,0
2.67,23,2,0,1,0,0,0,0,0,0,1,0,0,0,0,0,0,0
12.3,7,5,1,1,0,0,0,0,0,0,0,1,0,0,0,0,0,0
5.08,21,4,0,1,0,0,0,0,0,0,1,0,0,0,0,0,0,0
13.83,23,0,0,0,1,0,0,0,0,1,0,0,0,0,0,0,0,0
1471.79,22,3,0,1,0,0,0,0,0,0,0,0,1,0,0,0,0,1
2.64,22,2,0,1,0,0,0,0,0,0,1,0,0,0,0,0,0,0
41.79,8,5,1,1,0,0,0,0,0,0,0,0,1,0,0,0,0,0
51.6,19,2,0,1,0,0,0,0,0,0,0,1,0,0,0,0,0,0
24.15,23,1,0,0,0,0,0,0,1,0,0,0,0,0,1,0,0,0
21.79,8,2,0,1,0,0,0,0,0,0,0,0,0,0,0,0,1,0
12.92,22,5,1,0,0,1,0,0,0,0,0,0,0,0,0,0,1,0
993.09,11,6,1,0,0,1,0,0,0,0,0,1,0,0,0,0,0,1
84.62,16,2,0,0,0,0,0,0,1,0,0,0,0,1,0,0,0,0
114.92,21,6,1,0,0,0,0,0,1,0,0,0,0,1,0,0,0,0
1336.18,0,3,0,1,0,0,0,0,0,0,0,0,0,0,0,0,1,1
87.83,8,5,1,0,0,0,0,0,1,0,0,0,0,1,0,0,0,0
35.26,8,1,0,0,0,1,0,0,0,0,0,0,0,0,0,0,1,0
60.78,7,0,0,1,0,0,0,0,0,0,0,1,0,0,0,0,0,0
51.6,15,0,0,0,0,1,0,0,0,0,0,1,0,0,0,0,0,0
5.97,6,0,0,0,1,0,0,0,0,0,0,0,0,0,0,0,1,0
11.53,7,2,0,0,0,1,0,0,0,1,0,0,0,0,0,0,0,0
20.47,22,5,1,1,0,0,0,0,0,0,0,1,0,0,0,0,0,0
82.26,18,4,0,1,0,0,0,0,0,0,0,0,1,0,0,0,0,0
1468.14,1,6,1,0,0,0,0,0,1,0,0,0,0,0,0,1,0,1
16.4,8,0,0,1,0,0,0,0,0,1,0,0,0,0,0,0,0,0
68.42,7,4,0,1,0,0,0,0,0,0,0,1,0,0,0,0,0,0
1526.01,1,3,0,0,0,0,0,0,1,0,0,0,0,0,0,0,1,1
32.22,8,4,0,1,0,0,0,0,0,1,0,0,0,0,0,0,0,0
34.41,13,6,1,1,0,0,0,0,0,0,0,1,0,0,0,0,0,0
2.68,17,1,0,0,1,0,0,0,0,0,1,0,0,0,0,0,0,0
11.56,0,4,0,0,0,0,0,0,1,0,1,0,0,0,0,0,0,1
40.05,19,0,0,0,0,0,0,0,1,0,0,1,0,0,0,0,0,0
1293.59,3,2,0,0,0,0,0,0,1,0,0,0,0,0,0,1,0,1
34.91,14,2,0,1,0,0,0,0,0,1,0,0,0,0,0,0,0,0
919.91,11,5,1,0,0,0,0,0,1,0,0,0,0,0,0,0,1,1
4.66,23,3,0,0,1,0,0,0,0,0,1,0,0,0,0,0,0,0
92.94,20,6,1,0,0,0,0,1,0,0,0,0,0,1,0,0,0,0
427.44,3,6,1,0,0,0,0,0,1,0,1,0,0,0,0,0,0,1
79.11,21,1,0,0,0,0,0,0,1,0,0,0,1,0,0,0,0,0
153.51,11,1,0,0,0,0,0,0,1,0,0,0,1,0,0,0,0,0
42.6,7,2,0,0,1,0,0,0,0,0,0,0,1,0,0,0,0,0
47.67,23,5,1,0,0,0,0,0,1,0,0,0,0,0,1,0,0,0
31.66,12,3,0,1,0,0,0,0,0,0,0,0,0,0,0,0,1,0
110.71,16,3,0,0,1,0,0,0,0,0,0,0,1,0,0,0,0,0
11.11,12,4,0,1,0,0,0,0,0,1,0,0,0,0,0,0,0,0
3.23,15,3,0,0,1,0,0,0,0,0,1,0,0,0,0,0,0,0
32.02,13,1,0,0,0,0,1,0,0,0,0,0,0,0,0,0,1,0
131.11,3,2,0,0,0,0,0,0,1,0,0,0,0,0,0,0,1,1
1518.94,0,0,0,0,0,0,0,0,1,0,0,0,1,0,0,0,0,1
45.74,23,6,1,1,0,0,0,0,0,0,0,0,1,0,0,0,0,0
239.73,17,0,0,0,1,0,0,0,0,0,0,0,0,0,1,0,0,0
496.33,3,0,0,0,0,0,0,0,1,0,0,0,1,0,0,0,0,1
45.42,20,3,0,0,0,0,0,0,1,0,0,0,0,0,0,1,0,0
8.76,23,0,0,0,0,0,0,1,0,0,0,0,0,0,0,1,0,0
17.71,12,4,0,0,0,0,0,0,1,1,0,0,0,0,0,0,0,0
859.62,1,1,0,0,0,0,0,0,1,1,0,0,0,0,0,0,0,1
15.73,22,6,1,0,0,0,0,0,1,0,0,0,0,0,0,0,1,0
25.6,13,1,0,0,0,0,1,0,0,0,0,0,0,0,1,0,0,0
820.07,8,5,1,0,1,0,0,0,0,1,0,0,0,0,0,0,0,1
868.78,19,5,1,0,0,0,1,0,0,0,0,0,0,0,0,1,0,1
114.66,9,0,0,0,1,0,0,0,0,0,0,0,0,1,0,0,0,0
135.16,7,0,0,1,0,0,0,0,0,0,0,0,1,0,0,0,0,0
65.06,17,0,0,1,0,0,0,0,0,0,0,1,0,0,0,0,0,0
4.33,10,1,0,1,0,0,0,0,0,0,1,0,0,0,0,0,0,0
844.38,3,1,0,0,0,0,0,0,1,0,0,0,1,0,0,0,0,1
17.57,12,1,0,0,0,0,0,0,1,0,0,0,0,0,0,1,0,0
50.67,11,5,1,0,1,0,0,0,0,0,0,0,0,0,0,1,0,0
154.19,22,1,0,0,0,0,1,0,0,0,0,0,1,0,0,0,0,0
1.59,10,6,1,0,0,0,0,0,1,0,1,0,0,0,0,0,0,0
48.39,23,6,1,0,0,0,0,0,1,0,0,0,0,1,0,0,0,0
329.9,1,6,1,0,0,0,0,0,1,0,1,0,0,0,0,0,0,1
54.44,23,5,1,1,0,0,0,0,0,0,0,0,1,0,0,0,0,0
33.54,6,4,0,1,0,0,0,0,0,0,0,0,0,0,0,0,1,0
30.76,8,4,0,1,0,0,0,0,0,0,0,0,0,0,0,0,1,0
10.94,19,0,0,0,1,0,0,0,0,0,0,0,0,0,0,0,1,0
161.42,9,1,0,0,0,0,0,0,1,0,0,0,1,0,0,0,0,0
544.73,21,6,1,0,0,0,1,0,0,0,1,0,0,0,0,0,0,1
5.48,18,1,0,1,0,0,0,0,0,0,1,0,0,0,0,0,0,0
78.51,14,6,1,0,0,0,0,0,1,0,0,1,0,0,0,0,0,0
23.88,6,5,1,0,0,0,1,0,0,0,0,0,0,0,0,1,0,0
4.1,17,0,0,1,0,0,0,0,0,0,1,0,0,0,0,0,0,0
10.89,20,1,0,0,0,0,1,0,0,0,0,0,0,0,0,0,1,0
101.6,23,4,0,0,0,0,0,0,1,0,0,0,1,0,0,0,0,0
27.12,20,6,1,0,0,0,1,0,0,1,0,0,0,0,0,0,0,0
3.53,23,6,1,0,1,0,0,0,0,0,1,0,0,0,0,0,0,0
52.67,19,6,1,0,1,0,0,0,0,0,0,1,0,0,0,0,0,0
60.5,23,4,0,1,0,0,0,0,0,0,0,1,0,0,0,0,0,0
154.48,16,6,1,1,0,0,0,0,0,0,0,0,1,0,0,0,0,0
847.56,4,4,0,0,0,0,0,0,1,0,0,0,0,0,0,0,1,1
173.07,10,4,0,1,0,0,0,0,0,0,0,0,1,0,0,0,0,0
56.33,7,0,0,0,1,0,0,0,0,0,0,0,0,0,0,1,0,0
118.37,13,6,1,1,0,0,0,0,0,0,0,0,0,1,0,0,0,0
17.76,9,1,0,1,0,0,0,0,0,0,0,0,1,0,0,0,0,0
26.16,23,2,0,0,0,1,0,0,0,1,0,0,0,0,0,0,0,0
76.58,23,4,0,0,1,0,0,0,0,0,0,0,1,0,0,0,0,0
50.54,8,1,0,0,1,0,0,0,0,0,0,0,0,1,0,0,0,0
4.18,10,2,0,1,0,0,0,0,0,0,1,0,0,0,0,0,0,0
53.19,15,1,0,1,0,0,0,0,0,0,0,0,0,1,0,0,0,0
27.34,15,3,0,0,0,0,1,0,0,0,0,0,0,1,0,0,0,0
69.78,15,3,0,1,0,0,0,0,0,0,0,0,0,0,1,0,0,0
3.71,13,1,0,0,0,0,0,0,1,0,1,0,0,0,0,0,0,0
5.82,23,3,0,0,0,0,0,0,1,0,1,0,0,0,0,0,0,0
1211.35,6,6,1,0,0,0,1,0,0,0,0,0,0,1,0,0,0,1
14.07,20,4,0,0,0,0,0,0,1,1,0,0,0,0,0,0,0,0
147.93,8,0,0,0,1,0,0,0,0,0,0,0,1,0,0,0,0,0
13.42,23,1,0,1,0,0,0,0,0,1,0,0,0,0,0,0,0,0
42.96,21,1,0,0,0,1,0,0,0,0,0,0,1,0,0,0,0,0
1.52,20,2,0,0,0,1,0,0,0,0,1,0,0,0,0,0,0,0
6.94,2,1,0,0,0,0,0,0,1,0,1,0,0,0,0,0,0,1
13.25,10,5,1,1,0,0,0,0,0,1,0,0,0,0,0,0,0,0
29.56,10,4,0,0,0,0,0,1,0,1,0,0,0,0,0,0,0,0
38.11,20,5,1,0,1,0,0,0,0,0,0,0,0,0,0,0,1,0
5.91,23,1,0,0,0,0,0,0,1,0,1,0,0,0,0,0,0,0
1.5,12,1,0,1,0,0,0,0,0,0,1,0,0,0,0,0,0,0
4.81,13,3,0,0,0,0,0,0,1,0,1,0,0,0,0,0,0,0
11.89,6,2,0,1,0,0,0,0,0,0,0,0,0,0,0,1,0,0
49.51,9,2,0,0,1,0,0,0,0,0,0,0,1,0,0,0,0,0
24.79,17,5,1,1,0,0,0,0,0,0,0,0,0,0,1,0,0,0
32.93,21,6,1,0,1,0,0,0,0,1,0,0,0,0,0,0,0,0
18.5,21,1,0,0,0,1,0,0,0,0,0,0,0,0,0,0,1,0
31.9,8,2,0,0,1,0,0,0,0,0,0,0,0,0,0,1,0,0
12.55,13,2,0,1,0,0,0,0,0,0,0,0,0,0,0,1,0,0
28.87,12,0,0,1,0,0,0,0,0,0,0,0,0,0,0,1,0,0
70.65,10,1,0,0,0,1,0,0,0,0,0,0,0,0,1,0,0,0
18.96,14,6,1,0,1,0,0,0,0,0,0,0,0,0,0,0,1,0
186.26,16,4,0,0,0,1,0,0,0,0,0,0,1,0,0,0,0,0
76.54,11,6,1,0,0,0,1,0,0,0,0,0,1,0,0,0,0,0
183.12,23,4,0,0,0,0,0,0,1,0,0,0,1,0,0,0,0,0
148.39,15,4,0,1,0,0,0,0,0,0,0,0,1,0,0,0,0,0
4.69,10,3,0,0,0,0,0,0,1,0,1,0,0,0,0,0,0,0
67.96,22,1,0,0,0,0,0,0,1,0,0,1,0,0,0,0,0,0
124.83,9,4,0,1,0,0,0,0,0,0,0,0,1,0,0,0,0,0
36.75,20,0,0,0,0,0,1,0,0,0,0,0,0,1,0,0,0,0
28.82,4,6,1,0,0,0,0,0,1,0,1,0,0,0,0,0,0,1
40.87,16,1,0,0,1,0,0,0,0,0,0,0,0,1,0,0,0,0
183.24,17,4,0,0,1,0,0,0,0,0,0,0,0,0,1,0,0,0
205.66,18,0,0,0,1,0,0,0,0,0,0,0,0,0,1,0,0,0
78.33,8,5,1,1,0,0,0,0,0,0,0,0,0,1,0,0,0,0
3.59,8,6,1,0,1,0,0,0,0,0,1,0,0,0,0,0,0,0
54.62,17,3,0,0,1,0,0,0,0,0,0,1,0,0,0,0,0,0
223.3,10,3,0,0,0,0,0,0,1,0,0,0,0,0,1,0,0,0
639.92,2,4,0,0,0,0,0,0,1,1,0,0,0,0,0,0,0,1
37.35,18,4,0,1,0,0,0,0,0,0,0,0,0,0,0,1,0,0
15.94,18,2,0,0,0,1,0,0,0,1,0,0,0,0,0,0,0,0
4.97,21,5,1,0,0,1,0,0,0,0,1,0,0,0,0,0,0,0
19.92,14,0,0,0,1,0,0,0,0,0,0,1,0,0,0,0,0,0
32.83,7,1,0,0,0,0,0,0,1,0,0,0,0,0,0,1,0,0
26.27,6,4,0,0,1,0,0,0,0,1,0,0,0,0,0,0,0,0
34.49,6,0,0,1,0,0,0,0,0,1,0,0,0,0,0,0,0,0
27.86,23,3,0,1,0,0,0,0,0,1,0,0,0,0,0,0,0,0
44.54,11,1,0,0,1,0,0,0,0,0,0,0,1,0,0,0,0,0
507.8,18,2,0,0,0,0,0,0,1,1,0,0,0,0,0,0,0,1
67.13,7,5,1,1,0,0,0,0,0,0,0,0,0,1,0,0,0,0
4.77,14,0,0,0,1,0,0,0,0,0,1,0,0,0,0,0,0,0
85.52,12,4,0,1,0,0,0,0,0,0,0,0,0,0,1,0,0,0
1361.24,6,2,0,0,0,0,0,0,1,0,0,0,0,0,0,0,1,1
1.88,9,1,0,0,0,0,1,0,0,0,1,0,0,0,0,0,0,0
85.67,23,0,0,1,0,0,0,0,0,0,0,0,0,0,1,0,0,0
9.85,22,1,0,0,1,0,0,0,0,1,0,0,0,0,0,0,0,0
58.98,23,6,1,1,0,0,0,0,0,0,0,0,1,0,0,0,0,0
1119.28,3,4,0,1,0,0,0,0,0,0,0,0,1,0,0,0,0,1
182.81,22,4,0,0,0,0,0,0,1,0,0,0,1,0,0,0,0,0
56.84,14,0,0,0,0,0,0,1,0,0,0,0,0,0,0,1,0,0
60.46,13,0,0,1,0,0,0,0,0,0,0,1,0,0,0,0,0,0
23.61,23,3,0,0,0,0,0,0,1,0,0,0,0,0,0,0,1,0
27.6,22,6,1,0,0,0,0,1,0,0,0,1,0,0,0,0,0,0
106.45,23,0,0,0,1,0,0,0,0,0,0,0,0,1,0,0,0,0
41.39,20,4,0,1,0,0,0,0,0,0,0,0,0,1,0,0,0,0
58.38,22,3,0,1,0,0,0,0,0,0,0,1,0,0,0,0,0,0
35.49,12,2,0,1,0,0,0,0,0,0,0,1,0,0,0,0,0,0
4.3,23,6,1,0,0,1,0,0,0,0,1,0,0,0,0,0,0,0
24.82,19,0,0,0,1,0,0,0,0,0,0,1,0,0,0,0,0,0
1267.5,22,3,0,0,0,0,0,0,1,0,0,0,0,1,0,0,0,1
34.85,18,4,0,0,0,0,0,0,1,0,0,0,1,0,0,0,0,0
265.68,11,6,1,1,0,0,0,0,0,0,0,0,0,0,1,0,0,0
23.21,22,1,0,1,0,0,0,0,0,0,0,0,0,0,0,0,1,0
12.0,0,4,0,0,0,0,0,0,1,0,1,0,0,0,0,0,0,1
111.54,18,4,0,0,0,0,0,0,1,0,0,0,0,1,0,0,0,0
52.65,21,0,0,0,0,0,0,0,1,0,0,0,1,0,0,0,0,0
28.93,11,1,0,1,0,0,0,0,0,0,0,1,0,0,0,0,0,0
761.12,20,0,0,0,0,0,0,0,1,0,0,0,0,0,0,1,0,1
14.03,12,5,1,1,0,0,0,0,0,0,0,0,0,0,0,1,0,0
298.31,9,2,0,0,0,0,1,0,0,0,0,0,0,0,1,0,0,0
89.35,15,2,0,0,0,0,1,0,0,0,0,0,0,0,1,0,0,0
64.27,15,0,0,0,0,0,1,0,0,0,0,1,0,0,0,0,0,0
79.02,21,4,0,0,0,1,0,0,0,0,0,0,0,1,0,0,0,0
15.36,21,3,0,0,0,0,0,0,1,0,0,0,1,0,0,0,0,0
14.24,23,3,0,0,0,0,0,0,1,1,0,0,0,0,0,0,0,0
17.5,22,4,0,1,0,0,0,0,0,0,0,0,1,0,0,0,0,0
1147.58,1,4,0,0,0,0,1,0,0,0,0,1,0,0,0,0,0,1
1.9,18,4,0,1,0,0,0,0,0,0,1,0,0,0,0,0,0,0
71.46,8,1,0,0,1,0,0,0,0,0,0,0,1,0,0,0,0,0
3.0,18,5,1,0,0,0,1,0,0,0,1,0,0,0,0,0,0,0
29.54,14,3,0,1,0,0,0,0,0,0,0,0,0,0,0,1,0,0
53.42,20,1,0,0,1,0,0,0,0,0,0,0,0,0,0,1,0,0
43.57,8,6,1,0,1,0,0,0,0,0,0,0,0,1,0,0,0,0
159.83,17,5,1,0,0,0,0,0,1,0,0,0,1,0,0,0,0,0
18.74,17,4,0,1,0,0,0,0,0,0,0,0,0,0,0,1,0,0
117.08,9,2,0,1,0,0,0,0,0,0,0,0,0,0,1,0,0,0
171.69,15,4,0,0,0,1,0,0,0,0,0,0,0,0,1,0,0,0
201.23,21,5,1,1,0,0,0,0,0,0,0,0,0,0,1,0,0,0
221.67,21,3,0,1,0,0,0,0,0,0,0,0,0,0,1,0,0,0
65.13,2,5,1,0,0,0,0,0,1,0,0,0,0,0,0,1,0,1
30.25,18,1,0,0,1,0,0,0,0,0,0,0,0,0,0,0,1,0
28.9,9,4,0,0,1,0,0,0,0,1,0,0,0,0,0,0,0,0
14.5,11,5,1,1,0,0,0,0,0,0,0,0,0,0,0,1,0,0
1.55,12,6,1,0,0,0,0,0,1,0,1,0,0,0,0,0,0,0
2189.11,22,5,1,0,0,0,0,0,1,0,0,0,0,0,1,0,0,1
10.04,18,6,1,1,0,0,0,0,0,0,0,0,0,0,0,0,1,0
21.96,23,6,1,1,0,0,0,0,0,0,0,0,0,0,0,0,1,0
3.33,17,0,0,1,0,0,0,0,0,0,1,0,0,0,0,0,0,0
38.29,16,6,1,1,0,0,0,0,0,0,0,0,0,0,0,0,1,0
3.4,23,2,0,0,0,0,1,0,0,0,1,0,0,0,0,0,0,0
136.19,6,5,1,0,0,0,0,0,1,0,0,0,1,0,0,0,0,0
4.03,9,2,0,0,0,1,0,0,0,0,1,0,0,0,0,0,0,0
9.45,18,1,0,0,0,0,1,0,0,1,0,0,0,0,0,0,0,0
286.52,10,5,1,0,0,0,0,0,1,0,0,0,0,0,1,0,0,0
57.01,23,3,0,0,0,0,0,0,1,0,0,0,0,0,0,1,0,0
11.46,23,6,1,0,0,0,0,0,1,0,0,0,0,0,0,1,0,0
59.83,11,4,0,0,0,0,0,0,1,0,0,1,0,0,0,0,0,0
46.73,10,0,0,0,0,0,0,1,0,0,0,0,0,0,0,1,0,0
18.09,17,0,0,1,0,0,0,0,0,0,0,1,0,0,0,0,0,0
99.48,9,3,0,1,0,0,0,0,0,0,0,0,0,0,1,0,0,0
26.49,13,3,0,1,0,0,0,0,0,0,0,1,0,0,0,0,0,0
48.87,15,3,0,0,1,0,0,0,0,0,0,1,0,0,0,0,0,0
54.9,16,5,1,0,0,0,1,0,0,0,0,0,0,1,0,0,0,0
3.09,10,0,0,0,0,0,0,1,0,0,1,0,0,0,0,0,0,0
2.46,18,6,1,1,0,0,0,0,0,0,1,0,0,0,0,0,0,0
39.78,23,1,0,0,0,0,0,0,1,0,0,0,0,0,0,0,1,0
23.58,17,1,0,1,0,0,0,0,0,1,0,0,0,0,0,0,0,0
21.84,12,6,1,1,0,0,0,0,0,1,0,0,0,0,0,0,0,0
235.91,0,6,1,0,0,0,0,0,1,0,0,0,0,1,0,0,0,1
97.48,4,2,0,0,0,0,0,0,1,0,0,1,0,0,0,0,0,1
53.65,15,1,0,0,0,0,0,0,1,0,0,0,0,0,0,1,0,0
26.53,13,4,0,0,1,0,0,0,0,1,0,0,0,0,0,0,0,0
59.78,13,2,0,0,0,0,0,1,0,0,0,0,0,0,0,1,0,0
197.66,13,5,1,1,0,0,0,0,0,0,0,0,1,0,0,0,0,0
139.42,23,5,1,1,0,0,0,0,0,0,0,0,0,0,1,0,0,0
6.97,21,2,0,0,1,0,0,0,0,1,0,0,0,0,0,0,0,0
150.67,19,5,1,0,1,0,0,0,0,0,0,0,1,0,0,0,0,0
38.75,14,1,0,0,0,0,0,1,0,0,0,0,0,0,0,0,1,0
1352.85,0,0,0,0,0,0,0,0,1,0,0,0,0,1,0,0,0,1
27.18,14,4,0,0,0,0,0,0,1,0,0,0,0,0,0,0,1,0
29.36,17,0,0,0,0,0,1,0,0,1,0,0,0,0,0,0,0,0
22.5,3,1,0,0,0,0,0,0,1,0,1,0,0,0,0,0,0,1
77.2,20,0,0,1,0,0,0,0,0,0,0,0,1,0,0,0,0,0
23.43,16,0,0,1,0,0,0,0,0,0,0,0,0,0,0,0,1,0
72.5,10,0,0,0,0,1,0,0,0,0,0,0,0,0,1,0,0,0
241.88,4,2,0,0,0,0,0,0,1,0,0,1,0,0,0,0,0,1
73.72,16,5,1,0,1,0,0,0,0,0,0,0,1,0,0,0,0,0
22.92,17,3,0,0,1,0,0,0,0,0,0,0,0,0,0,1,0,0
48.62,12,3,0,1,0,0,0,0,0,0,0,1,0,0,0,0,0,0
39.55,17,2,0,0,1,0,0,0,0,0,0,1,0,0,0,0,0,0
145.57,3,5,1,0,0,0,0,0,1,0,0,0,0,0,0,1,0,1
23.78,22,1,0,1,0,0,0,0,0,1,0,0,0,0,0,0,0,0
4.68,22,2,0,0,0,1,0,0,0,0,1,0,0,0,0,0,0,0
517.52,0,1,0,0,0,0,0,0,1,0,1,0,0,0,0,0,0,1
4.39,23,5,1,0,0,1,0,0,0,0,1,0,0,0,0,0,0,0
34.55,21,6,1,0,1,0,0,0,0,1,0,0,0,0,0,0,0,0
24.38,16,1,0,0,0,1,0,0,0,0,0,0,0,0,0,0,1,0
4743.57,19,6,1,0,0,1,0,0,0,0,0,0,0,0,1,0,0,1
652.27,0,0,0,0,0,0,1,0,0,0,0,0,0,0,0,0,1,1
19.03,12,0,0,0,0,0,1,0,0,1,0,0,0,0,0,0,0,0
32.45,17,6,1,0,0,0,0,0,1,0,0,1,0,0,0,0,0,0
243.24,1,1,0,0,0,0,0,0,1,0,0,0,0,1,0,0,0,1
15.71,20,6,1,1,0,0,0,0,0,1,0,0,0,0,0,0,0,0
72.48,16,6,1,0,1,0,0,0,0,0,0,0,0,1,0,0,0,0
19.26,23,4,0,1,0,0,0,0,0,0,0,0,1,0,0,0,0,0
39.76,12,1,0,0,1,0,0,0,0,0,0,0,0,1,0,0,0,0
6.41,10,5,1,0,0,0,0,0,1,0,0,0,0,0,0,1,0,0
163.42,4,3,0,0,0,0,0,0,1,0,0,0,0,0,0,0,1,1
175.64,20,0,0,1,0,0,0,0,0,0,0,0,1,0,0,0,0,0
20.1,17,1,0,0,0,0,0,0,1,0,0,0,0,0,0,1,0,0
8.87,7,5,1,0,1,0,0,0,0,0,0,0,0,0,0,1,0,0
5.21,10,0,0,0,1,0,0,0,0,0,0,0,0,0,0,0,1,0
91.42,18,0,0,0,1,0,0,0,0,0,0,0,0,0,1,0,0,0
15.29,10,4,0,1,0,0,0,0,0,1,0,0,0,0,0,0,0,0
50.28,16,1,0,1,0,0,0,0,0,0,0,0,0,0,0,1,0,0
1.97,6,0,0,0,1,0,0,0,0,0,1,0,0,0,0,0,0,0
21.91,11,1,0,0,1,0,0,0,0,0,0,0,0,0,0,0,1,0
681.67,3,1,0,0,0,0,0,0,1,0,0,1,0,0,0,0,0,1
162.91,20,1,0,0,0,1,0,0,0,0,0,0,1,0,0,0,0,0
133.05,15,5,1,0,1,0,0,0,0,0,0,0,0,0,1,0,0,0
228.91,14,5,1,0,0,0,0,0,1,0,0,0,0,0,1,0,0,0
194.87,18,0,0,0,0,0,0,0,1,0,0,0,1,0,0,0,0,0
26.72,8,2,0,0,0,1,0,0,0,1,0,0,0,0,0,0,0,0
28.23,8,1,0,0,1,0,0,0,0,1,0,0,0,0,0,0,0,0
25.51,21,2,0,1,0,0,0,0,0,0,0,0,0,0,0,0,1,0
156.47,0,2,0,0,0,0,0,0,1,0,0,1,0,0,0,0,0,1
703.25,4,4,0,0,0,0,0,0,1,0,0,1,0,0,0,0,0,1
67.96,6,3,0,0,1,0,0,0,0,0,0,1,0,0,0,0,0,0
7.0,16,1,0,0,0,1,0,0,0,1,0,0,0,0,0,0,0,0
24.56,6,5,1,0,0,0,0,0,1,0,0,0,0,0,1,0,0,0
21.59,13,1,0,1,0,0,0,0,0,0,0,1,0,0,0,0,0,0
42.97,15,4,0,0,0,0,0,0,1,0,0,0,0,0,0,1,0,0
70.56,8,3,0,0,1,0,0,0,0,0,0,0,0,1,0,0,0,0
698.02,16,4,0,0,0,0,0,0,1,1,0,0,0,0,0,0,0,1
9.46,7,3,0,1,0,0,0,0,0,1,0,0,0,0,0,0,0,0
34.03,11,1,0,0,1,0,0,0,0,1,0,0,0,0,0,0,0,0
23.41,23,6,1,1,0,0,0,0,0,1,0,0,0,0,0,0,0,0
32.82,22,4,0,0,0,0,0,0,1,0,0,0,0,1,0,0,0,0
26.07,20,6,1,1,0,0,0,0,0,0,0,1,0,0,0,0,0,0
33.12,16,5,1,1,0,0,0,0,0,0,0,0,0,0,0,0,1,0
19.07,11,5,1,1,0,0,0,0,0,0,0,0,0,1,0,0,0,0
3.77,18,1,0,1,0,0,0,0,0,0,1,0,0,0,0,0,0,0
94.56,21,1,0,0,0,0,0,0,1,0,0,0,0,1,0,0,0,0
15.8,13,6,1,0,0,0,0,0,1,0,0,0,0,0,0,0,1,0
8.73,11,4,0,0,0,0,0,0,1,1,0,0,0,0,0,0,0,0
5.38,11,6,1,1,0,0,0,0,0,0,1,0,0,0,0,0,0,0
5.56,23,6,1,1,0,0,0,0,0,0,0,0,0,0,0,0,1,0
102.35,12,5,1,0,0,1,0,0,0,0,0,0,1,0,0,0,0,0
16.17,16,1,0,0,0,0,0,0,1,0,0,0,1,0,0,0,0,0
12.3,12,4,0,0,0,0,1,0,0,0,0,0,0,0,0,0,1,0
6.84,12,6,1,1,0,0,0,0,0,0,0,0,0,0,0,0,1,0
45.05,18,1,0,1,0,0,0,0,0,0,0,0,0,0,0,1,0,0
3.35,14,2,0,0,1,0,0,0,0,0,1,0,0,0,0,0,0,0
20.1,7,5,1,0,1,0,0,0,0,0,0,0,0,0,0,1,0,0
14.59,21,4,0,0,0,0,0,1,0,0,0,0,0,1,0,0,0,0
69.86,16,2,0,1,0,0,0,0,0,0,0,1,0,0,0,0,0,0
13.13,8,4,0,0,0,0,0,0,1,0,0,0,0,1,0,0,0,0
33.75,7,5,1,1,0,0,0,0,0,0,0,0,0,0,0,0,1,0
31.18,7,3,0,0,0,0,0,0,1,0,0,0,0,1,0,0,0,0
45.73,16,1,0,0,1,0,0,0,0,0,0,0,0,1,0,0,0,0
7.96,23,2,0,1,0,0,0,0,0,1,0,0,0,0,0,0,0,0
106.45,22,2,0,0,0,0,1,0,0,0,0,0,0,0,1,0,0,0
14.55,12,5,1,0,0,0,0,0,1,0,0,0,0,1,0,0,0,0
75.87,9,4,0,0,0,0,0,1,0,0,0,1,0,0,0,0,0,0
2.24,8,2,0,1,0,0,0,0,0,0,1,0,0,0,0,0,0,0
44.19,6,4,0,1,0,0,0,0,0,0,0,0,0,0,1,0,0,0
44.78,19,0,0,0,0,0,0,0,1,0,0,0,0,1,0,0,0,0
26.48,22,0,0,0,0,0,0,0,1,0,0,0,0,0,0,1,0,0
2.46,21,6,1,0,0,0,1,0,0,0,1,0,0,0,0,0,0,0
895.38,1,5,1,0,0,0,0,0,1,0,0,0,1,0,0,0,0,1
165.17,10,2,0,0,0,0,0,0,1,0,0,0,1,0,0,0,0,0
1.54,16,5,1,0,0,0,1,0,0,0,1,0,0,0,0,0,0,0
83.05,20,2,0,0,0,0,0,1,0,0,0,0,1,0,0,0,0,0
279.81,23,5,1,0,1,0,0,0,0,0,0,0,0,0,1,0,0,0
3.0,22,0,0,1,0,0,0,0,0,0,1,0,0,0,0,0,0,0
74.08,23,0,0,0,0,0,0,0,1,0,0,1,0,0,0,0,0,0
154.63,21,6,1,0,1,0,0,0,0,0,0,0,0,0,1,0,0,0
4.76,10,3,0,1,0,0,0,0,0,0,1,0,0,0,0,0,0,0
7.58,12,2,0,1,0,0,0,0,0,1,0,0,0,0,0,0,0,0
47.26,12,4,0,0,1,0,0,0,0,0,0,0,1,0,0,0,0,0
767.05,0,5,1,0,0,0,0,0,1,0,0,1,0,0,0,0,0,1
63.53,21,5,1,1,0,0,0,0,0,0,0,0,1,0,0,0,0,0
39.75,19,3,0,1,0,0,0,0,0,0,0,0,0,0,1,0,0,0
32.2,15,0,0,1,0,0,0,0,0,0,0,0,0,0,1,0,0,0
305.78,0,0,0,0,0,0,0,0,1,0,1,0,0,0,0,0,0,1
4.74,12,0,0,0,0,0,0,0,1,0,1,0,0,0,0,0,0,0
4.08,19,4,0,0,0,0,0,1,0,0,1,0,0,0,0,0,0,0
871.11,10,5,1,0,1,0,0,0,0,1,0,0,0,0,0,0,0,1
37.5,10,1,0,0,0,1,0,0,0,0,0,0,0,0,0,0,1,0
32.47,20,1,0,1,0,0,0,0,0,0,0,0,0,0,0,1,0,0
4.3,15,1,0,1,0,0,0,0,0,0,1,0,0,0,0,0,0,0
7.89,22,4,0,1,0,0,0,0,0,0,0,0,0,0,0,0,1,0
1.85,16,6,1,1,0,0,0,0,0,0,1,0,0,0,0,0,0,0
1624.03,10,1,0,0,1,0,0,0,0,0,0,0,0,0,0,0,1,1
21.98,23,1,0,1,0,0,0,0,0,0,0,1,0,0,0,0,0,0
5.08,9,1,0,0,0,0,1,0,0,0,0,0,0,0,0,0,1,0
97.59,19,0,0,1,0,0,0,0,0,0,0,0,1,0,0,0,0,0
38.02,8,3,0,1,0,0,0,0,0,0,0,0,0,0,0,1,0,0
7.0,21,6,1,0,0,0,0,0,1,0,0,0,0,0,0,1,0,0
10.91,23,5,1,1,0,0,0,0,0,0,0,0,0,0,0,1,0,0
72.98,21,2,0,1,0,0,0,0,0,0,0,1,0,0,0,0,0,0
1.96,22,3,0,1,0,0,0,0,0,0,1,0,0,0,0,0,0,0
186.82,9,2,0,0,1,0,0,0,0,0,0,0,1,0,0,0,0,0
98.43,6,1,0,1,0,0,0,0,0,0,0,0,0,1,0,0,0,0
126.81,11,3,0,0,0,0,0,0,1,0,0,0,1,0,0,0,0,0
58.16,16,2,0,1,0,0,0,0,0,0,0,0,1,0,0,0,0,0
34.37,23,6,1,1,0,0,0,0,0,0,0,0,1,0,0,0,0,0
704.26,15,2,0,0,0,0,0,0,1,0,0,1,0,0,0,0,0,1
19.59,11,1,0,0,0,0,0,0,1,0,0,0,1,0,0,0,0,0
188.51,9,1,0,0,1,0,0,0,0,0,0,0,1,0,0,0,0,0
69.7,15,4,0,0,0,1,0,0,0,0,0,1,0,0,0,0,0,0
20.16,23,5,1,0,1,0,0,0,0,0,0,0,0,0,0,0,1,0
15.5,13,4,0,1,0,0,0,0,0,1,0,0,0,0,0,0,0,0
7.87,7,4,0,1,0,0,0,0,0,1,0,0,0,0,0,0,0,0
246.8,15,6,1,0,0,0,0,0,1,0,0,0,0,0,1,0,0,0
15.63,6,0,0,0,0,0,0,0,1,0,0,0,0,0,0,1,0,0
3.76,6,4,0,1,0,0,0,0,0,0,1,0,0,0,0,0,0,0
1938.73,1,4,0,1,0,0,0,0,0,0,0,0,1,0,0,0,0,1
144.53,0,6,1,0,0,0,0,0,1,1,0,0,0,0,0,0,0,1
87.72,23,2,0,1,0,0,0,0,0,0,0,0,0,0,1,0,0,0
15.79,16,5,1,0,0,0,0,0,1,0,0,0,0,0,0,1,0,0
744.27,3,3,0,0,0,0,0,0,1,1,0,0,0,0,0,0,0,1
93.13,14,0,0,0,0,0,0,0,1,0,0,0,0,0,1,0,0,0
25.42,20,3,0,0,1,0,0,0,0,0,0,0,0,0,0,0,1,0
70.05,3,0,0,0,0,0,0,0,1,0,0,1,0,0,0,0,0,1
3.16,13,4,0,0,0,1,0,0,0,0,1,0,0,0,0,0,0,0
16.13,19,1,0,1,0,0,0,0,0,0,0,0,0,0,0,0,1,0
154.56,7,0,0,0,1,0,0,0,0,0,0,0,1,0,0,0,0,0
28.5,23,1,0,0,0,0,0,1,0,1,0,0,0,0,0,0,0,0
12.48,21,3,0,0,0,0,1,0,0,0,0,0,0,1,0,0,0,0
264.14,23,2,0,0,0,0,0,0,1,0,0,0,0,0,1,0,0,0
18.42,1,2,0,0,0,0,0,0,1,0,1,0,0,0,0,0,0,1
161.76,18,3,0,1,0,0,0,0,0,0,0,0,1,0,0,0,0,0
4.34,15,6,1,0,0,0,0,0,1,0,1,0,0,0,0,0,0,0
83.15,15,5,1,0,0,0,1,0,0,0,0,0,0,0,1,0,0,0
290.57,21,3,0,0,1,0,0,0,0,0,0,0,0,0,1,0,0,0
17.03,11,5,1,0,0,0,0,0,1,0,0,0,0,1,0,0,0,0
34.82,23,6,1,0,1,0,0,0,0,0,0,1,0,0,0,0,0,0
34.84,17,2,0,0,1,0,0,0,0,0,0,0,0,0,0,0,1,0
3.25,21,2,0,0,0,0,0,0,1,0,1,0,0,0,0,0,0,0
28.47,15,0,0,1,0,0,0,0,0,1,0,0,0,0,0,0,0,0
137.55,14,3,0,0,1,0,0,0,0,0,0,0,0,0,1,0,0,0
16.16,11,6,1,1,0,0,0,0,0,0,0,0,0,0,0,0,1,0
578.15,2,1,0,0,0,0,0,0,1,0,0,0,1,0,0,0,0,1
21.53,9,1,0,0,0,0,1,0,0,0,0,0,1,0,0,0,0,0
21.25,22,1,0,0,0,0,0,0,1,1,0,0,0,0,0,0,0,0
200.17,20,2,0,1,0,0,0,0,0,0,0,0,0,0,1,0,0,0
12.27,23,0,0,1,0,0,0,0,0,0,0,0,0,0,0,1,0,0
18.23,9,6,1,0,0,0,0,0,1,0,0,0,0,0,0,0,1,0
81.01,23,6,1,0,1,0,0,0,0,0,0,0,1,0,0,0,0,0
32.78,22,5,1,0,0,0,0,0,1,1,0,0,0,0,0,0,0,0
161.12,6,2,0,0,0,0,0,0,1,0,0,0,0,0,1,0,0,0
133.38,11,4,0,0,1,0,0,0,0,0,0,0,1,0,0,0,0,0
20.4,20,4,0,0,0,1,0,0,0,0,0,0,0,1,0,0,0,0
119.76,8,6,1,0,1,0,0,0,0,0,0,0,0,1,0,0,0,0
2.21,17,0,0,0,1,0,0,0,0,0,1,0,0,0,0,0,0,0
513.15,4,4,0,0,0,0,0,0,1,0,0,0,1,0,0,0,0,1
3.06,22,2,0,1,0,0,0,0,0,0,1,0,0,0,0,0,0,0
79.46,19,0,0,0,0,0,0,0,1,0,0,1,0,0,0,0,0,0
57.0,8,4,0,0,0,0,0,0,1,0,0,0,0,0,0,1,0,0
1321.99,4,5,1,0,0,0,0,0,1,0,0,0,0,0,0,0,1,1
36.51,6,1,0,0,0,0,0,1,0,0,0,0,0,1,0,0,0,0
47.25,23,1,0,0,1,0,0,0,0,0,0,1,0,0,0,0,0,0
45.28,6,5,1,0,1,0,0,0,0,0,0,0,0,0,1,0,0,0
38.6,22,2,0,0,0,1,0,0,0,0,0,0,0,1,0,0,0,0
13.42,13,1,0,0,0,0,0,0,1,1,0,0,0,0,0,0,0,0
71.5,8,5,1,0,1,0,0,0,0,0,0,0,1,0,0,0,0,0
43.08,11,4,0,0,1,0,0,0,0,0,0,0,0,0,0,1,0,0
2.63,14,5,1,1,0,0,0,0,0,0,1,0,0,0,0,0,0,0
10.64,16,3,0,0,1,0,0,0,0,0,0,0,0,0,0,0,1,0
38.54,14,3,0,1,0,0,0,0,0,0,0,0,0,0,1,0,0,0
114.66,8,1,0,0,1,0,0,0,0,0,0,0,0,1,0,0,0,0
180.83,9,6,1,0,0,1,0,0,0,0,0,0,1,0,0,0,0,0
27.56,20,5,1,1,0,0,0,0,0,0,0,0,0,0,0,0,1,0
34.12,17,0,0,0,1,0,0,0,0,0,0,0,0,0,0,0,1,0
174.13,18,2,0,0,0,0,0,0,1,0,0,0,1,0,0,0,0,0
2806.28,14,0,0,0,0,1,0,0,0,0,0,0,0,0,1,0,0,1
4.01,12,0,0,0,1,0,0,0,0,0,1,0,0,0,0,0,0,0
103.27,6,1,0,1,0,0,0,0,0,0,0,0,0,1,0,0,0,0
302.39,2,0,0,0,0,0,0,0,1,0,0,0,0,1,0,0,0,1
14.66,20,2,0,1,0,0,0,0,0,0,0,0,0,0,0,0,1,0
15.96,11,4,0,0,0,0,1,0,0,0,0,0,0,1,0,0,0,0
114.64,13,4,0,0,0,0,0,0,1,0,0,0,0,1,0,0,0,0
813.87,1,3,0,0,0,0,0,0,1,0,0,0,0,1,0,0,0,1
59.76,12,3,0,1,0,0,0,0,0,0,0,0,0,0,0,1,0,0
1.54,14,5,1,0,1,0,0,0,0,0,1,0,0,0,0,0,0,0
48.69,15,0,0,1,0,0,0,0,0,0,0,1,0,0,0,0,0,0
21.53,0,2,0,0,0,0,0,0,1,0,0,0,0,0,0,1,0,1
28.39,20,6,1,0,0,1,0,0,0,0,0,0,1,0,0,0,0,0
18.46,22,1,0,0,0,0,0,0,1,0,0,0,0,0,0,0,1,0
607.23,9,0,0,1,0,0,0,0,0,0,1,0,0,0,0,0,0,1
15.79,11,6,1,0,1,0,0,0,0,0,0,0,0,0,0,1,0,0
23.44,12,5,1,0,0,0,1,0,0,0,0,1,0,0,0,0,0,0
56.43,11,3,0,0,0,0,0,1,0,0,0,0,0,1,0,0,0,0
55.03,20,4,0,1,0,0,0,0,0,0,0,0,1,0,0,0,0,0
5.27,22,1,0,1,0,0,0,0,0,0,0,0,0,0,0,1,0,0
95.7,13,5,1,1,0,0,0,0,0,0,0,0,0,1,0,0,0,0
156.56,19,1,0,0,0,1,0,0,0,0,0,0,1,0,0,0,0,0
35.87,14,3,0,0,0,0,0,1,0,0,0,0,0,0,0,0,1,0
34.52,17,4,0,1,0,0,0,0,0,0,0,0,1,0,0,0,0,0
93.72,10,1,0,0,0,0,0,0,1,0,0,0,0,1,0,0,0,0
3.38,20,1,0,0,0,0,1,0,0,0,1,0,0,0,0,0,0,0
21.39,9,6,1,0,1,0,0,0,0,0,0,0,0,0,0,1,0,0
19.62,9,2,0,0,0,0,0,0,1,0,0,0,0,0,0,0,1,0
67.36,23,1,0,1,0,0,0,0,0,0,0,0,1,0,0,0,0,0
45.02,10,5,1,1,0,0,0,0,0,0,0,1,0,0,0,0,0,0
56.13,14,6,1,0,0,1,0,0,0,0,0,0,0,1,0,0,0,0
22.77,6,6,1,1,0,0,0,0,0,0,0,0,0,0,0,0,1,0
44.66,15,3,0,1,0,0,0,0,0,0,0,0,0,1,0,0,0,0
152.04,10,0,0,1,0,0,0,0,0,0,0,0,1,0,0,0,0,0
43.3,14,3,0,0,1,0,0,0,0,0,0,0,0,0,0,1,0,0
67.65,9,5,1,0,0,0,0,0,1,0,0,1,0,0,0,0,0,0
55.82,21,6,1,1,0,0,0,0,0,0,0,0,0,0,0,1,0,0
38.68,6,0,0,1,0,0,0,0,0,0,0,0,0,0,0,0,1,0
74.68,1,2,0,0,0,0,0,0,1,0,0,0,1,0,0,0,0,1
20.76,10,0,0,0,0,0,0,0,1,0,0,0,0,0,0,1,0,0
143.33,3,5,1,0,0,0,0,0,1,0,0,0,0,0,0,0,1,1
9.84,21,3,0,1,0,0,0,0,0,0,0,0,0,0,0,0,1,0
172.59,9,0,0,0,1,0,0,0,0,0,0,0,1,0,0,0,0,0
75.8,8,2,0,0,1,0,0,0,0,0,0,0,0,1,0,0,0,0
33.9,10,4,0,0,1,0,0,0,0,0,0,0,0,0,0,1,0,0
159.36,12,1,0,1,0,0,0,0,0,0,0,0,1,0,0,0,0,0
23.72,9,4,0,1,0,0,0,0,0,0,0,0,0,0,0,1,0,0
4.22,11,4,0,0,0,0,0,1,0,0,1,0,0,0,0,0,0,0
2.76,9,6,1,0,1,0,0,0,0,0,1,0,0,0,0,0,0,0
30.37,21,4,0,1,0,0,0,0,0,0,0,0,0,0,0,0,1,0
34.82,15,4,0,1,0,0,0,0,0,1,0,0,0,0,0,0,0,0
1441.14,20,6,1,0,0,0,0,0,1,0,0,0,0,0,0,1,0,1
683.83,3,3,0,0,0,0,0,0,1,0,0,0,1,0,0,0,0,1
10.98,18,1,0,1,0,0,0,0,0,1,0,0,0,0,0,0,0,0
262.08,20,6,1,0,0,0,0,0,1,0,0,0,0,0,1,0,0,0
21.52,23,0,0,1,0,0,0,0,0,1,0,0,0,0,0,0,0,0
20.81,17,4,0,0,1,0,0,0,0,1,0,0,0,0,0,0,0,0
5.49,22,5,1,0,1,0,0,0,0,1,0,0,0,0,0,0,0,0
3.8,20,1,0,1,0,0,0,0,0,0,1,0,0,0,0,0,0,0
7.51,9,1,0,0,0,0,0,0,1,1,0,0,0,0,0,0,0,0
4711.46,1,3,0,1,0,0,0,0,0,0,0,0,0,0,1,0,0,1
445.22,0,2,0,0,0,0,0,0,1,0,0,0,0,1,0,0,0,1
23.0,9,5,1,0,1,0,0,0,0,0,0,0,0,0,0,0,1,0
66.4,19,4,0,1,0,0,0,0,0,0,0,0,0,1,0,0,0,0
60.38,0,0,0,0,0,0,0,0,1,0,0,0,0,0,0,1,0,1
27.82,23,1,0,1,0,0,0,0,0,0,0,0,0,0,0,0,1,0
12.26,20,1,0,0,0,0,0,0,1,1,0,0,0,0,0,0,0,0
48.15,23,5,1,0,0,0,0,0,1,0,0,0,0,0,0,1,0,0
86.68,23,0,0,0,0,0,1,0,0,0,0,0,0,1,0,0,0,0
114.7,21,4,0,0,0,0,1,0,0,0,0,0,1,0,0,0,0,0
72.6,7,5,1,0,0,1,0,0,0,0,0,0,0,1,0,0,0,0
58.02,14,2,0,0,0,0,0,1,0,0,0,0,1,0,0,0,0,0
48.96,10,2,0,0,1,0,0,0,0,0,0,1,0,0,0,0,0,0
1364.93,8,0,0,0,0,0,0,0,1,0,0,0,0,0,0,0,1,1
5.61,17,1,0,0,0,0,0,0,1,0,1,0,0,0,0,0,0,0
5.54,6,1,0,0,1,0,0,0,0,0,1,0,0,0,0,0,0,0
157.31,12,5,1,0,1,0,0,0,0,0,0,0,0,0,1,0,0,0
921.76,3,2,0,0,0,0,0,0,1,0,0,0,0,0,1,0,0,1
49.82,14,3,0,1,0,0,0,0,0,0,0,0,0,1,0,0,0,0
31.55,17,2,0,0,0,0,0,0,1,1,0,0,0,0,0,0,0,0
112.49,19,6,1,0,1,0,0,0,0,0,0,0,1,0,0,0,0,0
7.9,22,2,0,1,0,0,0,0,0,0,0,0,0,0,0,0,1,0
23.45,14,2,0,1,0,0,0,0,0,0,0,1,0,0,0,0,0,0
67.82,22,2,0,0,0,1,0,0,0,0,0,0,0,1,0,0,0,0
17.04,21,1,0,1,0,0,0,0,0,1,0,0,0,0,0,0,0,0
1.61,20,6,1,0,0,0,0,0,1,0,1,0,0,0,0,0,0,0
36.59,19,6,1,1,0,0,0,0,0,0,0,0,0,0,0,0,1,0
104.32,22,4,0,0,0,0,0,0,1,0,0,0,0,1,0,0,0,0
29.87,19,5,1,0,0,0,0,0,1,0,0,0,1,0,0,0,0,0
6.29,13,6,1,1,0,0,0,0,0,0,0,0,0,0,0,1,0,0
178.67,13,1,0,1,0,0,0,0,0,0,0,0,1,0,0,0,0,0
73.21,23,1,0,0,0,0,1,0,0,0,0,0,0,1,0,0,0,0
85.88,8,5,1,0,0,0,0,0,1,0,0,0,0,1,0,0,0,0
3.25,12,1,0,0,0,0,0,0,1,0,1,0,0,0,0,0,0,0
149.97,7,3,0,0,0,0,0,0,1,0,0,0,1,0,0,0,0,0
13.71,7,4,0,1,0,0,0,0,0,1,0,0,0,0,0,0,0,0
152.66,6,6,1,1,0,0,0,0,0,0,0,0,1,0,0,0,0,0
23.02,6,5,1,0,1,0,0,0,0,0,0,0,0,0,0,0,1,0
25.33,14,0,0,0,0,1,0,0,0,0,0,0,0,0,0,0,1,0
23.42,9,2,0,0,0,0,1,0,0,0,0,0,1,0,0,0,0,0
79.59,7,3,0,0,1,0,0,0,0,0,0,0,0,0,1,0,0,0
599.47,4,2,0,0,0,0,0,0,1,0,0,0,0,1,0,0,0,1
55.33,10,0,0,1,0,0,0,0,0,0,0,0,0,0,0,1,0,0
150.75,22,4,0,0,0,0,0,0,1,0,0,0,1,0,0,0,0,0
30.93,21,5,1,0,1,0,0,0,0,1,0,0,0,0,0,0,0,0
28.8,16,4,0,0,0,0,0,0,1,0,0,0,0,0,0,1,0,0
50.17,19,0,0,1,0,0,0,0,0,0,0,1,0,0,0,0,0,0
26.79,21,5,1,0,1,0,0,0,0,0,0,0,0,0,0,0,1,0
197.84,9,5,1,1,0,0,0,0,0,0,0,0,1,0,0,0,0,0
49.69,22,5,1,1,0,0,0,0,0,0,0,0,1,0,0,0,0,0
13.09,17,0,0,0,0,0,0,0,1,0,0,0,0,1,0,0,0,0
5.62,9,4,0,0,0,0,0,0,1,0,1,0,0,0,0,0,0,0
32.02,20,4,0,1,0,0,0,0,0,0,0,0,0,1,0,0,0,0
22.77,21,1,0,0,1,0,0,0,0,0,0,0,0,0,0,0,1,0
35.72,22,3,0,1,0,0,0,0,0,0,0,0,0,0,0,0,1,0
34.02,20,0,0,1,0,0,0,0,0,0,0,0,0,0,0,0,1,0
83.36,20,3,0,0,1,0,0,0,0,0,0,0,1,0,0,0,0,0
4962.15,20,4,0,0,0,0,0,0,1,0,0,0,0,0,1,0,0,1
94.42,10,1,0,1,0,0,0,0,0,0,0,0,1,0,0,0,0,0
77.42,10,6,1,0,1,0,0,0,0,0,0,0,1,0,0,0,0,0
71.76,13,4,0,1,0,0,0,0,0,0,0,1,0,0,0,0,0,0
71.19,10,4,0,0,0,0,0,1,0,0,0,1,0,0,0,0,0,0
18.57,16,6,1,0,0,0,0,0,1,0,0,0,0,0,0,0,1,0
7.66,19,1,0,1,0,0,0,0,0,0,0,0,0,0,0,1,0,0
769.35,1,0,0,0,0,0,0,0,1,0,0,0,0,0,0,1,0,1
229.29,23,1,0,1,0,0,0,0,0,0,0,0,0,0,1,0,0,0
152.56,18,6,1,1,0,0,0,0,0,0,0,0,0,0,1,0,0,0
211.84,23,1,0,1,0,0,0,0,0,0,0,0,0,0,1,0,0,0
1770.08,17,6,1,0,0,0,0,0,1,0,0,0,0,1,0,0,0,1
206.82,20,5,1,1,0,0,0,0,0,0,0,0,0,0,1,0,0,0
20.27,21,0,0,1,0,0,0,0,0,1,0,0,0,0,0,0,0,0
199.86,15,2,0,0,1,0,0,0,0,0,0,0,1,0,0,0,0,0
26.5,13,3,0,1,0,0,0,0,0,0,0,0,0,0,0,1,0,0
2.66,11,4,0,0,0,1,0,0,0,0,1,0,0,0,0,0,0,0
64.49,17,0,0,1,0,0,0,0,0,0,0,1,0,0,0,0,0,0
1556.71,9,0,0,0,0,0,0,0,1,0,0,0,0,0,0,1,0,1
189.2,9,2,0,0,0,0,1,0,0,0,0,0,0,0,1,0,0,0
46.02,13,1,0,1,0,0,0,0,0,0,0,0,0,0,0,1,0,0
58.56,16,6,1,1,0,0,0,0,0,0,0,0,0,0,0,1,0,0
3.67,14,5,1,0,1,0,0,0,0,0,1,0,0,0,0,0,0,0
50.67,9,1,0,0,0,0,1,0,0,0,0,0,0,1,0,0,0,0
28.0,10,5,1,0,0,1,0,0,0,0,0,0,0,1,0,0,0,0
23.92,14,4,0,0,0,0,0,0,1,0,0,0,0,1,0,0,0,0
6.87,11,3,0,0,0,1,0,0,0,0,0,0,0,0,0,1,0,0
37.29,16,5,1,0,1,0,0,0,0,0,0,1,0,0,0,0,0,0
5.95,12,2,0,0,0,1,0,0,0,0,1,0,0,0,0,0,0,0
25.18,21,3,0,0,0,0,0,0,1,1,0,0,0,0,0,0,0,0
130.91,19,2,0,1,0,0,0,0,0,0,0,0,1,0,0,0,0,0
5.69,18,6,1,0,0,1,0,0,0,0,0,0,0,0,0,1,0,0
50.8,21,6,1,1,0,0,0,0,0,0,0,0,0,0,0,1,0,0
38.38,23,4,0,0,0,0,0,0,1,0,0,1,0,0,0,0,0,0
17.25,10,0,0,0,0,0,0,0,1,0,0,0,0,1,0,0,0,0
94.07,21,1,0,0,0,0,0,0,1,0,0,0,1,0,0,0,0,0
51.57,16,1,0,0,0,0,0,0,1,0,0,1,0,0,0,0,0,0
3.62,21,1,0,0,0,0,0,0,1,0,1,0,0,0,0,0,0,0
4.96,10,2,0,1,0,0,0,0,0,0,1,0,0,0,0,0,0,0
1684.57,4,1,0,0,1,0,0,0,0,0,0,0,0,1,0,0,0,1
248.06,9,2,0,0,1,0,0,0,0,0,0,0,0,0,1,0,0,0
12.98,9,4,0,0,0,0,0,0,1,0,0,0,0,0,0,1,0,0
3.54,10,4,0,1,0,0,0,0,0,0,1,0,0,0,0,0,0,0
4971.22,7,1,0,1,0,0,0,0,0,0,0,0,0,0,1,0,0,1
444.09,3,2,0,0,0,0,0,0,1,1,0,0,0,0,0,0,0,1
1882.77,6,1,0,0,0,0,0,0,1,0,0,0,0,1,0,0,0,1
20.65,19,0,0,1,0,0,0,0,0,0,0,0,0,0,0,0,1,0
51.05,23,5,1,0,0,0,0,1,0,0,0,0,0,1,0,0,0,0
1.87,21,0,0,1,0,0,0,0,0,0,1,0,0,0,0,0,0,0
38.87,9,6,1,1,0,0,0,0,0,0,0,0,0,0,0,0,1,0
43.12,19,6,1,0,0,0,0,0,1,0,0,0,0,1,0,0,0,0
139.51,12,4,0,0,0,0,0,0,1,0,0,0,1,0,0,0,0,0
19.93,6,5,1,1,0,0,0,0,0,0,0,0,1,0,0,0,0,0
3.12,23,2,0,0,1,0,0,0,0,0,1,0,0,0,0,0,0,0
5.2,16,3,0,0,0,1,0,0,0,0,1,0,0,0,0,0,0,0
76.57,16,2,0,1,0,0,0,0,0,0,0,1,0,0,0,0,0,0
4.21,12,5,1,0,0,0,0,0,1,0,1,0,0,0,0,0,0,0
78.38,21,6,1,1,0,0,0,0,0,0,0,0,1,0,0,0,0,0
44.09,22,4,0,0,0,0,0,0,1,0,0,0,0,1,0,0,0,0
6.78,12,6,1,1,0,0,0,0,0,0,0,0,0,0,0,1,0,0
4.18,9,2,0,1,0,0,0,0,0,0,1,0,0,0,0,0,0,0
65.32,18,1,0,0,0,0,0,1,0,0,0,1,0,0,0,0,0,0
1618.52,3,4,0,0,0,0,0,0,1,0,0,0,0,0,0,1,0,1
35.86,8,3,0,0,0,0,0,0,1,0,0,0,0,1,0,0,0,0
211.62,1,5,1,0,0,0,0,0,1,0,0,0,0,0,0,1,0,1
76.33,15,5,1,0,0,1,0,0,0,0,0,0,1,0,0,0,0,0
26.72,9,5,1,1,0,0,0,0,0,0,0,0,0,1,0,0,0,0
5.6,17,0,0,1,0,0,0,0,0,0,1,0,0,0,0,0,0,0
18.32,17,6,1,0,0,0,1,0,0,1,0,0,0,0,0,0,0,0
9.42,3,6,1,0,0,0,0,0,1,0,1,0,0,0,0,0,0,1
530.41,1,4,0,0,0,0,0,0,1,0,0,0,1,0,0,0,0,1
47.19,18,1,0,1,0,0,0,0,0,0,0,0,0,1,0,0,0,0
1665.49,1,1,0,0,0,0,0,0,1,0,0,0,0,0,0,0,1,1
93.59,18,0,0,0,1,0,0,0,0,0,0,0,0,1,0,0,0,0
10.97,16,6,1,1,0,0,0,0,0,0,0,0,0,0,0,1,0,0
38.48,19,4,0,0,0,0,0,0,1,0,0,0,0,0,0,0,1,0
25.21,16,5,1,1,0,0,0,0,0,0,0,0,0,0,0,1,0,0
116.08,16,1,0,1,0,0,0,0,0,0,0,0,0,0,1,0,0,0
33.14,22,2,0,0,0,0,0,0,1,0,0,0,0,1,0,0,0,0
21.25,11,4,0,0,1,0,0,0,0,0,0,0,0,1,0,0,0,0
4.47,15,0,0,0,1,0,0,0,0,0,1,0,0,0,0,0,0,0
7.17,6,2,0,0,0,0,0,0,1,0,0,0,0,0,0,1,0,0
175.72,23,6,1,0,1,0,0,0,0,0,0,0,0,0,1,0,0,0
10.22,22,6,1,0,0,0,1,0,0,0,0,0,0,0,0,0,1,0
61.55,19,6,1,1,0,0,0,0,0,0,0,1,0,0,0,0,0,0
483.94,2,4,0,0,0,0,0,0,1,0,0,0,0,1,0,0,0,1
61.62,23,5,1,1,0,0,0,0,0,0,0,0,0,1,0,0,0,0
32.99,10,1,0,0,0,0,0,1,0,0,0,0,0,0,0,0,1,0
34.55,19,6,1,0,0,0,0,0,1,1,0,0,0,0,0,0,0,0
33.46,7,2,0,0,0,0,0,1,0,0,0,0,0,0,0,0,1,0
408.01,3,4,0,0,0,0,0,0,1,1,0,0,0,0,0,0,0,1
907.34,9,4,0,0,0,0,1,0,0,0,0,0,0,0,0,0,1,1
1027.46,4,4,0,0,0,0,0,0,1,0,0,0,0,0,1,0,0,1
2.45,18,4,0,1,0,0,0,0,0,0,1,0,0,0,0,0,0,0
6.16,10,6,1,0,0,1,0,0,0,0,0,0,0,0,0,1,0,0
13.16,7,5,1,0,0,1,0,0,0,0,0,0,0,0,0,0,1,0
49.27,17,2,0,0,0,0,0,1,0,0,0,1,0,0,0,0,0,0
56.57,14,0,0,0,0,0,0,0,1,0,0,1,0,0,0,0,0,0
45.78,18,6,1,0,1,0,0,0,0,0,0,0,0,0,1,0,0,0
78.82,10,2,0,1,0,0,0,0,0,0,0,1,0,0,0,0,0,0
42.92,17,2,0,0,0,0,1,0,0,0,0,1,0,0,0,0,0,0
10.99,15,2,0,0,0,1,0,0,0,0,0,1,0,0,0,0,0,0
56.24,15,6,1,1,0,0,0,0,0,0,0,0,1,0,0,0,0,0
60.59,8,5,1,1,0,0,0,0,0,0,0,1,0,0,0,0,0,0
769.19,0,6,1,0,1,0,0,0,0,1,0,0,0,0,0,0,0,1
173.81,6,3,0,0,0,0,0,0,1,0,0,0,1,0,0,0,0,0
2509.76,0,4,0,0,0,1,0,0,0,0,0,0,0,0,1,0,0,1
7.11,23,4,0,0,0,0,0,0,1,0,0,0,0,0,0,0,1,0
8.22,7,5,1,0,0,0,0,0,1,0,0,0,0,0,0,0,1,0
18.99,22,4,0,0,0,0,0,0,1,1,0,0,0,0,0,0,0,0
157.83,2,0,0,0,0,0,0,0,1,0,0,0,0,1,0,0,0,1
12.8,12,2,0,1,0,0,0,0,0,1,0,0,0,0,0,0,0,0
59.03,0,0,0,0,0,0,0,0,1,0,0,0,0,0,0,1,0,1
94.31,6,2,0,0,0,1,0,0,0,0,0,0,0,1,0,0,0,0
132.55,19,1,0,1,0,0,0,0,0,0,0,0,0,0,1,0,0,0
16.32,9,5,1,0,0,0,0,0,1,0,0,0,0,0,0,0,1,0
156.38,22,5,1,0,0,0,0,1,0,0,0,0,1,0,0,0,0,0
462.68,14,5,1,0,0,0,0,0,1,0,1,0,0,0,0,0,0,1
277.21,16,3,0,1,0,0,0,0,0,0,0,0,0,0,1,0,0,0
5.36,15,2,0,0,0,0,0,0,1,0,1,0,0,0,0,0,0,0
160.88,17,6,1,1,0,0,0,0,0,0,0,0,0,0,1,0,0,0
86.36,23,5,1,0,0,0,0,1,0,0,0,0,0,1,0,0,0,0
994.81,7,4,0,0,0,1,0,0,0,0,0,0,0,1,0,0,0,1
927.01,1,1,0,0,0,0,0,0,1,0,0,0,0,0,1,0,0,1
29.9,9,0,0,1,0,0,0,0,0,1,0,0,0,0,0,0,0,0
320.65,9,5,1,0,1,0,0,0,0,0,1,0,0,0,0,0,0,1
183.62,9,6,1,1,0,0,0,0,0,0,0,0,0,0,1,0,0,0
92.7,17,5,1,1,0,0,0,0,0,0,0,0,0,0,1,0,0,0
17.38,9,6,1,0,1,0,0,0,0,1,0,0,0,0,0,0,0,0
13.16,18,2,0,0,1,0,0,0,0,0,0,0,0,0,0,1,0,0
36.67,9,2,0,1,0,0,0,0,0,0,0,1,0,0,0,0,0,0
32.66,16,2,0,1,0,0,0,0,0,0,0,1,0,0,0,0,0,0
712.22,3,6,1,0,0,0,0,0,1,1,0,0,0,0,0,0,0,1
35.07,22,0,0,0,0,0,0,1,0,0,0,1,0,0,0,0,0,0
22.79,8,3,0,0,0,0,0,0,1,0,0,0,0,0,0,0,1,0
18.72,21,2,0,1,0,0,0,0,0,0,0,0,0,0,0,0,1,0
857.92,4,1,0,0,0,0,1,0,0,0,0,0,0,0,0,0,1,1
1130.17,16,5,1,0,1,0,0,0,0,0,0,0,0,0,0,1,0,1
68.98,23,5,1,0,0,1,0,0,0,0,0,1,0,0,0,0,0,0
91.07,17,4,0,1,0,0,0,0,0,0,0,0,1,0,0,0,0,0
20.11,8,4,0,1,0,0,0,0,0,0,0,0,0,0,0,0,1,0
11.02,7,3,0,0,1,0,0,0,0,0,0,0,0,0,0,1,0,0
58.54,7,6,1,0,1,0,0,0,0,0,0,1,0,0,0,0,0,0
56.53,15,2,0,1,0,0,0,0,0,0,0,1,0,0,0,0,0,0
50.7,21,0,0,0,0,0,0,0,1,0,0,0,0,0,0,1,0,0
100.3,23,5,1,0,0,0,0,0,1,0,0,0,1,0,0,0,0,0
45.11,7,3,0,1,0,0,0,0,0,0,0,0,0,0,0,1,0,0
35.99,20,3,0,1,0,0,0,0,0,0,0,0,0,0,0,0,1,0
81.9,22,3,0,0,1,0,0,0,0,0,0,0,1,0,0,0,0,0
83.6,7,4,0,1,0,0,0,0,0,0,0,0,1,0,0,0,0,0
5.42,22,0,0,1,0,0,0,0,0,0,1,0,0,0,0,0,0,0
101.24,6,4,0,0,0,1,0,0,0,0,0,0,0,1,0,0,0,0
7.45,8,4,0,0,1,0,0,0,0,0,0,0,0,0,0,0,1,0
14.66,9,5,1,0,0,0,0,0,1,0,0,0,0,0,0,0,1,0
34.42,11,0,0,0,1,0,0,0,0,1,0,0,0,0,0,0,0,0
56.31,22,6,1,1,0,0,0,0,0,0,0,0,0,1,0,0,0,0
3.86,10,0,0,0,0,0,0,1,0,0,1,0,0,0,0,0,0,0
806.19,4,3,0,0,0,0,0,0,1,0,0,0,0,0,0,0,1,1
11.63,9,6,1,0,0,1,0,0,0,1,0,0,0,0,0,0,0,0
1593.38,14,3,0,0,1,0,0,0,0,0,0,0,1,0,0,0,0,1
16.27,17,5,1,1,0,0,0,0,0,0,0,0,0,0,0,0,1,0
24.17,23,4,0,1,0,0,0,0,0,0,0,0,0,1,0,0,0,0
7.81,9,5,1,0,1,0,0,0,0,0,0,0,0,0,0,0,1,0
52.1,7,1,0,1,0,0,0,0,0,0,0,1,0,0,0,0,0,0
3.05,22,4,0,0,0,0,0,0,1,0,1,0,0,0,0,0,0,0
5.94,22,6,1,0,1,0,0,0,0,0,1,0,0,0,0,0,0,0
118.36,20,6,1,0,0,0,0,0,1,0,0,0,0,0,1,0,0,0
883.57,0,0,0,0,0,0,0,0,1,0,0,0,1,0,0,0,0,1
11.22,11,0,0,1,0,0,0,0,0,1,0,0,0,0,0,0,0,0
803.25,2,0,0,0,0,0,0,0,1,1,0,0,0,0,0,0,0,1
11.72,12,6,1,1,0,0,0,0,0,1,0,0,0,0,0,0,0,0
8.34,16,4,0,0,0,1,0,0,0,0,0,0,0,0,0,1,0,0
25.89,13,6,1,1,0,0,0,0,0,0,0,0,0,0,0,0,1,0
40.93,20,3,0,0,0,0,0,0,1,0,0,1,0,0,0,0,0,0
29.1,15,2,0,0,0,0,0,0,1,0,0,0,0,0,0,1,0,0
31.31,10,2,0,0,0,0,0,1,0,1,0,0,0,0,0,0,0,0
1100.62,18,0,0,0,1,0,0,0,0,0,0,0,1,0,0,0,0,1
77.09,8,4,0,0,0,1,0,0,0,0,0,0,1,0,0,0,0,0
680.53,1,2,0,0,0,0,0,0,1,0,1,0,0,0,0,0,0,1
3820.6,11,6,1,0,0,0,0,0,1,0,0,0,0,0,1,0,0,1
39.47,10,2,0,0,0,0,0,0,1,0,0,1,0,0,0,0,0,0
4.75,9,0,0,0,1,0,0,0,0,0,1,0,0,0,0,0,0,0
30.31,10,3,0,1,0,0,0,0,0,0,0,0,0,0,0,0,1,0
132.23,23,6,1,0,1,0,0,0,0,0,0,0,0,0,1,0,0,0
4.06,16,4,0,1,0,0,0,0,0,0,1,0,0,0,0,0,0,0
5.99,10,0,0,1,0,0,0,0,0,0,1,0,0,0,0,0,0,0
23.44,7,1,0,1,0,0,0,0,0,0,0,0,0,0,0,0,1,0
7.53,23,5,1,0,0,0,0,0,1,1,0,0,0,0,0,0,0,0
165.68,22,2,0,1,0,0,0,0,0,0,0,0,0,0,1,0,0,0
100.76,11,1,0,1,0,0,0,0,0,0,0,0,1,0,0,0,0,0
82.94,10,5,1,0,0,0,1,0,0,0,0,0,0,1,0,0,0,0
144.44,20,6,1,1,0,0,0,0,0,0,0,0,0,0,1,0,0,0
27.24,11,0,0,0,1,0,0,0,0,1,0,0,0,0,0,0,0,0
63.96,11,0,0,1,0,0,0,0,0,0,0,0,1,0,0,0,0,0
3.94,17,0,0,0,1,0,0,0,0,0,1,0,0,0,0,0,0,0
27.57,16,5,1,1,0,0,0,0,0,1,0,0,0,0,0,0,0,0
1902.31,8,2,0,0,0,0,0,0,1,0,0,0,1,0,0,0,0,1
57.24,20,4,0,1,0,0,0,0,0,0,0,0,1,0,0,0,0,0
14.49,21,3,0,0,1,0,0,0,0,1,0,0,0,0,0,0,0,0
3.39,17,5,1,1,0,0,0,0,0,0,1,0,0,0,0,0,0,0
1615.86,4,1,0,0,0,0,0,0,1,0,0,0,0,1,0,0,0,1
100.39,16,0,0,1,0,0,0,0,0,0,0,0,0,1,0,0,0,0
14.16,10,2,0,0,1,0,0,0,0,0,0,0,0,0,0,0,1,0
3.69,12,2,0,1,0,0,0,0,0,0,1,0,0,0,0,0,0,0
47.33,15,2,0,0,0,0,0,0,1,0,0,0,0,0,1,0,0,0
636.62,1,5,1,1,0,0,0,0,0,0,1,0,0,0,0,0,0,1
21.54,12,0,0,0,0,0,0,1,0,0,0,1,0,0,0,0,0,0
38.42,6,4,0,0,1,0,0,0,0,0,0,0,0,0,0,0,1,0
32.63,16,3,0,0,0,0,0,0,1,1,0,0,0,0,0,0,0,0
35.84,23,0,0,1,0,0,0,0,0,0,0,0,0,0,0,1,0,0
32.3,13,5,1,1,0,0,0,0,0,0,0,0,0,0,0,0,1,0
2508.19,20,2,0,0,0,0,0,0,1,0,0,0,0,0,1,0,0,1
29.4,13,6,1,1,0,0,0,0,0,1,0,0,0,0,0,0,0,0
58.28,21,2,0,0,0,0,0,1,0,0,0,0,0,0,0,1,0,0
44.96,9,5,1,1,0,0,0,0,0,0,0,0,0,0,0,1,0,0
814.43,2,6,1,0,0,0,0,0,1,0,0,0,1,0,0,0,0,1
4.58,7,6,1,1,0,0,0,0,0,0,1,0,0,0,0,0,0,0
4.9,11,3,0,0,1,0,0,0,0,0,1,0,0,0,0,0,0,0
180.9,22,5,1,0,1,0,0,0,0,0,0,0,1,0,0,0,0,0
1.65,10,1,0,1,0,0,0,0,0,0,1,0,0,0,0,0,0,0
5.55,8,2,0,0,1,0,0,0,0,1,0,0,0,0,0,0,0,0
244.41,0,5,1,0,0,0,0,0,1,0,0,0,0,0,0,1,0,1
4.42,12,6,1,1,0,0,0,0,0,0,1,0,0,0,0,0,0,0
1.83,18,5,1,1,0,0,0,0,0,0,1,0,0,0,0,0,0,0
5.87,20,1,0,0,1,0,0,0,0,0,1,0,0,0,0,0,0,0
3.69,14,5,1,1,0,0,0,0,0,0,1,0,0,0,0,0,0,0
31.9,11,1,0,1,0,0,0,0,0,0,0,0,0,0,0,0,1,0
40.42,23,1,0,0,0,0,0,0,1,0,0,1,0,0,0,0,0,0
74.41,22,2,0,1,0,0,0,0,0,0,0,0,0,1,0,0,0,0
10.93,6,5,1,0,0,0,0,0,1,1,0,0,0,0,0,0,0,0
22.44,8,1,0,1,0,0,0,0,0,0,0,0,0,0,0,0,1,0
186.72,9,1,0,1,0,0,0,0,0,0,0,0,0,0,1,0,0,0
10.94,18,6,1,0,1,0,0,0,0,0,0,0,0,0,0,1,0,0
3.43,17,0,0,1,0,0,0,0,0,0,1,0,0,0,0,0,0,0
29.26,9,6,1,0,0,1,0,0,0,0,0,0,0,0,0,0,1,0
3.37,20,2,0,0,0,0,0,1,0,0,1,0,0,0,0,0,0,0
4.36,19,2,0,0,1,0,0,0,0,0,1,0,0,0,0,0,0,0
9.74,21,0,0,1,0,0,0,0,0,1,0,0,0,0,0,0,0,0
44.59,21,5,1,1,0,0,0,0,0,0,0,0,0,0,0,1,0,0
75.01,15,4,0,1,0,0,0,0,0,0,0,1,0,0,0,0,0,0
49.72,11,0,0,0,0,1,0,0,0,0,0,0,0,0,0,1,0,0
24.99,21,2,0,1,0,0,0,0,0,1,0,0,0,0,0,0,0,0
9.41,11,1,0,1,0,0,0,0,0,1,0,0,0,0,0,0,0,0
36.58,23,0,0,0,0,1,0,0,0,0,0,1,0,0,0,0,0,0
4.43,12,6,1,0,0,0,1,0,0,0,1,0,0,0,0,0,0,0
17.2,16,1,0,1,0,0,0,0,0,1,0,0,0,0,0,0,0,0
12.56,9,6,1,0,0,0,0,0,1,0,0,0,0,0,0,1,0,0
31.73,12,0,0,0,0,0,0,0,1,1,0,0,0,0,0,0,0,0
120.99,23,5,1,1,0,0,0,0,0,0,0,0,0,0,1,0,0,0
261.99,16,4,0,0,1,0,0,0,0,0,0,0,0,0,1,0,0,0
87.33,7,4,0,0,0,0,0,0,1,0,0,0,1,0,0,0,0,0
1011.1,0,4,0,0,0,0,1,0,0,0,0,0,0,0,0,1,0,1
17.69,17,3,0,0,0,0,0,0,1,0,0,1,0,0,0,0,0,0
79.44,12,1,0,0,0,0,1,0,0,0,0,0,1,0,0,0,0,0
131.89,16,6,1,0,0,0,0,0,1,0,0,0,1,0,0,0,0,0
4.87,22,0,0,1,0,0,0,0,0,0,1,0,0,0,0,0,0,0
10.21,10,0,0,0,0,0,1,0,0,0,0,0,0,0,0,0,1,0
19.01,11,4,0,0,0,0,0,0,1,0,0,0,0,0,0,1,0,0
3052.37,4,0,0,0,0,0,1,0,0,0,0,0,0,0,1,0,0,1
39.69,1,5,1,0,0,0,0,0,1,0,0,0,0,0,0,1,0,1
18.0,20,4,0,0,1,0,0,0,0,0,0,0,0,0,0,0,1,0
22.11,17,4,0,1,0,0,0,0,0,1,0,0,0,0,0,0,0,0
816.19,11,5,1,0,0,0,0,0,1,0,0,0,0,1,0,0,0,1
4.15,13,6,1,0,0,0,1,0,0,0,1,0,0,0,0,0,0,0
27.08,9,2,0,0,0,0,0,1,0,0,0,0,0,1,0,0,0,0
229.83,15,5,1,0,1,0,0,0,0,0,0,0,0,0,1,0,0,0
5.67,23,6,1,0,1,0,0,0,0,0,1,0,0,0,0,0,0,0
88.81,6,3,0,1,0,0,0,0,0,0,0,0,0,1,0,0,0,0
26.42,18,1,0,0,1,0,0,0,0,1,0,0,0,0,0,0,0,0
25.99,23,5,1,0,0,0,0,0,1,0,0,0,0,0,0,0,1,0
108.43,11,6,1,1,0,0,0,0,0,0,0,0,0,0,1,0,0,0
28.43,12,4,0,0,0,1,0,0,0,1,0,0,0,0,0,0,0,0
38.91,18,1,0,1,0,0,0,0,0,0,0,0,0,1,0,0,0,0
145.12,11,3,0,1,0,0,0,0,0,0,0,0,1,0,0,0,0,0
21.78,18,5,1,1,0,0,0,0,0,1,0,0,0,0,0,0,0,0
31.33,7,2,0,1,0,0,0,0,0,0,0,0,0,0,0,0,1,0
2453.83,3,4,0,1,0,0,0,0,0,0,0,0,0,1,0,0,0,1
307.0,2,3,0,0,0,0,0,0,1,0,0,1,0,0,0,0,0,1
50.33,14,3,0,1,0,0,0,0,0,0,0,0,0,0,0,1,0,0
31.93,22,0,0,1,0,0,0,0,0,1,0,0,0,0,0,0,0,0
71.8,18,5,1,0,0,0,0,0,1,0,0,0,0,0,1,0,0,0
4.58,9,2,0,1,0,0,0,0,0,0,1,0,0,0,0,0,0,0
184.22,14,3,0,0,0,0,1,0,0,0,0,0,0,0,1,0,0,0
22.79,10,6,1,0,1,0,0,0,0,0,0,0,0,0,0,0,1,0
110.78,23,6,1,0,1,0,0,0,0,0,0,0,0,1,0,0,0,0
63.39,8,3,0,0,1,0,0,0,0,0,0,1,0,0,0,0,0,0
172.89,10,1,0,1,0,0,0,0,0,0,0,0,1,0,0,0,0,0
5.69,20,1,0,0,1,0,0,0,0,0,1,0,0,0,0,0,0,0
59.76,23,0,0,0,0,1,0,0,0,0,0,0,0,0,0,1,0,0
24.54,20,4,0,0,1,0,0,0,0,0,0,0,0,0,0,1,0,0
15.15,21,6,1,1,0,0,0,0,0,0,0,0,0,0,0,0,1,0
39.67,19,6,1,0,0,0,0,0,1,0,0,1,0,0,0,0,0,0
33.39,19,1,0,0,1,0,0,0,0,0,0,1,0,0,0,0,0,0
14.3,19,6,1,0,0,0,0,0,1,1,0,0,0,0,0,0,0,0
32.63,10,0,0,0,0,0,0,0,1,0,0,0,0,0,0,1,0,0
2.09,9,2,0,0,1,0,0,0,0,0,1,0,0,0,0,0,0,0
14.65,12,1,0,0,1,0,0,0,0,0,0,0,0,0,0,1,0,0
28.9,7,4,0,0,0,0,0,0,1,0,0,0,1,0,0,0,0,0
5.68,16,0,0,0,0,0,0,0,1,0,1,0,0,0,0,0,0,0
154.91,10,3,0,0,1,0,0,0,0,0,0,0,1,0,0,0,0,0
37.55,12,3,0,0,0,0,0,0,1,0,0,0,0,0,0,0,1,0
17.11,23,6,1,0,1,0,0,0,0,0,0,1,0,0,0,0,0,0
158.32,10,3,0,0,1,0,0,0,0,0,0,0,1,0,0,0,0,0
9.83,10,6,1,0,1,0,0,0,0,1,0,0,0,0,0,0,0,0
24.09,7,6,1,0,1,0,0,0,0,0,0,1,0,0,0,0,0,0
57.59,22,3,0,1,0,0,0,0,0,0,0,0,0,0,0,1,0,0
28.71,23,5,1,0,0,0,1,0,0,0,0,0,0,0,0,0,1,0
74.15,9,4,0,1,0,0,0,0,0,0,0,1,0,0,0,0,0,0
6.35,17,0,0,1,0,0,0,0,0,1,0,0,0,0,0,0,0,0
108.22,6,2,0,0,1,0,0,0,0,0,0,0,0,1,0,0,0,0
13.46,22,5,1,0,0,1,0,0,0,0,0,0,0,1,0,0,0,0
100.11,10,6,1,0,1,0,0,0,0,0,0,0,0,1,0,0,0,0
51.31,9,4,0,1,0,0,0,0,0,0,0,1,0,0,0,0,0,0
41.3,10,5,1,1,0,0,0,0,0,0,0,0,1,0,0,0,0,0
40.85,20,1,0,0,0,0,0,0,1,0,0,1,0,0,0,0,0,0
31.58,19,6,1,1,0,0,0,0,0,0,0,0,1,0,0,0,0,0
28.22,23,3,0,0,0,0,0,0,1,0,0,1,0,0,0,0,0,0
36.66,17,5,1,0,1,0,0,0,0,0,0,0,0,0,0,1,0,0
75.8,20,2,0,0,1,0,0,0,0,0,0,0,0,0,1,0,0,0
556.2,2,1,0,1,0,0,0,0,0,0,0,0,0,0,0,0,1,1
49.9,6,5,1,1,0,0,0,0,0,0,0,0,1,0,0,0,0,0
71.26,21,5,1,1,0,0,0,0,0,0,0,0,0,0,1,0,0,0
5.79,20,1,0,1,0,0,0,0,0,0,1,0,0,0,0,0,0,0
16.3,22,3,0,1,0,0,0,0,0,1,0,0,0,0,0,0,0,0
185.54,9,0,0,1,0,0,0,0,0,0,0,0,0,0,1,0,0,0
44.06,10,5,1,0,0,0,0,0,1,0,0,0,0,0,0,1,0,0
32.97,6,6,1,0,0,0,0,0,1,1,0,0,0,0,0,0,0,0
11.99,12,5,1,0,0,1,0,0,0,0,0,0,0,0,0,0,1,0
110.0,14,3,0,0,1,0,0,0,0,0,0,0,1,0,0,0,0,0
32.17,10,4,0,0,0,1,0,0,0,1,0,0,0,0,0,0,0,0
461.86,1,5,1,0,0,0,0,0,1,0,1,0,0,0,0,0,0,1
71.58,8,4,0,0,0,0,0,0,1,0,0,0,0,1,0,0,0,0
38.56,6,2,0,0,0,0,0,0,1,0,0,0,0,0,0,0,1,0
38.11,14,6,1,1,0,0,0,0,0,0,0,0,0,0,0,1,0,0
36.76,21,1,0,1,0,0,0,0,0,0,0,0,0,0,0,0,1,0
54.1,22,0,0,0,0,0,1,0,0,0,0,1,0,0,0,0,0,0
4.68,7,6,1,1,0,0,0,0,0,0,1,0,0,0,0,0,0,0
7.99,9,2,0,0,1,0,0,0,0,0,0,0,0,0,0,0,1,0
37.22,9,3,0,1,0,0,0,0,0,0,0,1,0,0,0,0,0,0
22.62,20,1,0,0,1,0,0,0,0,0,0,0,0,0,0,0,1,0
132.84,23,3,0,1,0,0,0,0,0,0,0,0,1,0,0,0,0,0
9.75,15,5,1,0,0,0,0,0,1,0,0,0,0,0,0,0,1,0
394.7,0,4,0,0,0,0,0,0,1,0,0,1,0,0,0,0,0,1
4.73,23,2,0,0,1,0,0,0,0,0,1,0,0,0,0,0,0,0
201.3,9,4,0,0,1,0,0,0,0,0,0,0,0,0,1,0,0,0
63.04,14,5,1,1,0,0,0,0,0,0,0,1,0,0,0,0,0,0
28.61,23,3,0,1,0,0,0,0,0,0,0,0,0,0,0,0,1,0
126.31,22,1,0,1,0,0,0,0,0,0,0,0,1,0,0,0,0,0
30.66,19,4,0,0,0,1,0,0,0,0,0,0,0,0,1,0,0,0
38.69,20,4,0,0,0,0,1,0,0,0,0,1,0,0,0,0,0,0
60.87,16,4,0,1,0,0,0,0,0,0,0,0,0,1,0,0,0,0
2.92,15,4,0,1,0,0,0,0,0,0,1,0,0,0,0,0,0,0
676.21,15,1,0,0,1,0,0,0,0,0,1,0,0,0,0,0,0,1
18.6,22,1,0,1,0,0,0,0,0,0,0,0,0,0,0,1,0,0
226.31,9,6,1,1,0,0,0,0,0,0,0,0,0,0,1,0,0,0
32.67,6,4,0,1,0,0,0,0,0,0,0,0,0,0,0,1,0,0
25.73,21,1,0,0,1,0,0,0,0,1,0,0,0,0,0,0,0,0
32.36,17,0,0,1,0,0,0,0,0,0,0,0,0,0,0,0,1,0
1373.05,1,6,1,0,0,0,0,0,1,0,0,0,0,0,1,0,0,1
3.1,11,3,0,0,1,0,0,0,0,0,1,0,0,0,0,0,0,0
181.08,16,0,0,1,0,0,0,0,0,0,0,0,1,0,0,0,0,0
188.56,16,0,0,0,1,0,0,0,0,0,0,0,1,0,0,0,0,0
8.47,23,5,1,0,0,0,0,1,0,1,0,0,0,0,0,0,0,0
79.05,13,3,0,0,0,1,0,0,0,0,0,1,0,0,0,0,0,0
31.18,21,4,0,0,1,0,0,0,0,1,0,0,0,0,0,0,0,0
147.46,20,2,0,1,0,0,0,0,0,0,0,0,0,0,1,0,0,0
14.68,8,6,1,1,0,0,0,0,0,1,0,0,0,0,0,0,0,0
37.2,7,3,0,0,0,0,0,0,1,0,0,0,0,0,1,0,0,0
44.85,11,6,1,0,0,0,0,1,0,0,0,1,0,0,0,0,0,0
3.65,23,0,0,1,0,0,0,0,0,0,1,0,0,0,0,0,0,0
191.86,2,5,1,0,0,0,0,0,1,0,0,0,0,0,0,0,1,1
70.15,16,6,1,1,0,0,0,0,0,0,0,0,0,1,0,0,0,0
3.86,16,3,0,0,1,0,0,0,0,0,1,0,0,0,0,0,0,0
713.94,13,0,0,0,0,0,0,0,1,1,0,0,0,0,0,0,0,1
171.54,11,5,1,1,0,0,0,0,0,0,0,0,1,0,0,0,0,0
65.42,9,1,0,1,0,0,0,0,0,0,0,0,0,1,0,0,0,0
1199.48,8,6,1,1,0,0,0,0,0,0,0,0,0,0,0,0,1,1
7.74,7,3,0,0,1,0,0,0,0,1,0,0,0,0,0,0,0,0
5.44,9,4,0,0,1,0,0,0,0,0,1,0,0,0,0,0,0,0
32.37,16,2,0,0,1,0,0,0,0,1,0,0,0,0,0,0,0,0
2.14,11,1,0,1,0,0,0,0,0,0,1,0,0,0,0,0,0,0
6.79,10,3,0,1,0,0,0,0,0,1,0,0,0,0,0,0,0,0
45.64,17,0,0,1,0,0,0,0,0,0,0,0,1,0,0,0,0,0
71.45,7,1,0,0,1,0,0,0,0,0,0,1,0,0,0,0,0,0
72.19,21,4,0,0,1,0,0,0,0,0,0,1,0,0,0,0,0,0
57.54,20,1,0,1,0,0,0,0,0,0,0,0,0,1,0,0,0,0
1875.67,22,4,0,0,0,0,0,0,1,0,0,0,1,0,0,0,0,1
14.0,21,1,0,0,0,0,1,0,0,1,0,0,0,0,0,0,0,0
36.87,21,4,0,0,0,1,0,0,0,0,0,1,0,0,0,0,0,0
28.99,16,4,0,1,0,0,0,0,0,1,0,0,0,0,0,0,0,0
71.72,12,1,0,0,1,0,0,0,0,0,0,0,0,1,0,0,0,0
3.37,23,5,1,1,0,0,0,0,0,0,1,0,0,0,0,0,0,0
21.03,21,0,0,1,0,0,0,0,0,0,0,0,0,0,0,1,0,0
25.51,9,0,0,0,0,1,0,0,0,0,0,0,1,0,0,0,0,0
24.94,23,4,0,0,0,0,0,0,1,0,0,0,0,1,0,0,0,0
15.68,23,3,0,0,1,0,0,0,0,1,0,0,0,0,0,0,0,0
7.11,17,2,0,0,0,0,0,0,1,1,0,0,0,0,0,0,0,0
25.72,13,3,0,0,1,0,0,0,0,1,0,0,0,0,0,0,0,0
3.9,9,3,0,1,0,0,0,0,0,0,1,0,0,0,0,0,0,0
8.19,12,6,1,0,0,0,0,1,0,0,0,0,0,0,0,0,1,0
15.37,20,6,1,0,0,0,0,0,1,0,0,0,0,1,0,0,0,0
21.27,23,4,0,1,0,0,0,0,0,0,0,0,0,0,0,0,1,0
58.28,17,3,0,0,0,0,0,0,1,0,0,1,0,0,0,0,0,0
158.73,13,2,0,0,1,0,0,0,0,0,0,0,1,0,0,0,0,0
50.81,16,6,1,1,0,0,0,0,0,0,0,0,0,1,0,0,0,0
28.67,10,1,0,1,0,0,0,0,0,0,0,0,0,0,0,0,1,0
25.59,16,3,0,1,0,0,0,0,0,1,0,0,0,0,0,0,0,0
3.63,10,3,0,0,0,0,0,0,1,0,1,0,0,0,0,0,0,0
142.76,21,4,0,0,0,0,0,1,0,0,0,0,1,0,0,0,0,0
175.1,23,5,1,0,1,0,0,0,0,0,0,0,0,0,1,0,0,0
15.4,21,5,1,0,1,0,0,0,0,0,0,1,0,0,0,0,0,0
15.26,11,1,0,0,0,0,0,0,1,1,0,0,0,0,0,0,0,0
21.39,20,1,0,0,0,0,0,1,0,0,0,0,0,0,0,0,1,0
2.31,11,3,0,0,1,0,0,0,0,0,1,0,0,0,0,0,0,0
4.6,21,6,1,0,0,0,1,0,0,0,1,0,0,0,0,0,0,0
119.44,22,2,0,0,0,0,0,0,1,0,0,0,0,1,0,0,0,0
717.57,1,2,0,0,0,0,1,0,0,0,0,1,0,0,0,0,0,1
12.65,13,2,0,0,0,0,0,1,0,0,0,0,0,0,0,0,1,0
47.18,22,4,0,0,0,0,0,1,0,0,0,0,0,1,0,0,0,0
20.38,0,0,0,0,0,0,0,0,1,0,0,0,0,0,0,0,1,1
48.26,6,4,0,0,1,0,0,0,0,0,0,0,0,0,0,1,0,0
19.13,13,5,1,1,0,0,0,0,0,0,0,1,0,0,0,0,0,0
593.75,2,2,0,0,0,0,0,0,1,0,0,0,1,0,0,0,0,1
195.48,8,1,0,0,0,1,0,0,0,0,0,0,1,0,0,0,0,0
251.73,3,1,0,0,0,0,0,0,1,0,0,1,0,0,0,0,0,1
29.4,6,6,1,0,0,0,1,0,0,0,0,0,0,1,0,0,0,0
237.51,8,6,1,1,0,0,0,0,0,0,0,0,0,0,1,0,0,0
14.32,15,5,1,0,1,0,0,0,0,0,0,0,0,0,0,1,0,0
18.69,12,4,0,0,0,0,0,1,0,1,0,0,0,0,0,0,0,0
6.9,16,4,0,0,0,0,1,0,0,1,0,0,0,0,0,0,0,0
19.65,17,6,1,1,0,0,0,0,0,0,0,0,0,0,0,0,1,0
34.63,8,1,0,1,0,0,0,0,0,0,0,1,0,0,0,0,0,0
170.21,4,3,0,0,0,0,0,0,1,0,0,0,0,0,0,1,0,1
77.93,6,4,0,0,1,0,0,0,0,0,0,1,0,0,0,0,0,0
57.1,12,5,1,0,0,0,0,1,0,0,0,1,0,0,0,0,0,0
224.36,11,1,0,0,1,0,0,0,0,0,0,0,0,0,1,0,0,0
496.71,2,1,0,0,0,0,0,0,1,0,0,0,0,1,0,0,0,1
59.6,11,6,1,0,1,0,0,0,0,0,0,0,0,0,0,1,0,0
29.2,6,4,0,0,0,0,0,0,1,0,0,1,0,0,0,0,0,0
45.53,14,1,0,1,0,0,0,0,0,0,0,0,0,0,1,0,0,0
82.52,6,5,1,1,0,0,0,0,0,0,0,0,0,1,0,0,0,0
3.56,8,4,0,1,0,0,0,0,0,0,1,0,0,0,0,0,0,0
30.49,18,0,0,1,0,0,0,0,0,1,0,0,0,0,0,0,0,0
58.07,18,0,0,0,0,0,0,0,1,0,0,0,0,1,0,0,0,0
14.98,21,0,0,0,0,0,0,1,0,1,0,0,0,0,0,0,0,0
4.64,16,5,1,0,1,0,0,0,0,0,1,0,0,0,0,0,0,0
28.37,16,0,0,0,0,0,0,0,1,0,0,0,0,0,0,0,1,0
32.4,17,5,1,0,1,0,0,0,0,1,0,0,0,0,0,0,0,0
1205.98,22,2,0,0,0,0,0,0,1,0,0,0,0,1,0,0,0,1
141.52,18,1,0,1,0,0,0,0,0,0,0,0,1,0,0,0,0,0
2329.23,8,2,0,0,0,0,0,0,1,0,0,0,1,0,0,0,0,1
131.53,9,4,0,1,0,0,0,0,0,0,0,0,1,0,0,0,0,0
13.69,17,4,0,0,0,0,0,0,1,1,0,0,0,0,0,0,0,0
118.19,20,5,1,0,0,0,0,0,1,0,0,0,0,1,0,0,0,0
330.96,1,2,0,0,0,0,0,1,0,0,1,0,0,0,0,0,0,1
92.95,6,2,0,0,0,1,0,0,0,0,0,0,0,0,1,0,0,0
19.89,16,2,0,0,1,0,0,0,0,0,0,0,0,0,0,0,1,0
417.81,12,0,0,0,0,0,1,0,0,1,0,0,0,0,0,0,0,1
90.36,17,4,0,0,0,0,0,1,0,0,0,0,1,0,0,0,0,0
4.6,9,6,1,1,0,0,0,0,0,0,1,0,0,0,0,0,0,0
11.49,10,4,0,0,0,0,0,1,0,0,0,0,0,0,0,0,1,0
43.81,19,1,0,1,0,0,0,0,0,0,0,0,0,1,0,0,0,0
5.64,15,6,1,0,0,0,0,0,1,0,1,0,0,0,0,0,0,0
1934.15,20,5,1,0,0,0,0,0,1,0,0,0,0,0,0,1,0,1
24.74,9,0,0,0,1,0,0,0,0,0,0,0,0,1,0,0,0,0
2415.13,0,2,0,0,1,0,0,0,0,0,0,0,0,1,0,0,0,1
4768.16,20,3,0,0,1,0,0,0,0,0,0,0,0,0,1,0,0,1
64.05,6,1,0,1,0,0,0,0,0,0,0,1,0,0,0,0,0,0
22.7,11,6,1,1,0,0,0,0,0,0,0,1,0,0,0,0,0,0
35.94,14,4,0,0,0,0,0,0,1,0,0,0,0,1,0,0,0,0
35.55,6,5,1,1,0,0,0,0,0,0,0,0,0,0,0,0,1,0
5.11,23,4,0,0,0,0,0,1,0,0,1,0,0,0,0,0,0,0
10.14,17,3,0,1,0,0,0,0,0,0,0,0,0,0,0,0,1,0
16.05,11,0,0,1,0,0,0,0,0,0,0,0,1,0,0,0,0,0
14.29,7,6,1,1,0,0,0,0,0,1,0,0,0,0,0,0,0,0
29.89,7,0,0,0,0,1,0,0,0,0,0,0,0,0,0,1,0,0
65.56,13,3,0,0,0,0,0,0,1,0,0,1,0,0,0,0,0,0
7.16,13,1,0,1,0,0,0,0,0,1,0,0,0,0,0,0,0,0
4.33,10,0,0,0,0,0,0,0,1,0,1,0,0,0,0,0,0,0
18.86,23,1,0,1,0,0,0,0,0,1,0,0,0,0,0,0,0,0
2.54,21,5,1,0,0,1,0,0,0,0,1,0,0,0,0,0,0,0
273.87,1,1,0,0,0,0,0,0,1,0,0,0,0,1,0,0,0,1
180.63,19,0,0,0,1,0,0,0,0,0,0,0,1,0,0,0,0,0
198.91,22,6,1,1,0,0,0,0,0,0,0,0,1,0,0,0,0,0
6.95,21,1,0,0,0,1,0,0,0,0,0,0,0,0,0,0,1,0
52.23,22,6,1,0,0,0,0,0,1,0,0,0,0,1,0,0,0,0
126.1,14,1,0,0,1,0,0,0,0,0,0,0,1,0,0,0,0,0
440.19,7,5,1,0,0,0,0,0,1,1,0,0,0,0,0,0,0,1
8.69,11,5,1,0,0,0,0,0,1,0,0,0,0,0,0,1,0,0
823.74,4,0,0,0,0,1,0,0,0,1,0,0,0,0,0,0,0,1
143.12,2,6,1,0,0,0,0,0,1,0,0,0,0,0,0,0,1,1
18.18,21,1,0,0,0,1,0,0,0,0,0,1,0,0,0,0,0,0
109.74,8,0,0,1,0,0,0,0,0,0,0,0,0,1,0,0,0,0
40.51,23,3,0,1,0,0,0,0,0,0,0,0,1,0,0,0,0,0
184.92,7,4,0,0,0,1,0,0,0,0,0,0,1,0,0,0,0,0
37.69,15,3,0,0,1,0,0,0,0,0,0,0,0,0,0,0,1,0
946.6,9,0,0,0,0,0,1,0,0,0,0,0,0,0,0,0,1,1
88.5,23,3,0,1,0,0,0,0,0,0,0,0,0,0,1,0,0,0
165.22,7,5,1,1,0,0,0,0,0,0,0,0,0,0,1,0,0,0
2.73,21,0,0,0,1,0,0,0,0,0,1,0,0,0,0,0,0,0
134.54,19,1,0,0,0,0,0,0,1,0,0,0,1,0,0,0,0,0
17.61,11,5,1,0,1,0,0,0,0,0,0,0,0,0,0,0,1,0
6.78,19,3,0,0,0,0,0,0,1,0,0,0,0,0,0,0,1,0
11.67,7,6,1,0,0,0,0,1,0,0,0,0,0,0,0,0,1,0
19.46,8,1,0,0,0,0,0,0,1,0,0,0,0,0,0,0,1,0
452.08,4,6,1,0,0,1,0,0,0,0,1,0,0,0,0,0,0,1
4.73,12,6,1,0,0,0,1,0,0,0,1,0,0,0,0,0,0,0
48.7,17,4,0,0,1,0,0,0,0,0,0,1,0,0,0,0,0,0
51.36,23,3,0,0,0,0,1,0,0,0,0,1,0,0,0,0,0,0
61.62,16,6,1,0,0,0,0,0,1,0,0,1,0,0,0,0,0,0
20.74,22,5,1,1,0,0,0,0,0,0,0,0,0,0,1,0,0,0
35.46,20,0,0,1,0,0,0,0,0,0,0,0,0,0,0,1,0,0
11.76,20,6,1,0,0,0,1,0,0,0,0,0,0,0,0,1,0,0
103.77,11,0,0,0,0,1,0,0,0,0,0,0,0,1,0,0,0,0
22.76,16,6,1,0,0,0,0,1,0,0,0,1,0,0,0,0,0,0
31.09,9,3,0,0,0,0,0,0,1,0,0,0,0,0,1,0,0,0
589.02,22,5,1,0,0,0,0,0,1,1,0,0,0,0,0,0,0,1
1963.23,20,0,0,0,0,0,0,0,1,0,0,0,0,1,0,0,0,1
77.32,23,6,1,0,0,1,0,0,0,0,0,0,0,1,0,0,0,0
62.28,23,0,0,1,0,0,0,0,0,0,0,1,0,0,0,0,0,0
186.04,9,4,0,0,0,1,0,0,0,0,0,0,1,0,0,0,0,0
121.53,9,3,0,0,0,1,0,0,0,0,0,0,0,0,1,0,0,0
132.67,23,5,1,1,0,0,0,0,0,0,0,0,0,0,1,0,0,0
3.36,23,3,0,0,1,0,0,0,0,0,1,0,0,0,0,0,0,0
110.79,18,4,0,1,0,0,0,0,0,0,0,0,1,0,0,0,0,0
5.79,23,2,0,0,1,0,0,0,0,0,1,0,0,0,0,0,0,0
657.87,16,4,0,0,0,0,0,0,1,0,0,0,0,1,0,0,0,1
67.35,23,4,0,1,0,0,0,0,0,0,0,1,0,0,0,0,0,0
5.19,22,1,0,1,0,0,0,0,0,0,1,0,0,0,0,0,0,0
585.69,22,2,0,1,0,0,0,0,0,0,1,0,0,0,0,0,0,1
2694.07,4,2,0,0,0,1,0,0,0,0,0,0,0,0,1,0,0,1
37.65,18,4,0,1,0,0,0,0,0,0,0,0,0,0,0,0,1,0
116.04,17,1,0,1,0,0,0,0,0,0,0,0,0,1,0,0,0,0
1347.79,14,3,0,0,0,0,0,1,0,0,0,0,0,0,0,0,1,1
52.74,8,5,1,0,0,0,0,0,1,0,0,0,0,0,1,0,0,0
11.89,13,5,1,0,0,0,0,0,1,0,0,0,0,0,0,1,0,0
7.86,12,2,0,0,1,0,0,0,0,1,0,0,0,0,0,0,0,0
19.84,12,6,1,0,1,0,0,0,0,0,0,0,0,0,0,1,0,0
37.03,16,4,0,0,0,0,0,0,1,0,0,0,0,1,0,0,0,0
530.8,1,5,1,0,0,0,0,1,0,0,0,0,0,0,0,0,1,1
4.46,17,6,1,1,0,0,0,0,0,0,1,0,0,0,0,0,0,0
257.2,20,6,1,0,0,0,0,0,1,0,0,0,0,0,1,0,0,0
33.07,8,4,0,1,0,0,0,0,0,0,0,0,0,1,0,0,0,0
48.77,16,2,0,1,0,0,0,0,0,0,0,0,0,0,0,1,0,0
499.83,1,0,0,0,0,0,0,0,1,0,0,0,0,0,1,0,0,1
212.92,19,3,0,1,0,0,0,0,0,0,0,0,0,0,1,0,0,0
21.04,23,3,0,0,0,0,0,0,1,1,0,0,0,0,0,0,0,0
33.02,21,5,1,0,1,0,0,0,0,0,0,0,0,0,0,1,0,0
57.37,8,5,1,1,0,0,0,0,0,0,0,0,0,0,1,0,0,0
27.17,12,1,0,0,0,0,0,1,0,0,0,0,0,0,0,0,1,0
27.51,23,3,0,0,1,0,0,0,0,0,0,0,0,0,1,0,0,0
3.11,18,1,0,1,0,0,0,0,0,0,1,0,0,0,0,0,0,0
1171.64,0,0,0,0,1,0,0,0,0,0,0,0,1,0,0,0,0,1
142.97,10,3,0,0,1,0,0,0,0,0,0,0,1,0,0,0,0,0
29.48,23,2,0,0,0,1,0,0,0,0,0,1,0,0,0,0,0,0
29.12,19,2,0,0,0,0,0,0,1,0,0,0,0,0,0,0,1,0
3.62,22,4,0,0,0,0,0,0,1,0,1,0,0,0,0,0,0,0
52.77,19,6,1,1,0,0,0,0,0,0,0,0,0,0,1,0,0,0
48.75,23,5,1,1,0,0,0,0,0,0,0,1,0,0,0,0,0,0
606.26,0,5,1,0,0,0,0,0,1,0,1,0,0,0,0,0,0,1
11.54,11,2,0,1,0,0,0,0,0,1,0,0,0,0,0,0,0,0
60.84,13,4,0,0,0,1,0,0,0,0,0,1,0,0,0,0,0,0
22.19,20,5,1,1,0,0,0,0,0,0,0,0,0,0,0,0,1,0
2.58,7,4,0,0,1,0,0,0,0,0,1,0,0,0,0,0,0,0
22.18,22,0,0,1,0,0,0,0,0,0,0,0,0,0,0,1,0,0
22.13,7,5,1,1,0,0,0,0,0,0,0,0,0,0,1,0,0,0
198.06,6,6,1,1,0,0,0,0,0,0,0,0,0,0,1,0,0,0
15.4,12,4,0,0,0,0,0,0,1,1,0,0,0,0,0,0,0,0
5.0,18,6,1,0,0,1,0,0,0,0,1,0,0,0,0,0,0,0
54.61,8,5,1,0,1,0,0,0,0,0,0,1,0,0,0,0,0,0
31.5,23,3,0,0,0,1,0,0,0,1,0,0,0,0,0,0,0,0
81.38,19,4,0,0,0,1,0,0,0,0,0,0,0,1,0,0,0,0
114.76,9,0,0,0,0,0,0,0,1,0,0,0,0,1,0,0,0,0
1783.81,19,0,0,0,0,0,0,1,0,0,0,0,0,0,0,0,1,1
3.17,22,0,0,0,0,0,0,0,1,0,1,0,0,0,0,0,0,0
8.09,14,1,0,0,0,0,0,1,0,1,0,0,0,0,0,0,0,0
33.01,19,1,0,1,0,0,0,0,0,0,0,0,0,0,0,1,0,0
17.21,22,1,0,1,0,0,0,0,0,0,0,0,1,0,0,0,0,0
76.36,23,0,0,1,0,0,0,0,0,0,0,1,0,0,0,0,0,0
77.21,14,1,0,0,0,1,0,0,0,0,0,0,0,1,0,0,0,0
22.19,13,2,0,1,0,0,0,0,0,1,0,0,0,0,0,0,0,0
17.9,15,0,0,1,0,0,0,0,0,0,0,0,0,0,0,0,1,0
530.36,16,5,1,0,0,0,0,0,1,0,1,0,0,0,0,0,0,1
8.28,20,0,0,0,0,0,0,0,1,0,0,0,0,0,0,0,1,0
157.77,14,1,0,0,0,0,0,0,1,0,0,0,1,0,0,0,0,0
68.61,11,6,1,0,1,0,0,0,0,0,0,0,0,1,0,0,0,0
38.73,19,4,0,1,0,0,0,0,0,0,0,0,0,0,0,0,1,0
2378.93,8,6,1,0,0,0,0,0,1,0,0,0,0,1,0,0,0,1
7.25,9,1,0,1,0,0,0,0,0,1,0,0,0,0,0,0,0,0
352.94,0,5,1,0,0,0,0,0,1,0,0,0,1,0,0,0,0,1
35.74,17,0,0,1,0,0,0,0,0,0,0,0,0,0,0,0,1,0
1530.25,20,4,0,0,0,0,0,0,1,0,0,0,0,0,0,0,1,1
117.83,17,3,0,0,0,1,0,0,0,0,0,0,1,0,0,0,0,0
19.46,9,5,1,0,1,0,0,0,0,0,0,0,0,0,0,1,0,0
33.02,7,2,0,0,0,0,0,0,1,1,0,0,0,0,0,0,0,0
164.46,23,1,0,0,0,0,1,0,0,0,0,0,1,0,0,0,0,0
50.26,18,2,0,1,0,0,0,0,0,0,0,1,0,0,0,0,0,0
74.85,18,2,0,0,0,0,0,0,1,0,0,0,0,1,0,0,0,0
292.6,14,4,0,0,0,0,0,1,0,0,0,0,0,0,1,0,0,0
138.54,16,0,0,1,0,0,0,0,0,0,0,0,1,0,0,0,0,0
125.81,2,0,0,0,0,0,0,0,1,1,0,0,0,0,0,0,0,1
5.54,8,3,0,1,0,0,0,0,0,0,0,0,0,0,0,1,0,0
59.88,17,3,0,0,1,0,0,0,0,0,0,0,0,0,0,1,0,0
31.97,20,2,0,1,0,0,0,0,0,0,0,0,0,0,0,1,0,0
5.73,16,5,1,0,1,0,0,0,0,0,1,0,0,0,0,0,0,0
448.93,11,0,0,0,0,0,0,0,1,0,1,0,0,0,0,0,0,1
4.4,20,0,0,1,0,0,0,0,0,0,1,0,0,0,0,0,0,0
115.85,13,2,0,0,1,0,0,0,0,0,0,0,1,0,0,0,0,0
78.52,16,6,1,0,0,1,0,0,0,0,0,0,1,0,0,0,0,0
677.51,3,2,0,0,0,0,0,0,1,0,1,0,0,0,0,0,0,1
49.68,21,2,0,0,0,0,0,0,1,0,0,0,0,0,0,1,0,0
35.12,6,2,0,1,0,0,0,0,0,0,0,0,0,0,0,1,0,0
57.97,22,2,0,0,1,0,0,0,0,0,0,0,0,0,0,1,0,0
70.66,16,2,0,0,0,0,0,0,1,0,0,1,0,0,0,0,0,0
255.42,6,5,1,0,1,0,0,0,0,0,0,0,0,0,1,0,0,0
27.6,7,3,0,0,0,0,0,0,1,1,0,0,0,0,0,0,0,0
21.97,18,1,0,0,0,1,0,0,0,1,0,0,0,0,0,0,0,0
53.46,12,3,0,1,0,0,0,0,0,0,0,0,0,1,0,0,0,0
6.42,23,0,0,0,1,0,0,0,0,0,0,0,0,0,0,0,1,0
16.72,10,5,1,0,1,0,0,0,0,0,0,0,1,0,0,0,0,0
4.47,10,2,0,0,0,0,0,0,1,0,1,0,0,0,0,0,0,0
18.23,22,2,0,1,0,0,0,0,0,1,0,0,0,0,0,0,0,0
4.07,20,5,1,0,0,0,0,0,1,0,1,0,0,0,0,0,0,0
56.26,15,6,1,0,0,0,0,0,1,0,0,1,0,0,0,0,0,0
65.82,20,6,1,0,1,0,0,0,0,0,0,1,0,0,0,0,0,0
324.67,4,3,0,0,0,0,0,0,1,0,0,0,0,1,0,0,0,1
18.11,15,5,1,0,1,0,0,0,0,1,0,0,0,0,0,0,0,0
59.44,12,4,0,1,0,0,0,0,0,0,0,1,0,0,0,0,0,0
149.52,6,6,1,1,0,0,0,0,0,0,0,0,1,0,0,0,0,0
187.15,18,5,1,1,0,0,0,0,0,0,0,0,0,0,1,0,0,0
32.56,18,4,0,0,0,0,0,0,1,0,0,1,0,0,0,0,0,0
32.49,16,0,0,0,0,0,1,0,0,0,0,0,0,0,0,0,1,0
12.59,16,4,0,1,0,0,0,0,0,0,0,0,0,0,0,0,1,0
1295.96,14,6,1,0,0,0,0,0,1,0,0,0,0,1,0,0,0,1
192.05,21,5,1,1,0,0,0,0,0,0,0,0,1,0,0,0,0,0
63.7,23,3,0,0,0,0,0,0,1,0,0,0,1,0,0,0,0,0
112.2,22,2,0,0,0,0,0,0,1,0,0,0,0,1,0,0,0,0
80.7,12,1,0,0,1,0,0,0,0,0,0,0,0,0,1,0,0,0
55.3,13,4,0,0,1,0,0,0,0,0,0,0,0,0,0,1,0,0
42.19,11,3,0,1,0,0,0,0,0,0,0,1,0,0,0,0,0,0
43.27,22,6,1,1,0,0,0,0,0,0,0,0,0,0,1,0,0,0
28.55,19,1,0,1,0,0,0,0,0,1,0,0,0,0,0,0,0,0
376.87,6,1,0,0,0,1,0,0,0,0,1,0,0,0,0,0,0,1
50.59,22,3,0,0,0,1,0,0,0,0,0,0,0,0,0,1,0,0
98.67,15,1,0,0,1,0,0,0,0,0,0,0,1,0,0,0,0,0
95.14,6,3,0,1,0,0,0,0,0,0,0,0,0,0,1,0,0,0
21.59,20,2,0,1,0,0,0,0,0,0,0,0,0,0,0,0,1,0
4.0,21,5,1,1,0,0,0,0,0,0,1,0,0,0,0,0,0,0
115.96,23,5,1,0,0,0,0,0,1,0,0,0,0,0,1,0,0,0
551.75,21,4,0,0,0,0,0,0,1,1,0,0,0,0,0,0,0,1
194.37,21,2,0,0,0,1,0,0,0,0,0,0,0,0,1,0,0,0
8.58,22,5,1,1,0,0,0,0,0,1,0,0,0,0,0,0,0,0
52.74,11,1,0,0,1,0,0,0,0,0,0,1,0,0,0,0,0,0
77.51,8,0,0,1,0,0,0,0,0,0,0,1,0,0,0,0,0,0
37.28,12,3,0,1,0,0,0,0,0,0,0,0,0,0,0,1,0,0
18.89,12,0,0,0,0,1,0,0,0,0,0,0,0,0,0,0,1,0
20.4,13,5,1,1,0,0,0,0,0,0,0,1,0,0,0,0,0,0
228.11,8,3,0,0,1,0,0,0,0,0,0,0,0,0,1,0,0,0
49.66,7,4,0,0,0,0,0,0,1,0,0,0,1,0,0,0,0,0
66.87,14,1,0,0,0,0,0,0,1,0,0,1,0,0,0,0,0,0
43.59,10,5,1,0,0,0,0,0,1,0,0,0,0,0,1,0,0,0
53.2,14,6,1,0,0,0,0,0,1,0,0,0,0,0,0,1,0,0
9.23,19,3,0,1,0,0,0,0,0,0,0,0,0,0,0,1,0,0
76.75,21,4,0,0,0,0,0,0,1,0,0,0,1,0,0,0,0,0
3103.63,14,3,0,0,1,0,0,0,0,0,0,0,0,0,1,0,0,1
64.88,11,0,0,1,0,0,0,0,0,0,0,0,0,1,0,0,0,0
58.85,19,0,0,1,0,0,0,0,0,0,0,0,0,0,0,1,0,0
25.03,23,4,0,0,0,1,0,0,0,0,0,0,0,0,0,0,1,0
131.26,0,3,0,0,0,0,0,0,1,0,0,0,1,0,0,0,0,1
13.08,20,0,0,1,0,0,0,0,0,1,0,0,0,0,0,0,0,0
19.31,9,1,0,1,0,0,0,0,0,1,0,0,0,0,0,0,0,0
7.5,13,1,0,0,0,0,0,0,1,1,0,0,0,0,0,0,0,0
2243.31,18,4,0,0,0,0,0,0,1,0,0,0,0,1,0,0,0,1
46.89,16,4,0,1,0,0,0,0,0,0,0,1,0,0,0,0,0,0
30.62,7,0,0,0,1,0,0,0,0,0,0,1,0,0,0,0,0,0
93.91,16,6,1,0,0,0,0,0,1,0,0,0,0,1,0,0,0,0
94.56,13,3,0,1,0,0,0,0,0,0,0,0,1,0,0,0,0,0
37.62,21,0,0,1,0,0,0,0,0,0,0,0,0,0,0,1,0,0
118.63,20,4,0,1,0,0,0,0,0,0,0,0,0,0,1,0,0,0
182.18,21,0,0,0,1,0,0,0,0,0,0,0,1,0,0,0,0,0
12.01,11,4,0,1,0,0,0,0,0,0,0,0,0,0,0,1,0,0
285.3,0,4,0,0,0,0,0,0,1,0,0,0,1,0,0,0,0,1
24.67,19,0,0,1,0,0,0,0,0,0,0,0,0,0,0,1,0,0
21.58,9,5,1,0,0,1,0,0,0,1,0,0,0,0,0,0,0,0
43.65,20,3,0,0,0,0,0,1,0,0,0,0,0,0,1,0,0,0
22.5,12,5,1,0,0,1,0,0,0,0,0,0,0,0,0,0,1,0
2.7,22,2,0,0,0,0,0,0,1,0,1,0,0,0,0,0,0,0
287.82,7,5,1,0,0,0,0,1,0,0,0,0,0,0,1,0,0,0
65.35,14,1,0,0,0,1,0,0,0,0,0,0,1,0,0,0,0,0
110.27,15,3,0,0,0,0,0,0,1,0,0,0,1,0,0,0,0,0
1.53,16,0,0,0,1,0,0,0,0,0,1,0,0,0,0,0,0,0
54.74,14,4,0,1,0,0,0,0,0,0,0,0,0,0,0,1,0,0
25.96,16,4,0,0,0,1,0,0,0,0,0,0,0,0,0,0,1,0
31.09,19,4,0,1,0,0,0,0,0,1,0,0,0,0,0,0,0,0
20.49,15,3,0,1,0,0,0,0,0,0,0,0,1,0,0,0,0,0
11.33,17,1,0,1,0,0,0,0,0,0,0,0,0,0,0,0,1,0
37.55,14,6,1,1,0,0,0,0,0,0,0,0,0,1,0,0,0,0
5.12,17,6,1,1,0,0,0,0,0,0,0,0,0,0,0,0,1,0
104.14,8,4,0,1,0,0,0,0,0,0,0,0,0,1,0,0,0,0
2.89,19,6,1,1,0,0,0,0,0,0,1,0,0,0,0,0,0,0
1539.13,15,4,0,0,0,0,0,0,1,0,0,0,0,0,0,1,0,1
15.74,22,6,1,0,0,0,0,0,1,0,0,0,0,0,0,0,1,0
2.16,10,2,0,0,0,0,0,0,1,0,1,0,0,0,0,0,0,0
18.28,6,2,0,1,0,0,0,0,0,1,0,0,0,0,0,0,0,0
56.74,17,5,1,1,0,0,0,0,0,0,0,0,0,0,0,1,0,0
16.05,23,1,0,0,1,0,0,0,0,1,0,0,0,0,0,0,0,0
3.24,22,2,0,0,1,0,0,0,0,0,1,0,0,0,0,0,0,0
39.44,13,1,0,0,0,0,0,0,1,0,0,0,0,0,0,1,0,0
37.23,17,3,0,1,0,0,0,0,0,0,0,0,0,0,0,0,1,0
23.51,16,1,0,1,0,0,0,0,0,0,0,0,0,0,0,0,1,0
141.81,7,5,1,0,1,0,0,0,0,0,0,0,1,0,0,0,0,0
1146.39,8,2,0,0,0,0,1,0,0,0,0,0,0,1,0,0,0,1
10.68,17,6,1,1,0,0,0,0,0,0,0,0,0,0,0,1,0,0
1238.27,20,2,0,0,0,1,0,0,0,0,0,0,0,0,0,1,0,1
121.5,19,1,0,1,0,0,0,0,0,0,0,0,0,0,1,0,0,0
72.06,22,0,0,0,1,0,0,0,0,0,0,0,0,1,0,0,0,0
33.22,20,3,0,0,0,0,0,0,1,1,0,0,0,0,0,0,0,0
9.19,20,1,0,0,0,1,0,0,0,1,0,0,0,0,0,0,0,0
6.71,19,0,0,0,1,0,0,0,0,1,0,0,0,0,0,0,0,0
3893.88,4,4,0,0,0,0,0,1,0,0,0,0,0,0,1,0,0,1
20.16,16,1,0,0,0,0,0,0,1,0,0,0,0,0,1,0,0,0
105.32,18,0,0,0,0,0,0,0,1,0,0,0,1,0,0,0,0,0
47.91,12,1,0,1,0,0,0,0,0,0,0,1,0,0,0,0,0,0
3.12,19,5,1,0,0,0,0,1,0,0,1,0,0,0,0,0,0,0
498.74,20,1,0,0,0,0,0,0,1,0,1,0,0,0,0,0,0,1
54.84,0,0,0,0,0,0,0,0,1,1,0,0,0,0,0,0,0,1
7.77,15,4,0,0,1,0,0,0,0,1,0,0,0,0,0,0,0,0
21.17,16,5,1,1,0,0,0,0,0,0,0,0,0,0,0,0,1,0
85.53,22,2,0,0,0,0,0,0,1,0,0,0,0,0,1,0,0,0
537.03,2,5,1,0,0,0,0,0,1,0,0,0,0,1,0,0,0,1
158.85,12,4,0,0,0,0,1,0,0,0,0,0,0,0,1,0,0,0
14.0,13,6,1,1,0,0,0,0,0,0,0,1,0,0,0,0,0,0
2298.86,22,6,1,0,0,0,0,0,1,0,0,0,1,0,0,0,0,1
153.85,6,5,1,0,0,1,0,0,0,0,0,0,1,0,0,0,0,0
28.14,6,1,0,0,0,0,1,0,0,0,0,0,0,1,0,0,0,0
1848.43,10,6,1,0,0,0,0,0,1,0,0,0,0,0,0,1,0,1
31.91,20,6,1,1,0,0,0,0,0,0,0,0,0,0,0,1,0,0
4.65,20,0,0,0,1,0,0,0,0,0,1,0,0,0,0,0,0,0
23.1,18,6,1,1,0,0,0,0,0,1,0,0,0,0,0,0,0,0
100.83,6,1,0,1,0,0,0,0,0,0,0,0,1,0,0,0,0,0
38.03,14,0,0,0,0,0,1,0,0,0,0,0,0,1,0,0,0,0
492.95,4,2,0,1,0,0,0,0,0,0,1,0,0,0,0,0,0,1
2.68,7,2,0,0,1,0,0,0,0,0,1,0,0,0,0,0,0,0
59.82,18,6,1,0,0,1,0,0,0,0,0,1,0,0,0,0,0,0
188.26,21,1,0,1,0,0,0,0,0,0,0,0,0,0,1,0,0,0
1.58,11,6,1,1,0,0,0,0,0,0,1,0,0,0,0,0,0,0
32.56,23,3,0,0,1,0,0,0,0,0,0,0,0,0,0,0,1,0
15.08,9,4,0,0,0,1,0,0,0,0,0,0,0,1,0,0,0,0
14.36,14,5,1,0,0,0,0,0,1,0,0,0,0,1,0,0,0,0
51.89,9,0,0,0,0,0,0,0,1,0,0,0,0,0,0,1,0,0
23.5,2,5,1,0,0,0,0,0,1,0,0,0,0,0,0,0,1,1
7.65,12,2,0,1,0,0,0,0,0,1,0,0,0,0,0,0,0,0
9.38,18,0,0,0,0,1,0,0,0,1,0,0,0,0,0,0,0,0
12.05,20,3,0,1,0,0,0,0,0,0,0,1,0,0,0,0,0,0
4.65,9,4,0,1,0,0,0,0,0,0,1,0,0,0,0,0,0,0
30.76,9,0,0,1,0,0,0,0,0,0,0,0,0,0,1,0,0,0
115.51,18,2,0,0,0,0,0,0,1,0,0,0,0,1,0,0,0,0
86.37,10,4,0,1,0,0,0,0,0,0,0,0,0,1,0,0,0,0
1312.28,1,1,0,0,0,0,0,0,1,0,0,0,0,0,0,1,0,1
131.92,8,4,0,0,0,0,0,0,1,0,0,0,1,0,0,0,0,0
53.42,6,5,1,1,0,0,0,0,0,0,0,0,0,0,0,1,0,0
43.04,19,0,0,0,0,0,0,0,1,0,0,1,0,0,0,0,0,0
26.29,12,3,0,0,0,0,0,0,1,0,0,0,0,0,0,0,1,0
17.04,22,5,1,1,0,0,0,0,0,0,0,0,0,0,0,0,1,0
95.5,15,4,0,1,0,0,0,0,0,0,0,0,0,0,1,0,0,0
63.34,15,3,0,0,1,0,0,0,0,0,0,0,0,1,0,0,0,0
180.02,10,0,0,0,0,0,0,0,1,0,0,0,0,0,1,0,0,0
5.43,14,5,1,0,0,0,1,0,0,0,0,0,0,0,0,1,0,0
5.77,14,2,0,1,0,0,0,0,0,0,0,0,0,0,0,0,1,0
24.41,14,5,1,1,0,0,0,0,0,0,0,1,0,0,0,0,0,0
197.12,18,2,0,0,0,0,0,0,1,0,0,0,1,0,0,0,0,0
15.93,19,1,0,0,1,0,0,0,0,0,0,1,0,0,0,0,0,0
5.98,21,5,1,1,0,0,0,0,0,0,1,0,0,0,0,0,0,0
6.63,21,2,0,0,0,0,0,1,0,0,0,0,0,0,0,0,1,0
68.9,13,5,1,0,0,0,1,0,0,0,0,1,0,0,0,0,0,0
37.84,17,5,1,1,0,0,0,0,0,0,0,0,0,1,0,0,0,0
255.93,11,0,0,0,1,0,0,0,0,0,0,0,0,0,1,0,0,0
70.13,13,3,0,0,0,0,0,0,1,0,0,1,0,0,0,0,0,0
2333.86,10,2,0,0,0,1,0,0,0,0,0,0,0,1,0,0,0,1
4.26,23,3,0,1,0,0,0,0,0,0,1,0,0,0,0,0,0,0
15.99,19,6,1,1,0,0,0,0,0,0,0,0,0,0,0,1,0,0
87.68,7,2,0,1,0,0,0,0,0,0,0,0,1,0,0,0,0,0
63.94,10,3,0,1,0,0,0,0,0,0,0,0,1,0,0,0,0,0
70.77,17,0,0,0,0,0,1,0,0,0,0,0,0,1,0,0,0,0
24.16,23,5,1,1,0,0,0,0,0,1,0,0,0,0,0,0,0,0
19.49,6,4,0,1,0,0,0,0,0,0,0,0,0,1,0,0,0,0
440.39,1,3,0,0,0,0,0,1,0,1,0,0,0,0,0,0,0,1
188.4,13,1,0,0,0,0,0,0,1,0,0,0,0,0,1,0,0,0
25.58,20,2,0,1,0,0,0,0,0,0,0,1,0,0,0,0,0,0
14.26,19,6,1,0,0,0,1,0,0,0,0,1,0,0,0,0,0,0
35.23,12,3,0,0,1,0,0,0,0,0,0,0,0,0,0,0,1,0
143.68,6,6,1,1,0,0,0,0,0,0,0,0,0,0,1,0,0,0
3209.62,1,4,0,0,0,0,1,0,0,0,0,0,0,0,1,0,0,1
24.47,7,0,0,0,1,0,0,0,0,0,0,0,0,1,0,0,0,0
109.38,16,0,0,1,0,0,0,0,0,0,0,0,0,1,0,0,0,0
479.07,11,0,0,0,1,0,0,0,0,1,0,0,0,0,0,0,0,1
23.43,23,6,1,1,0,0,0,0,0,0,0,0,0,0,0,1,0,0
1179.25,4,1,0,0,0,0,1,0,0,0,0,1,0,0,0,0,0,1
28.94,12,0,0,1,0,0,0,0,0,0,0,0,0,1,0,0,0,0
48.87,22,1,0,1,0,0,0,0,0,0,0,0,0,0,0,1,0,0
5.96,17,2,0,1,0,0,0,0,0,0,1,0,0,0,0,0,0,0
176.03,8,2,0,0,1,0,0,0,0,0,0,0,1,0,0,0,0,0
89.86,0,0,0,0,0,0,0,0,1,0,0,0,0,0,0,1,0,1
74.99,13,1,0,1,0,0,0,0,0,0,0,0,0,0,1,0,0,0
24.51,23,6,1,1,0,0,0,0,0,1,0,0,0,0,0,0,0,0
183.47,20,3,0,0,0,0,1,0,0,0,0,0,1,0,0,0,0,0
275.19,18,5,1,1,0,0,0,0,0,0,0,0,0,0,1,0,0,0
94.23,17,6,1,0,0,0,0,0,1,0,0,0,0,0,1,0,0,0
35.92,19,6,1,0,0,0,0,0,1,0,0,0,0,0,0,0,1,0
578.23,2,4,0,0,0,0,0,0,1,0,0,0,0,1,0,0,0,1
53.06,16,3,0,0,1,0,0,0,0,0,0,0,0,1,0,0,0,0
66.24,21,5,1,0,0,1,0,0,0,0,0,1,0,0,0,0,0,0
12.78,9,0,0,0,0,0,0,1,0,0,0,0,0,1,0,0,0,0
133.19,11,3,0,0,1,0,0,0,0,0,0,0,1,0,0,0,0,0
15.99,12,5,1,1,0,0,0,0,0,0,0,0,0,1,0,0,0,0
276.81,23,0,0,0,0,0,0,0,1,0,0,0,0,0,1,0,0,0
2729.08,3,6,1,0,0,0,1,0,0,0,0,0,0,0,1,0,0,1
162.08,23,0,0,0,0,0,0,0,1,0,0,0,0,0,1,0,0,0
10.44,8,5,1,0,0,1,0,0,0,0,0,0,0,0,0,0,1,0
10.55,21,1,0,1,0,0,0,0,0,1,0,0,0,0,0,0,0,0
22.6,20,5,1,0,0,0,0,0,1,1,0,0,0,0,0,0,0,0
74.55,16,4,0,1,0,0,0,0,0,0,0,0,0,1,0,0,0,0
26.61,14,1,0,0,0,0,0,0,1,0,0,0,0,0,0,0,1,0
45.17,21,4,0,1,0,0,0,0,0,0,0,0,1,0,0,0,0,0
71.52,21,5,1,1,0,0,0,0,0,0,0,1,0,0,0,0,0,0
30.17,6,4,0,0,0,1,0,0,0,1,0,0,0,0,0,0,0,0
50.96,18,0,0,1,0,0,0,0,0,0,0,0,0,0,0,1,0,0
71.38,18,2,0,0,1,0,0,0,0,0,0,0,0,1,0,0,0,0
100.7,18,4,0,1,0,0,0,0,0,0,0,0,0,1,0,0,0,0
128.81,7,5,1,1,0,0,0,0,0,0,0,0,1,0,0,0,0,0
21.73,8,5,1,1,0,0,0,0,0,0,0,0,0,0,0,0,1,0
42.86,18,2,0,1,0,0,0,0,0,0,0,0,0,0,0,1,0,0
88.88,8,4,0,0,0,0,0,0,1,0,0,0,0,1,0,0,0,0
62.65,7,2,0,0,0,1,0,0,0,0,0,1,0,0,0,0,0,0
63.84,19,4,0,1,0,0,0,0,0,0,0,1,0,0,0,0,0,0
7.07,13,1,0,0,1,0,0,0,0,1,0,0,0,0,0,0,0,0
146.12,13,6,1,0,0,1,0,0,0,0,0,0,0,0,1,0,0,0
17.09,21,2,0,0,1,0,0,0,0,0,0,0,0,0,0,1,0,0
39.55,9,2,0,0,1,0,0,0,0,0,0,0,0,0,0,1,0,0
6.63,7,2,0,0,1,0,0,0,0,1,0,0,0,0,0,0,0,0
334.34,2,4,0,0,0,0,0,0,1,0,0,0,0,0,1,0,0,1
20.82,6,5,1,0,0,1,0,0,0,0,0,0,0,0,0,0,1,0
44.54,6,6,1,0,0,1,0,0,0,0,0,1,0,0,0,0,0,0
51.0,15,6,1,1,0,0,0,0,0,0,0,1,0,0,0,0,0,0
41.43,13,3,0,1,0,0,0,0,0,0,0,0,0,0,0,1,0,0
32.73,12,6,1,1,0,0,0,0,0,1,0,0,0,0,0,0,0,0
7.56,17,0,0,0,0,1,0,0,0,1,0,0,0,0,0,0,0,0
2.44,23,0,0,0,0,0,0,0,1,0,1,0,0,0,0,0,0,0
154.52,16,3,0,1,0,0,0,0,0,0,0,0,1,0,0,0,0,0
38.19,23,4,0,0,1,0,0,0,0,0,0,0,0,0,0,0,1,0
2707.1,18,6,1,0,0,0,1,0,0,0,0,0,0,0,1,0,0,1
155.19,11,2,0,0,0,0,0,0,1,0,0,0,1,0,0,0,0,0
29.48,13,6,1,0,0,0,0,0,1,0,0,0,0,0,0,1,0,0
5.41,8,2,0,1,0,0,0,0,0,0,1,0,0,0,0,0,0,0
188.65,4,2,0,0,0,0,0,0,1,0,0,0,0,0,0,1,0,1
34.17,21,1,0,1,0,0,0,0,0,0,0,0,0,0,0,1,0,0
1136.91,11,6,1,0,0,0,1,0,0,0,0,1,0,0,0,0,0,1
2.77,7,3,0,0,0,1,0,0,0,0,1,0,0,0,0,0,0,0
9.49,7,4,0,1,0,0,0,0,0,0,0,0,0,0,0,0,1,0
27.55,7,4,0,0,0,1,0,0,0,1,0,0,0,0,0,0,0,0
3.15,20,4,0,0,0,0,1,0,0,0,1,0,0,0,0,0,0,0
374.24,4,1,0,0,0,0,0,0,1,0,0,0,0,1,0,0,0,1
1.79,19,5,1,0,1,0,0,0,0,0,1,0,0,0,0,0,0,0
279.29,2,6,1,0,0,0,0,0,1,0,0,1,0,0,0,0,0,1
20.91,14,5,1,0,1,0,0,0,0,0,0,1,0,0,0,0,0,0
37.52,8,6,1,1,0,0,0,0,0,0,0,0,1,0,0,0,0,0
11.74,15,1,0,0,0,0,0,0,1,0,0,0,0,0,0,1,0,0
823.13,1,2,0,0,0,0,0,0,1,0,0,0,0,0,0,1,0,1
10.76,14,5,1,0,0,1,0,0,0,0,0,0,0,1,0,0,0,0
73.52,6,5,1,0,1,0,0,0,0,0,0,0,1,0,0,0,0,0
13.31,21,1,0,0,0,0,0,0,1,0,0,1,0,0,0,0,0,0
3.38,8,4,0,0,0,0,0,0,1,0,1,0,0,0,0,0,0,0
5.85,8,4,0,1,0,0,0,0,0,1,0,0,0,0,0,0,0,0
149.08,10,1,0,1,0,0,0,0,0,0,0,0,1,0,0,0,0,0
5.96,16,6,1,0,0,0,0,0,1,1,0,0,0,0,0,0,0,0
8.34,17,3,0,1,0,0,0,0,0,1,0,0,0,0,0,0,0,0
23.14,15,3,0,0,1,0,0,0,0,0,0,0,0,0,0,1,0,0
36.98,12,2,0,1,0,0,0,0,0,0,0,0,0,0,0,0,1,0
23.89,23,2,0,0,0,1,0,0,0,1,0,0,0,0,0,0,0,0
343.18,2,4,0,0,0,0,0,0,1,0,0,0,1,0,0,0,0,1
13.0,23,6,1,0,0,0,0,0,1,0,0,0,0,0,0,0,1,0
281.72,16,4,0,1,0,0,0,0,0,0,0,0,0,0,1,0,0,0
21.15,20,1,0,0,0,0,0,0,1,1,0,0,0,0,0,0,0,0
69.54,21,0,0,1,0,0,0,0,0,0,0,0,0,1,0,0,0,0
18.62,9,0,0,0,0,1,0,0,0,0,0,0,0,0,0,1,0,0
220.17,15,3,0,1,0,0,0,0,0,0,0,0,0,0,1,0,0,0
271.0,9,0,0,1,0,0,0,0,0,0,0,0,0,0,1,0,0,0
4.6,17,1,0,0,1,0,0,0,0,0,1,0,0,0,0,0,0,0
99.17,20,6,1,0,0,0,0,0,1,0,0,0,0,1,0,0,0,0
24.21,7,5,1,1,0,0,0,0,0,0,0,0,0,0,0,0,1,0
9.07,21,2,0,0,1,0,0,0,0,0,0,0,0,0,0,1,0,0
8.39,20,5,1,1,0,0,0,0,0,1,0,0,0,0,0,0,0,0
38.49,13,4,0,1,0,0,0,0,0,0,0,0,0,0,0,1,0,0
69.29,22,1,0,0,0,0,0,1,0,0,0,0,0,1,0,0,0,0
2318.26,4,3,0,0,0,0,0,0,1,0,0,0,0,1,0,0,0,1
22.79,22,1,0,0,1,0,0,0,0,0,0,0,0,0,0,1,0,0
11.22,12,5,1,1,0,0,0,0,0,1,0,0,0,0,0,0,0,0
43.66,18,5,1,0,0,0,1,0,0,0,0,0,0,0,0,1,0,0
27.36,19,3,0,0,0,0,0,1,0,0,0,0,0,0,0,0,1,0
115.54,19,3,0,0,1,0,0,0,0,0,0,0,1,0,0,0,0,0
25.06,9,1,0,0,0,0,1,0,0,0,0,0,0,0,1,0,0,0
217.78,10,4,0,0,1,0,0,0,0,0,0,0,0,0,1,0,0,0
32.63,6,4,0,0,0,0,0,0,1,0,0,0,0,0,0,1,0,0
59.4,21,1,0,1,0,0,0,0,0,0,0,0,0,0,0,1,0,0
17.43,15,6,1,0,0,1,0,0,0,0,0,0,0,0,0,0,1,0
76.79,7,2,0,0,0,1,0,0,0,0,0,0,0,1,0,0,0,0
3.14,22,6,1,0,1,0,0,0,0,0,1,0,0,0,0,0,0,0
17.01,14,6,1,1,0,0,0,0,0,0,0,0,0,0,0,1,0,0
62.36,12,0,0,0,1,0,0,0,0,0,0,0,1,0,0,0,0,0
18.37,14,2,0,1,0,0,0,0,0,1,0,0,0,0,0,0,0,0
92.1,23,2,0,1,0,0,0,0,0,0,0,0,1,0,0,0,0,0
76.87,19,2,0,1,0,0,0,0,0,0,0,1,0,0,0,0,0,0
202.27,19,4,0,0,0,1,0,0,0,0,0,0,0,0,1,0,0,0
2377.67,4,2,0,0,1,0,0,0,0,0,0,0,0,0,1,0,0,1
57.0,13,0,0,0,1,0,0,0,0,0,0,0,0,0,0,1,0,0
163.37,17,4,0,1,0,0,0,0,0,0,0,0,1,0,0,0,0,0
34.37,7,2,0,0,0,0,0,0,1,0,0,0,0,0,0,0,1,0
25.67,16,2,0,1,0,0,0,0,0,0,0,1,0,0,0,0,0,0
70.68,22,5,1,1,0,0,0,0,0,0,0,1,0,0,0,0,0,0
179.86,17,2,0,1,0,0,0,0,0,0,0,0,0,0,1,0,0,0
179.74,14,1,0,0,0,1,0,0,0,0,0,0,0,0,1,0,0,0
29.68,23,3,0,0,1,0,0,0,0,1,0,0,0,0,0,0,0,0
149.31,22,6,1,1,0,0,0,0,0,0,0,0,1,0,0,0,0,0
31.01,19,2,0,0,1,0,0,0,0,0,0,0,0,0,0,0,1,0
28.8,22,5,1,0,1,0,0,0,0,0,0,1,0,0,0,0,0,0
63.12,18,2,0,0,1,0,0,0,0,0,0,0,0,1,0,0,0,0
146.09,6,3,0,1,0,0,0,0,0,0,0,0,1,0,0,0,0,0
112.82,7,0,0,0,0,0,0,0,1,0,0,0,0,1,0,0,0,0
212.09,10,5,1,1,0,0,0,0,0,0,0,0,0,0,1,0,0,0
21.17,9,5,1,1,0,0,0,0,0,0,0,0,0,0,0,1,0,0
114.46,15,4,0,0,1,0,0,0,0,0,0,0,0,1,0,0,0,0
15.39,23,4,0,0,0,1,0,0,0,0,0,0,0,0,0,0,1,0
23.24,23,4,0,1,0,0,0,0,0,1,0,0,0,0,0,0,0,0
4.23,8,0,0,0,0,0,0,0,1,0,1,0,0,0,0,0,0,0
2.18,19,2,0,1,0,0,0,0,0,0,1,0,0,0,0,0,0,0
533.96,16,1,0,1,0,0,0,0,0,1,0,0,0,0,0,0,0,1
39.74,9,4,0,0,0,0,0,0,1,0,0,0,0,0,0,0,1,0
2768.52,21,2,0,0,0,0,0,0,1,0,0,0,1,0,0,0,0,1
124.25,18,5,1,1,0,0,0,0,0,0,0,0,1,0,0,0,0,0
1.83,16,5,1,0,1,0,0,0,0,0,1,0,0,0,0,0,0,0
10.88,10,3,0,0,0,1,0,0,0,0,0,1,0,0,0,0,0,0
6.36,12,2,0,0,0,1,0,0,0,1,0,0,0,0,0,0,0,0
1.67,15,2,0,0,0,0,0,1,0,0,1,0,0,0,0,0,0,0
107.47,22,6,1,1,0,0,0,0,0,0,0,0,0,1,0,0,0,0
26.53,18,5,1,0,0,0,0,0,1,0,0,0,0,0,0,0,1,0
6.7,14,5,1,1,0,0,0,0,0,0,0,0,0,0,0,1,0,0
32.92,11,4,0,0,0,1,0,0,0,0,0,0,0,0,0,0,1,0
3.36,15,1,0,1,0,0,0,0,0,0,1,0,0,0,0,0,0,0
666.68,21,6,1,0,1,0,0,0,0,0,0,1,0,0,0,0,0,1
72.39,21,1,0,0,0,0,0,0,1,0,0,0,1,0,0,0,0,0
226.47,12,0,0,0,0,0,0,0,1,0,0,0,0,0,1,0,0,0
14.38,20,0,0,0,0,0,0,0,1,0,0,0,0,1,0,0,0,0
25.9,16,1,0,1,0,0,0,0,0,1,0,0,0,0,0,0,0,0
1429.55,4,0,0,0,0,0,1,0,0,0,0,0,0,0,0,0,1,1
23.19,22,5,1,0,0,1,0,0,0,1,0,0,0,0,0,0,0,0
24.68,11,0,0,1,0,0,0,0,0,0,0,1,0,0,0,0,0,0
260.45,7,6,1,0,1,0,0,0,0,0,0,0,0,0,1,0,0,0
16.99,23,1,0,0,0,1,0,0,0,0,0,0,0,0,0,1,0,0
44.56,8,2,0,0,1,0,0,0,0,0,0,0,0,0,1,0,0,0
154.54,13,1,0,1,0,0,0,0,0,0,0,0,0,0,1,0,0,0
24.33,10,1,0,0,0,0,0,0,1,0,0,0,0,0,0,0,1,0
621.52,2,5,1,0,0,0,0,0,1,0,0,1,0,0,0,0,0,1
51.9,17,3,0,0,0,0,0,0,1,0,0,0,0,1,0,0,0,0
24.4,14,0,0,0,1,0,0,0,0,0,0,0,0,0,0,0,1,0
9.86,18,6,1,0,1,0,0,0,0,0,0,0,0,0,0,0,1,0
52.26,15,1,0,0,0,1,0,0,0,0,0,0,1,0,0,0,0,0
113.23,16,1,0,0,1,0,0,0,0,0,0,0,0,1,0,0,0,0
47.7,8,0,0,1,0,0,0,0,0,0,0,0,0,0,1,0,0,0
100.07,23,1,0,1,0,0,0,0,0,0,0,0,1,0,0,0,0,0
5.49,10,0,0,0,0,0,1,0,0,0,1,0,0,0,0,0,0,0
25.77,10,2,0,0,0,1,0,0,0,0,0,0,0,0,0,0,1,0
3.67,18,4,0,0,0,0,0,0,1,0,1,0,0,0,0,0,0,0
3.72,13,0,0,0,0,0,0,1,0,0,1,0,0,0,0,0,0,0
112.56,19,4,0,1,0,0,0,0,0,0,0,0,0,1,0,0,0,0
37.78,10,6,1,0,1,0,0,0,0,0,0,0,0,0,0,0,1,0
17.46,15,3,0,0,0,0,0,0,1,0,0,0,0,1,0,0,0,0
42.55,2,3,0,0,0,0,0,0,1,0,0,0,0,0,0,0,1,1
50.57,16,1,0,0,0,0,0,0,1,0,0,0,0,0,0,1,0,0
58.83,15,0,0,1,0,0,0,0,0,0,0,0,0,0,0,1,0,0
9.61,10,2,0,0,0,0,0,1,0,1,0,0,0,0,0,0,0,0
22.86,13,6,1,0,0,1,0,0,0,0,0,1,0,0,0,0,0,0
788.49,22,3,0,0,0,1,0,0,0,1,0,0,0,0,0,0,0,1
61.92,14,0,0,0,0,0,0,0,1,0,0,0,0,0,1,0,0,0
1061.51,9,1,0,0,0,0,0,0,1,0,0,0,0,0,0,0,1,1
90.14,13,1,0,0,0,0,0,0,1,0,0,0,0,1,0,0,0,0
30.04,12,4,0,1,0,0,0,0,0,0,0,0,0,0,0,1,0,0
497.55,4,2,0,0,0,0,0,0,1,0,0,0,0,1,0,0,0,1
30.34,9,5,1,0,1,0,0,0,0,1,0,0,0,0,0,0,0,0
645.04,18,5,1,0,1,0,0,0,0,0,0,1,0,0,0,0,0,1
23.95,23,0,0,0,0,0,0,0,1,0,0,0,0,0,0,1,0,0
15.78,21,2,0,0,1,0,0,0,0,1,0,0,0,0,0,0,0,0
4.23,19,4,0,1,0,0,0,0,0,0,1,0,0,0,0,0,0,0
10.83,14,6,1,0,1,0,0,0,0,0,0,0,0,0,0,1,0,0
13.07,23,5,1,1,0,0,0,0,0,0,0,0,0,0,0,0,1,0
50.48,22,6,1,1,0,0,0,0,0,0,0,0,0,1,0,0,0,0
63.33,20,2,0,0,1,0,0,0,0,0,0,1,0,0,0,0,0,0
16.1,6,2,0,0,1,0,0,0,0,0,0,0,0,0,0,0,1,0
3.61,8,1,0,0,0,0,0,0,1,0,1,0,0,0,0,0,0,0
177.3,1,3,0,0,0,0,0,0,1,0,0,1,0,0,0,0,0,1
3.9,22,0,0,0,0,1,0,0,0,0,1,0,0,0,0,0,0,0
4.61,13,2,0,0,1,0,0,0,0,0,1,0,0,0,0,0,0,0
161.92,7,1,0,0,0,0,0,0,1,0,0,0,1,0,0,0,0,0
39.72,10,1,0,0,0,0,0,0,1,0,0,0,0,0,0,0,1,0
45.54,9,5,1,1,0,0,0,0,0,0,0,0,0,1,0,0,0,0
2.77,22,0,0,1,0,0,0,0,0,0,1,0,0,0,0,0,0,0
70.72,19,2,0,0,0,0,0,0,1,0,0,1,0,0,0,0,0,0
16.45,22,2,0,0,0,0,0,0,1,0,0,0,0,0,0,1,0,0
21.26,6,4,0,0,0,0,0,1,0,0,0,1,0,0,0,0,0,0
7.91,12,3,0,1,0,0,0,0,0,0,0,0,0,0,0,1,0,0
5.42,15,4,0,0,0,1,0,0,0,0,1,0,0,0,0,0,0,0
8.82,17,2,0,1,0,0,0,0,0,0,0,0,0,0,0,0,1,0
21.02,17,4,0,1,0,0,0,0,0,0,0,0,0,0,0,0,1,0
8.44,22,1,0,0,1,0,0,0,0,1,0,0,0,0,0,0,0,0
764.57,21,1,0,0,0,0,0,1,0,0,0,1,0,0,0,0,0,1
191.73,20,3,0,1,0,0,0,0,0,0,0,0,0,0,1,0,0,0
1.67,21,4,0,0,0,1,0,0,0,0,1,0,0,0,0,0,0,0
246.61,0,6,1,0,0,0,0,0,1,0,0,0,0,0,0,1,0,1
81.77,13,4,0,0,0,0,0,0,1,0,0,0,0,0,1,0,0,0
37.86,8,1,0,1,0,0,0,0,0,0,0,1,0,0,0,0,0,0
12.28,11,4,0,1,0,0,0,0,0,1,0,0,0,0,0,0,0,0
573.49,4,0,0,0,0,1,0,0,0,0,1,0,0,0,0,0,0,1
13.11,17,2,0,1,0,0,0,0,0,0,0,0,0,0,0,0,1,0
281.63,13,0,0,0,0,1,0,0,0,0,0,0,0,0,1,0,0,0
55.11,9,5,1,1,0,0,0,0,0,0,0,0,0,1,0,0,0,0
462.54,3,0,0,0,0,0,0,0,1,0,0,0,1,0,0,0,0,1
3.27,11,3,0,0,0,0,0,0,1,0,1,0,0,0,0,0,0,0
4.82,23,3,0,1,0,0,0,0,0,0,1,0,0,0,0,0,0,0
239.85,15,5,1,0,0,0,0,0,1,0,0,0,0,0,1,0,0,0
831.67,13,3,0,0,0,0,0,0,1,1,0,0,0,0,0,0,0,1
152.35,18,1,0,0,1,0,0,0,0,0,0,0,1,0,0,0,0,0
83.05,16,2,0,1,0,0,0,0,0,0,0,0,0,1,0,0,0,0
16.53,23,6,1,0,1,0,0,0,0,0,0,0,0,0,0,0,1,0
18.31,14,5,1,0,0,0,1,0,0,0,0,0,0,0,0,0,1,0
287.16,17,1,0,0,1,0,0,0,0,0,0,0,0,0,1,0,0,0
3.44,18,5,1,1,0,0,0,0,0,0,1,0,0,0,0,0,0,0
166.87,18,5,1,0,0,1,0,0,0,0,0,0,1,0,0,0,0,0
3663.3,13,0,0,0,0,0,0,0,1,0,0,0,0,0,1,0,0,1
5.78,6,5,1,1,0,0,0,0,0,0,0,0,0,0,0,1,0,0
84.42,2,0,0,0,0,0,0,0,1,1,0,0,0,0,0,0,0,1
286.06,14,6,1,0,0,1,0,0,0,0,0,0,0,0,1,0,0,0
18.12,23,5,1,1,0,0,0,0,0,1,0,0,0,0,0,0,0,0
56.14,11,0,0,0,0,0,0,1,0,0,0,1,0,0,0,0,0,0
17.74,20,3,0,1,0,0,0,0,0,1,0,0,0,0,0,0,0,0
93.79,6,5,1,0,0,1,0,0,0,0,0,0,0,1,0,0,0,0
91.16,8,6,1,1,0,0,0,0,0,0,0,0,1,0,0,0,0,0
58.31,14,5,1,0,0,0,0,1,0,0,0,0,0,0,0,1,0,0
55.25,8,4,0,1,0,0,0,0,0,0,0,0,0,0,0,1,0,0
5.69,17,4,0,0,1,0,0,0,0,0,1,0,0,0,0,0,0,0
5.54,19,3,0,1,0,0,0,0,0,0,1,0,0,0,0,0,0,0
17.09,18,0,0,1,0,0,0,0,0,0,0,0,0,1,0,0,0,0
206.22,7,6,1,0,0,0,0,0,1,0,0,0,0,0,1,0,0,0
22.93,14,4,0,1,0,0,0,0,0,0,0,0,0,1,0,0,0,0
12.46,19,2,0,1,0,0,0,0,0,1,0,0,0,0,0,0,0,0
32.45,17,6,1,1,0,0,0,0,0,0,0,1,0,0,0,0,0,0
13.12,22,5,1,0,1,0,0,0,0,0,0,0,0,0,0,0,1,0
23.16,7,6,1,0,0,1,0,0,0,0,0,0,0,0,0,0,1,0
31.96,13,0,0,1,0,0,0,0,0,0,0,0,0,0,1,0,0,0
200.3,20,1,0,1,0,0,0,0,0,0,0,0,0,0,1,0,0,0
17.44,23,4,0,1,0,0,0,0,0,0,0,0,0,0,0,0,1,0
579.21,13,4,0,0,0,0,0,0,1,0,0,0,0,0,0,0,1,1
59.35,21,3,0,0,0,0,0,0,1,0,0,0,0,0,0,1,0,0
17.94,16,6,1,0,0,0,0,0,1,0,0,0,0,0,0,0,1,0
17.36,18,6,1,1,0,0,0,0,0,0,0,0,0,1,0,0,0,0
6.49,13,1,0,1,0,0,0,0,0,0,0,0,0,0,0,0,1,0
32.91,11,5,1,0,1,0,0,0,0,1,0,0,0,0,0,0,0,0
25.01,15,6,1,0,0,0,0,0,1,1,0,0,0,0,0,0,0,0
61.28,11,4,0,1,0,0,0,0,0,0,0,1,0,0,0,0,0,0
53.52,7,3,0,1,0,0,0,0,0,0,0,0,0,0,0,1,0,0
24.7,23,4,0,1,0,0,0,0,0,0,0,0,0,0,0,0,1,0
32.4,13,6,1,0,1,0,0,0,0,0,0,0,0,0,0,0,1,0
5.07,18,0,0,0,0,0,0,0,1,0,1,0,0,0,0,0,0,0
50.32,12,1,0,1,0,0,0,0,0,0,0,1,0,0,0,0,0,0
78.41,23,2,0,0,0,0,0,0,1,0,0,0,0,1,0,0,0,0
108.46,23,5,1,0,0,0,0,0,1,0,0,0,1,0,0,0,0,0
30.47,12,1,0,1,0,0,0,0,0,0,0,0,0,0,0,1,0,0
2.6,12,4,0,0,0,0,0,0,1,0,1,0,0,0,0,0,0,0
27.61,8,5,1,0,1,0,0,0,0,1,0,0,0,0,0,0,0,0
45.79,13,6,1,1,0,0,0,0,0,0,0,0,1,0,0,0,0,0
95.23,19,0,0,1,0,0,0,0,0,0,0,0,0,1,0,0,0,0
57.45,14,3,0,0,1,0,0,0,0,0,0,1,0,0,0,0,0,0
48.04,15,3,0,1,0,0,0,0,0,0,0,0,1,0,0,0,0,0
191.15,14,5,1,0,0,0,0,0,1,0,0,0,1,0,0,0,0,0
24.25,18,3,0,1,0,0,0,0,0,0,0,0,0,0,0,0,1,0
249.91,21,1,0,0,0,0,0,0,1,0,0,0,0,0,1,0,0,0
3.48,6,0,0,0,0,1,0,0,0,0,1,0,0,0,0,0,0,0
13.85,7,6,1,0,0,0,0,0,1,0,0,0,0,0,0,0,1,0
26.69,2,5,1,0,0,0,0,0,1,0,1,0,0,0,0,0,0,1
64.01,18,5,1,1,0,0,0,0,0,0,0,0,0,1,0,0,0,0
10.5,13,5,1,1,0,0,0,0,0,0,0,0,0,0,0,0,1,0
11.36,14,4,0,1,0,0,0,0,0,1,0,0,0,0,0,0,0,0
61.85,23,3,0,1,0,0,0,0,0,0,0,0,0,0,1,0,0,0
38.7,7,4,0,0,1,0,0,0,0,0,0,0,0,0,0,1,0,0
32.23,12,4,0,0,0,0,0,0,1,1,0,0,0,0,0,0,0,0
22.29,20,6,1,1,0,0,0,0,0,0,0,0,0,0,0,1,0,0
28.46,19,2,0,0,0,0,0,0,1,0,0,0,1,0,0,0,0,0
6.5,17,2,0,0,1,0,0,0,0,1,0,0,0,0,0,0,0,0
79.8,21,0,0,1,0,0,0,0,0,0,0,1,0,0,0,0,0,0
62.42,23,2,0,1,0,0,0,0,0,0,0,1,0,0,0,0,0,0
29.47,11,0,0,0,0,0,1,0,0,0,0,0,0,1,0,0,0,0
82.63,8,5,1,1,0,0,0,0,0,0,0,0,0,0,1,0,0,0
4.44,16,2,0,1,0,0,0,0,0,0,1,0,0,0,0,0,0,0
5.18,8,0,0,0,0,0,0,0,1,0,1,0,0,0,0,0,0,0
30.95,14,4,0,1,0,0,0,0,0,0,0,0,0,0,0,1,0,0
1354.29,3,0,0,0,1,0,0,0,0,0,0,0,0,0,0,1,0,1
34.34,9,1,0,0,0,0,0,0,1,0,0,1,0,0,0,0,0,0
79.97,22,5,1,1,0,0,0,0,0,0,0,0,0,1,0,0,0,0
67.3,10,3,0,1,0,0,0,0,0,0,0,0,1,0,0,0,0,0
130.06,13,6,1,0,1,0,0,0,0,0,0,0,1,0,0,0,0,0
146.58,8,4,0,0,0,0,0,0,1,0,0,0,0,0,1,0,0,0
111.51,9,0,0,1,0,0,0,0,0,0,0,0,1,0,0,0,0,0
19.45,8,4,0,0,1,0,0,0,0,1,0,0,0,0,0,0,0,0
89.94,19,0,0,0,1,0,0,0,0,0,0,0,0,1,0,0,0,0
227.79,11,3,0,1,0,0,0,0,0,0,0,0,0,0,1,0,0,0
1.57,16,1,0,0,0,1,0,0,0,0,1,0,0,0,0,0,0,0
28.63,10,1,0,1,0,0,0,0,0,0,0,0,0,1,0,0,0,0
61.25,23,1,0,1,0,0,0,0,0,0,0,0,1,0,0,0,0,0
45.37,7,4,0,1,0,0,0,0,0,0,0,1,0,0,0,0,0,0
1000.56,3,5,1,0,0,0,0,0,1,0,0,0,0,0,0,0,1,1
54.76,15,6,1,1,0,0,0,0,0,0,0,0,0,1,0,0,0,0
3.39,13,5,1,0,0,1,0,0,0,0,1,0,0,0,0,0,0,0
67.87,15,5,1,0,0,1,0,0,0,0,0,0,0,0,1,0,0,0
1047.59,3,4,0,0,0,0,0,0,1,0,0,1,0,0,0,0,0,1
14.21,17,2,0,0,0,0,0,0,1,0,0,1,0,0,0,0,0,0
12.1,8,3,0,0,0,0,0,0,1,0,0,0,0,0,0,0,1,0
28.22,21,5,1,0,0,0,0,0,1,0,0,0,0,1,0,0,0,0
55.6,7,3,0,1,0,0,0,0,0,0,0,0,0,1,0,0,0,0
22.3,13,5,1,1,0,0,0,0,0,0,0,0,0,0,0,0,1,0
2309.02,19,4,0,0,0,0,0,0,1,0,0,0,1,0,0,0,0,1
49.31,10,6,1,1,0,0,0,0,0,0,0,1,0,0,0,0,0,0
21.05,16,6,1,0,0,0,0,0,1,0,0,0,0,0,0,0,1,0
136.92,22,5,1,1,0,0,0,0,0,0,0,0,1,0,0,0,0,0
53.53,17,6,1,1,0,0,0,0,0,0,0,0,0,1,0,0,0,0
116.38,19,2,0,0,0,0,1,0,0,0,0,0,1,0,0,0,0,0
31.56,13,4,0,1,0,0,0,0,0,1,0,0,0,0,0,0,0,0
146.09,0,6,1,0,0,0,0,0,1,1,0,0,0,0,0,0,0,1
104.03,23,3,0,0,0,0,0,0,1,0,0,0,0,1,0,0,0,0
16.22,16,0,0,0,0,0,1,0,0,1,0,0,0,0,0,0,0,0
182.26,11,3,0,1,0,0,0,0,0,0,0,0,1,0,0,0,0,0
14.77,20,2,0,0,0,0,0,1,0,1,0,0,0,0,0,0,0,0
61.75,0,6,1,0,0,0,0,0,1,1,0,0,0,0,0,0,0,1
400.44,2,6,1,0,0,0,0,0,1,1,0,0,0,0,0,0,0,1
177.21,15,6,1,0,0,1,0,0,0,0,0,0,0,0,1,0,0,0
12.02,22,3,0,0,0,0,0,0,1,0,0,0,0,0,0,0,1,0
49.59,10,6,1,0,0,0,0,0,1,0,0,1,0,0,0,0,0,0
59.69,21,2,0,0,1,0,0,0,0,0,0,0,0,0,1,0,0,0
49.17,3,4,0,0,0,0,0,0,1,0,0,1,0,0,0,0,0,1
4.69,12,0,0,1,0,0,0,0,0,0,1,0,0,0,0,0,0,0
24.41,8,2,0,0,0,0,0,0,1,1,0,0,0,0,0,0,0,0
59.11,19,3,0,0,1,0,0,0,0,0,0,0,0,0,0,1,0,0
945.87,9,3,0,1,0,0,0,0,0,0,0,1,0,0,0,0,0,1
1553.69,0,0,0,0,0,0,1,0,0,0,0,0,0,0,0,0,1,1
150.93,20,0,0,1,0,0,0,0,0,0,0,0,1,0,0,0,0,0
45.54,10,2,0,0,0,1,0,0,0,0,0,0,0,0,1,0,0,0
75.78,6,1,0,0,1,0,0,0,0,0,0,0,0,1,0,0,0,0
352.08,3,2,0,0,0,0,0,0,1,0,0,0,0,0,1,0,0,1
40.99,1,0,0,0,0,0,0,0,1,1,0,0,0,0,0,0,0,1
2767.87,17,3,0,1,0,0,0,0,0,0,0,0,1,0,0,0,0,1
181.61,21,1,0,0,0,0,0,0,1,0,0,0,1,0,0,0,0,0
24.95,21,0,0,0,1,0,0,0,0,0,0,0,0,0,0,1,0,0
69.58,20,5,1,1,0,0,0,0,0,0,0,0,0,1,0,0,0,0
24.74,22,6,1,1,0,0,0,0,0,0,0,1,0,0,0,0,0,0
1388.68,0,3,0,0,1,0,0,0,0,0,0,0,0,0,0,0,1,1
38.46,16,3,0,0,0,0,0,0,1,0,0,0,0,0,0,1,0,0
48.89,13,1,0,1,0,0,0,0,0,0,0,0,0,0,0,1,0,0
15.05,14,4,0,1,0,0,0,0,0,1,0,0,0,0,0,0,0,0
1787.56,21,6,1,0,1,0,0,0,0,0,0,0,0,0,0,0,1,1
15.72,9,5,1,0,0,0,0,0,1,1,0,0,0,0,0,0,0,0
7.93,21,1,0,0,1,0,0,0,0,0,0,0,0,0,0,1,0,0
46.46,22,4,0,1,0,0,0,0,0,0,0,0,0,0,0,1,0,0
26.78,14,6,1,1,0,0,0,0,0,1,0,0,0,0,0,0,0,0
24.16,17,2,0,0,1,0,0,0,0,0,0,0,0,0,0,1,0,0
6.29,16,2,0,0,0,0,1,0,0,0,0,0,0,0,0,0,1,0
155.3,3,0,0,0,0,0,0,0,1,1,0,0,0,0,0,0,0,1
2946.25,2,0,0,0,1,0,0,0,0,0,0,0,0,0,1,0,0,1
268.63,18,2,0,0,1,0,0,0,0,0,0,0,0,0,1,0,0,0
1695.18,11,5,1,0,0,0,0,0,1,0,0,0,0,0,0,0,1,1
19.73,23,4,0,1,0,0,0,0,0,0,0,0,0,0,0,0,1,0
15.2,13,0,0,1,0,0,0,0,0,0,0,0,0,0,0,0,1,0
32.89,3,5,1,0,0,0,0,0,1,0,0,0,0,1,0,0,0,1
41.2,7,4,0,0,0,0,0,0,1,0,0,0,0,1,0,0,0,0
58.12,22,0,0,1,0,0,0,0,0,0,0,1,0,0,0,0,0,0
5.54,17,2,0,1,0,0,0,0,0,0,1,0,0,0,0,0,0,0
40.76,23,2,0,0,1,0,0,0,0,0,0,0,1,0,0,0,0,0
197.75,19,5,1,1,0,0,0,0,0,0,0,0,0,0,1,0,0,0
10.77,10,1,0,0,0,0,1,0,0,0,0,1,0,0,0,0,0,0
5.66,8,3,0,1,0,0,0,0,0,0,1,0,0,0,0,0,0,0
724.71,8,6,1,1,0,0,0,0,0,0,0,0,0,0,0,0,1,1
1406.2,4,2,0,0,0,0,0,0,1,0,0,0,1,0,0,0,0,1
3.62,11,3,0,0,0,0,0,0,1,0,1,0,0,0,0,0,0,0
28.84,10,0,0,0,0,0,0,0,1,1,0,0,0,0,0,0,0,0
187.45,6,0,0,1,0,0,0,0,0,0,0,0,0,0,1,0,0,0
35.35,8,0,0,1,0,0,0,0,0,0,0,0,0,0,0,0,1,0
51.68,9,3,0,0,0,0,0,0,1,0,0,1,0,0,0,0,0,0
64.48,19,0,0,0,1,0,0,0,0,0,0,1,0,0,0,0,0,0
90.38,11,5,1,1,0,0,0,0,0,0,0,0,0,0,1,0,0,0
15.77,17,5,1,1,0,0,0,0,0,0,0,0,0,0,0,1,0,0
48.25,19,5,1,0,0,1,0,0,0,0,0,0,0,0,0,1,0,0
167.17,22,5,1,0,0,0,0,1,0,0,0,0,0,0,1,0,0,0
215.89,16,3,0,0,1,0,0,0,0,0,0,0,0,0,1,0,0,0
91.08,16,5,1,0,0,1,0,0,0,0,0,0,0,1,0,0,0,0
35.14,15,0,0,1,0,0,0,0,0,0,0,0,0,0,0,1,0,0
33.39,23,3,0,1,0,0,0,0,0,0,0,0,0,0,0,0,1,0
4.08,17,5,1,1,0,0,0,0,0,0,1,0,0,0,0,0,0,0
20.29,19,6,1,0,1,0,0,0,0,0,0,0,0,0,0,0,1,0
4.48,10,6,1,0,0,0,0,0,1,0,1,0,0,0,0,0,0,0
633.19,20,2,0,0,0,0,0,0,1,1,0,0,0,0,0,0,0,1
4.65,17,2,0,0,0,1,0,0,0,0,1,0,0,0,0,0,0,0
43.8,21,0,0,1,0,0,0,0,0,0,0,0,0,0,0,1,0,0
27.13,9,5,1,1,0,0,0,0,0,1,0,0,0,0,0,0,0,0
35.99,18,3,0,0,0,0,0,0,1,0,0,0,0,0,0,0,1,0
117.33,18,1,0,1,0,0,0,0,0,0,0,0,1,0,0,0,0,0
20.99,22,2,0,1,0,0,0,0,0,1,0,0,0,0,0,0,0,0
18.93,10,0,0,1,0,0,0,0,0,0,0,0,0,0,0,1,0,0
29.76,0,5,1,0,0,0,0,0,1,0,1,0,0,0,0,0,0,1
79.86,16,3,0,0,0,0,0,0,1,0,0,0,0,0,1,0,0,0
28.5,15,6,1,1,0,0,0,0,0,1,0,0,0,0,0,0,0,0
5.6,8,6,1,0,0,0,0,0,1,0,1,0,0,0,0,0,0,0
5.19,7,0,0,0,0,0,0,0,1,0,1,0,0,0,0,0,0,0
49.75,19,4,0,1,0,0,0,0,0,0,0,1,0,0,0,0,0,0
153.6,9,1,0,0,1,0,0,0,0,0,0,0,0,0,1,0,0,0
41.3,15,4,0,0,0,0,0,0,1,0,0,0,0,0,0,1,0,0
20.72,14,6,1,1,0,0,0,0,0,0,0,0,0,0,0,0,1,0
136.67,8,3,0,1,0,0,0,0,0,0,0,0,0,0,1,0,0,0
59.43,21,3,0,1,0,0,0,0,0,0,0,1,0,0,0,0,0,0
18.62,23,2,0,1,0,0,0,0,0,1,0,0,0,0,0,0,0,0
293.92,15,3,0,0,0,0,0,0,1,0,0,0,0,0,1,0,0,0
2.84,15,4,0,1,0,0,0,0,0,0,1,0,0,0,0,0,0,0
63.84,15,4,0,0,0,0,0,0,1,0,0,1,0,0,0,0,0,0
5.09,17,6,1,1,0,0,0,0,0,0,1,0,0,0,0,0,0,0
31.46,7,1,0,0,1,0,0,0,0,1,0,0,0,0,0,0,0,0
85.7,4,4,0,0,0,0,0,0,1,0,0,0,0,0,0,1,0,1
7.4,22,4,0,0,0,0,0,0,1,1,0,0,0,0,0,0,0,0
26.76,12,5,1,0,1,0,0,0,0,0,0,0,0,0,0,1,0,0
52.51,20,6,1,1,0,0,0,0,0,0,0,1,0,0,0,0,0,0
180.32,11,6,1,1,0,0,0,0,0,0,0,0,1,0,0,0,0,0
34.4,21,6,1,0,1,0,0,0,0,0,0,0,0,0,0,0,1,0
25.41,13,1,0,1,0,0,0,0,0,0,0,0,0,0,0,0,1,0
14.4,17,6,1,0,1,0,0,0,0,0,0,0,0,0,0,0,1,0
19.23,22,4,0,0,1,0,0,0,0,0,0,0,1,0,0,0,0,0
1162.88,3,4,0,0,0,0,0,0,1,0,0,0,0,0,0,0,1,1
42.11,18,3,0,0,1,0,0,0,0,0,0,0,0,1,0,0,0,0
517.1,2,4,0,0,0,0,0,0,1,0,0,0,1,0,0,0,0,1
5.81,21,0,0,0,0,0,0,0,1,0,1,0,0,0,0,0,0,0
1600.95,1,3,0,0,0,0,0,0,1,0,0,0,1,0,0,0,0,1
27.28,8,1,0,1,0,0,0,0,0,0,0,0,0,0,0,0,1,0
148.37,12,2,0,0,0,0,0,1,0,0,0,0,1,0,0,0,0,0
894.17,13,6,1,0,0,0,0,1,0,0,0,1,0,0,0,0,0,1
17.8,19,2,0,0,1,0,0,0,0,0,0,1,0,0,0,0,0,0
17.23,9,5,1,1,0,0,0,0,0,0,0,0,0,1,0,0,0,0
33.39,14,5,1,0,1,0,0,0,0,0,0,0,0,0,0,1,0,0
304.96,15,6,1,0,0,0,0,1,0,0,1,0,0,0,0,0,0,1
12.48,23,1,0,1,0,0,0,0,0,1,0,0,0,0,0,0,0,0
233.64,11,5,1,1,0,0,0,0,0,0,0,0,0,0,1,0,0,0
86.47,20,0,0,0,1,0,0,0,0,0,0,0,0,1,0,0,0,0
73.34,8,4,0,1,0,0,0,0,0,0,0,1,0,0,0,0,0,0
51.7,18,4,0,1,0,0,0,0,0,0,0,0,0,0,0,1,0,0
445.05,0,4,0,0,0,0,0,0,1,0,1,0,0,0,0,0,0,1
65.54,16,4,0,1,0,0,0,0,0,0,0,0,1,0,0,0,0,0
18.33,15,3,0,1,0,0,0,0,0,0,0,0,0,0,0,1,0,0
815.88,12,0,0,0,0,0,0,0,1,1,0,0,0,0,0,0,0,1
136.1,16,4,0,0,0,0,0,0,1,0,0,0,1,0,0,0,0,0
19.95,17,2,0,0,1,0,0,0,0,0,0,0,0,0,0,1,0,0
16.22,22,2,0,0,0,0,0,0,1,0,0,0,1,0,0,0,0,0
34.4,11,5,1,0,0,0,0,0,1,1,0,0,0,0,0,0,0,0
4.8,12,5,1,1,0,0,0,0,0,0,1,0,0,0,0,0,0,0
79.13,23,5,1,0,0,1,0,0,0,0,0,1,0,0,0,0,0,0
32.64,14,2,0,1,0,0,0,0,0,0,0,0,0,0,0,0,1,0
33.42,7,4,0,0,0,0,0,0,1,0,0,0,0,0,0,0,1,0
35.17,16,4,0,1,0,0,0,0,0,0,0,0,0,0,0,0,1,0
4932.43,1,4,0,0,0,0,0,0,1,0,0,0,0,0,1,0,0,1
49.21,23,0,0,0,0,0,0,0,1,0,0,0,0,0,0,1,0,0
44.13,7,5,1,1,0,0,0,0,0,0,0,0,0,0,0,1,0,0
67.36,14,6,1,0,0,0,0,0,1,0,0,0,0,0,1,0,0,0
72.8,9,3,0,0,1,0,0,0,0,0,0,1,0,0,0,0,0,0
1.74,17,0,0,0,0,1,0,0,0,0,1,0,0,0,0,0,0,0
9.04,18,5,1,0,0,1,0,0,0,1,0,0,0,0,0,0,0,0
55.09,17,0,0,1,0,0,0,0,0,0,0,0,0,0,0,1,0,0
23.5,15,0,0,1,0,0,0,0,0,0,0,0,0,0,0,0,1,0
2935.17,15,0,0,0,0,1,0,0,0,0,0,0,0,0,1,0,0,1
29.3,17,4,0,1,0,0,0,0,0,0,0,0,0,0,0,1,0,0
138.78,6,4,0,0,0,0,0,0,1,0,0,0,1,0,0,0,0,0
31.01,15,4,0,1,0,0,0,0,0,0,0,0,0,0,1,0,0,0
79.57,15,5,1,0,0,0,0,0,1,0,0,1,0,0,0,0,0,0
33.77,17,1,0,0,0,0,0,0,1,0,0,0,0,0,0,0,1,0
56.88,14,0,0,0,0,0,1,0,0,0,0,0,1,0,0,0,0,0
5.09,7,4,0,0,1,0,0,0,0,0,1,0,0,0,0,0,0,0
13.84,12,3,0,1,0,0,0,0,0,1,0,0,0,0,0,0,0,0
7.39,13,4,0,0,0,0,0,1,0,1,0,0,0,0,0,0,0,0
37.9,18,1,0,0,0,1,0,0,0,0,0,0,0,0,0,0,1,0
17.24,22,1,0,0,1,0,0,0,0,0,0,0,0,0,0,1,0,0
36.22,17,2,0,0,0,0,0,0,1,0,0,0,0,0,0,0,1,0
4.1,23,4,0,1,0,0,0,0,0,0,1,0,0,0,0,0,0,0
65.52,20,3,0,0,1,0,0,0,0,0,0,0,0,0,1,0,0,0
24.02,18,1,0,1,0,0,0,0,0,1,0,0,0,0,0,0,0,0
35.74,21,6,1,1,0,0,0,0,0,0,0,0,0,0,0,1,0,0
35.46,11,6,1,0,1,0,0,0,0,0,0,0,0,0,0,0,1,0
64.7,23,2,0,1,0,0,0,0,0,0,0,0,1,0,0,0,0,0
42.34,23,5,1,0,0,1,0,0,0,0,0,0,0,0,0,1,0,0
225.3,13,0,0,1,0,0,0,0,0,0,0,0,0,0,1,0,0,0
36.43,6,0,0,0,0,0,1,0,0,0,0,0,0,0,0,1,0,0
729.49,4,5,1,0,0,0,0,0,1,0,0,0,0,1,0,0,0,1
11.31,8,3,0,0,0,0,0,0,1,0,0,0,0,0,0,0,1,0
24.45,21,5,1,0,1,0,0,0,0,1,0,0,0,0,0,0,0,0
55.97,10,3,0,1,0,0,0,0,0,0,0,0,0,1,0,0,0,0
1140.23,2,5,1,0,0,0,0,0,1,0,0,1,0,0,0,0,0,1
5.58,19,1,0,1,0,0,0,0,0,0,1,0,0,0,0,0,0,0
27.48,2,2,0,0,0,0,0,0,1,0,1,0,0,0,0,0,0,1
276.18,2,3,0,0,0,0,0,0,1,0,0,0,0,0,0,1,0,1
25.86,14,5,1,0,0,0,1,0,0,0,0,0,0,0,0,0,1,0
21.88,18,1,0,1,0,0,0,0,0,1,0,0,0,0,0,0,0,0
4.11,14,2,0,0,0,0,0,0,1,0,1,0,0,0,0,0,0,0
3.13,22,1,0,1,0,0,0,0,0,0,1,0,0,0,0,0,0,0
24.47,10,6,1,0,1,0,0,0,0,0,0,0,0,0,0,1,0,0
34.9,23,5,1,0,1,0,0,0,0,1,0,0,0,0,0,0,0,0
17.21,16,4,0,1,0,0,0,0,0,0,0,0,0,0,0,1,0,0
1.78,23,3,0,1,0,0,0,0,0,0,1,0,0,0,0,0,0,0
9.18,10,4,0,0,0,0,0,0,1,0,0,0,0,0,0,1,0,0
9.09,18,6,1,1,0,0,0,0,0,0,0,0,0,0,0,0,1,0
30.87,10,3,0,1,0,0,0,0,0,0,0,0,0,0,0,0,1,0
2.14,15,2,0,1,0,0,0,0,0,0,1,0,0,0,0,0,0,0
30.74,14,6,1,0,1,0,0,0,0,0,0,0,0,0,0,0,1,0
76.86,13,6,1,0,0,0,0,1,0,0,0,0,1,0,0,0,0,0
5.99,22,6,1,1,0,0,0,0,0,0,1,0,0,0,0,0,0,0
2.27,23,6,1,1,0,0,0,0,0,0,1,0,0,0,0,0,0,0
70.82,7,0,0,0,0,0,0,0,1,0,0,0,0,1,0,0,0,0
8.78,12,5,1,1,0,0,0,0,0,0,0,0,0,0,0,0,1,0
102.24,15,1,0,0,0,0,0,0,1,0,0,0,0,1,0,0,0,0
278.08,19,1,0,1,0,0,0,0,0,0,0,0,0,0,1,0,0,0
107.01,14,6,1,0,0,0,0,0,1,0,0,0,0,1,0,0,0,0
115.03,22,1,0,0,0,0,1,0,0,0,0,0,0,0,1,0,0,0
24.56,22,5,1,1,0,0,0,0,0,0,0,0,0,0,0,1,0,0
91.21,11,2,0,1,0,0,0,0,0,0,0,0,0,1,0,0,0,0
80.55,11,6,1,1,0,0,0,0,0,0,0,0,0,1,0,0,0,0
70.21,17,3,0,1,0,0,0,0,0,0,0,0,1,0,0,0,0,0
54.87,7,5,1,0,0,0,0,0,1,0,0,0,0,0,0,1,0,0
718.86,4,6,1,1,0,0,0,0,0,1,0,0,0,0,0,0,0,1
16.33,23,3,0,1,0,0,0,0,0,0,0,0,0,0,0,0,1,0
34.24,7,0,0,0,0,0,0,0,1,1,0,0,0,0,0,0,0,0
29.84,8,3,0,1,0,0,0,0,0,0,0,0,0,0,0,0,1,0
27.17,9,6,1,0,1,0,0,0,0,0,0,0,0,0,0,1,0,0
55.73,21,3,0,1,0,0,0,0,0,0,0,0,0,0,0,1,0,0
14.79,16,6,1,0,0,0,0,0,1,1,0,0,0,0,0,0,0,0
545.92,7,5,1,0,0,0,0,0,1,0,1,0,0,0,0,0,0,1
3.75,23,2,0,1,0,0,0,0,0,0,1,0,0,0,0,0,0,0
98.47,2,0,0,0,0,0,0,0,1,0,0,0,0,0,0,0,1,1
31.01,23,4,0,1,0,0,0,0,0,0,0,0,0,0,1,0,0,0
4.42,12,4,0,1,0,0,0,0,0,0,1,0,0,0,0,0,0,0
12.41,22,1,0,0,0,0,0,0,1,1,0,0,0,0,0,0,0,0
68.95,16,3,0,1,0,0,0,0,0,0,0,0,0,1,0,0,0,0
76.8,6,2,0,1,0,0,0,0,0,0,0,1,0,0,0,0,0,0
11.26,17,0,0,0,0,1,0,0,0,0,0,0,0,0,0,0,1,0
17.22,19,0,0,1,0,0,0,0,0,1,0,0,0,0,0,0,0,0
513.15,4,4,0,0,0,0,0,1,0,1,0,0,0,0,0,0,0,1
46.3,14,4,0,1,0,0,0,0,0,0,0,0,0,0,1,0,0,0
53.55,7,2,0,0,0,0,1,0,0,0,0,0,0,1,0,0,0,0
5.74,11,3,0,0,0,0,0,0,1,0,1,0,0,0,0,0,0,0
6.22,2,5,1,0,0,0,0,0,1,0,1,0,0,0,0,0,0,1
11.34,18,2,0,0,0,0,0,0,1,0,0,1,0,0,0,0,0,0
14.7,15,4,0,0,1,0,0,0,0,0,0,0,0,0,0,1,0,0
229.63,9,4,0,1,0,0,0,0,0,0,0,0,0,0,1,0,0,0
19.69,11,3,0,0,0,1,0,0,0,1,0,0,0,0,0,0,0,0
31.06,18,1,0,0,0,0,0,1,0,0,0,1,0,0,0,0,0,0
121.28,4,4,0,0,0,0,0,0,1,1,0,0,0,0,0,0,0,1
66.65,22,5,1,0,1,0,0,0,0,0,0,1,0,0,0,0,0,0
18.76,15,1,0,0,0,1,0,0,0,1,0,0,0,0,0,0,0,0
5.05,10,4,0,0,0,1,0,0,0,0,1,0,0,0,0,0,0,0
4.54,7,4,0,0,0,1,0,0,0,0,1,0,0,0,0,0,0,0
3.01,23,3,0,0,0,0,0,0,1,0,1,0,0,0,0,0,0,0
39.91,6,4,0,1,0,0,0,0,0,0,0,0,0,0,0,0,1,0
25.48,15,2,0,0,0,1,0,0,0,1,0,0,0,0,0,0,0,0
8.01,17,6,1,0,0,1,0,0,0,0,0,0,0,0,0,0,1,0
47.3,15,1,0,0,0,0,1,0,0,0,0,0,0,0,0,1,0,0
49.42,19,6,1,1,0,0,0,0,0,0,0,1,0,0,0,0,0,0
107.64,23,6,1,0,0,0,0,0,1,0,0,0,0,0,1,0,0,0
38.51,18,3,0,1,0,0,0,0,0,0,0,0,0,0,1,0,0,0
2.59,23,1,0,0,0,0,0,0,1,0,1,0,0,0,0,0,0,0
62.77,9,0,0,1,0,0,0,0,0,0,0,0,0,0,1,0,0,0
5.51,16,4,0,0,1,0,0,0,0,0,0,0,0,0,0,0,1,0
113.48,3,6,1,0,0,0,0,0,1,0,0,0,0,0,0,0,1,1
13.95,12,4,0,0,1,0,0,0,0,0,0,0,0,1,0,0,0,0
67.83,18,2,0,1,0,0,0,0,0,0,0,0,0,1,0,0,0,0
10.38,19,1,0,1,0,0,0,0,0,0,0,0,0,0,0,0,1,0
43.69,14,1,0,1,0,0,0,0,0,0,0,0,0,0,0,1,0,0
244.39,9,6,1,1,0,0,0,0,0,0,0,0,0,0,1,0,0,0
33.56,20,4,0,1,0,0,0,0,0,0,0,0,0,0,0,0,1,0
287.59,15,4,0,0,1,0,0,0,0,0,0,0,0,0,1,0,0,0
199.56,22,5,1,1,0,0,0,0,0,0,0,0,1,0,0,0,0,0
256.67,8,2,0,0,0,0,1,0,0,0,0,0,0,0,1,0,0,0
155.54,18,4,0,0,0,0,0,1,0,0,0,0,1,0,0,0,0,0
25.6,2,4,0,0,0,0,0,0,1,0,1,0,0,0,0,0,0,1
96.85,13,0,0,0,0,0,0,0,1,0,0,0,0,1,0,0,0,0
28.58,15,4,0,0,0,1,0,0,0,0,0,0,0,1,0,0,0,0
705.31,1,5,1,0,0,0,0,0,1,0,0,0,0,0,1,0,0,1
59.52,18,2,0,0,0,0,0,0,1,0,0,0,0,0,0,1,0,0
105.14,13,6,1,1,0,0,0,0,0,0,0,0,0,1,0,0,0,0
55.01,10,4,0,0,1,0,0,0,0,0,0,0,1,0,0,0,0,0
171.05,22,6,1,1,0,0,0,0,0,0,0,0,0,0,1,0,0,0
15.0,9,6,1,1,0,0,0,0,0,0,0,0,0,0,0,0,1,0
173.0,20,5,1,0,0,0,0,0,1,0,0,0,1,0,0,0,0,0
83.46,8,1,0,1,0,0,0,0,0,0,0,0,1,0,0,0,0,0
128.75,16,4,0,0,1,0,0,0,0,0,0,0,1,0,0,0,0,0
209.28,15,6,1,1,0,0,0,0,0,0,0,0,0,0,1,0,0,0
105.88,19,5,1,1,0,0,0,0,0,0,0,0,0,1,0,0,0,0
14.71,14,6,1,0,0,1,0,0,0,0,0,0,0,0,0,1,0,0
39.19,23,1,0,0,1,0,0,0,0,0,0,0,0,0,0,0,1,0
175.22,6,0,0,0,0,1,0,0,0,0,0,0,0,0,1,0,0,0
5.7,17,1,0,1,0,0,0,0,0,0,0,0,0,0,0,1,0,0
8.25,22,2,0,0,1,0,0,0,0,1,0,0,0,0,0,0,0,0
31.37,8,6,1,0,1,0,0,0,0,0,0,0,0,0,0,1,0,0
17.03,21,3,0,0,0,1,0,0,0,0,0,0,0,1,0,0,0,0
16.2,22,3,0,1,0,0,0,0,0,0,0,0,1,0,0,0,0,0
358.97,4,4,0,0,0,0,0,0,1,0,0,1,0,0,0,0,0,1
43.62,23,4,0,0,0,0,0,1,0,0,0,0,0,0,0,1,0,0
1002.87,0,5,1,0,0,0,0,0,1,0,0,1,0,0,0,0,0,1
110.05,11,4,0,0,0,0,0,1,0,0,0,0,0,1,0,0,0,0
6.14,22,3,0,0,0,1,0,0,0,1,0,0,0,0,0,0,0,0
1353.99,11,3,0,0,0,0,0,1,0,0,0,0,0,0,0,1,0,1
33.38,7,0,0,1,0,0,0,0,0,0,0,0,0,0,0,1,0,0
46.79,18,3,0,0,1,0,0,0,0,0,0,0,1,0,0,0,0,0
129.41,22,1,0,0,1,0,0,0,0,0,0,0,1,0,0,0,0,0
50.2,21,4,0,0,0,0,0,0,1,0,0,1,0,0,0,0,0,0
124.96,13,1,0,0,1,0,0,0,0,0,0,0,0,0,1,0,0,0
2.93,12,1,0,0,0,0,0,1,0,0,1,0,0,0,0,0,0,0
60.82,22,0,0,1,0,0,0,0,0,0,0,0,0,0,1,0,0,0
68.44,14,6,1,1,0,0,0,0,0,0,0,1,0,0,0,0,0,0
34.15,21,6,1,1,0,0,0,0,0,0,0,0,0,0,0,0,1,0
8.48,7,0,0,0,0,1,0,0,0,0,0,0,0,0,0,0,1,0
286.69,13,4,0,0,0,1,0,0,0,0,0,0,0,0,1,0,0,0
559.09,0,4,0,1,0,0,0,0,0,0,1,0,0,0,0,0,0,1
38.67,17,4,0,0,0,1,0,0,0,0,0,0,0,0,0,0,1,0
27.24,13,2,0,0,0,1,0,0,0,0,0,0,0,0,0,0,1,0
1662.47,19,1,0,0,0,0,0,0,1,0,0,0,0,0,0,1,0,1
162.71,11,2,0,0,0,0,0,0,1,0,0,0,0,0,1,0,0,0
162.15,20,1,0,0,0,0,0,1,0,0,0,0,1,0,0,0,0,0
23.59,13,4,0,0,0,0,0,0,1,0,0,0,0,0,0,0,1,0
16.91,13,3,0,1,0,0,0,0,0,0,0,0,0,0,0,0,1,0
9.61,16,6,1,1,0,0,0,0,0,1,0,0,0,0,0,0,0,0
1.94,14,3,0,0,0,1,0,0,0,0,1,0,0,0,0,0,0,0
5.89,12,5,1,1,0,0,0,0,0,0,1,0,0,0,0,0,0,0
18.59,23,1,0,0,0,0,1,0,0,1,0,0,0,0,0,0,0,0
21.76,15,1,0,0,1,0,0,0,0,1,0,0,0,0,0,0,0,0
2.44,10,6,1,1,0,0,0,0,0,0,1,0,0,0,0,0,0,0
21.92,10,2,0,1,0,0,0,0,0,1,0,0,0,0,0,0,0,0
182.58,10,0,0,1,0,0,0,0,0,0,0,0,0,0,1,0,0,0
3.39,7,1,0,1,0,0,0,0,0,0,1,0,0,0,0,0,0,0
1064.84,1,5,1,0,0,0,0,0,1,0,0,0,0,0,1,0,0,1
32.82,7,5,1,0,1,0,0,0,0,0,0,0,0,0,0,0,1,0
10.96,11,6,1,0,1,0,0,0,0,0,0,0,0,0,0,0,1,0
18.48,10,5,1,0,1,0,0,0,0,0,0,0,0,0,0,0,1,0
15.81,10,0,0,0,1,0,0,0,0,1,0,0,0,0,0,0,0,0
3.91,11,5,1,0,1,0,0,0,0,0,1,0,0,0,0,0,0,0
33.14,13,6,1,0,0,1,0,0,0,1,0,0,0,0,0,0,0,0
44.96,13,0,0,0,1,0,0,0,0,0,0,1,0,0,0,0,0,0
30.31,14,0,0,0,0,0,0,0,1,0,0,0,0,0,0,0,1,0
42.53,13,1,0,0,0,1,0,0,0,0,0,0,0,1,0,0,0,0
262.87,8,6,1,0,1,0,0,0,0,0,0,0,0,0,1,0,0,0
9.25,18,1,0,1,0,0,0,0,0,0,0,0,0,0,0,1,0,0
9.42,12,0,0,0,1,0,0,0,0,0,0,0,0,0,0,0,1,0
38.94,22,1,0,1,0,0,0,0,0,0,0,0,0,0,0,1,0,0
143.48,12,5,1,1,0,0,0,0,0,0,0,0,1,0,0,0,0,0
25.35,10,0,0,0,0,0,1,0,0,0,0,1,0,0,0,0,0,0
6.41,19,3,0,1,0,0,0,0,0,0,0,0,0,0,0,1,0,0
248.6,19,5,1,0,1,0,0,0,0,0,0,0,0,0,1,0,0,0
22.25,17,3,0,0,0,0,0,0,1,0,0,0,0,0,0,1,0,0
34.53,21,0,0,0,0,0,0,0,1,0,0,0,0,0,0,0,1,0
876.86,10,0,0,0,0,1,0,0,0,0,0,0,0,0,0,0,1,1
3.46,18,2,0,0,0,0,0,0,1,0,1,0,0,0,0,0,0,0
48.57,22,4,0,0,0,0,0,0,1,0,0,1,0,0,0,0,0,0
6.34,23,3,0,0,0,1,0,0,0,1,0,0,0,0,0,0,0,0
31.92,20,5,1,0,1,0,0,0,0,0,0,1,0,0,0,0,0,0
3.05,12,0,0,1,0,0,0,0,0,0,1,0,0,0,0,0,0,0
269.7,19,3,0,1,0,0,0,0,0,0,0,0,0,0,1,0,0,0
722.68,3,0,0,0,0,0,0,0,1,0,0,0,1,0,0,0,0,1
60.74,23,1,0,0,0,0,0,0,1,0,0,1,0,0,0,0,0,0
67.66,4,0,0,0,0,0,0,0,1,0,0,0,0,0,0,0,1,1
121.06,16,6,1,0,0,0,0,0,1,0,0,0,0,0,1,0,0,0
48.5,16,0,0,1,0,0,0,0,0,0,0,1,0,0,0,0,0,0
75.56,20,1,0,0,0,1,0,0,0,0,0,1,0,0,0,0,0,0
67.43,16,1,0,0,1,0,0,0,0,0,0,1,0,0,0,0,0,0
30.09,6,1,0,0,0,0,0,0,1,0,0,0,0,0,0,1,0,0
23.18,19,2,0,1,0,0,0,0,0,0,0,0,0,0,0,0,1,0
305.88,3,6,1,0,0,0,1,0,0,0,1,0,0,0,0,0,0,1
2.9,7,1,0,1,0,0,0,0,0,0,1,0,0,0,0,0,0,0
2.69,23,6,1,1,0,0,0,0,0,0,1,0,0,0,0,0,0,0
38.3,6,1,0,1,0,0,0,0,0,0,0,1,0,0,0,0,0,0
28.8,23,6,1,0,0,0,0,0,1,1,0,0,0,0,0,0,0,0
2.31,23,4,0,1,0,0,0,0,0,0,1,0,0,0,0,0,0,0
50.86,9,1,0,0,0,1,0,0,0,0,0,1,0,0,0,0,0,0
235.41,13,3,0,0,0,1,0,0,0,0,0,0,0,0,1,0,0,0
29.67,18,0,0,1,0,0,0,0,0,1,0,0,0,0,0,0,0,0
87.69,14,4,0,1,0,0,0,0,0,0,0,0,0,0,1,0,0,0
29.34,21,4,0,0,0,1,0,0,0,0,0,1,0,0,0,0,0,0
753.54,3,2,0,0,0,0,0,0,1,0,0,0,1,0,0,0,0,1
50.86,1,4,0,0,0,0,0,0,1,0,0,0,0,0,0,1,0,1
22.8,19,3,0,0,0,1,0,0,0,1,0,0,0,0,0,0,0,0
215.33,23,0,0,1,0,0,0,0,0,0,0,0,0,0,1,0,0,0
1.71,10,6,1,1,0,0,0,0,0,0,1,0,0,0,0,0,0,0
68.76,6,0,0,0,1,0,0,0,0,0,0,1,0,0,0,0,0,0
30.81,18,2,0,1,0,0,0,0,0,0,0,1,0,0,0,0,0,0
25.61,18,3,0,0,1,0,0,0,0,1,0,0,0,0,0,0,0,0
252.78,12,4,0,1,0,0,0,0,0,0,0,0,0,0,1,0,0,0
131.24,8,6,1,0,0,1,0,0,0,0,0,0,1,0,0,0,0,0
2629.94,9,3,0,0,0,0,0,0,1,0,0,0,0,0,1,0,0,1
367.93,4,6,1,0,0,0,0,0,1,0,0,0,0,1,0,0,0,1
32.4,20,3,0,1,0,0,0,0,0,1,0,0,0,0,0,0,0,0
2.38,14,4,0,1,0,0,0,0,0,0,1,0,0,0,0,0,0,0
230.2,17,0,0,1,0,0,0,0,0,0,0,0,0,0,1,0,0,0
29.72,23,4,0,0,0,0,0,1,0,0,0,0,0,0,0,1,0,0
2469.16,6,4,0,0,0,0,0,0,1,0,0,0,0,0,1,0,0,1
5.8,23,4,0,0,0,0,0,0,1,0,1,0,0,0,0,0,0,0
89.15,7,5,1,0,0,0,0,0,1,0,0,0,0,1,0,0,0,0
31.16,15,6,1,1,0,0,0,0,0,0,0,0,0,0,0,1,0,0
8.57,19,0,0,0,0,1,0,0,0,1,0,0,0,0,0,0,0,0
169.61,7,2,0,0,1,0,0,0,0,0,0,0,0,0,1,0,0,0
357.01,2,6,1,0,0,0,0,0,1,0,0,1,0,0,0,0,0,1
2.02,23,6,1,0,0,1,0,0,0,0,1,0,0,0,0,0,0,0
2220.19,20,5,1,0,1,0,0,0,0,0,0,0,0,0,1,0,0,1
259.84,23,1,0,1,0,0,0,0,0,0,0,0,0,0,1,0,0,0
204.41,21,1,0,0,1,0,0,0,0,0,0,0,0,0,1,0,0,0
2.19,23,6,1,1,0,0,0,0,0,0,1,0,0,0,0,0,0,0
3.09,19,5,1,0,0,0,0,0,1,0,1,0,0,0,0,0,0,0
2983.72,15,3,0,0,0,0,0,0,1,0,0,0,0,0,1,0,0,1
53.65,8,3,0,1,0,0,0,0,0,0,0,0,0,1,0,0,0,0
37.23,15,2,0,1,0,0,0,0,0,0,0,0,0,0,0,1,0,0
21.93,12,1,0,0,0,0,0,0,1,0,0,0,0,0,0,0,1,0
5.64,19,0,0,0,1,0,0,0,0,0,1,0,0,0,0,0,0,0
71.33,19,0,0,0,0,0,1,0,0,0,0,0,0,1,0,0,0,0
59.47,7,0,0,0,0,1,0,0,0,0,0,1,0,0,0,0,0,0
279.68,0,5,1,0,0,0,0,0,1,0,0,0,0,0,0,1,0,1
26.42,22,3,0,1,0,0,0,0,0,0,0,1,0,0,0,0,0,0
5.92,23,0,0,0,1,0,0,0,0,0,1,0,0,0,0,0,0,0
18.17,7,3,0,0,1,0,0,0,0,0,0,0,0,0,0,0,1,0
71.03,12,1,0,0,1,0,0,0,0,0,0,1,0,0,0,0,0,0
168.87,14,5,1,1,0,0,0,0,0,0,0,0,1,0,0,0,0,0
54.61,23,3,0,0,0,0,1,0,0,0,0,0,1,0,0,0,0,0
20.06,12,1,0,1,0,0,0,0,0,1,0,0,0,0,0,0,0,0
17.6,8,3,0,0,0,0,0,0,1,0,0,0,0,1,0,0,0,0
33.19,23,4,0,0,0,0,0,1,0,0,0,0,0,0,0,1,0,0
34.23,7,0,0,0,0,1,0,0,0,0,0,0,0,0,0,1,0,0
468.45,12,4,0,0,0,0,0,0,1,0,1,0,0,0,0,0,0,1
41.38,11,6,1,0,0,0,0,0,1,0,0,0,0,0,0,1,0,0
240.97,4,0,0,0,0,0,0,0,1,0,0,0,0,1,0,0,0,1
168.27,12,1,0,1,0,0,0,0,0,0,0,0,1,0,0,0,0,0
97.33,8,4,0,0,1,0,0,0,0,0,0,0,0,1,0,0,0,0
204.78,6,4,0,1,0,0,0,0,0,0,0,0,0,0,1,0,0,0
23.73,12,5,1,0,0,0,0,0,1,1,0,0,0,0,0,0,0,0
51.65,8,2,0,0,0,0,1,0,0,0,0,0,0,0,0,1,0,0
36.81,11,0,0,0,0,0,0,1,0,0,0,0,1,0,0,0,0,0
192.76,22,5,1,1,0,0,0,0,0,0,0,0,0,0,1,0,0,0
25.51,23,6,1,0,1,0,0,0,0,0,0,0,0,1,0,0,0,0
5.43,21,1,0,1,0,0,0,0,0,0,1,0,0,0,0,0,0,0
34.95,9,3,0,0,0,1,0,0,0,0,0,1,0,0,0,0,0,0
188.52,8,3,0,1,0,0,0,0,0,0,0,0,1,0,0,0,0,0
25.21,10,3,0,1,0,0,0,0,0,0,0,0,0,0,0,0,1,0
34.47,7,0,0,0,1,0,0,0,0,0,0,0,0,0,0,1,0,0
13.8,18,5,1,0,0,0,0,0,1,1,0,0,0,0,0,0,0,0
7.89,23,2,0,0,0,0,0,1,0,1,0,0,0,0,0,0,0,0
5.37,14,5,1,1,0,0,0,0,0,0,1,0,0,0,0,0,0,0
231.68,15,5,1,1,0,0,0,0,0,0,0,0,0,0,1,0,0,0
101.33,20,1,0,0,0,0,0,0,1,0,0,0,0,1,0,0,0,0
3.23,11,5,1,0,0,0,0,1,0,0,1,0,0,0,0,0,0,0
4.37,23,6,1,1,0,0,0,0,0,0,1,0,0,0,0,0,0,0
263.7,12,3,0,0,0,0,0,1,0,0,0,0,0,0,1,0,0,0
22.1,12,2,0,0,0,1,0,0,0,1,0,0,0,0,0,0,0,0
5.75,18,1,0,0,0,0,0,0,1,1,0,0,0,0,0,0,0,0
2771.38,19,2,0,0,0,0,0,0,1,0,0,0,1,0,0,0,0,1
24.62,16,5,1,0,0,0,0,0,1,0,0,0,1,0,0,0,0,0
191.28,15,4,0,0,0,1,0,0,0,0,0,0,0,0,1,0,0,0
41.81,13,2,0,1,0,0,0,0,0,0,0,0,0,0,0,1,0,0
1448.58,21,4,0,0,0,0,0,0,1,0,0,0,0,1,0,0,0,1
58.94,12,1,0,0,1,0,0,0,0,0,0,0,0,1,0,0,0,0
3.84,17,5,1,1,0,0,0,0,0,0,1,0,0,0,0,0,0,0
10.63,23,1,0,0,0,1,0,0,0,1,0,0,0,0,0,0,0,0
136.07,17,2,0,1,0,0,0,0,0,0,0,0,0,0,1,0,0,0
53.35,12,6,1,1,0,0,0,0,0,0,0,1,0,0,0,0,0,0
32.4,13,6,1,1,0,0,0,0,0,0,0,0,0,0,0,0,1,0
76.18,9,2,0,0,1,0,0,0,0,0,0,1,0,0,0,0,0,0
26.68,8,6,1,1,0,0,0,0,0,0,0,0,0,0,0,0,1,0
22.51,20,5,1,0,0,0,1,0,0,0,0,0,0,0,0,0,1,0
21.23,9,6,1,0,0,0,0,0,1,1,0,0,0,0,0,0,0,0
12.79,20,4,0,1,0,0,0,0,0,0,0,0,0,0,0,0,1,0
145.06,12,0,0,1,0,0,0,0,0,0,0,0,1,0,0,0,0,0
21.31,19,2,0,1,0,0,0,0,0,0,0,0,0,0,0,1,0,0
30.64,11,2,0,0,0,0,0,1,0,1,0,0,0,0,0,0,0,0
48.57,19,3,0,1,0,0,0,0,0,0,0,1,0,0,0,0,0,0
176.05,11,3,0,1,0,0,0,0,0,0,0,0,1,0,0,0,0,0
162.05,11,5,1,0,0,1,0,0,0,0,0,0,0,0,1,0,0,0
10.03,8,6,1,0,0,0,0,0,1,0,0,1,0,0,0,0,0,0
33.54,13,5,1,0,0,0,0,0,1,1,0,0,0,0,0,0,0,0
195.05,6,3,0,0,1,0,0,0,0,0,0,0,0,0,1,0,0,0
99.0,16,3,0,0,0,0,0,0,1,0,0,0,0,1,0,0,0,0
50.85,8,6,1,1,0,0,0,0,0,0,0,0,0,0,0,1,0,0
16.74,22,5,1,0,1,0,0,0,0,0,0,0,0,1,0,0,0,0
244.63,10,0,0,0,1,0,0,0,0,0,0,0,0,0,1,0,0,0
24.3,10,6,1,0,0,0,0,0,1,0,0,0,0,0,0,0,1,0
185.45,8,6,1,0,0,0,0,0,1,0,0,0,0,0,1,0,0,0
605.59,13,0,0,0,0,0,0,0,1,1,0,0,0,0,0,0,0,1
180.45,11,5,1,0,0,1,0,0,0,0,0,0,1,0,0,0,0,0
76.3,13,6,1,1,0,0,0,0,0,0,0,1,0,0,0,0,0,0
24.86,13,4,0,1,0,0,0,0,0,0,0,0,0,0,0,0,1,0
213.48,16,5,1,0,0,0,0,0,1,0,0,0,0,0,1,0,0,0
2747.57,3,0,0,0,0,1,0,0,0,0,0,0,1,0,0,0,0,1
31.49,9,0,0,0,0,1,0,0,0,0,0,0,0,0,0,0,1,0
35.15,17,0,0,0,0,0,0,0,1,0,0,0,0,0,0,0,1,0
192.58,23,6,1,0,1,0,0,0,0,0,0,0,0,0,1,0,0,0
197.59,23,3,0,0,1,0,0,0,0,0,0,0,1,0,0,0,0,0
251.25,3,4,0,0,0,0,0,0,1,0,0,1,0,0,0,0,0,1
131.35,23,6,1,0,1,0,0,0,0,0,0,0,1,0,0,0,0,0
22.35,17,4,0,1,0,0,0,0,0,0,0,0,0,0,0,0,1,0
17.44,14,4,0,1,0,0,0,0,0,0,0,0,0,0,0,0,1,0
12.38,6,1,0,0,1,0,0,0,0,0,0,0,0,0,0,0,1,0
16.83,16,3,0,0,0,1,0,0,0,1,0,0,0,0,0,0,0,0
3.8,6,5,1,0,0,0,0,0,1,0,1,0,0,0,0,0,0,0
74.45,13,2,0,0,1,0,0,0,0,0,0,1,0,0,0,0,0,0
196.32,7,1,0,0,1,0,0,0,0,0,0,0,1,0,0,0,0,0
117.78,11,2,0,0,0,0,0,1,0,0,0,0,1,0,0,0,0,0
4676.18,0,2,0,0,0,0,0,0,1,0,0,0,0,0,1,0,0,1
9.88,7,1,0,0,0,0,0,0,1,0,0,0,0,0,0,1,0,0
51.26,23,0,0,0,0,1,0,0,0,0,0,0,0,0,0,1,0,0
28.35,11,6,1,1,0,0,0,0,0,0,0,0,0,0,0,0,1,0
18.95,17,6,1,1,0,0,0,0,0,0,0,0,1,0,0,0,0,0
3.68,23,3,0,0,1,0,0,0,0,0,1,0,0,0,0,0,0,0
88.26,9,2,0,1,0,0,0,0,0,0,0,0,0,1,0,0,0,0
99.02,22,5,1,0,0,0,0,0,1,0,0,0,0,1,0,0,0,0
682.12,13,1,0,0,0,0,1,0,0,0,0,1,0,0,0,0,0,1
1.54,13,1,0,0,0,0,0,0,1,0,1,0,0,0,0,0,0,0
102.38,15,1,0,0,0,0,0,0,1,0,0,0,0,0,1,0,0,0
23.23,22,3,0,0,0,0,0,0,1,1,0,0,0,0,0,0,0,0
55.64,22,5,1,0,1,0,0,0,0,0,0,1,0,0,0,0,0,0
89.78,6,4,0,0,0,0,1,0,0,0,0,0,0,1,0,0,0,0
77.75,23,2,0,0,0,0,0,0,1,0,0,0,0,0,1,0,0,0
136.63,4,4,0,0,0,0,0,0,1,1,0,0,0,0,0,0,0,1
2423.93,17,3,0,0,0,0,0,0,1,0,0,0,1,0,0,0,0,1
178.67,20,3,0,1,0,0,0,0,0,0,0,0,1,0,0,0,0,0
149.63,0,4,0,0,0,0,0,0,1,0,0,0,0,0,0,1,0,1
33.4,16,1,0,0,0,0,0,0,1,0,0,0,0,0,0,1,0,0
260.99,22,2,0,1,0,0,0,0,0,0,0,0,0,0,1,0,0,0
60.08,21,0,0,0,0,1,0,0,0,0,0,0,0,0,1,0,0,0
51.39,22,0,0,1,0,0,0,0,0,0,0,0,0,0,0,1,0,0
34.36,23,4,0,0,0,0,0,0,1,0,0,0,0,0,0,0,1,0
28.39,12,5,1,0,1,0,0,0,0,0,0,0,0,0,0,0,1,0
4001.93,19,0,0,0,0,0,0,0,1,0,0,0,0,0,1,0,0,1
23.73,17,1,0,1,0,0,0,0,0,1,0,0,0,0,0,0,0,0
30.43,21,2,0,0,1,0,0,0,0,0,0,0,0,0,0,1,0,0
53.48,10,2,0,0,1,0,0,0,0,0,0,0,0,1,0,0,0,0
74.35,19,3,0,1,0,0,0,0,0,0,0,0,1,0,0,0,0,0
88.98,13,0,0,1,0,0,0,0,0,0,0,0,1,0,0,0,0,0
49.06,22,4,0,0,0,0,0,1,0,0,0,0,0,1,0,0,0,0
25.57,15,6,1,0,0,0,1,0,0,1,0,0,0,0,0,0,0,0
596.62,0,4,0,0,0,0,0,0,1,1,0,0,0,0,0,0,0,1
37.81,12,2,0,0,0,0,0,0,1,0,0,1,0,0,0,0,0,0
16.79,13,4,0,0,1,0,0,0,0,0,0,0,0,1,0,0,0,0
32.62,16,0,0,0,0,0,0,0,1,0,0,0,0,1,0,0,0,0
98.16,7,1,0,1,0,0,0,0,0,0,0,0,1,0,0,0,0,0
583.04,10,5,1,1,0,0,0,0,0,0,1,0,0,0,0,0,0,1
713.07,8,5,1,0,0,0,0,0,1,0,0,0,0,1,0,0,0,1
248.13,17,3,0,1,0,0,0,0,0,0,0,0,0,0,1,0,0,0
106.34,7,2,0,1,0,0,0,0,0,0,0,0,0,1,0,0,0,0
1163.06,3,5,1,0,0,0,0,0,1,0,0,0,1,0,0,0,0,1
18.15,14,5,1,1,0,0,0,0,0,0,0,0,0,0,0,0,1,0
232.94,20,4,0,1,0,0,0,0,0,0,0,0,0,0,1,0,0,0
1321.91,3,1,0,0,0,0,1,0,0,0,0,0,0,0,0,1,0,1
24.03,15,0,0,1,0,0,0,0,0,0,0,1,0,0,0,0,0,0
119.11,19,1,0,1,0,0,0,0,0,0,0,0,0,1,0,0,0,0
903.84,10,0,0,0,0,0,0,0,1,0,0,1,0,0,0,0,0,1
544.2,2,0,0,0,0,0,0,0,1,0,0,0,0,0,0,0,1,1
513.12,4,1,0,0,0,0,0,0,1,0,0,1,0,0,0,0,0,1
18.94,14,1,0,0,0,1,0,0,0,0,0,0,0,0,0,0,1,0
229.17,6,6,1,1,0,0,0,0,0,0,0,0,0,0,1,0,0,0
5.32,23,3,0,1,0,0,0,0,0,1,0,0,0,0,0,0,0,0
268.19,23,3,0,0,1,0,0,0,0,0,0,0,0,0,1,0,0,0
11.44,8,6,1,0,0,0,0,0,1,0,0,0,0,1,0,0,0,0
20.84,23,2,0,0,0,0,0,0,1,1,0,0,0,0,0,0,0,0
2734.14,19,1,0,0,0,0,0,0,1,0,0,0,1,0,0,0,0,1
54.4,23,6,1,1,0,0,0,0,0,0,0,1,0,0,0,0,0,0
80.16,22,1,0,1,0,0,0,0,0,0,0,0,0,1,0,0,0,0
5.04,21,5,1,0,0,1,0,0,0,1,0,0,0,0,0,0,0,0
19.09,7,6,1,1,0,0,0,0,0,0,0,1,0,0,0,0,0,0
119.55,9,6,1,0,0,0,0,0,1,0,0,0,0,1,0,0,0,0
5.07,11,5,1,0,0,0,1,0,0,0,1,0,0,0,0,0,0,0
79.68,14,4,0,1,0,0,0,0,0,0,0,0,0,1,0,0,0,0
1205.0,4,2,0,0,0,1,0,0,0,0,0,0,0,0,0,1,0,1
5.94,8,0,0,0,0,0,0,0,1,0,0,0,0,0,0,0,1,0
872.59,15,6,1,0,0,1,0,0,0,1,0,0,0,0,0,0,0,1
16.39,6,0,0,0,0,0,0,1,0,1,0,0,0,0,0,0,0,0
22.78,16,3,0,1,0,0,0,0,0,1,0,0,0,0,0,0,0,0
45.67,7,0,0,1,0,0,0,0,0,0,0,1,0,0,0,0,0,0
87.62,3,1,0,0,0,0,0,0,1,0,0,0,0,0,0,1,0,1
28.85,23,1,0,0,0,0,0,1,0,0,0,0,0,0,0,1,0,0
31.92,14,0,0,0,1,0,0,0,0,0,0,0,0,0,0,1,0,0
3.34,13,4,0,1,0,0,0,0,0,0,1,0,0,0,0,0,0,0
1.54,23,6,1,1,0,0,0,0,0,0,1,0,0,0,0,0,0,0
38.12,16,4,0,0,0,0,1,0,0,0,0,0,0,0,0,1,0,0
1.87,10,5,1,1,0,0,0,0,0,0,1,0,0,0,0,0,0,0
11.24,21,0,0,1,0,0,0,0,0,0,0,0,0,1,0,0,0,0
40.23,15,2,0,0,1,0,0,0,0,0,0,1,0,0,0,0,0,0
46.36,14,5,1,0,0,0,0,1,0,0,0,0,0,0,0,1,0,0
737.94,4,0,0,0,0,0,1,0,0,1,0,0,0,0,0,0,0,1
16.63,13,4,0,0,0,0,1,0,0,1,0,0,0,0,0,0,0,0
55.47,23,5,1,0,1,0,0,0,0,0,0,0,0,0,0,1,0,0
132.09,20,6,1,0,0,0,0,0,1,0,0,0,0,0,1,0,0,0
10.1,11,5,1,0,1,0,0,0,0,0,0,0,0,0,0,0,1,0
11.21,14,4,0,1,0,0,0,0,0,0,0,0,0,0,0,0,1,0
33.02,14,0,0,0,0,0,0,0,1,0,0,0,1,0,0,0,0,0
3.45,23,0,0,1,0,0,0,0,0,0,1,0,0,0,0,0,0,0
43.38,14,5,1,1,0,0,0,0,0,0,0,0,0,0,0,1,0,0
89.67,16,2,0,1,0,0,0,0,0,0,0,0,0,0,1,0,0,0
64.48,21,2,0,0,1,0,0,0,0,0,0,1,0,0,0,0,0,0
59.98,9,5,1,0,0,1,0,0,0,0,0,0,0,1,0,0,0,0
1171.79,1,5,1,0,0,0,0,0,1,0,0,0,0,1,0,0,0,1
103.68,4,1,0,0,0,0,0,0,1,0,0,0,0,0,0,1,0,1
96.59,9,2,0,0,0,0,0,0,1,0,0,0,1,0,0,0,0,0
97.97,20,4,0,0,0,0,0,0,1,0,0,0,1,0,0,0,0,0
68.18,13,3,0,0,0,0,1,0,0,0,0,0,0,1,0,0,0,0
35.52,22,2,0,0,0,1,0,0,0,0,0,0,0,0,0,1,0,0
24.97,23,0,0,1,0,0,0,0,0,1,0,0,0,0,0,0,0,0
5.37,12,6,1,1,0,0,0,0,0,0,1,0,0,0,0,0,0,0
134.42,18,1,0,1,0,0,0,0,0,0,0,0,1,0,0,0,0,0
175.15,0,6,1,0,0,0,0,0,1,0,0,0,0,0,0,0,1,1
15.74,21,2,0,0,1,0,0,0,0,0,0,0,0,0,0,0,1,0
366.61,2,2,0,0,0,0,0,0,1,0,0,1,0,0,0,0,0,1
16.51,22,6,1,0,0,0,0,0,1,0,0,1,0,0,0,0,0,0
63.81,18,6,1,1,0,0,0,0,0,0,0,1,0,0,0,0,0,0
65.7,19,0,0,0,0,0,1,0,0,0,0,0,0,1,0,0,0,0
52.29,9,1,0,0,0,0,0,0,1,0,0,1,0,0,0,0,0,0
41.8,9,4,0,1,0,0,0,0,0,0,0,0,0,0,0,1,0,0
107.76,11,3,0,0,0,1,0,0,0,0,0,0,0,1,0,0,0,0
564.86,1,6,1,0,0,0,0,0,1,1,0,0,0,0,0,0,0,1
59.57,12,1,0,0,1,0,0,0,0,0,0,0,0,0,0,1,0,0
143.64,11,5,1,0,0,1,0,0,0,0,0,0,0,0,1,0,0,0
30.18,11,0,0,0,1,0,0,0,0,0,0,0,0,0,0,1,0,0
102.37,16,0,0,0,1,0,0,0,0,0,0,0,1,0,0,0,0,0
79.2,16,2,0,1,0,0,0,0,0,0,0,0,1,0,0,0,0,0
32.43,14,5,1,1,0,0,0,0,0,0,0,1,0,0,0,0,0,0
3.77,23,1,0,0,0,0,0,0,1,0,1,0,0,0,0,0,0,0
14.57,12,5,1,1,0,0,0,0,0,0,0,0,0,0,0,1,0,0
36.79,8,5,1,0,0,0,0,0,1,0,0,1,0,0,0,0,0,0
2074.82,1,5,1,1,0,0,0,0,0,0,0,0,0,0,1,0,0,1
21.89,17,4,0,1,0,0,0,0,0,0,0,1,0,0,0,0,0,0
178.17,23,5,1,0,0,0,0,0,1,0,0,0,0,0,1,0,0,0
3.42,21,5,1,0,0,1,0,0,0,0,1,0,0,0,0,0,0,0
27.46,22,1,0,0,0,0,0,0,1,0,0,0,0,0,0,1,0,0
62.04,22,6,1,0,0,0,1,0,0,0,0,1,0,0,0,0,0,0
39.99,11,5,1,1,0,0,0,0,0,0,0,0,0,1,0,0,0,0
30.0,11,2,0,1,0,0,0,0,0,0,0,1,0,0,0,0,0,0
66.29,14,3,0,0,0,0,0,0,1,0,0,0,0,1,0,0,0,0
59.2,10,5,1,0,0,0,0,0,1,0,0,0,0,0,0,1,0,0
264.96,23,6,1,0,1,0,0,0,0,0,0,0,0,0,1,0,0,0
64.48,17,5,1,0,0,0,0,0,1,0,0,0,1,0,0,0,0,0
2.13,7,5,1,1,0,0,0,0,0,0,1,0,0,0,0,0,0,0
1307.26,2,5,1,0,0,0,1,0,0,0,0,0,0,1,0,0,0,1
1552.21,3,2,0,0,0,0,1,0,0,0,0,0,0,0,0,1,0,1
52.93,18,2,0,0,0,1,0,0,0,0,0,0,0,0,0,1,0,0
3.64,12,0,0,1,0,0,0,0,0,0,1,0,0,0,0,0,0,0
25.64,22,0,0,0,0,0,0,0,1,0,0,0,0,0,0,0,1,0
15.66,6,0,0,0,1,0,0,0,0,1,0,0,0,0,0,0,0,0
5.07,7,2,0,0,0,0,0,0,1,0,0,0,0,0,0,0,1,0
158.11,11,3,0,0,0,0,0,0,1,0,0,0,1,0,0,0,0,0
28.88,21,6,1,1,0,0,0,0,0,1,0,0,0,0,0,0,0,0
4188.77,11,2,0,0,0,0,0,0,1,0,0,0,0,0,1,0,0,1
181.69,23,2,0,1,0,0,0,0,0,0,0,0,1,0,0,0,0,0
18.97,15,1,0,1,0,0,0,0,0,0,0,0,0,0,0,0,1,0
154.34,13,2,0,1,0,0,0,0,0,0,0,0,1,0,0,0,0,0
13.89,16,3,0,1,0,0,0,0,0,0,0,1,0,0,0,0,0,0
63.21,1,2,0,0,0,0,0,0,1,0,0,0,0,0,0,1,0,1
5.11,17,2,0,0,0,0,0,0,1,1,0,0,0,0,0,0,0,0
5.6,14,0,0,1,0,0,0,0,0,0,1,0,0,0,0,0,0,0
35.87,8,3,0,0,1,0,0,0,0,0,0,1,0,0,0,0,0,0
170.89,20,6,1,0,1,0,0,0,0,0,0,0,1,0,0,0,0,0
1812.06,3,5,1,0,0,0,0,0,1,0,0,0,0,0,0,1,0,1
260.85,8,0,0,1,0,0,0,0,0,0,0,0,0,0,1,0,0,0
6.2,9,2,0,0,0,0,0,0,1,0,0,0,0,0,0,0,1,0
982.09,19,5,1,0,0,0,1,0,0,0,0,0,0,1,0,0,0,1
33.12,19,5,1,0,0,0,0,0,1,0,0,1,0,0,0,0,0,0
18.34,11,5,1,1,0,0,0,0,0,0,0,0,0,0,0,0,1,0
39.22,13,0,0,0,1,0,0,0,0,0,0,0,0,0,0,0,1,0
36.02,17,1,0,0,0,0,1,0,0,0,0,0,0,0,0,1,0,0
1281.84,3,5,1,0,0,0,0,0,1,0,0,0,1,0,0,0,0,1
100.34,10,0,0,1,0,0,0,0,0,0,0,0,1,0,0,0,0,0
5.53,13,5,1,1,0,0,0,0,0,0,0,0,0,0,0,0,1,0
34.96,12,6,1,0,0,1,0,0,0,0,0,0,0,0,0,0,1,0
20.94,16,6,1,1,0,0,0,0,0,1,0,0,0,0,0,0,0,0
15.44,21,5,1,0,1,0,0,0,0,0,0,0,0,0,0,1,0,0
1858.76,3,5,1,0,0,0,0,0,1,0,0,0,0,0,1,0,0,1
17.9,17,4,0,1,0,0,0,0,0,1,0,0,0,0,0,0,0,0
997.13,7,0,0,0,0,0,0,0,1,0,0,0,0,1,0,0,0,1
635.98,0,5,1,0,1,0,0,0,0,1,0,0,0,0,0,0,0,1
23.29,21,2,0,0,0,0,0,1,0,0,0,0,0,0,0,0,1,0
28.29,20,5,1,1,0,0,0,0,0,0,0,0,0,0,0,1,0,0
25.99,19,5,1,1,0,0,0,0,0,0,0,0,0,0,0,1,0,0
27.3,22,1,0,0,0,0,1,0,0,0,0,0,0,0,0,1,0,0
64.12,13,1,0,1,0,0,0,0,0,0,0,1,0,0,0,0,0,0
25.68,14,0,0,0,0,0,1,0,0,0,0,0,0,0,0,0,1,0
151.84,6,6,1,0,1,0,0,0,0,0,0,0,1,0,0,0,0,0
8.61,12,6,1,1,0,0,0,0,0,0,0,0,0,0,0,0,1,0
62.79,17,3,0,0,0,1,0,0,0,0,0,1,0,0,0,0,0,0
31.28,7,5,1,1,0,0,0,0,0,0,0,0,0,0,0,1,0,0
29.2,16,2,0,0,0,1,0,0,0,0,0,0,0,0,0,0,1,0
61.06,15,2,0,1,0,0,0,0,0,0,0,1,0,0,0,0,0,0
192.76,10,2,0,0,0,0,1,0,0,0,0,0,1,0,0,0,0,0
16.25,20,4,0,1,0,0,0,0,0,0,0,0,0,1,0,0,0,0
23.56,7,5,1,0,0,0,1,0,0,0,0,0,0,0,0,0,1,0
22.34,20,5,1,1,0,0,0,0,0,0,0,0,0,1,0,0,0,0
711.89,0,5,1,0,0,0,0,1,0,1,0,0,0,0,0,0,0,1
295.01,18,4,0,1,0,0,0,0,0,0,0,0,0,0,1,0,0,0
1137.69,11,3,0,0,1,0,0,0,0,0,0,0,0,0,0,0,1,1
24.7,14,2,0,1,0,0,0,0,0,1,0,0,0,0,0,0,0,0
17.92,13,0,0,0,1,0,0,0,0,0,0,0,0,0,0,0,1,0
32.15,22,5,1,0,0,0,0,1,0,0,0,0,0,0,0,1,0,0
37.73,14,2,0,0,0,0,0,0,1,0,0,0,0,1,0,0,0,0
96.78,22,2,0,0,0,1,0,0,0,0,0,0,1,0,0,0,0,0
3.51,13,3,0,0,0,0,0,1,0,0,1,0,0,0,0,0,0,0
11.29,17,0,0,1,0,0,0,0,0,0,0,0,0,0,0,1,0,0
20.84,6,3,0,0,0,0,0,0,1,1,0,0,0,0,0,0,0,0
27.8,23,6,1,0,0,0,0,0,1,1,0,0,0,0,0,0,0,0
39.28,23,4,0,0,1,0,0,0,0,0,0,0,0,0,0,0,1,0
40.89,17,3,0,1,0,0,0,0,0,0,0,1,0,0,0,0,0,0
14.69,10,1,0,1,0,0,0,0,0,0,0,0,0,0,0,1,0,0
128.75,2,6,1,0,0,0,0,0,1,0,0,0,0,0,0,1,0,1
2403.08,12,0,0,0,0,0,0,0,1,0,0,0,1,0,0,0,0,1
19.21,9,2,0,0,0,1,0,0,0,0,0,0,0,0,0,1,0,0
26.71,18,4,0,0,0,0,0,0,1,0,0,0,0,0,0,1,0,0
2.07,17,0,0,1,0,0,0,0,0,0,1,0,0,0,0,0,0,0
24.5,8,0,0,0,0,0,1,0,0,0,0,0,0,0,0,1,0,0
88.38,11,4,0,0,0,0,1,0,0,0,0,0,1,0,0,0,0,0
12.01,14,0,0,0,0,0,0,0,1,1,0,0,0,0,0,0,0,0
66.42,9,6,1,0,1,0,0,0,0,0,0,1,0,0,0,0,0,0
1535.64,1,5,1,0,0,0,0,0,1,0,0,0,1,0,0,0,0,1
30.96,21,4,0,0,1,0,0,0,0,1,0,0,0,0,0,0,0,0
5.12,22,5,1,1,0,0,0,0,0,0,1,0,0,0,0,0,0,0
31.25,21,0,0,1,0,0,0,0,0,1,0,0,0,0,0,0,0,0
195.1,12,4,0,1,0,0,0,0,0,0,0,0,1,0,0,0,0,0
517.88,12,4,0,0,0,1,0,0,0,0,1,0,0,0,0,0,0,1
78.77,7,0,0,1,0,0,0,0,0,0,0,1,0,0,0,0,0,0
1750.27,11,6,1,0,0,1,0,0,0,0,0,0,0,1,0,0,0,1
23.65,17,5,1,1,0,0,0,0,0,0,0,0,0,0,0,0,1,0
28.08,6,1,0,0,0,0,0,0,1,0,0,0,0,0,1,0,0,0
23.35,6,2,0,0,0,0,0,0,1,0,0,0,1,0,0,0,0,0
4.89,11,0,0,1,0,0,0,0,0,0,1,0,0,0,0,0,0,0
87.29,13,5,1,1,0,0,0,0,0,0,0,0,0,0,1,0,0,0
702.79,0,3,0,0,0,0,0,0,1,0,0,0,1,0,0,0,0,1
16.15,22,0,0,0,0,0,0,0,1,0,0,0,0,0,0,0,1,0
1394.21,2,0,0,0,0,0,0,0,1,0,0,0,0,0,0,0,1,1
149.05,14,4,0,1,0,0,0,0,0,0,0,0,0,0,1,0,0,0
70.22,6,2,0,0,1,0,0,0,0,0,0,1,0,0,0,0,0,0
114.82,23,1,0,1,0,0,0,0,0,0,0,0,1,0,0,0,0,0
51.59,6,3,0,0,0,1,0,0,0,0,0,1,0,0,0,0,0,0
48.21,8,5,1,0,0,0,0,0,1,0,0,1,0,0,0,0,0,0
20.89,21,3,0,0,0,0,1,0,0,0,0,0,0,0,0,0,1,0
226.27,19,1,0,0,0,0,0,0,1,0,0,0,0,0,1,0,0,0
31.61,7,6,1,0,0,0,0,1,0,1,0,0,0,0,0,0,0,0
65.89,14,1,0,1,0,0,0,0,0,0,0,0,1,0,0,0,0,0
10.23,16,1,0,0,0,0,0,1,0,0,0,0,0,0,0,1,0,0
27.2,9,1,0,1,0,0,0,0,0,0,0,0,0,0,0,0,1,0
5.01,21,3,0,1,0,0,0,0,0,1,0,0,0,0,0,0,0,0
26.97,12,5,1,1,0,0,0,0,0,1,0,0,0,0,0,0,0,0
21.01,13,5,1,1,0,0,0,0,0,0,0,0,0,0,0,0,1,0
89.51,2,0,0,0,0,0,0,0,1,1,0,0,0,0,0,0,0,1
107.32,17,6,1,0,1,0,0,0,0,0,0,0,0,1,0,0,0,0
24.28,14,6,1,0,0,0,0,0,1,0,0,0,0,0,0,0,1,0
29.62,19,2,0,1,0,0,0,0,0,1,0,0,0,0,0,0,0,0
155.36,3,5,1,0,0,0,0,0,1,1,0,0,0,0,0,0,0,1
20.96,9,6,1,0,0,0,0,0,1,0,0,0,0,0,0,0,1,0
36.14,6,3,0,1,0,0,0,0,0,0,0,0,0,0,0,0,1,0
155.63,23,6,1,1,0,0,0,0,0,0,0,0,1,0,0,0,0,0
48.93,8,3,0,0,1,0,0,0,0,0,0,1,0,0,0,0,0,0
4.41,17,3,0,0,0,1,0,0,0,0,1,0,0,0,0,0,0,0
72.66,13,5,1,1,0,0,0,0,0,0,0,0,0,0,1,0,0,0
22.9,6,4,0,1,0,0,0,0,0,0,0,0,0,1,0,0,0,0
99.07,23,0,0,0,0,1,0,0,0,0,0,0,0,1,0,0,0,0
62.25,16,3,0,0,0,0,0,0,1,0,0,0,1,0,0,0,0,0
67.89,22,5,1,0,1,0,0,0,0,0,0,1,0,0,0,0,0,0
66.7,11,1,0,1,0,0,0,0,0,0,0,0,1,0,0,0,0,0
1067.1,4,3,0,0,0,0,0,0,1,0,0,0,0,1,0,0,0,1
4.1,19,1,0,0,0,0,0,0,1,0,1,0,0,0,0,0,0,0
5.4,9,5,1,0,1,0,0,0,0,0,1,0,0,0,0,0,0,0
83.29,22,0,0,0,1,0,0,0,0,0,0,0,0,1,0,0,0,0
30.45,7,3,0,0,0,0,0,0,1,0,0,0,0,0,0,1,0,0
21.87,7,3,0,0,0,0,0,1,0,1,0,0,0,0,0,0,0,0
47.68,15,1,0,1,0,0,0,0,0,0,0,0,0,0,0,1,0,0
212.28,13,5,1,0,0,0,0,0,1,0,0,0,0,0,1,0,0,0
14.31,19,2,0,1,0,0,0,0,0,1,0,0,0,0,0,0,0,0
14.98,16,2,0,1,0,0,0,0,0,0,0,0,0,0,0,0,1,0
28.97,16,0,0,0,1,0,0,0,0,1,0,0,0,0,0,0,0,0
26.17,15,2,0,0,1,0,0,0,0,0,0,0,0,0,0,0,1,0
89.5,7,1,0,1,0,0,0,0,0,0,0,0,1,0,0,0,0,0
33.81,10,3,0,0,0,1,0,0,0,0,0,0,0,0,0,0,1,0
3.32,23,6,1,1,0,0,0,0,0,0,1,0,0,0,0,0,0,0
112.94,22,3,0,0,0,1,0,0,0,0,0,0,1,0,0,0,0,0
110.73,7,5,1,0,0,0,0,0,1,0,0,0,1,0,0,0,0,0
10.96,22,3,0,0,0,0,0,0,1,0,0,0,0,1,0,0,0,0
17.22,18,2,0,1,0,0,0,0,0,0,0,0,0,0,0,0,1,0
975.58,1,3,0,0,0,0,0,0,1,0,0,1,0,0,0,0,0,1
29.44,9,4,0,0,0,0,0,0,1,0,0,1,0,0,0,0,0,0
45.44,20,2,0,0,1,0,0,0,0,0,0,1,0,0,0,0,0,0
248.67,7,3,0,0,0,0,0,0,1,0,0,0,0,0,1,0,0,0
60.4,18,3,0,1,0,0,0,0,0,0,0,0,0,1,0,0,0,0
4.54,21,2,0,0,1,0,0,0,0,0,1,0,0,0,0,0,0,0
46.63,12,2,0,1,0,0,0,0,0,0,0,0,0,0,0,1,0,0
5.94,11,5,1,0,1,0,0,0,0,0,1,0,0,0,0,0,0,0
126.14,6,6,1,0,0,1,0,0,0,0,0,0,1,0,0,0,0,0
13.72,23,2,0,1,0,0,0,0,0,0,0,0,0,0,0,0,1,0
264.61,6,1,0,0,0,0,0,1,0,0,0,0,0,0,1,0,0,0
4.52,21,2,0,1,0,0,0,0,0,0,1,0,0,0,0,0,0,0
95.33,0,5,1,0,0,0,0,0,1,1,0,0,0,0,0,0,0,1
1380.86,18,6,1,0,0,0,0,1,0,0,0,0,0,0,0,1,0,1
8.59,23,2,0,0,1,0,0,0,0,0,0,0,0,0,0,0,1,0
31.15,22,3,0,0,0,1,0,0,0,0,0,0,0,0,0,0,1,0
1382.69,20,3,0,0,0,0,0,0,1,0,0,0,0,1,0,0,0,1
282.99,14,5,1,0,1,0,0,0,0,0,0,0,0,0,1,0,0,0
21.56,23,3,0,1,0,0,0,0,0,0,0,1,0,0,0,0,0,0
41.16,23,1,0,0,0,0,1,0,0,0,0,0,0,0,0,1,0,0
65.92,22,2,0,1,0,0,0,0,0,0,0,1,0,0,0,0,0,0
63.34,20,0,0,0,1,0,0,0,0,0,0,1,0,0,0,0,0,0
50.29,19,2,0,0,0,0,0,1,0,0,0,1,0,0,0,0,0,0
15.94,0,0,0,0,0,0,0,0,1,0,1,0,0,0,0,0,0,1
5.65,9,2,0,1,0,0,0,0,0,0,1,0,0,0,0,0,0,0
15.42,12,0,0,0,0,0,0,0,1,1,0,0,0,0,0,0,0,0
3.25,6,4,0,0,0,1,0,0,0,0,1,0,0,0,0,0,0,0
63.3,13,0,0,0,1,0,0,0,0,0,0,0,0,1,0,0,0,0
40.52,9,2,0,1,0,0,0,0,0,0,0,0,0,0,0,1,0,0
20.18,21,0,0,0,0,0,0,0,1,1,0,0,0,0,0,0,0,0
13.75,7,6,1,0,1,0,0,0,0,0,0,0,0,0,0,1,0,0
4.61,21,2,0,1,0,0,0,0,0,0,1,0,0,0,0,0,0,0
258.03,23,2,0,1,0,0,0,0,0,0,0,0,0,0,1,0,0,0
191.56,13,1,0,1,0,0,0,0,0,0,0,0,1,0,0,0,0,0
164.6,23,6,1,1,0,0,0,0,0,0,0,0,1,0,0,0,0,0
4.85,19,0,0,1,0,0,0,0,0,0,1,0,0,0,0,0,0,0
5.01,11,4,0,0,1,0,0,0,0,0,1,0,0,0,0,0,0,0
33.6,7,5,1,0,1,0,0,0,0,0,0,0,0,0,1,0,0,0
280.37,11,0,0,1,0,0,0,0,0,0,0,0,0,0,1,0,0,0
4.93,22,6,1,0,0,1,0,0,0,0,1,0,0,0,0,0,0,0
2329.11,3,5,1,1,0,0,0,0,0,0,0,0,0,1,0,0,0,1
431.57,1,1,0,0,0,0,1,0,0,1,0,0,0,0,0,0,0,1
35.7,19,6,1,0,0,0,0,0,1,0,0,0,0,0,0,0,1,0
29.19,15,4,0,0,0,0,0,0,1,0,0,0,1,0,0,0,0,0
24.31,12,4,0,0,1,0,0,0,0,0,0,0,0,0,0,0,1,0
6.7,12,1,0,0,0,0,0,0,1,0,0,0,0,0,0,0,1,0
1714.5,1,1,0,0,0,1,0,0,0,0,0,0,0,0,0,0,1,1
56.65,8,0,0,1,0,0,0,0,0,0,0,0,1,0,0,0,0,0
139.71,18,1,0,0,0,0,0,0,1,0,0,0,1,0,0,0,0,0
74.84,16,6,1,0,0,0,0,0,1,0,0,1,0,0,0,0,0,0
21.6,10,2,0,0,0,0,0,0,1,1,0,0,0,0,0,0,0,0
10.59,3,2,0,0,0,0,0,0,1,0,1,0,0,0,0,0,0,1
9.89,16,0,0,0,1,0,0,0,0,0,0,0,0,0,0,0,1,0
3.74,23,2,0,0,0,0,1,0,0,0,1,0,0,0,0,0,0,0
33.89,12,1,0,0,1,0,0,0,0,0,0,0,0,0,1,0,0,0
117.47,11,0,0,0,1,0,0,0,0,0,0,0,0,1,0,0,0,0
48.1,18,2,0,0,0,0,0,0,1,0,0,0,0,1,0,0,0,0
25.27,18,6,1,0,0,1,0,0,0,1,0,0,0,0,0,0,0,0
38.67,12,0,0,0,0,1,0,0,0,0,0,0,0,0,0,1,0,0
10.89,3,6,1,0,0,0,0,0,1,0,1,0,0,0,0,0,0,1
26.85,10,1,0,0,0,0,0,0,1,0,0,0,0,0,0,0,1,0
39.91,8,3,0,1,0,0,0,0,0,0,0,0,0,0,0,1,0,0
2.91,13,0,0,0,0,0,0,0,1,0,1,0,0,0,0,0,0,0
16.47,22,6,1,1,0,0,0,0,0,0,0,0,0,0,0,1,0,0
57.39,15,3,0,0,0,0,0,0,1,0,0,0,0,0,0,1,0,0
26.96,12,4,0,0,0,1,0,0,0,0,0,1,0,0,0,0,0,0
194.46,13,2,0,0,0,1,0,0,0,0,0,0,1,0,0,0,0,0
836.32,4,1,0,0,0,0,0,1,0,0,0,0,0,0,0,1,0,1
65.79,20,4,0,0,1,0,0,0,0,0,0,0,1,0,0,0,0,0
1768.94,19,1,0,0,0,1,0,0,0,0,0,0,0,1,0,0,0,1
18.83,19,5,1,1,0,0,0,0,0,1,0,0,0,0,0,0,0,0
104.98,14,0,0,1,0,0,0,0,0,0,0,0,0,1,0,0,0,0
98.0,23,4,0,0,0,1,0,0,0,0,0,0,0,1,0,0,0,0
106.61,22,2,0,1,0,0,0,0,0,0,0,0,0,1,0,0,0,0
65.31,16,3,0,1,0,0,0,0,0,0,0,1,0,0,0,0,0,0
10.77,21,6,1,1,0,0,0,0,0,1,0,0,0,0,0,0,0,0
448.2,17,1,0,0,0,1,0,0,0,0,1,0,0,0,0,0,0,1
271.37,23,5,1,0,0,0,0,0,1,0,0,0,0,0,1,0,0,0
3.92,22,5,1,0,0,1,0,0,0,0,1,0,0,0,0,0,0,0
170.83,14,6,1,0,0,0,1,0,0,0,0,0,1,0,0,0,0,0
213.47,11,1,0,0,1,0,0,0,0,0,0,0,0,0,1,0,0,0
33.14,8,3,0,1,0,0,0,0,0,1,0,0,0,0,0,0,0,0
5.43,9,0,0,1,0,0,0,0,0,0,1,0,0,0,0,0,0,0
36.31,16,6,1,0,1,0,0,0,0,0,0,0,0,0,0,0,1,0
17.19,17,5,1,0,0,0,0,0,1,1,0,0,0,0,0,0,0,0
191.58,13,4,0,0,0,0,0,0,1,0,0,0,1,0,0,0,0,0
15.44,7,2,0,0,0,0,0,0,1,0,0,0,0,0,0,0,1,0
59.18,16,2,0,0,1,0,0,0,0,0,0,0,0,0,1,0,0,0
593.77,4,4,0,0,0,0,0,0,1,0,0,0,0,0,0,0,1,1
35.58,7,6,1,0,0,0,0,0,1,0,0,0,0,0,0,1,0,0
192.71,20,5,1,1,0,0,0,0,0,0,0,0,0,0,1,0,0,0
33.47,14,6,1,1,0,0,0,0,0,0,0,0,1,0,0,0,0,0
17.31,23,0,0,1,0,0,0,0,0,1,0,0,0,0,0,0,0,0
9.27,13,6,1,0,1,0,0,0,0,1,0,0,0,0,0,0,0,0
1716.29,20,4,0,0,0,0,0,1,0,0,0,0,1,0,0,0,0,1
286.49,19,0,0,0,0,0,0,0,1,0,0,0,0,0,1,0,0,0
7.4,18,5,1,0,1,0,0,0,0,1,0,0,0,0,0,0,0,0
130.8,16,3,0,0,1,0,0,0,0,0,0,0,0,0,1,0,0,0
23.51,11,0,0,1,0,0,0,0,0,0,0,0,0,0,0,0,1,0
13.89,7,3,0,0,0,1,0,0,0,0,0,0,0,0,0,1,0,0
34.01,11,4,0,1,0,0,0,0,0,0,0,1,0,0,0,0,0,0
15.25,9,3,0,0,0,0,0,0,1,0,0,0,0,0,0,1,0,0
36.88,15,0,0,1,0,0,0,0,0,0,0,0,0,1,0,0,0,0
32.94,22,0,0,0,0,1,0,0,0,0,0,0,0,0,0,1,0,0
914.62,4,5,1,0,0,0,0,0,1,0,0,0,0,0,0,1,0,1
5.92,19,5,1,1,0,0,0,0,0,0,1,0,0,0,0,0,0,0
3.28,10,4,0,0,1,0,0,0,0,0,1,0,0,0,0,0,0,0
17.73,11,2,0,1,0,0,0,0,0,0,0,0,0,0,0,0,1,0
5.88,21,2,0,0,0,0,0,0,1,0,1,0,0,0,0,0,0,0
8.91,14,4,0,0,0,0,1,0,0,0,0,0,0,0,0,0,1,0
55.3,12,3,0,1,0,0,0,0,0,0,0,0,0,0,1,0,0,0
85.2,21,6,1,0,1,0,0,0,0,0,0,0,0,0,1,0,0,0
66.68,9,1,0,1,0,0,0,0,0,0,0,1,0,0,0,0,0,0
87.59,7,0,0,1,0,0,0,0,0,0,0,0,0,0,1,0,0,0
77.93,15,3,0,0,0,0,0,0,1,0,0,0,1,0,0,0,0,0
254.08,11,0,0,0,1,0,0,0,0,0,0,0,0,0,1,0,0,0
111.27,8,5,1,0,0,0,0,0,1,0,0,0,0,0,1,0,0,0
4.19,22,4,0,0,0,1,0,0,0,0,1,0,0,0,0,0,0,0
95.23,16,4,0,0,1,0,0,0,0,0,0,0,0,1,0,0,0,0
10.46,23,5,1,0,0,0,0,1,0,0,0,1,0,0,0,0,0,0
42.68,21,0,0,0,0,0,0,0,1,0,0,0,1,0,0,0,0,0
25.22,7,1,0,0,1,0,0,0,0,0,0,0,0,0,0,1,0,0
4.58,9,3,0,0,0,0,0,0,1,0,1,0,0,0,0,0,0,0
814.95,11,0,0,0,0,0,0,0,1,0,0,0,0,0,0,0,1,1
4.99,12,2,0,0,0,0,1,0,0,0,1,0,0,0,0,0,0,0
42.44,18,3,0,0,0,0,0,0,1,0,0,1,0,0,0,0,0,0
1703.04,18,0,0,0,1,0,0,0,0,0,0,0,0,1,0,0,0,1
297.28,11,0,0,0,0,0,0,0,1,0,0,0,0,0,1,0,0,0
3.55,14,0,0,0,1,0,0,0,0,0,1,0,0,0,0,0,0,0
872.5,1,1,0,0,1,0,0,0,0,0,0,0,0,0,0,1,0,1
125.49,9,2,0,0,0,0,0,0,1,0,0,0,1,0,0,0,0,0
114.51,10,1,0,0,0,0,0,0,1,0,0,0,0,1,0,0,0,0
86.55,20,5,1,1,0,0,0,0,0,0,0,0,1,0,0,0,0,0
181.2,15,0,0,0,1,0,0,0,0,0,0,0,0,0,1,0,0,0
30.24,14,6,1,1,0,0,0,0,0,1,0,0,0,0,0,0,0,0
23.86,15,0,0,1,0,0,0,0,0,0,0,0,0,0,0,0,1,0
11.29,9,5,1,0,0,1,0,0,0,0,0,0,0,0,0,0,1,0
5.97,11,1,0,0,1,0,0,0,0,0,1,0,0,0,0,0,0,0
17.35,19,3,0,0,0,0,1,0,0,0,0,0,0,0,0,1,0,0
46.76,22,2,0,1,0,0,0,0,0,0,0,0,0,0,0,1,0,0
117.05,17,6,1,0,1,0,0,0,0,0,0,0,0,0,1,0,0,0
41.61,18,3,0,1,0,0,0,0,0,0,0,0,1,0,0,0,0,0
859.29,9,3,0,0,0,1,0,0,0,1,0,0,0,0,0,0,0,1
33.59,9,6,1,1,0,0,0,0,0,1,0,0,0,0,0,0,0,0
722.62,16,0,0,1,0,0,0,0,0,1,0,0,0,0,0,0,0,1
47.64,9,2,0,0,1,0,0,0,0,0,0,1,0,0,0,0,0,0
646.39,6,4,0,0,0,1,0,0,0,1,0,0,0,0,0,0,0,1
4.38,10,4,0,1,0,0,0,0,0,0,1,0,0,0,0,0,0,0
14.74,9,3,0,0,1,0,0,0,0,0,0,0,0,0,0,1,0,0
21.49,19,0,0,1,0,0,0,0,0,1,0,0,0,0,0,0,0,0
43.63,8,4,0,0,0,1,0,0,0,0,0,1,0,0,0,0,0,0
50.53,14,5,1,1,0,0,0,0,0,0,0,0,0,0,0,1,0,0
127.23,11,6,1,1,0,0,0,0,0,0,0,0,0,0,1,0,0,0
46.41,23,3,0,0,0,0,0,1,0,0,0,0,0,0,0,1,0,0
25.12,22,4,0,0,0,1,0,0,0,1,0,0,0,0,0,0,0,0
3.77,20,4,0,0,1,0,0,0,0,0,1,0,0,0,0,0,0,0
18.96,9,3,0,0,0,1,0,0,0,0,0,0,0,0,0,0,1,0
12.89,14,3,0,0,1,0,0,0,0,0,0,0,0,0,0,0,1,0
105.69,6,1,0,0,0,1,0,0,0,0,0,0,0,0,1,0,0,0
19.06,20,5,1,1,0,0,0,0,0,0,0,0,0,0,0,0,1,0
233.54,19,5,1,1,0,0,0,0,0,0,0,0,0,0,1,0,0,0
28.79,11,4,0,0,1,0,0,0,0,0,0,0,0,0,0,1,0,0
55.36,23,4,0,0,0,1,0,0,0,0,0,0,0,1,0,0,0,0
48.4,12,3,0,0,0,0,0,0,1,0,0,0,0,0,0,1,0,0
4.24,15,1,0,0,0,0,0,1,0,0,1,0,0,0,0,0,0,0
137.29,23,4,0,0,1,0,0,0,0,0,0,0,0,0,1,0,0,0
42.94,20,2,0,1,0,0,0,0,0,0,0,1,0,0,0,0,0,0
23.7,13,4,0,0,0,0,0,0,1,0,0,0,0,0,0,0,1,0
141.89,13,5,1,0,0,0,1,0,0,0,0,0,1,0,0,0,0,0
208.46,1,4,0,0,0,0,0,0,1,0,0,1,0,0,0,0,0,1
30.21,13,5,1,1,0,0,0,0,0,1,0,0,0,0,0,0,0,0
17.6,11,4,0,1,0,0,0,0,0,1,0,0,0,0,0,0,0,0
30.36,23,0,0,1,0,0,0,0,0,1,0,0,0,0,0,0,0,0
78.65,10,5,1,1,0,0,0,0,0,0,0,0,1,0,0,0,0,0
65.42,22,5,1,1,0,0,0,0,0,0,0,0,0,1,0,0,0,0
4.63,21,0,0,1,0,0,0,0,0,0,1,0,0,0,0,0,0,0
22.23,19,5,1,0,1,0,0,0,0,1,0,0,0,0,0,0,0,0
6.97,21,4,0,0,0,0,0,0,1,0,0,0,0,0,0,1,0,0
30.11,17,1,0,0,0,0,0,0,1,1,0,0,0,0,0,0,0,0
36.94,12,1,0,0,0,0,0,0,1,0,0,0,0,0,0,1,0,0
62.42,23,6,1,0,1,0,0,0,0,0,0,1,0,0,0,0,0,0
24.57,8,3,0,1,0,0,0,0,0,0,0,0,0,0,0,0,1,0
11.63,13,5,1,1,0,0,0,0,0,0,0,0,0,0,0,1,0,0
22.17,22,5,1,0,0,1,0,0,0,0,0,1,0,0,0,0,0,0
110.07,21,4,0,1,0,0,0,0,0,0,0,0,0,1,0,0,0,0
38.21,19,3,0,0,0,0,0,0,1,0,0,0,0,0,0,1,0,0
39.01,16,6,1,1,0,0,0,0,0,0,0,1,0,0,0,0,0,0
11.35,9,0,0,0,0,0,0,0,1,1,0,0,0,0,0,0,0,0
18.78,12,3,0,1,0,0,0,0,0,0,0,0,0,0,0,1,0,0
13.3,8,4,0,1,0,0,0,0,0,0,0,1,0,0,0,0,0,0
118.9,15,6,1,0,0,0,1,0,0,0,0,0,0,1,0,0,0,0
20.59,12,6,1,0,0,1,0,0,0,0,0,0,0,1,0,0,0,0
44.39,9,0,0,0,0,0,0,1,0,0,0,0,1,0,0,0,0,0
24.33,16,3,0,0,1,0,0,0,0,0,0,1,0,0,0,0,0,0
38.25,23,3,0,1,0,0,0,0,0,0,0,0,0,0,0,1,0,0
21.01,9,4,0,0,0,1,0,0,0,1,0,0,0,0,0,0,0,0
2349.22,0,2,0,0,0,0,0,0,1,0,0,0,1,0,0,0,0,1
21.34,10,6,1,0,0,0,0,0,1,0,0,1,0,0,0,0,0,0
2.13,19,1,0,1,0,0,0,0,0,0,1,0,0,0,0,0,0,0
160.67,20,0,0,0,0,0,0,0,1,0,0,0,0,0,1,0,0,0
4.82,19,0,0,1,0,0,0,0,0,0,1,0,0,0,0,0,0,0
165.5,7,2,0,1,0,0,0,0,0,0,0,0,1,0,0,0,0,0
31.93,6,3,0,0,0,0,0,0,1,0,0,0,0,0,0,1,0,0
143.01,6,0,0,0,1,0,0,0,0,0,0,0,1,0,0,0,0,0
34.72,18,1,0,1,0,0,0,0,0,0,0,0,0,0,0,1,0,0
7.63,11,0,0,1,0,0,0,0,0,1,0,0,0,0,0,0,0,0
48.68,18,2,0,0,1,0,0,0,0,0,0,0,0,0,0,1,0,0
13.87,16,6,1,1,0,0,0,0,0,1,0,0,0,0,0,0,0,0
74.84,12,2,0,0,0,1,0,0,0,0,0,0,0,1,0,0,0,0
40.97,13,5,1,1,0,0,0,0,0,0,0,1,0,0,0,0,0,0
97.14,7,4,0,1,0,0,0,0,0,0,0,0,1,0,0,0,0,0
4.16,21,1,0,1,0,0,0,0,0,0,1,0,0,0,0,0,0,0
2.28,6,3,0,1,0,0,0,0,0,0,1,0,0,0,0,0,0,0
39.23,20,5,1,1,0,0,0,0,0,0,0,0,0,0,0,0,1,0
35.55,9,4,0,1,0,0,0,0,0,0,0,1,0,0,0,0,0,0
59.75,14,0,0,0,0,0,0,0,1,0,0,1,0,0,0,0,0,0
25.06,11,4,0,1,0,0,0,0,0,0,0,0,0,0,0,0,1,0
5.02,17,3,0,0,1,0,0,0,0,0,1,0,0,0,0,0,0,0
23.08,9,1,0,1,0,0,0,0,0,0,0,1,0,0,0,0,0,0
148.03,0,1,0,0,0,0,0,0,1,1,0,0,0,0,0,0,0,1
47.25,18,0,0,1,0,0,0,0,0,0,0,0,0,0,0,1,0,0
23.37,23,2,0,0,0,0,0,1,0,0,0,0,0,0,0,1,0,0
69.03,8,3,0,0,0,0,0,1,0,0,0,1,0,0,0,0,0,0
571.39,3,3,0,0,0,0,0,0,1,0,0,0,0,0,1,0,0,1
3.31,15,5,1,0,1,0,0,0,0,0,1,0,0,0,0,0,0,0
21.23,16,6,1,1,0,0,0,0,0,1,0,0,0,0,0,0,0,0
15.13,6,6,1,1,0,0,0,0,0,0,0,0,0,0,0,0,1,0
34.31,11,4,0,1,0,0,0,0,0,0,0,0,0,0,0,0,1,0
17.99,16,2,0,0,1,0,0,0,0,0,0,0,0,0,0,1,0,0
26.99,18,6,1,0,0,0,1,0,0,1,0,0,0,0,0,0,0,0
24.92,22,1,0,1,0,0,0,0,0,0,0,0,0,0,1,0,0,0
41.14,22,4,0,1,0,0,0,0,0,0,0,0,0,0,0,1,0,0
84.56,22,5,1,0,0,0,0,1,0,0,0,0,0,1,0,0,0,0
50.97,18,4,0,0,0,0,0,0,1,0,0,0,0,0,0,1,0,0
46.29,0,3,0,0,0,0,0,0,1,0,0,0,0,0,0,0,1,1
69.73,11,2,0,0,0,0,0,0,1,0,0,0,1,0,0,0,0,0
14.72,17,0,0,0,0,0,0,0,1,1,0,0,0,0,0,0,0,0
47.96,7,4,0,1,0,0,0,0,0,0,0,0,0,0,0,1,0,0
2123.1,21,0,0,0,0,1,0,0,0,0,0,0,1,0,0,0,0,1
116.39,23,1,0,0,0,1,0,0,0,0,0,0,1,0,0,0,0,0
74.1,19,1,0,0,1,0,0,0,0,0,0,1,0,0,0,0,0,0
7.73,14,2,0,0,1,0,0,0,0,0,0,0,0,0,0,1,0,0
3.06,14,0,0,0,1,0,0,0,0,0,1,0,0,0,0,0,0,0
20.22,15,3,0,1,0,0,0,0,0,0,0,0,0,0,0,0,1,0
43.38,18,5,1,0,0,1,0,0,0,0,0,0,0,1,0,0,0,0
72.35,10,4,0,0,1,0,0,0,0,0,0,1,0,0,0,0,0,0
31.81,23,0,0,0,1,0,0,0,0,0,0,0,0,0,0,1,0,0
31.92,14,0,0,1,0,0,0,0,0,0,0,1,0,0,0,0,0,0
209.22,22,2,0,0,0,0,0,0,1,0,0,0,0,0,1,0,0,0
198.66,18,6,1,0,1,0,0,0,0,0,0,0,0,0,1,0,0,0
29.74,23,5,1,1,0,0,0,0,0,0,0,0,0,0,0,0,1,0
38.62,18,2,0,1,0,0,0,0,0,0,0,0,1,0,0,0,0,0
15.11,22,0,0,1,0,0,0,0,0,0,0,0,0,0,0,1,0,0
20.8,6,0,0,0,1,0,0,0,0,1,0,0,0,0,0,0,0,0
60.79,9,2,0,0,1,0,0,0,0,0,0,0,0,1,0,0,0,0
22.0,23,4,0,1,0,0,0,0,0,0,0,0,0,0,0,0,1,0
5.95,20,5,1,1,0,0,0,0,0,0,1,0,0,0,0,0,0,0
285.22,20,1,0,0,0,0,0,0,1,0,0,0,0,0,1,0,0,0
34.72,23,4,0,0,0,1,0,0,0,0,0,0,0,1,0,0,0,0
95.99,12,1,0,1,0,0,0,0,0,0,0,0,0,0,1,0,0,0
155.74,23,0,0,1,0,0,0,0,0,0,0,0,1,0,0,0,0,0
674.16,13,3,0,0,0,0,0,0,1,0,0,0,0,0,0,0,1,1
28.55,15,6,1,1,0,0,0,0,0,1,0,0,0,0,0,0,0,0
30.84,21,6,1,1,0,0,0,0,0,1,0,0,0,0,0,0,0,0
18.87,20,5,1,1,0,0,0,0,0,0,0,0,0,0,0,0,1,0
29.96,16,3,0,1,0,0,0,0,0,1,0,0,0,0,0,0,0,0
22.56,4,0,0,0,0,0,0,0,1,0,0,0,0,0,0,1,0,1
43.28,14,4,0,0,1,0,0,0,0,0,0,0,0,0,0,1,0,0
7.58,16,4,0,0,1,0,0,0,0,1,0,0,0,0,0,0,0,0
140.64,16,5,1,0,0,0,1,0,0,0,0,0,1,0,0,0,0,0
33.15,17,1,0,1,0,0,0,0,0,0,0,0,0,0,0,0,1,0
27.04,10,1,0,0,0,0,0,0,1,0,0,0,0,0,0,0,1,0
13.58,22,3,0,0,0,1,0,0,0,0,0,0,0,0,0,1,0,0
189.84,17,2,0,1,0,0,0,0,0,0,0,0,1,0,0,0,0,0
329.15,2,1,0,1,0,0,0,0,0,0,1,0,0,0,0,0,0,1
146.28,14,5,1,1,0,0,0,0,0,0,0,0,1,0,0,0,0,0
62.37,11,0,0,0,0,0,0,0,1,0,0,0,1,0,0,0,0,0
23.77,18,3,0,0,0,0,0,0,1,1,0,0,0,0,0,0,0,0
1535.81,2,6,1,0,0,0,0,0,1,0,0,0,0,1,0,0,0,1
11.77,17,1,0,0,1,0,0,0,0,0,0,0,0,0,0,0,1,0
437.52,17,2,0,0,0,0,0,1,0,1,0,0,0,0,0,0,0,1
285.97,12,4,0,0,0,0,1,0,0,0,0,0,0,0,1,0,0,0
2.23,9,1,0,0,0,0,1,0,0,0,1,0,0,0,0,0,0,0
74.32,19,5,1,0,1,0,0,0,0,0,0,1,0,0,0,0,0,0
8.64,12,4,0,0,0,0,0,0,1,0,0,0,0,0,0,0,1,0
14.0,17,5,1,0,0,0,0,0,1,1,0,0,0,0,0,0,0,0
17.01,6,0,0,0,0,1,0,0,0,0,0,0,0,1,0,0,0,0
39.53,23,1,0,0,0,0,0,0,1,0,0,0,1,0,0,0,0,0
26.39,23,2,0,0,1,0,0,0,0,0,0,1,0,0,0,0,0,0
1018.94,4,0,0,0,0,0,0,0,1,0,0,0,0,0,1,0,0,1
14.95,14,3,0,1,0,0,0,0,0,1,0,0,0,0,0,0,0,0
12.05,21,2,0,1,0,0,0,0,0,1,0,0,0,0,0,0,0,0
2300.64,7,2,0,0,0,0,0,0,1,0,0,0,1,0,0,0,0,1
12.67,22,3,0,0,0,0,0,0,1,1,0,0,0,0,0,0,0,0
3.4,19,5,1,1,0,0,0,0,0,0,1,0,0,0,0,0,0,0
19.02,7,4,0,1,0,0,0,0,0,1,0,0,0,0,0,0,0,0
4061.29,8,2,0,0,0,0,0,0,1,0,0,0,0,0,1,0,0,1
11.46,16,2,0,1,0,0,0,0,0,0,0,0,0,0,0,1,0,0
5.36,23,1,0,0,0,1,0,0,0,0,1,0,0,0,0,0,0,0
21.11,17,3,0,0,1,0,0,0,0,0,0,0,0,0,0,0,1,0
28.27,19,3,0,0,0,0,0,0,1,0,0,1,0,0,0,0,0,0
36.67,16,2,0,0,0,0,0,0,1,0,0,0,0,0,0,0,1,0
1.67,23,3,0,1,0,0,0,0,0,0,1,0,0,0,0,0,0,0
8.8,19,6,1,0,0,1,0,0,0,0,0,0,0,0,0,0,1,0
31.86,8,6,1,1,0,0,0,0,0,0,0,0,0,0,0,1,0,0
25.65,16,6,1,0,0,0,1,0,0,1,0,0,0,0,0,0,0,0
20.79,20,0,0,1,0,0,0,0,0,0,0,0,0,0,0,0,1,0
166.91,15,6,1,0,1,0,0,0,0,0,0,0,1,0,0,0,0,0
25.25,19,2,0,1,0,0,0,0,0,0,0,0,1,0,0,0,0,0
114.47,6,2,0,1,0,0,0,0,0,0,0,0,0,0,1,0,0,0
28.33,11,6,1,0,0,0,0,0,1,0,0,1,0,0,0,0,0,0
41.24,16,4,0,0,1,0,0,0,0,0,0,0,0,0,1,0,0,0
21.7,22,0,0,0,0,0,0,0,1,0,0,0,0,1,0,0,0,0
8.53,12,0,0,0,1,0,0,0,0,1,0,0,0,0,0,0,0,0
22.33,16,1,0,1,0,0,0,0,0,1,0,0,0,0,0,0,0,0
7.71,18,1,0,0,0,0,0,0,1,0,0,0,0,0,0,0,1,0
164.75,1,5,1,0,0,0,0,0,1,0,0,0,0,0,0,0,1,1
65.98,19,2,0,0,1,0,0,0,0,0,0,0,0,1,0,0,0,0
34.21,12,6,1,0,1,0,0,0,0,1,0,0,0,0,0,0,0,0
16.5,9,1,0,1,0,0,0,0,0,0,0,0,0,0,0,0,1,0
74.56,6,4,0,0,1,0,0,0,0,0,0,0,1,0,0,0,0,0
81.22,15,3,0,1,0,0,0,0,0,0,0,0,1,0,0,0,0,0
65.5,8,4,0,1,0,0,0,0,0,0,0,1,0,0,0,0,0,0
31.21,13,5,1,0,0,0,0,0,1,1,0,0,0,0,0,0,0,0
258.56,13,4,0,0,0,1,0,0,0,0,0,0,0,0,1,0,0,0
12.94,23,0,0,1,0,0,0,0,0,0,0,1,0,0,0,0,0,0
50.95,17,2,0,1,0,0,0,0,0,0,0,0,0,0,0,1,0,0
18.58,21,0,0,0,1,0,0,0,0,1,0,0,0,0,0,0,0,0
20.02,11,2,0,1,0,0,0,0,0,1,0,0,0,0,0,0,0,0
33.85,16,4,0,1,0,0,0,0,0,1,0,0,0,0,0,0,0,0
17.94,15,3,0,0,0,0,1,0,0,1,0,0,0,0,0,0,0,0
69.41,22,6,1,1,0,0,0,0,0,0,0,1,0,0,0,0,0,0
81.29,12,3,0,0,1,0,0,0,0,0,0,0,0,1,0,0,0,0
67.8,23,3,0,0,0,0,0,0,1,0,0,1,0,0,0,0,0,0
1428.75,4,3,0,0,0,0,0,0,1,0,0,0,0,0,0,1,0,1
4.2,6,2,0,0,0,1,0,0,0,0,1,0,0,0,0,0,0,0
23.54,16,5,1,0,0,0,0,1,0,0,0,0,0,0,0,0,1,0
458.51,1,3,0,0,0,0,0,0,1,0,1,0,0,0,0,0,0,1
92.04,16,4,0,1,0,0,0,0,0,0,0,0,0,1,0,0,0,0
79.15,23,4,0,1,0,0,0,0,0,0,0,1,0,0,0,0,0,0
2328.55,21,5,1,0,0,1,0,0,0,0,0,0,0,0,1,0,0,1
117.84,13,5,1,0,0,0,0,0,1,0,0,0,0,1,0,0,0,0
40.25,4,4,0,0,0,0,0,0,1,0,0,0,0,0,0,1,0,1
21.74,16,1,0,0,1,0,0,0,0,0,0,1,0,0,0,0,0,0
157.13,9,0,0,1,0,0,0,0,0,0,0,0,1,0,0,0,0,0
43.16,11,2,0,0,0,0,0,1,0,0,0,0,0,0,0,1,0,0
9.28,23,3,0,1,0,0,0,0,0,1,0,0,0,0,0,0,0,0
743.45,9,2,0,0,0,0,1,0,0,0,0,1,0,0,0,0,0,1
231.56,18,2,0,0,0,1,0,0,0,0,0,0,0,0,1,0,0,0
24.73,11,3,0,0,0,1,0,0,0,0,0,1,0,0,0,0,0,0
31.32,10,4,0,1,0,0,0,0,0,0,0,0,0,0,0,1,0,0
15.07,23,3,0,1,0,0,0,0,0,0,0,1,0,0,0,0,0,0
76.18,21,4,0,0,0,1,0,0,0,0,0,1,0,0,0,0,0,0
199.88,3,3,0,0,0,0,0,0,1,0,0,0,0,0,0,0,1,1
195.23,21,5,1,0,0,0,0,0,1,0,0,0,0,0,1,0,0,0
75.23,16,5,1,0,0,1,0,0,0,0,0,0,1,0,0,0,0,0
86.83,2,5,1,0,0,0,0,0,1,0,0,0,0,0,0,0,1,1
18.67,15,6,1,0,0,0,0,0,1,1,0,0,0,0,0,0,0,0
400.87,4,3,0,0,0,1,0,0,0,1,0,0,0,0,0,0,0,1
49.0,21,0,0,0,1,0,0,0,0,0,0,0,0,1,0,0,0,0
4855.3,16,3,0,0,0,0,0,0,1,0,0,0,0,0,1,0,0,1
797.83,0,3,0,0,0,0,0,0,1,1,0,0,0,0,0,0,0,1
53.75,16,4,0,0,0,0,0,0,1,0,0,0,0,1,0,0,0,0
26.95,14,1,0,1,0,0,0,0,0,0,0,1,0,0,0,0,0,0
842.94,2,5,1,0,0,0,0,0,1,0,0,0,0,0,1,0,0,1
4.19,23,2,0,0,1,0,0,0,0,0,1,0,0,0,0,0,0,0
124.8,19,6,1,0,0,0,1,0,0,0,0,0,1,0,0,0,0,0
32.21,23,0,0,1,0,0,0,0,0,0,0,0,0,0,0,1,0,0
14.24,18,0,0,1,0,0,0,0,0,1,0,0,0,0,0,0,0,0
51.87,16,1,0,1,0,0,0,0,0,0,0,0,0,0,0,1,0,0
38.31,17,1,0,0,1,0,0,0,0,0,0,0,0,0,0,0,1,0
26.19,19,0,0,1,0,0,0,0,0,0,0,0,0,1,0,0,0,0
74.61,6,3,0,0,0,1,0,0,0,0,0,0,0,0,1,0,0,0
178.16,23,1,0,0,0,1,0,0,0,0,0,0,1,0,0,0,0,0
108.86,17,1,0,1,0,0,0,0,0,0,0,0,0,1,0,0,0,0
7.81,9,6,1,1,0,0,0,0,0,0,0,0,0,0,0,1,0,0
33.24,10,6,1,1,0,0,0,0,0,0,0,0,0,0,0,1,0,0
277.95,7,0,0,0,0,0,0,0,1,0,0,0,0,0,1,0,0,0
23.89,8,0,0,0,0,0,0,0,1,0,0,0,0,1,0,0,0,0
26.37,14,4,0,1,0,0,0,0,0,0,0,0,0,0,0,1,0,0
64.61,13,0,0,1,0,0,0,0,0,0,0,0,0,1,0,0,0,0
22.04,13,4,0,1,0,0,0,0,0,1,0,0,0,0,0,0,0,0
1413.71,13,2,0,0,0,0,0,0,1,0,0,0,0,0,0,0,1,1
15.56,21,6,1,0,1,0,0,0,0,1,0,0,0,0,0,0,0,0
88.61,8,1,0,0,0,0,0,0,1,0,0,0,0,0,1,0,0,0
210.18,16,1,0,0,1,0,0,0,0,0,0,0,0,0,1,0,0,0
3.75,16,3,0,0,0,0,0,0,1,0,1,0,0,0,0,0,0,0
26.23,23,5,1,1,0,0,0,0,0,0,0,0,0,0,0,0,1,0
354.54,1,0,0,0,0,0,0,0,1,0,0,0,0,0,1,0,0,1
1.98,14,3,0,1,0,0,0,0,0,0,1,0,0,0,0,0,0,0
545.86,4,1,0,0,0,0,0,0,1,0,0,0,0,0,0,0,1,1
104.46,23,3,0,1,0,0,0,0,0,0,0,0,0,1,0,0,0,0
1.92,22,4,0,1,0,0,0,0,0,0,1,0,0,0,0,0,0,0
17.58,17,4,0,0,0,1,0,0,0,1,0,0,0,0,0,0,0,0
2023.78,9,5,1,0,0,0,0,0,1,0,0,0,0,1,0,0,0,1
19.38,18,1,0,1,0,0,0,0,0,0,0,0,0,0,0,1,0,0
147.87,12,5,1,0,1,0,0,0,0,0,0,0,0,0,1,0,0,0
12.61,6,5,1,0,1,0,0,0,0,0,0,0,0,0,0,0,1,0
5.63,19,3,0,1,0,0,0,0,0,1,0,0,0,0,0,0,0,0
24.46,9,3,0,0,0,1,0,0,0,1,0,0,0,0,0,0,0,0
54.13,14,2,0,1,0,0,0,0,0,0,0,0,0,0,0,1,0,0
50.34,11,6,1,1,0,0,0,0,0,0,0,0,0,0,0,1,0,0
36.23,22,1,0,1,0,0,0,0,0,0,0,0,0,0,0,0,1,0
824.45,1,6,1,0,0,0,0,0,1,0,0,0,0,1,0,0,0,1
92.67,23,2,0,1,0,0,0,0,0,0,0,0,0,0,1,0,0,0
27.05,6,4,0,0,0,0,0,0,1,0,0,0,0,0,0,0,1,0
100.38,10,5,1,1,0,0,0,0,0,0,0,0,0,1,0,0,0,0
417.0,3,5,1,0,0,0,0,0,1,0,0,0,0,1,0,0,0,1
170.37,14,6,1,1,0,0,0,0,0,0,0,0,0,0,1,0,0,0
12.24,22,4,0,1,0,0,0,0,0,1,0,0,0,0,0,0,0,0
44.89,23,6,1,1,0,0,0,0,0,0,0,0,0,0,0,1,0,0
12.49,13,1,0,0,1,0,0,0,0,0,0,0,0,1,0,0,0,0
522.17,22,6,1,0,0,0,0,1,0,0,0,1,0,0,0,0,0,1
1098.9,2,5,1,0,0,0,0,0,1,0,0,1,0,0,0,0,0,1
48.24,16,5,1,1,0,0,0,0,0,0,0,1,0,0,0,0,0,0
16.89,21,0,0,1,0,0,0,0,0,0,0,0,0,0,0,0,1,0
4.54,20,6,1,1,0,0,0,0,0,0,1,0,0,0,0,0,0,0
358.66,2,5,1,0,0,1,0,0,0,0,1,0,0,0,0,0,0,1
52.82,18,3,0,0,0,0,0,0,1,0,0,0,0,1,0,0,0,0
15.58,16,5,1,0,0,1,0,0,0,0,0,0,1,0,0,0,0,0
76.69,21,6,1,1,0,0,0,0,0,0,0,1,0,0,0,0,0,0
6.51,10,2,0,0,0,1,0,0,0,0,0,0,0,0,0,0,1,0
38.13,9,6,1,1,0,0,0,0,0,0,0,1,0,0,0,0,0,0
30.9,21,6,1,0,0,1,0,0,0,1,0,0,0,0,0,0,0,0
80.17,20,2,0,0,0,1,0,0,0,0,0,0,1,0,0,0,0,0
49.48,18,6,1,0,0,0,0,0,1,0,0,1,0,0,0,0,0,0
33.76,22,3,0,0,0,1,0,0,0,0,0,1,0,0,0,0,0,0
21.53,23,5,1,0,0,0,0,0,1,0,0,0,0,0,0,1,0,0
51.39,8,6,1,0,0,1,0,0,0,0,0,0,0,1,0,0,0,0
3.0,15,5,1,0,1,0,0,0,0,0,1,0,0,0,0,0,0,0
24.16,10,6,1,0,1,0,0,0,0,0,0,1,0,0,0,0,0,0
24.75,17,3,0,1,0,0,0,0,0,0,0,0,1,0,0,0,0,0
19.87,7,2,0,0,0,1,0,0,0,0,0,0,0,1,0,0,0,0
752.07,8,3,0,0,0,0,0,0,1,0,0,0,0,1,0,0,0,1
15.16,21,0,0,0,0,1,0,0,0,1,0,0,0,0,0,0,0,0
8.1,11,3,0,1,0,0,0,0,0,1,0,0,0,0,0,0,0,0
18.3,14,6,1,1,0,0,0,0,0,0,0,0,0,0,0,0,1,0
2.05,12,2,0,0,0,0,0,0,1,0,1,0,0,0,0,0,0,0
292.06,17,3,0,0,0,0,0,1,0,0,0,0,0,0,1,0,0,0
2322.27,4,3,0,0,0,1,0,0,0,0,0,0,0,1,0,0,0,1
371.86,3,2,0,0,0,0,0,0,1,0,0,1,0,0,0,0,0,1
115.12,7,2,0,0,1,0,0,0,0,0,0,0,0,0,1,0,0,0
31.64,6,2,0,0,0,0,0,1,0,0,0,0,0,0,0,1,0,0
67.01,23,6,1,0,0,0,0,0,1,0,0,1,0,0,0,0,0,0
290.02,20,5,1,0,0,0,0,1,0,0,0,0,0,0,1,0,0,0
54.93,7,4,0,0,1,0,0,0,0,0,0,0,0,0,0,1,0,0
9.82,12,0,0,1,0,0,0,0,0,1,0,0,0,0,0,0,0,0
1.89,10,0,0,0,0,1,0,0,0,0,1,0,0,0,0,0,0,0
123.15,21,5,1,0,1,0,0,0,0,0,0,0,0,0,1,0,0,0
14.57,13,0,0,1,0,0,0,0,0,0,0,0,0,0,0,0,1,0
5.04,13,5,1,1,0,0,0,0,0,0,1,0,0,0,0,0,0,0
143.65,9,0,0,1,0,0,0,0,0,0,0,0,1,0,0,0,0,0
49.96,12,0,0,0,1,0,0,0,0,0,0,0,0,0,0,1,0,0
4.83,21,3,0,0,0,0,0,0,1,0,1,0,0,0,0,0,0,0
16.65,8,3,0,1,0,0,0,0,0,0,0,1,0,0,0,0,0,0
75.19,13,4,0,0,0,1,0,0,0,0,0,0,0,1,0,0,0,0
21.56,21,6,1,0,1,0,0,0,0,0,0,0,0,1,0,0,0,0
13.49,22,1,0,1,0,0,0,0,0,0,0,0,0,0,0,0,1,0
13.92,19,4,0,1,0,0,0,0,0,1,0,0,0,0,0,0,0,0
21.74,9,5,1,1,0,0,0,0,0,0,0,0,0,0,0,0,1,0
134.64,7,6,1,1,0,0,0,0,0,0,0,0,1,0,0,0,0,0
101.57,16,0,0,0,0,0,0,0,1,0,0,0,0,1,0,0,0,0
2.55,11,4,0,1,0,0,0,0,0,0,1,0,0,0,0,0,0,0
32.36,16,6,1,1,0,0,0,0,0,0,0,0,0,0,0,0,1,0
164.86,13,4,0,0,0,1,0,0,0,0,0,0,0,0,1,0,0,0
25.78,8,3,0,0,0,1,0,0,0,0,0,0,0,0,1,0,0,0
94.06,7,3,0,1,0,0,0,0,0,0,0,0,0,0,1,0,0,0
27.61,9,6,1,0,0,1,0,0,0,0,0,0,0,0,0,1,0,0
15.49,16,1,0,1,0,0,0,0,0,1,0,0,0,0,0,0,0,0
53.75,13,4,0,0,0,0,0,0,1,0,0,1,0,0,0,0,0,0
97.76,17,6,1,1,0,0,0,0,0,0,0,0,0,0,1,0,0,0
37.89,12,2,0,1,0,0,0,0,0,0,0,0,0,0,0,0,1,0
152.19,17,0,0,1,0,0,0,0,0,0,0,0,1,0,0,0,0,0
172.69,1,1,0,0,0,0,0,0,1,0,0,0,0,0,0,0,1,1
5.56,19,3,0,0,0,0,0,1,0,0,1,0,0,0,0,0,0,0
152.0,21,0,0,0,0,0,1,0,0,0,0,0,1,0,0,0,0,0
76.12,0,1,0,0,0,0,0,0,1,1,0,0,0,0,0,0,0,1
110.56,19,0,0,0,1,0,0,0,0,0,0,0,1,0,0,0,0,0
16.65,22,0,0,0,1,0,0,0,0,0,0,0,0,0,0,1,0,0
67.06,15,1,0,0,0,1,0,0,0,0,0,1,0,0,0,0,0,0
4.67,18,3,0,1,0,0,0,0,0,0,1,0,0,0,0,0,0,0
188.51,8,1,0,1,0,0,0,0,0,0,0,0,1,0,0,0,0,0
16.85,17,6,1,1,0,0,0,0,0,0,0,0,0,0,0,1,0,0
81.53,21,4,0,0,0,0,0,0,1,0,0,0,0,1,0,0,0,0
298.36,1,6,1,0,0,0,0,0,1,0,0,0,0,1,0,0,0,1
29.27,9,2,0,1,0,0,0,0,0,0,0,0,0,0,0,0,1,0
1305.98,17,0,0,0,0,0,0,0,1,0,0,0,0,0,0,0,1,1
12.16,12,0,0,1,0,0,0,0,0,0,0,0,0,0,0,1,0,0
96.32,22,1,0,1,0,0,0,0,0,0,0,0,0,1,0,0,0,0
1042.04,2,4,0,0,0,0,0,0,1,0,0,0,0,0,1,0,0,1
32.55,17,6,1,0,0,0,0,1,0,1,0,0,0,0,0,0,0,0
641.87,4,2,0,0,0,0,0,0,1,0,0,0,1,0,0,0,0,1
36.77,16,6,1,1,0,0,0,0,0,0,0,0,0,0,0,0,1,0
65.05,0,0,0,0,0,0,0,0,1,0,0,0,0,0,0,0,1,1
23.29,9,0,0,1,0,0,0,0,0,1,0,0,0,0,0,0,0,0
36.55,14,3,0,0,0,0,0,0,1,0,0,0,0,0,0,0,1,0
27.24,7,5,1,0,0,0,0,0,1,0,0,1,0,0,0,0,0,0
55.85,14,1,0,0,0,1,0,0,0,0,0,0,1,0,0,0,0,0
84.05,16,5,1,1,0,0,0,0,0,0,0,0,0,1,0,0,0,0
578.05,14,0,0,0,0,0,0,0,1,1,0,0,0,0,0,0,0,1
43.13,17,4,0,0,0,0,0,0,1,0,0,0,0,1,0,0,0,0
95.67,8,3,0,0,0,0,0,0,1,0,0,0,0,1,0,0,0,0
20.65,21,1,0,0,0,1,0,0,0,0,0,0,0,0,0,0,1,0
4.66,23,5,1,1,0,0,0,0,0,0,1,0,0,0,0,0,0,0
111.8,16,5,1,0,0,0,0,1,0,0,0,0,0,0,1,0,0,0
95.48,21,3,0,0,0,0,1,0,0,0,0,0,0,1,0,0,0,0
177.18,21,4,0,1,0,0,0,0,0,0,0,0,1,0,0,0,0,0
39.35,22,2,0,0,0,0,1,0,0,0,0,1,0,0,0,0,0,0
731.86,12,3,0,0,0,0,1,0,0,1,0,0,0,0,0,0,0,1
128.8,23,5,1,0,0,0,0,0,1,0,0,0,0,0,1,0,0,0
3.98,8,2,0,1,0,0,0,0,0,0,1,0,0,0,0,0,0,0
53.59,14,3,0,0,0,0,0,0,1,0,0,0,1,0,0,0,0,0
4255.95,12,0,0,0,0,0,0,0,1,0,0,0,0,0,1,0,0,1
91.02,17,5,1,1,0,0,0,0,0,0,0,0,0,0,1,0,0,0
44.29,9,1,0,0,0,0,0,0,1,0,0,0,0,0,1,0,0,0
25.59,12,0,0,1,0,0,0,0,0,0,0,0,1,0,0,0,0,0
90.09,10,4,0,1,0,0,0,0,0,0,0,0,1,0,0,0,0,0
76.09,16,4,0,1,0,0,0,0,0,0,0,1,0,0,0,0,0,0
232.01,2,0,0,0,0,0,0,0,1,0,0,0,0,1,0,0,0,1
354.1,9,4,0,0,1,0,0,0,0,0,1,0,0,0,0,0,0,1
4.6,22,4,0,0,0,1,0,0,0,0,1,0,0,0,0,0,0,0
91.53,10,3,0,0,0,1,0,0,0,0,0,0,0,1,0,0,0,0
65.64,23,1,0,0,0,1,0,0,0,0,0,1,0,0,0,0,0,0
13.48,19,4,0,1,0,0,0,0,0,0,0,0,0,0,0,0,1,0
17.72,8,6,1,0,0,0,0,0,1,1,0,0,0,0,0,0,0,0
293.38,9,6,1,0,1,0,0,0,0,0,0,0,0,0,1,0,0,0
38.6,23,1,0,0,1,0,0,0,0,0,0,0,0,0,0,1,0,0
18.71,13,2,0,0,0,0,0,1,0,0,0,0,0,1,0,0,0,0
69.02,14,3,0,1,0,0,0,0,0,0,0,0,1,0,0,0,0,0
5.21,14,4,0,0,0,0,0,0,1,0,1,0,0,0,0,0,0,0
4.29,13,0,0,1,0,0,0,0,0,0,1,0,0,0,0,0,0,0
3951.08,14,1,0,0,0,0,1,0,0,0,0,0,0,0,1,0,0,1
11.12,12,1,0,0,1,0,0,0,0,0,0,0,0,0,0,0,1,0
117.87,23,6,1,0,0,0,0,0,1,0,0,0,0,0,1,0,0,0
33.01,20,1,0,0,0,0,0,0,1,0,0,0,0,0,0,0,1,0
141.82,8,4,0,0,1,0,0,0,0,0,0,0,1,0,0,0,0,0
10.73,13,4,0,0,1,0,0,0,0,1,0,0,0,0,0,0,0,0
24.29,14,6,1,0,0,0,1,0,0,1,0,0,0,0,0,0,0,0
299.59,20,5,1,0,1,0,0,0,0,0,0,0,0,0,1,0,0,0
104.96,20,6,1,0,0,0,1,0,0,0,0,0,0,1,0,0,0,0
5.4,9,5,1,0,0,0,0,1,0,1,0,0,0,0,0,0,0,0
30.18,23,1,0,1,0,0,0,0,0,1,0,0,0,0,0,0,0,0
29.2,20,1,0,1,0,0,0,0,0,0,0,0,0,0,0,1,0,0
121.32,23,6,1,0,0,0,1,0,0,0,0,0,1,0,0,0,0,0
33.82,12,0,0,0,0,0,0,1,0,0,0,0,0,0,0,1,0,0
2050.14,4,4,0,0,0,0,0,0,1,0,0,0,1,0,0,0,0,1
22.9,17,6,1,0,0,1,0,0,0,0,0,0,0,0,0,0,1,0
54.0,7,3,0,0,0,1,0,0,0,0,0,0,1,0,0,0,0,0
17.4,23,0,0,1,0,0,0,0,0,0,0,1,0,0,0,0,0,0
10.88,9,3,0,0,0,1,0,0,0,0,0,0,0,0,0,0,1,0
1506.8,17,3,0,0,0,0,0,0,1,0,0,0,0,0,0,0,1,1
48.21,14,4,0,0,0,1,0,0,0,0,0,0,0,0,0,1,0,0
878.86,4,2,0,0,0,0,1,0,0,1,0,0,0,0,0,0,0,1
58.34,8,2,0,0,0,0,0,0,1,0,0,0,1,0,0,0,0,0
41.05,18,0,0,0,0,0,0,0,1,0,0,1,0,0,0,0,0,0
89.5,18,5,1,0,0,0,1,0,0,0,0,0,0,1,0,0,0,0
16.62,11,3,0,0,0,1,0,0,0,0,0,0,0,1,0,0,0,0
1789.45,2,6,1,0,1,0,0,0,0,0,0,0,0,0,0,1,0,1
126.3,21,5,1,0,1,0,0,0,0,0,0,0,1,0,0,0,0,0
23.15,9,0,0,1,0,0,0,0,0,1,0,0,0,0,0,0,0,0
5.33,6,3,0,0,1,0,0,0,0,0,1,0,0,0,0,0,0,0
26.32,16,5,1,0,0,0,0,1,0,0,0,0,0,0,0,0,1,0
50.69,21,3,0,0,0,0,0,0,1,0,0,0,0,1,0,0,0,0
22.09,14,2,0,0,0,0,0,0,1,0,0,0,0,0,0,1,0,0
184.46,6,2,0,0,0,0,0,0,1,0,0,0,0,0,1,0,0,0
4.96,17,5,1,1,0,0,0,0,0,0,1,0,0,0,0,0,0,0
172.03,10,4,0,1,0,0,0,0,0,0,0,0,1,0,0,0,0,0
3110.15,9,0,0,0,0,1,0,0,0,0,0,0,0,0,1,0,0,1
66.72,15,1,0,0,1,0,0,0,0,0,0,1,0,0,0,0,0,0
13.69,7,6,1,1,0,0,0,0,0,1,0,0,0,0,0,0,0,0
1367.03,4,2,0,0,1,0,0,0,0,0,0,0,0,1,0,0,0,1
128.01,12,4,0,0,0,1,0,0,0,0,0,0,0,0,1,0,0,0
4467.38,1,3,0,0,0,0,1,0,0,0,0,0,0,0,1,0,0,1
9.34,14,4,0,0,1,0,0,0,0,1,0,0,0,0,0,0,0,0
155.37,23,1,0,1,0,0,0,0,0,0,0,0,1,0,0,0,0,0
5.02,13,0,0,0,0,1,0,0,0,0,1,0,0,0,0,0,0,0
54.79,20,0,0,1,0,0,0,0,0,0,0,1,0,0,0,0,0,0
1.5,8,6,1,0,1,0,0,0,0,0,1,0,0,0,0,0,0,0
2732.24,4,4,0,0,0,0,0,0,1,0,0,0,0,0,1,0,0,1
39.35,22,2,0,0,0,1,0,0,0,0,0,1,0,0,0,0,0,0
17.05,17,1,0,0,0,1,0,0,0,0,0,0,0,0,0,1,0,0
32.08,8,2,0,1,0,0,0,0,0,0,0,0,0,1,0,0,0,0
8.6,19,1,0,1,0,0,0,0,0,0,0,0,0,0,0,1,0,0
32.07,23,6,1,0,0,1,0,0,0,0,0,0,0,0,0,0,1,0
901.26,22,6,1,0,1,0,0,0,0,0,0,0,0,0,0,1,0,1
3.32,23,3,0,0,0,0,0,0,1,0,1,0,0,0,0,0,0,0
1181.76,1,1,0,0,0,0,0,0,1,0,0,0,0,1,0,0,0,1
54.04,16,2,0,0,0,1,0,0,0,0,0,0,0,1,0,0,0,0
22.87,16,5,1,1,0,0,0,0,0,0,0,1,0,0,0,0,0,0
47.45,12,2,0,1,0,0,0,0,0,0,0,1,0,0,0,0,0,0
4.6,15,5,1,1,0,0,0,0,0,0,1,0,0,0,0,0,0,0
469.79,3,5,1,0,0,0,0,0,1,0,0,0,0,1,0,0,0,1
143.51,15,6,1,0,0,0,0,0,1,0,0,0,1,0,0,0,0,0
125.53,23,4,0,0,1,0,0,0,0,0,0,0,1,0,0,0,0,0
25.22,7,5,1,1,0,0,0,0,0,1,0,0,0,0,0,0,0,0
501.56,3,3,0,0,1,0,0,0,0,0,0,0,0,0,0,0,1,1
651.42,19,5,1,0,1,0,0,0,0,0,1,0,0,0,0,0,0,1
32.82,10,4,0,0,0,1,0,0,0,0,0,0,0,0,0,0,1,0
33.79,8,3,0,0,1,0,0,0,0,0,0,1,0,0,0,0,0,0
197.48,11,4,0,0,1,0,0,0,0,0,0,0,0,0,1,0,0,0
26.43,11,5,1,0,0,0,0,0,1,0,0,0,0,0,0,0,1,0
27.6,14,3,0,1,0,0,0,0,0,0,0,0,0,0,0,0,1,0
1.8,23,6,1,0,0,0,1,0,0,0,1,0,0,0,0,0,0,0
1122.57,17,0,0,0,0,0,0,1,0,0,0,0,0,0,0,1,0,1
59.89,16,0,0,1,0,0,0,0,0,0,0,0,0,0,1,0,0,0
4623.47,1,2,0,0,0,1,0,0,0,0,0,0,0,0,1,0,0,1
28.69,16,4,0,0,1,0,0,0,0,0,0,0,0,1,0,0,0,0
297.59,22,2,0,1,0,0,0,0,0,0,0,0,0,0,1,0,0,0
70.56,21,2,0,1,0,0,0,0,0,0,0,0,0,1,0,0,0,0
428.63,2,2,0,0,0,0,0,0,1,0,1,0,0,0,0,0,0,1
17.44,6,1,0,0,0,0,0,0,1,1,0,0,0,0,0,0,0,0
5.18,14,6,1,0,1,0,0,0,0,0,0,0,0,0,0,1,0,0
235.18,23,2,0,0,1,0,0,0,0,0,0,0,0,0,1,0,0,0
51.45,14,2,0,0,0,0,0,0,1,0,0,1,0,0,0,0,0,0
189.03,23,0,0,0,0,0,0,0,1,0,0,0,1,0,0,0,0,0
134.99,15,2,0,0,0,1,0,0,0,0,0,0,1,0,0,0,0,0
6.95,23,4,0,0,0,0,0,0,1,0,0,0,0,0,0,0,1,0
391.75,8,0,0,0,0,0,0,0,1,0,1,0,0,0,0,0,0,1
5.32,18,4,0,0,0,0,1,0,0,0,1,0,0,0,0,0,0,0
11.91,7,1,0,0,1,0,0,0,0,0,0,1,0,0,0,0,0,0
28.33,18,6,1,1,0,0,0,0,0,1,0,0,0,0,0,0,0,0
71.06,15,0,0,0,1,0,0,0,0,0,0,0,1,0,0,0,0,0
7.87,9,1,0,0,0,0,0,0,1,0,0,0,0,0,0,0,1,0
849.84,20,2,0,0,0,0,0,0,1,1,0,0,0,0,0,0,0,1
229.49,1,0,0,0,0,0,0,0,1,0,0,0,0,0,0,1,0,1
46.31,6,1,0,1,0,0,0,0,0,0,0,0,0,1,0,0,0,0
3.97,8,0,0,0,0,0,0,0,1,0,1,0,0,0,0,0,0,0
18.5,14,5,1,1,0,0,0,0,0,1,0,0,0,0,0,0,0,0
366.18,1,3,0,0,0,0,0,0,1,0,0,0,0,0,1,0,0,1
52.18,13,2,0,0,0,1,0,0,0,0,0,0,0,0,0,1,0,0
181.52,2,5,1,0,0,0,0,0,1,0,0,1,0,0,0,0,0,1
28.99,14,6,1,1,0,0,0,0,0,0,0,0,0,0,0,1,0,0
42.81,22,0,0,1,0,0,0,0,0,0,0,0,1,0,0,0,0,0
4055.37,7,3,0,0,0,0,0,1,0,0,0,0,0,0,1,0,0,1
2.82,9,6,1,1,0,0,0,0,0,0,1,0,0,0,0,0,0,0
5.27,20,5,1,1,0,0,0,0,0,1,0,0,0,0,0,0,0,0
18.26,15,4,0,1,0,0,0,0,0,1,0,0,0,0,0,0,0,0
2251.31,4,2,0,0,0,0,0,0,1,0,0,0,0,1,0,0,0,1
148.33,16,5,1,1,0,0,0,0,0,0,0,0,1,0,0,0,0,0
3.54,6,0,0,1,0,0,0,0,0,0,1,0,0,0,0,0,0,0
88.14,18,1,0,1,0,0,0,0,0,0,0,0,0,1,0,0,0,0
150.37,23,4,0,1,0,0,0,0,0,0,0,0,0,0,1,0,0,0
114.3,18,5,1,0,1,0,0,0,0,0,0,0,0,1,0,0,0,0
97.54,18,4,0,1,0,0,0,0,0,0,0,0,0,1,0,0,0,0
6.21,7,4,0,1,0,0,0,0,0,1,0,0,0,0,0,0,0,0
347.4,0,3,0,0,0,0,0,0,1,0,1,0,0,0,0,0,0,1
27.92,20,0,0,0,0,1,0,0,0,0,0,1,0,0,0,0,0,0
51.29,19,0,0,0,0,0,0,0,1,0,0,0,0,0,0,1,0,0
58.54,23,5,1,0,0,0,1,0,0,0,0,1,0,0,0,0,0,0
23.24,18,0,0,0,0,0,0,1,0,1,0,0,0,0,0,0,0,0
9.34,20,6,1,1,0,0,0,0,0,0,0,0,0,0,0,1,0,0
59.72,8,5,1,0,0,0,0,0,1,0,0,0,0,1,0,0,0,0
38.41,10,6,1,0,0,0,0,1,0,0,0,0,0,1,0,0,0,0
120.13,8,0,0,1,0,0,0,0,0,0,0,0,1,0,0,0,0,0
35.04,6,0,0,0,0,0,0,0,1,0,0,0,0,0,1,0,0,0
79.6,12,5,1,0,0,0,0,0,1,0,0,1,0,0,0,0,0,0
22.35,7,2,0,0,0,0,1,0,0,0,0,0,0,0,0,0,1,0
163.12,2,6,1,0,0,0,0,0,1,1,0,0,0,0,0,0,0,1
25.15,10,1,0,0,0,0,0,0,1,0,0,0,0,0,0,0,1,0
69.08,20,6,1,0,0,0,0,0,1,0,0,1,0,0,0,0,0,0
240.89,14,4,0,0,0,1,0,0,0,0,0,0,0,0,1,0,0,0
2.26,10,4,0,0,0,0,0,0,1,0,1,0,0,0,0,0,0,0
22.65,8,2,0,0,0,0,0,0,1,1,0,0,0,0,0,0,0,0
4.95,23,6,1,1,0,0,0,0,0,0,1,0,0,0,0,0,0,0
159.07,9,6,1,1,0,0,0,0,0,0,0,0,1,0,0,0,0,0
39.85,22,1,0,1,0,0,0,0,0,0,0,0,0,0,0,0,1,0
33.7,15,3,0,1,0,0,0,0,0,0,0,0,0,0,0,0,1,0
17.22,8,4,0,0,0,0,0,0,1,1,0,0,0,0,0,0,0,0
3.94,10,4,0,1,0,0,0,0,0,0,1,0,0,0,0,0,0,0
46.94,8,2,0,0,0,0,0,0,1,0,0,0,0,0,0,1,0,0
16.33,6,3,0,1,0,0,0,0,0,0,0,0,0,0,0,0,1,0
7.19,12,6,1,0,1,0,0,0,0,0,0,0,0,0,0,0,1,0
12.0,23,2,0,0,0,0,0,0,1,0,0,0,0,0,0,1,0,0
4.2,7,1,0,1,0,0,0,0,0,0,1,0,0,0,0,0,0,0
5.4,21,1,0,0,1,0,0,0,0,0,1,0,0,0,0,0,0,0
30.91,10,2,0,0,0,1,0,0,0,1,0,0,0,0,0,0,0,0
23.54,12,0,0,0,1,0,0,0,0,0,0,0,0,0,0,1,0,0
280.66,19,0,0,1,0,0,0,0,0,0,0,0,0,0,1,0,0,0
25.46,19,4,0,0,0,0,0,1,0,0,0,0,0,0,0,0,1,0
76.43,17,0,0,0,0,1,0,0,0,0,0,0,1,0,0,0,0,0
2375.91,16,6,1,0,0,0,0,0,1,0,0,0,0,1,0,0,0,1
83.95,22,4,0,0,1,0,0,0,0,0,0,0,0,1,0,0,0,0
4.77,8,1,0,1,0,0,0,0,0,0,1,0,0,0,0,0,0,0
28.43,8,2,0,0,0,0,0,0,1,1,0,0,0,0,0,0,0,0
28.82,16,4,0,0,1,0,0,0,0,0,0,0,0,1,0,0,0,0
7.26,21,3,0,0,0,0,0,1,0,0,0,0,0,0,0,0,1,0
12.79,18,0,0,1,0,0,0,0,0,0,0,1,0,0,0,0,0,0
698.53,4,5,1,0,1,0,0,0,0,0,0,0,0,1,0,0,0,1
8.24,14,4,0,0,0,0,0,0,1,0,0,0,0,0,0,0,1,0
5.09,13,3,0,1,0,0,0,0,0,0,1,0,0,0,0,0,0,0
179.23,21,5,1,0,0,0,0,0,1,0,0,0,1,0,0,0,0,0
4.42,23,1,0,0,1,0,0,0,0,0,1,0,0,0,0,0,0,0
59.96,12,3,0,0,0,0,0,0,1,0,0,0,0,0,0,1,0,0
90.15,14,0,0,1,0,0,0,0,0,0,0,0,1,0,0,0,0,0
4.04,21,0,0,1,0,0,0,0,0,0,1,0,0,0,0,0,0,0
1.62,16,1,0,1,0,0,0,0,0,0,1,0,0,0,0,0,0,0
2656.12,1,1,0,0,0,0,1,0,0,0,0,0,0,0,1,0,0,1
17.56,22,4,0,0,0,0,0,1,0,0,0,1,0,0,0,0,0,0
138.48,2,6,1,0,0,0,0,0,1,0,0,0,0,0,0,1,0,1
7.28,8,2,0,1,0,0,0,0,0,1,0,0,0,0,0,0,0,0
45.7,12,0,0,0,1,0,0,0,0,0,0,0,1,0,0,0,0,0
5.4,23,0,0,1,0,0,0,0,0,1,0,0,0,0,0,0,0,0
34.33,18,3,0,0,1,0,0,0,0,0,0,0,0,0,0,0,1,0
23.9,14,6,1,1,0,0,0,0,0,0,0,0,0,0,0,0,1,0
22.11,19,5,1,0,0,1,0,0,0,1,0,0,0,0,0,0,0,0
6.7,12,5,1,0,1,0,0,0,0,1,0,0,0,0,0,0,0,0
5.27,16,1,0,0,0,0,1,0,0,0,1,0,0,0,0,0,0,0
22.33,6,2,0,0,0,0,0,0,1,0,0,0,0,0,1,0,0,0
7.22,6,3,0,1,0,0,0,0,0,0,0,0,0,0,0,1,0,0
52.02,14,0,0,0,1,0,0,0,0,0,0,0,0,1,0,0,0,0
55.42,10,3,0,1,0,0,0,0,0,0,0,0,1,0,0,0,0,0
37.6,13,2,0,0,0,0,1,0,0,0,0,0,0,0,0,0,1,0
37.33,9,2,0,1,0,0,0,0,0,0,0,0,1,0,0,0,0,0
116.57,16,3,0,1,0,0,0,0,0,0,0,0,0,1,0,0,0,0
87.35,2,1,0,0,0,0,0,0,1,0,0,1,0,0,0,0,0,1
27.18,23,3,0,1,0,0,0,0,0,0,0,0,0,0,0,1,0,0
21.5,21,2,0,1,0,0,0,0,0,0,0,1,0,0,0,0,0,0
9.88,7,2,0,0,1,0,0,0,0,1,0,0,0,0,0,0,0,0
5.53,10,0,0,0,1,0,0,0,0,0,1,0,0,0,0,0,0,0
84.77,22,5,1,0,0,1,0,0,0,0,0,0,0,1,0,0,0,0
174.88,2,1,0,0,0,0,0,0,1,0,0,0,0,0,0,0,1,1
17.59,12,3,0,1,0,0,0,0,0,0,0,0,0,0,0,1,0,0
98.62,22,2,0,0,0,0,0,0,1,0,0,0,1,0,0,0,0,0
1254.56,9,4,0,0,0,0,0,1,0,0,0,0,0,0,0,0,1,1
34.33,13,0,0,1,0,0,0,0,0,0,0,0,0,0,0,1,0,0
38.1,23,5,1,1,0,0,0,0,0,0,0,0,0,1,0,0,0,0
49.53,17,2,0,0,1,0,0,0,0,0,0,0,0,0,0,1,0,0
41.47,15,3,0,1,0,0,0,0,0,0,0,1,0,0,0,0,0,0
86.85,11,1,0,0,0,0,0,0,1,0,0,0,0,1,0,0,0,0
95.73,9,4,0,0,0,1,0,0,0,0,0,0,0,1,0,0,0,0
18.46,23,1,0,0,0,0,0,1,0,0,0,0,0,0,0,1,0,0
9.45,19,5,1,0,0,0,0,0,1,0,0,0,0,0,0,1,0,0
12.48,23,0,0,1,0,0,0,0,0,0,0,0,0,0,0,0,1,0
980.62,20,1,0,0,0,0,0,0,1,0,0,0,0,0,0,1,0,1
5.35,23,2,0,1,0,0,0,0,0,0,1,0,0,0,0,0,0,0
30.54,23,4,0,1,0,0,0,0,0,0,0,0,0,0,0,0,1,0
121.89,17,2,0,0,0,1,0,0,0,0,0,0,1,0,0,0,0,0
4.13,10,3,0,0,1,0,0,0,0,0,1,0,0,0,0,0,0,0
17.93,13,3,0,0,1,0,0,0,0,0,0,0,0,0,0,0,1,0
5.85,10,0,0,0,1,0,0,0,0,0,1,0,0,0,0,0,0,0
1345.16,21,6,1,0,0,0,0,0,1,0,0,0,0,0,0,0,1,1
46.83,22,4,0,1,0,0,0,0,0,0,0,0,0,0,0,1,0,0
20.24,17,6,1,0,1,0,0,0,0,1,0,0,0,0,0,0,0,0
49.4,22,6,1,0,0,0,0,0,1,0,0,1,0,0,0,0,0,0
5.19,14,3,0,1,0,0,0,0,0,0,1,0,0,0,0,0,0,0
86.85,12,4,0,1,0,0,0,0,0,0,0,0,0,1,0,0,0,0
26.89,15,0,0,0,0,0,0,0,1,0,0,1,0,0,0,0,0,0
133.04,19,6,1,1,0,0,0,0,0,0,0,0,0,0,1,0,0,0
43.15,14,0,0,1,0,0,0,0,0,0,0,1,0,0,0,0,0,0
20.99,9,3,0,0,1,0,0,0,0,0,0,0,1,0,0,0,0,0
92.55,10,6,1,1,0,0,0,0,0,0,0,0,0,1,0,0,0,0
91.7,13,4,0,0,0,0,0,0,1,0,0,0,0,0,1,0,0,0
7.43,22,6,1,0,1,0,0,0,0,0,0,0,0,0,0,1,0,0
40.86,21,0,0,0,0,1,0,0,0,0,0,0,0,0,0,1,0,0
11.19,17,0,0,0,1,0,0,0,0,0,0,0,0,0,0,0,1,0
135.0,21,3,0,1,0,0,0,0,0,0,0,0,1,0,0,0,0,0
546.16,2,1,0,0,1,0,0,0,0,1,0,0,0,0,0,0,0,1
63.05,15,6,1,0,1,0,0,0,0,0,0,1,0,0,0,0,0,0
115.79,20,1,0,0,0,1,0,0,0,0,0,0,0,0,1,0,0,0
49.68,17,4,0,0,0,0,0,0,1,0,0,0,0,0,0,1,0,0
691.32,4,5,1,0,0,0,0,0,1,0,0,0,1,0,0,0,0,1
200.71,23,2,0,0,0,0,0,0,1,0,0,0,0,0,1,0,0,0
70.14,22,6,1,0,0,0,0,0,1,0,0,0,0,0,1,0,0,0
37.84,21,2,0,0,1,0,0,0,0,0,0,0,0,0,0,1,0,0
11.26,6,4,0,0,0,0,0,0,1,1,0,0,0,0,0,0,0,0
180.81,7,5,1,1,0,0,0,0,0,0,0,0,1,0,0,0,0,0
3.24,20,1,0,1,0,0,0,0,0,0,1,0,0,0,0,0,0,0
17.69,23,6,1,0,1,0,0,0,0,0,0,0,1,0,0,0,0,0
189.47,23,0,0,0,1,0,0,0,0,0,0,0,1,0,0,0,0,0
47.49,8,4,0,0,1,0,0,0,0,0,0,0,0,0,0,1,0,0
175.01,23,3,0,0,0,0,0,0,1,0,0,0,0,0,1,0,0,0
110.59,23,3,0,1,0,0,0,0,0,0,0,0,0,1,0,0,0,0
47.16,23,3,0,1,0,0,0,0,0,0,0,0,1,0,0,0,0,0
210.69,19,6,1,0,1,0,0,0,0,0,0,0,0,0,1,0,0,0
59.85,23,3,0,0,0,0,0,0,1,0,0,0,0,0,0,1,0,0
32.02,12,5,1,0,0,0,0,0,1,0,0,0,0,0,0,0,1,0
261.57,7,4,0,0,0,0,0,1,0,0,0,0,0,0,1,0,0,0
212.76,1,3,0,0,0,0,0,0,1,0,0,1,0,0,0,0,0,1
3.75,13,5,1,1,0,0,0,0,0,0,1,0,0,0,0,0,0,0
35.79,6,1,0,1,0,0,0,0,0,0,0,0,0,0,0,0,1,0
26.52,3,3,0,0,0,0,0,0,1,0,1,0,0,0,0,0,0,1
2.67,18,1,0,1,0,0,0,0,0,0,1,0,0,0,0,0,0,0
41.77,11,4,0,1,0,0,0,0,0,0,0,0,0,1,0,0,0,0
7.95,15,6,1,1,0,0,0,0,0,1,0,0,0,0,0,0,0,0
87.76,14,2,0,0,1,0,0,0,0,0,0,0,0,0,1,0,0,0
4.39,13,2,0,1,0,0,0,0,0,0,1,0,0,0,0,0,0,0
24.45,23,1,0,0,0,0,1,0,0,0,0,1,0,0,0,0,0,0
4.76,23,3,0,0,1,0,0,0,0,0,1,0,0,0,0,0,0,0
2400.85,4,4,0,0,0,0,0,0,1,0,0,0,1,0,0,0,0,1
280.62,11,1,0,1,0,0,0,0,0,0,0,0,0,0,1,0,0,0
12.82,22,1,0,0,0,0,0,0,1,1,0,0,0,0,0,0,0,0
6.17,23,5,1,0,0,0,0,0,1,0,0,0,0,0,0,0,1,0
30.21,8,2,0,0,1,0,0,0,0,1,0,0,0,0,0,0,0,0
3.06,9,0,0,1,0,0,0,0,0,0,1,0,0,0,0,0,0,0
18.82,20,3,0,0,0,0,0,1,0,0,0,0,0,0,0,0,1,0
89.3,17,5,1,1,0,0,0,0,0,0,0,0,1,0,0,0,0,0
33.91,6,1,0,0,1,0,0,0,0,1,0,0,0,0,0,0,0,0
692.71,3,2,0,0,0,0,0,0,1,0,1,0,0,0,0,0,0,1
190.35,6,5,1,1,0,0,0,0,0,0,0,0,0,0,1,0,0,0
37.48,14,2,0,0,0,0,1,0,0,0,0,0,0,0,0,1,0,0
66.99,15,1,0,0,0,0,1,0,0,0,0,0,1,0,0,0,0,0
68.13,20,6,1,0,1,0,0,0,0,0,0,1,0,0,0,0,0,0
7.9,23,3,0,1,0,0,0,0,0,0,0,0,0,0,0,0,1,0
47.99,8,4,0,0,0,1,0,0,0,0,0,0,0,0,1,0,0,0
20.52,6,3,0,0,0,0,1,0,0,0,0,1,0,0,0,0,0,0
11.22,21,1,0,0,0,0,0,0,1,0,0,0,0,0,0,1,0,0
42.88,0,4,0,0,0,0,0,0,1,0,0,0,0,1,0,0,0,1
1432.3,7,3,0,1,0,0,0,0,0,0,0,0,0,1,0,0,0,1
274.4,11,0,0,0,0,0,0,1,0,0,0,0,0,0,1,0,0,0
36.59,15,5,1,1,0,0,0,0,0,0,0,0,0,0,1,0,0,0
16.45,20,5,1,0,0,0,0,0,1,0,0,0,0,0,0,0,1,0
22.38,14,4,0,0,1,0,0,0,0,1,0,0,0,0,0,0,0,0
27.91,9,2,0,0,0,0,0,1,0,0,0,0,0,0,0,1,0,0
5.91,14,2,0,1,0,0,0,0,0,1,0,0,0,0,0,0,0,0
29.88,6,1,0,1,0,0,0,0,0,0,0,0,0,0,0,0,1,0
256.56,19,5,1,0,0,0,1,0,0,0,0,0,0,0,1,0,0,0
3.75,21,2,0,0,0,0,0,1,0,0,1,0,0,0,0,0,0,0
5.89,16,0,0,0,1,0,0,0,0,0,1,0,0,0,0,0,0,0
90.37,9,6,1,1,0,0,0,0,0,0,0,0,0,1,0,0,0,0
37.5,21,0,0,0,1,0,0,0,0,0,0,0,0,0,0,0,1,0
7.37,12,5,1,0,0,0,0,0,1,0,0,0,0,0,0,0,1,0
70.44,13,5,1,0,0,1,0,0,0,0,0,1,0,0,0,0,0,0
270.28,12,3,0,0,1,0,0,0,0,0,0,0,0,0,1,0,0,0
8.0,9,6,1,0,1,0,0,0,0,1,0,0,0,0,0,0,0,0
5.75,23,5,1,1,0,0,0,0,0,0,0,0,0,0,0,1,0,0
3.33,17,0,0,1,0,0,0,0,0,0,1,0,0,0,0,0,0,0
31.74,21,0,0,0,0,1,0,0,0,0,0,0,0,0,0,0,1,0
15.77,22,4,0,0,0,0,1,0,0,0,0,0,1,0,0,0,0,0
57.09,18,1,0,0,0,0,0,0,1,0,0,1,0,0,0,0,0,0
191.63,8,5,1,1,0,0,0,0,0,0,0,0,1,0,0,0,0,0
5.0,0,3,0,0,0,0,0,0,1,0,1,0,0,0,0,0,0,1
293.35,16,5,1,0,0,0,0,0,1,0,0,0,0,0,1,0,0,0
657.12,20,3,0,1,0,0,0,0,0,0,0,0,0,0,0,0,1,1
20.02,8,4,0,1,0,0,0,0,0,0,0,0,0,1,0,0,0,0
62.06,9,1,0,1,0,0,0,0,0,0,0,1,0,0,0,0,0,0
93.88,23,6,1,1,0,0,0,0,0,0,0,0,1,0,0,0,0,0
80.92,11,4,0,1,0,0,0,0,0,0,0,0,1,0,0,0,0,0
721.97,1,4,0,0,0,0,0,0,1,1,0,0,0,0,0,0,0,1
11.05,22,6,1,1,0,0,0,0,0,1,0,0,0,0,0,0,0,0
3.8,18,2,0,1,0,0,0,0,0,0,1,0,0,0,0,0,0,0
56.55,23,0,0,0,0,1,0,0,0,0,0,0,0,0,0,1,0,0
43.01,23,4,0,0,1,0,0,0,0,0,0,0,0,0,1,0,0,0
76.57,21,4,0,0,0,0,0,0,1,0,0,0,0,1,0,0,0,0
4.35,13,4,0,0,1,0,0,0,0,0,1,0,0,0,0,0,0,0
5.86,11,6,1,0,0,0,1,0,0,0,1,0,0,0,0,0,0,0
105.15,23,2,0,0,0,0,0,0,1,0,0,0,1,0,0,0,0,0
11.26,18,4,0,0,1,0,0,0,0,0,0,0,0,0,0,0,1,0
44.02,12,2,0,0,1,0,0,0,0,0,0,1,0,0,0,0,0,0
18.28,7,0,0,1,0,0,0,0,0,0,0,0,0,0,0,1,0,0
693.09,15,1,0,0,0,0,1,0,0,0,0,1,0,0,0,0,0,1
29.56,13,4,0,1,0,0,0,0,0,1,0,0,0,0,0,0,0,0
3.09,16,5,1,0,1,0,0,0,0,0,1,0,0,0,0,0,0,0
1.62,23,5,1,0,0,0,0,0,1,0,1,0,0,0,0,0,0,0
139.15,0,0,0,0,0,0,0,0,1,0,0,0,0,1,0,0,0,1
40.06,16,4,0,1,0,0,0,0,0,0,0,1,0,0,0,0,0,0
6.92,12,5,1,0,1,0,0,0,0,0,0,0,0,0,0,1,0,0
14.49,9,4,0,0,0,0,1,0,0,0,0,0,0,0,0,0,1,0
4591.94,8,2,0,0,0,0,0,1,0,0,0,0,0,0,1,0,0,1
133.95,2,2,0,0,0,0,0,0,1,0,0,0,0,0,0,1,0,1
21.3,17,2,0,0,0,0,0,0,1,0,0,0,0,0,0,0,1,0
136.44,21,6,1,0,1,0,0,0,0,0,0,0,0,0,1,0,0,0
29.94,14,4,0,1,0,0,0,0,0,0,0,1,0,0,0,0,0,0
3.37,14,3,0,1,0,0,0,0,0,0,1,0,0,0,0,0,0,0
81.55,22,4,0,1,0,0,0,0,0,0,0,0,0,1,0,0,0,0
28.36,7,6,1,1,0,0,0,0,0,0,0,0,1,0,0,0,0,0
81.74,21,4,0,0,0,0,0,0,1,0,0,0,1,0,0,0,0,0
283.64,18,3,0,0,1,0,0,0,0,0,0,0,0,0,1,0,0,0
3.44,8,5,1,0,0,1,0,0,0,0,1,0,0,0,0,0,0,0
269.22,8,6,1,1,0,0,0,0,0,0,0,0,0,0,1,0,0,0
23.59,19,1,0,1,0,0,0,0,0,1,0,0,0,0,0,0,0,0
285.02,11,1,0,0,0,0,0,0,1,0,0,0,0,0,1,0,0,0
72.24,13,2,0,1,0,0,0,0,0,0,0,0,0,0,1,0,0,0
144.27,12,5,1,0,1,0,0,0,0,0,0,0,1,0,0,0,0,0
40.11,21,4,0,0,0,0,0,0,1,0,0,0,0,0,1,0,0,0
107.65,17,4,0,0,1,0,0,0,0,0,0,0,0,1,0,0,0,0
53.44,9,6,1,0,1,0,0,0,0,0,0,1,0,0,0,0,0,0
957.32,12,6,1,0,0,0,0,0,1,0,0,1,0,0,0,0,0,1
115.12,15,4,0,0,1,0,0,0,0,0,0,0,0,0,1,0,0,0
26.94,8,5,1,1,0,0,0,0,0,0,0,0,0,0,0,0,1,0
14.96,23,0,0,1,0,0,0,0,0,1,0,0,0,0,0,0,0,0
21.15,6,0,0,0,0,0,0,0,1,0,0,0,0,0,0,0,1,0
55.85,12,6,1,0,0,0,0,0,1,0,0,0,0,0,0,1,0,0
33.13,23,5,1,0,0,0,0,1,0,0,0,0,0,1,0,0,0,0
27.95,9,3,0,0,0,1,0,0,0,1,0,0,0,0,0,0,0,0
131.4,14,2,0,0,0,1,0,0,0,0,0,0,1,0,0,0,0,0
15.54,21,5,1,0,0,0,0,0,1,0,0,0,0,1,0,0,0,0
96.28,23,4,0,1,0,0,0,0,0,0,0,0,0,1,0,0,0,0
107.17,23,6,1,0,0,0,0,0,1,0,0,0,0,1,0,0,0,0
1132.88,0,6,1,0,0,0,0,0,1,0,0,0,0,0,0,0,1,1
44.92,3,0,0,0,0,0,0,0,1,0,0,1,0,0,0,0,0,1
26.83,10,0,0,0,0,0,1,0,0,1,0,0,0,0,0,0,0,0
549.62,11,5,1,0,0,1,0,0,0,0,1,0,0,0,0,0,0,1
31.46,6,6,1,0,0,0,0,0,1,1,0,0,0,0,0,0,0,0
60.96,22,5,1,0,0,0,0,1,0,0,0,0,0,1,0,0,0,0
21.4,4,0,0,0,0,0,0,0,1,0,1,0,0,0,0,0,0,1
20.83,12,1,0,0,0,0,0,1,0,0,0,0,0,0,0,1,0,0
28.2,12,3,0,1,0,0,0,0,0,1,0,0,0,0,0,0,0,0
1.87,6,2,0,0,1,0,0,0,0,0,1,0,0,0,0,0,0,0
2.41,9,1,0,1,0,0,0,0,0,0,1,0,0,0,0,0,0,0
721.45,4,4,0,0,0,0,0,1,0,0,0,0,0,0,0,1,0,1
143.41,23,2,0,1,0,0,0,0,0,0,0,0,1,0,0,0,0,0
2.58,19,0,0,0,0,0,0,0,1,0,1,0,0,0,0,0,0,0
39.5,18,4,0,1,0,0,0,0,0,0,0,0,0,0,0,1,0,0
29.1,15,3,0,0,0,0,1,0,0,0,0,0,0,0,0,1,0,0
33.0,22,4,0,0,0,0,0,0,1,0,0,1,0,0,0,0,0,0
51.52,20,6,1,0,0,1,0,0,0,0,0,0,1,0,0,0,0,0
79.01,8,2,0,1,0,0,0,0,0,0,0,0,1,0,0,0,0,0
245.74,17,2,0,0,1,0,0,0,0,0,0,0,0,0,1,0,0,0
20.34,21,1,0,0,0,0,0,0,1,1,0,0,0,0,0,0,0,0
24.79,9,6,1,0,1,0,0,0,0,0,0,0,0,0,1,0,0,0
68.09,17,0,0,1,0,0,0,0,0,0,0,0,1,0,0,0,0,0
11.6,16,4,0,1,0,0,0,0,0,0,0,0,0,0,0,1,0,0
10.38,6,6,1,0,1,0,0,0,0,0,0,0,0,1,0,0,0,0
188.48,14,0,0,1,0,0,0,0,0,0,0,0,1,0,0,0,0,0
89.1,16,1,0,0,1,0,0,0,0,0,0,0,1,0,0,0,0,0
21.8,23,1,0,0,0,0,0,0,1,0,0,0,0,0,0,0,1,0
6.78,11,3,0,1,0,0,0,0,0,0,0,0,0,0,0,1,0,0
47.97,11,0,0,0,0,0,1,0,0,0,0,0,0,1,0,0,0,0
60.1,18,6,1,1,0,0,0,0,0,0,0,0,0,0,1,0,0,0
83.24,18,1,0,1,0,0,0,0,0,0,0,0,0,0,1,0,0,0
73.79,21,6,1,0,0,1,0,0,0,0,0,1,0,0,0,0,0,0
15.28,13,6,1,1,0,0,0,0,0,1,0,0,0,0,0,0,0,0
28.42,19,0,0,0,0,0,0,0,1,0,0,0,0,0,0,0,1,0
71.43,23,4,0,0,1,0,0,0,0,0,0,0,0,1,0,0,0,0
10.98,13,1,0,0,0,0,0,1,0,1,0,0,0,0,0,0,0,0
110.33,11,5,1,0,0,0,1,0,0,0,0,0,0,1,0,0,0,0
33.69,15,5,1,1,0,0,0,0,0,1,0,0,0,0,0,0,0,0
21.34,15,2,0,1,0,0,0,0,0,1,0,0,0,0,0,0,0,0
19.56,0,3,0,0,0,0,0,0,1,0,1,0,0,0,0,0,0,1
805.05,2,3,0,0,0,0,0,0,1,0,0,0,1,0,0,0,0,1
68.78,17,6,1,0,1,0,0,0,0,0,0,1,0,0,0,0,0,0
10.43,12,5,1,1,0,0,0,0,0,0,0,0,0,0,0,1,0,0
2.6,10,5,1,1,0,0,0,0,0,0,1,0,0,0,0,0,0,0
5.77,19,1,0,0,1,0,0,0,0,0,1,0,0,0,0,0,0,0
118.7,10,2,0,0,0,0,0,1,0,0,0,0,1,0,0,0,0,0
88.82,3,6,1,0,0,0,0,0,1,0,0,0,0,1,0,0,0,1
106.6,0,5,1,0,0,0,0,0,1,1,0,0,0,0,0,0,0,1
55.09,14,6,1,0,0,1,0,0,0,0,0,0,0,0,0,1,0,0
82.83,8,0,0,0,0,0,0,0,1,0,0,0,0,0,1,0,0,0
136.69,13,5,1,0,0,0,0,0,1,0,0,0,1,0,0,0,0,0
5.89,9,1,0,0,1,0,0,0,0,0,0,0,0,0,0,0,1,0
1.99,12,4,0,1,0,0,0,0,0,0,1,0,0,0,0,0,0,0
192.88,12,5,1,1,0,0,0,0,0,0,0,0,1,0,0,0,0,0
44.76,17,0,0,1,0,0,0,0,0,0,0,1,0,0,0,0,0,0
135.27,16,0,0,0,1,0,0,0,0,0,0,0,0,0,1,0,0,0
212.54,2,1,0,0,0,0,0,0,1,0,0,0,0,1,0,0,0,1
53.83,23,5,1,1,0,0,0,0,0,0,0,0,0,0,0,1,0,0
24.08,10,0,0,0,0,1,0,0,0,0,0,1,0,0,0,0,0,0
58.11,7,1,0,0,0,0,0,0,1,0,0,1,0,0,0,0,0,0
2729.03,4,2,0,1,0,0,0,0,0,0,0,0,1,0,0,0,0,1
291.79,6,2,0,1,0,0,0,0,0,0,0,0,0,0,1,0,0,0
58.05,6,2,0,1,0,0,0,0,0,0,0,1,0,0,0,0,0,0
18.67,14,6,1,0,0,0,0,0,1,0,0,0,0,0,0,1,0,0
2.98,18,5,1,0,1,0,0,0,0,0,1,0,0,0,0,0,0,0
110.0,4,1,0,0,0,0,0,0,1,0,0,0,0,0,1,0,0,1
45.59,8,5,1,1,0,0,0,0,0,0,0,1,0,0,0,0,0,0
281.13,7,2,0,0,0,1,0,0,0,0,0,0,0,0,1,0,0,0
36.62,18,4,0,0,0,0,0,0,1,0,0,0,0,1,0,0,0,0
6.8,10,4,0,0,0,0,1,0,0,1,0,0,0,0,0,0,0,0
22.51,17,0,0,1,0,0,0,0,0,0,0,1,0,0,0,0,0,0
8.95,13,5,1,1,0,0,0,0,0,1,0,0,0,0,0,0,0,0
19.12,21,6,1,0,0,0,0,1,0,0,0,0,1,0,0,0,0,0
35.82,23,0,0,1,0,0,0,0,0,0,0,1,0,0,0,0,0,0
151.3,19,6,1,1,0,0,0,0,0,0,0,0,1,0,0,0,0,0
265.41,0,4,0,0,0,0,0,0,1,0,0,0,0,1,0,0,0,1
35.2,9,6,1,0,0,0,0,0,1,0,0,0,0,0,0,0,1,0
54.66,10,6,1,1,0,0,0,0,0,0,0,0,0,0,0,1,0,0
37.73,8,3,0,1,0,0,0,0,0,0,0,0,0,1,0,0,0,0
41.39,17,4,0,0,0,0,0,0,1,0,0,0,0,0,0,1,0,0
19.05,14,0,0,0,0,0,0,1,0,0,0,0,0,0,0,0,1,0
5.39,9,4,0,1,0,0,0,0,0,0,1,0,0,0,0,0,0,0
117.73,23,2,0,1,0,0,0,0,0,0,0,0,0,1,0,0,0,0
15.96,15,5,1,1,0,0,0,0,0,0,0,0,0,0,0,0,1,0
3.94,11,0,0,1,0,0,0,0,0,0,1,0,0,0,0,0,0,0
12.58,14,5,1,0,0,1,0,0,0,0,0,0,0,0,0,1,0,0
90.06,22,2,0,0,1,0,0,0,0,0,0,0,1,0,0,0,0,0
2.67,23,5,1,0,0,0,0,0,1,0,1,0,0,0,0,0,0,0
21.07,8,3,0,0,0,0,0,0,1,0,0,1,0,0,0,0,0,0
4.95,12,2,0,0,0,0,0,0,1,0,1,0,0,0,0,0,0,0
38.65,21,3,0,1,0,0,0,0,0,0,0,1,0,0,0,0,0,0
154.03,12,6,1,0,0,0,0,0,1,0,0,0,1,0,0,0,0,0
1447.06,1,5,1,0,1,0,0,0,0,0,0,0,1,0,0,0,0,1
11.54,19,1,0,1,0,0,0,0,0,1,0,0,0,0,0,0,0,0
25.38,17,6,1,0,0,0,0,0,1,0,0,0,0,1,0,0,0,0
154.01,12,2,0,1,0,0,0,0,0,0,0,0,1,0,0,0,0,0
68.08,18,1,0,1,0,0,0,0,0,0,0,1,0,0,0,0,0,0
3.96,8,0,0,1,0,0,0,0,0,0,1,0,0,0,0,0,0,0
27.39,15,6,1,1,0,0,0,0,0,1,0,0,0,0,0,0,0,0
2.81,16,6,1,1,0,0,0,0,0,0,1,0,0,0,0,0,0,0
23.49,6,0,0,0,1,0,0,0,0,1,0,0,0,0,0,0,0,0
3.44,13,2,0,0,1,0,0,0,0,0,1,0,0,0,0,0,0,0
2915.38,0,6,1,0,0,0,0,1,0,0,0,0,1,0,0,0,0,1
27.03,23,4,0,0,1,0,0,0,0,0,0,1,0,0,0,0,0,0
2.71,17,1,0,0,0,0,0,0,1,0,1,0,0,0,0,0,0,0
20.24,13,2,0,0,1,0,0,0,0,0,0,0,0,0,0,0,1,0
36.72,7,1,0,1,0,0,0,0,0,0,0,0,0,0,0,1,0,0
72.41,19,3,0,0,1,0,0,0,0,0,0,0,0,1,0,0,0,0
160.22,21,5,1,0,0,1,0,0,0,0,0,0,0,0,1,0,0,0
4.86,6,0,0,0,0,0,1,0,0,0,1,0,0,0,0,0,0,0
6.54,6,6,1,1,0,0,0,0,0,1,0,0,0,0,0,0,0,0
18.7,16,4,0,0,1,0,0,0,0,0,0,1,0,0,0,0,0,0
2.02,9,5,1,0,1,0,0,0,0,0,1,0,0,0,0,0,0,0
3.9,21,2,0,0,0,0,0,0,1,0,1,0,0,0,0,0,0,0
13.61,19,3,0,1,0,0,0,0,0,0,0,1,0,0,0,0,0,0
9.81,7,1,0,0,1,0,0,0,0,0,0,0,0,0,0,0,1,0
12.48,11,5,1,0,1,0,0,0,0,0,0,0,0,0,0,1,0,0
736.78,1,4,0,0,0,1,0,0,0,0,0,1,0,0,0,0,0,1
50.53,22,3,0,0,0,0,0,0,1,0,0,0,0,0,0,1,0,0
2.85,23,4,0,0,0,1,0,0,0,0,1,0,0,0,0,0,0,0
294.09,1,5,1,0,0,0,0,0,1,0,0,0,0,0,0,1,0,1
7.49,10,2,0,0,1,0,0,0,0,1,0,0,0,0,0,0,0,0
55.55,19,1,0,0,0,0,0,0,1,0,0,0,0,0,0,1,0,0
46.03,6,1,0,1,0,0,0,0,0,0,0,0,1,0,0,0,0,0
108.9,6,2,0,0,1,0,0,0,0,0,0,0,0,0,1,0,0,0
205.17,15,4,0,1,0,0,0,0,0,0,0,0,0,0,1,0,0,0
21.89,11,4,0,0,0,1,0,0,0,0,0,0,0,0,1,0,0,0
55.94,11,4,0,1,0,0,0,0,0,0,0,1,0,0,0,0,0,0
479.78,2,4,0,0,0,0,0,1,0,0,1,0,0,0,0,0,0,1
10.16,8,5,1,1,0,0,0,0,0,1,0,0,0,0,0,0,0,0
32.35,18,6,1,0,0,1,0,0,0,0,0,0,0,0,0,1,0,0
57.5,12,0,0,0,0,0,1,0,0,0,0,0,0,1,0,0,0,0
6.44,21,1,0,1,0,0,0,0,0,0,0,0,0,0,0,1,0,0
73.79,8,3,0,0,0,0,1,0,0,0,0,0,0,0,1,0,0,0
40.81,6,4,0,0,0,0,0,0,1,0,0,0,1,0,0,0,0,0
90.4,16,3,0,0,1,0,0,0,0,0,0,0,1,0,0,0,0,0
40.21,23,0,0,0,0,1,0,0,0,0,0,0,0,1,0,0,0,0
34.82,16,2,0,0,1,0,0,0,0,0,0,1,0,0,0,0,0,0
8.99,1,6,1,0,0,0,0,0,1,0,1,0,0,0,0,0,0,1
285.98,19,0,0,0,1,0,0,0,0,0,0,0,0,0,1,0,0,0
75.39,10,5,1,1,0,0,0,0,0,0,0,0,1,0,0,0,0,0
32.25,14,3,0,0,0,0,0,0,1,0,0,0,0,0,0,1,0,0
77.95,23,5,1,0,0,1,0,0,0,0,0,1,0,0,0,0,0,0
67.36,7,2,0,1,0,0,0,0,0,0,0,1,0,0,0,0,0,0
20.0,18,1,0,0,0,1,0,0,0,0,0,0,0,0,0,1,0,0
3.63,6,6,1,1,0,0,0,0,0,0,1,0,0,0,0,0,0,0
26.62,21,1,0,1,0,0,0,0,0,0,0,0,0,0,0,0,1,0
60.02,6,2,0,0,0,1,0,0,0,0,0,1,0,0,0,0,0,0
27.78,7,3,0,1,0,0,0,0,0,0,0,0,1,0,0,0,0,0
231.62,20,2,0,1,0,0,0,0,0,0,0,0,0,0,1,0,0,0
6.6,21,3,0,1,0,0,0,0,0,0,0,0,0,0,0,1,0,0
35.0,10,0,0,0,0,0,1,0,0,0,0,0,0,1,0,0,0,0
106.84,19,5,1,1,0,0,0,0,0,0,0,0,0,1,0,0,0,0
258.21,23,6,1,0,0,0,0,0,1,0,0,0,0,0,1,0,0,0
54.73,21,3,0,0,0,0,0,0,1,0,0,1,0,0,0,0,0,0
83.38,20,6,1,1,0,0,0,0,0,0,0,0,1,0,0,0,0,0
17.38,21,5,1,0,1,0,0,0,0,0,0,0,0,0,0,1,0,0
34.97,6,6,1,1,0,0,0,0,0,0,0,0,0,0,0,0,1,0
2.14,7,6,1,0,0,0,0,0,1,0,1,0,0,0,0,0,0,0
1064.61,11,0,0,0,0,0,0,0,1,0,0,0,0,1,0,0,0,1
90.8,23,0,0,0,0,0,0,1,0,0,0,0,1,0,0,0,0,0
72.07,18,1,0,0,1,0,0,0,0,0,0,0,0,1,0,0,0,0
71.35,14,0,0,0,1,0,0,0,0,0,0,0,1,0,0,0,0,0
144.29,18,3,0,0,0,1,0,0,0,0,0,0,1,0,0,0,0,0
34.62,14,1,0,1,0,0,0,0,0,0,0,0,0,0,0,0,1,0
16.06,15,0,0,0,0,0,0,0,1,0,0,0,0,0,0,0,1,0
3.75,10,6,1,1,0,0,0,0,0,0,1,0,0,0,0,0,0,0
66.62,13,0,0,0,0,0,0,1,0,0,0,0,1,0,0,0,0,0
105.59,23,3,0,1,0,0,0,0,0,0,0,0,0,1,0,0,0,0
21.87,6,5,1,1,0,0,0,0,0,0,0,0,0,0,0,0,1,0
26.09,10,2,0,0,1,0,0,0,0,0,0,0,0,0,0,1,0,0
22.59,7,1,0,1,0,0,0,0,0,1,0,0,0,0,0,0,0,0
59.96,18,3,0,1,0,0,0,0,0,0,0,0,0,1,0,0,0,0
51.62,12,0,0,1,0,0,0,0,0,0,0,0,1,0,0,0,0,0
90.87,17,6,1,1,0,0,0,0,0,0,0,0,0,1,0,0,0,0
476.01,20,5,1,1,0,0,0,0,0,1,0,0,0,0,0,0,0,1
51.71,14,1,0,0,1,0,0,0,0,0,0,0,0,0,0,1,0,0
1.65,19,4,0,1,0,0,0,0,0,0,1,0,0,0,0,0,0,0
23.41,6,3,0,1,0,0,0,0,0,1,0,0,0,0,0,0,0,0
38.43,23,1,0,0,0,1,0,0,0,0,0,0,0,0,1,0,0,0
18.49,8,4,0,0,0,0,0,0,1,1,0,0,0,0,0,0,0,0
22.37,20,0,0,0,0,0,0,0,1,0,0,0,0,0,0,0,1,0
211.83,23,6,1,0,0,1,0,0,0,0,0,0,0,0,1,0,0,0
43.82,9,1,0,0,1,0,0,0,0,0,0,1,0,0,0,0,0,0
7.15,7,2,0,1,0,0,0,0,0,0,0,0,0,0,0,0,1,0
787.58,12,6,1,0,0,0,0,0,1,0,0,0,0,0,0,1,0,1
650.35,2,2,0,0,0,0,0,0,1,0,0,1,0,0,0,0,0,1
18.32,17,6,1,0,0,1,0,0,0,1,0,0,0,0,0,0,0,0
776.75,1,3,0,0,0,0,0,0,1,0,0,1,0,0,0,0,0,1
279.3,1,5,1,0,0,0,0,0,1,0,0,0,1,0,0,0,0,1
50.7,11,6,1,0,0,1,0,0,0,0,0,0,0,1,0,0,0,0
75.36,3,5,1,0,0,0,0,0,1,0,0,0,0,0,0,0,1,1
25.26,7,3,0,1,0,0,0,0,0,0,0,0,0,0,0,0,1,0
79.75,7,3,0,1,0,0,0,0,0,0,0,0,0,1,0,0,0,0
223.04,1,6,1,0,0,0,0,0,1,0,0,0,0,0,0,1,0,1
77.87,16,3,0,1,0,0,0,0,0,0,0,1,0,0,0,0,0,0
58.25,7,2,0,0,0,0,0,0,1,0,0,1,0,0,0,0,0,0
5.63,18,0,0,1,0,0,0,0,0,0,1,0,0,0,0,0,0,0
67.35,11,0,0,1,0,0,0,0,0,0,0,0,0,1,0,0,0,0
1878.62,4,2,0,0,0,0,0,1,0,0,0,0,1,0,0,0,0,1
140.07,11,1,0,0,0,0,0,0,1,0,0,0,0,0,1,0,0,0
35.75,16,3,0,0,0,0,0,0,1,0,0,0,0,0,0,0,1,0
107.39,18,2,0,0,1,0,0,0,0,0,0,0,0,0,1,0,0,0
40.48,19,0,0,1,0,0,0,0,0,0,0,1,0,0,0,0,0,0
516.19,3,3,0,0,1,0,0,0,0,0,0,1,0,0,0,0,0,1
71.2,23,4,0,0,1,0,0,0,0,0,0,0,1,0,0,0,0,0
8.26,7,1,0,1,0,0,0,0,0,0,0,0,0,0,0,1,0,0
2.74,21,2,0,1,0,0,0,0,0,0,1,0,0,0,0,0,0,0
2841.22,15,2,0,0,0,1,0,0,0,0,0,0,1,0,0,0,0,1
32.51,12,0,0,1,0,0,0,0,0,0,0,1,0,0,0,0,0,0
144.56,12,2,0,0,0,1,0,0,0,0,0,0,1,0,0,0,0,0
17.12,17,1,0,0,0,0,0,0,1,1,0,0,0,0,0,0,0,0
89.49,0,1,0,0,0,0,0,0,1,0,0,0,0,0,0,1,0,1
14.72,7,3,0,0,0,0,1,0,0,1,0,0,0,0,0,0,0,0
41.38,8,2,0,1,0,0,0,0,0,0,0,1,0,0,0,0,0,0
56.38,17,3,0,0,0,1,0,0,0,0,0,0,0,0,0,1,0,0
18.53,23,3,0,0,0,0,0,1,0,0,0,0,0,0,0,1,0,0
288.42,11,5,1,0,0,0,0,0,1,0,0,0,0,0,1,0,0,0
851.72,2,6,1,0,0,1,0,0,0,0,0,0,0,0,0,0,1,1
49.3,16,2,0,1,0,0,0,0,0,0,0,0,0,1,0,0,0,0
149.65,17,5,1,0,1,0,0,0,0,0,0,0,1,0,0,0,0,0
60.39,20,0,0,0,0,0,0,0,1,0,0,0,1,0,0,0,0,0
111.8,15,3,0,0,0,0,0,1,0,0,0,0,0,1,0,0,0,0
56.12,18,5,1,1,0,0,0,0,0,0,0,1,0,0,0,0,0,0
54.87,7,0,0,1,0,0,0,0,0,0,0,1,0,0,0,0,0,0
41.96,22,6,1,1,0,0,0,0,0,0,0,0,1,0,0,0,0,0
5.19,6,6,1,0,1,0,0,0,0,0,0,0,0,0,0,0,1,0
27.49,22,0,0,1,0,0,0,0,0,0,0,0,0,0,0,1,0,0
93.13,8,4,0,1,0,0,0,0,0,0,0,0,0,0,1,0,0,0
11.65,10,3,0,1,0,0,0,0,0,0,0,1,0,0,0,0,0,0
28.92,6,4,0,0,0,1,0,0,0,1,0,0,0,0,0,0,0,0
17.71,22,1,0,1,0,0,0,0,0,0,0,0,0,0,0,1,0,0
124.32,15,5,1,1,0,0,0,0,0,0,0,0,1,0,0,0,0,0
27.01,11,0,0,0,1,0,0,0,0,0,0,1,0,0,0,0,0,0
28.38,8,6,1,0,0,0,0,1,0,0,0,0,0,0,0,0,1,0
4.48,14,4,0,0,0,0,1,0,0,0,1,0,0,0,0,0,0,0
2.69,15,5,1,1,0,0,0,0,0,0,1,0,0,0,0,0,0,0
15.15,17,6,1,1,0,0,0,0,0,0,0,0,0,0,0,0,1,0
4270.2,4,3,0,0,0,0,1,0,0,0,0,0,0,0,1,0,0,1
4.99,12,6,1,0,0,0,0,1,0,0,1,0,0,0,0,0,0,0
228.52,18,4,0,1,0,0,0,0,0,0,0,0,0,0,1,0,0,0
3888.82,0,1,0,0,0,1,0,0,0,0,0,0,0,0,1,0,0,1
30.29,14,0,0,0,0,0,0,0,1,0,0,0,0,0,0,1,0,0
20.76,23,4,0,1,0,0,0,0,0,0,0,0,0,0,0,0,1,0
34.6,18,1,0,0,0,0,0,0,1,0,0,1,0,0,0,0,0,0
20.4,23,5,1,0,0,0,0,0,1,0,0,0,1,0,0,0,0,0
54.73,22,3,0,1,0,0,0,0,0,0,0,0,0,0,0,1,0,0
436.79,3,1,0,0,0,0,0,0,1,0,1,0,0,0,0,0,0,1
4.53,17,5,1,0,1,0,0,0,0,0,1,0,0,0,0,0,0,0
17.36,12,1,0,0,0,0,0,1,0,0,0,0,0,1,0,0,0,0
19.16,14,6,1,0,1,0,0,0,0,1,0,0,0,0,0,0,0,0
14.26,6,3,0,1,0,0,0,0,0,0,0,0,0,0,0,1,0,0
1025.17,17,6,1,0,0,0,0,0,1,0,0,1,0,0,0,0,0,1
3.77,8,5,1,0,1,0,0,0,0,0,1,0,0,0,0,0,0,0
5.04,7,6,1,0,0,1,0,0,0,0,1,0,0,0,0,0,0,0
58.95,17,3,0,0,1,0,0,0,0,0,0,1,0,0,0,0,0,0
5.6,15,1,0,1,0,0,0,0,0,0,1,0,0,0,0,0,0,0
49.48,19,2,0,1,0,0,0,0,0,0,0,1,0,0,0,0,0,0
402.83,22,2,0,0,0,1,0,0,0,1,0,0,0,0,0,0,0,1
19.18,8,2,0,0,0,0,0,0,1,0,0,0,0,0,0,1,0,0
2.19,6,0,0,1,0,0,0,0,0,0,1,0,0,0,0,0,0,0
15.96,9,2,0,0,0,1,0,0,0,0,0,1,0,0,0,0,0,0
166.08,18,5,1,1,0,0,0,0,0,0,0,0,1,0,0,0,0,0
2525.56,16,0,0,1,0,0,0,0,0,0,0,0,0,0,1,0,0,1
14.76,10,3,0,1,0,0,0,0,0,1,0,0,0,0,0,0,0,0
31.2,11,4,0,0,0,0,0,0,1,1,0,0,0,0,0,0,0,0
8.26,10,5,1,1,0,0,0,0,0,0,0,0,0,0,0,0,1,0
13.04,17,2,0,1,0,0,0,0,0,0,0,0,0,0,0,1,0,0
56.24,12,1,0,1,0,0,0,0,0,0,0,0,1,0,0,0,0,0
13.19,10,4,0,0,1,0,0,0,0,1,0,0,0,0,0,0,0,0
2.77,23,4,0,0,0,0,0,1,0,0,1,0,0,0,0,0,0,0
186.8,16,1,0,0,0,0,0,0,1,0,0,0,1,0,0,0,0,0
20.69,16,4,0,1,0,0,0,0,0,0,0,0,0,0,0,1,0,0
26.14,19,1,0,1,0,0,0,0,0,0,0,0,0,0,0,1,0,0
92.69,11,0,0,0,1,0,0,0,0,0,0,0,1,0,0,0,0,0
38.61,20,3,0,0,0,0,0,0,1,0,0,1,0,0,0,0,0,0
5.83,7,6,1,1,0,0,0,0,0,0,0,0,0,0,0,0,1,0
56.02,10,5,1,0,1,0,0,0,0,0,0,0,0,0,0,1,0,0
115.55,23,2,0,0,0,0,1,0,0,0,0,0,0,1,0,0,0,0
2.29,23,4,0,1,0,0,0,0,0,0,1,0,0,0,0,0,0,0
1192.21,7,3,0,0,0,0,0,0,1,0,0,1,0,0,0,0,0,1
31.04,23,1,0,0,1,0,0,0,0,0,0,1,0,0,0,0,0,0
1524.15,15,1,0,0,0,1,0,0,0,0,0,0,0,1,0,0,0,1
1.93,12,5,1,0,0,0,0,0,1,0,1,0,0,0,0,0,0,0
119.56,15,1,0,1,0,0,0,0,0,0,0,0,0,1,0,0,0,0
65.29,21,4,0,0,0,0,0,0,1,0,0,0,1,0,0,0,0,0
23.32,8,6,1,1,0,0,0,0,0,0,0,1,0,0,0,0,0,0
49.83,15,4,0,1,0,0,0,0,0,0,0,0,0,0,1,0,0,0
103.41,15,0,0,1,0,0,0,0,0,0,0,0,1,0,0,0,0,0
568.14,0,6,1,0,0,0,0,0,1,0,1,0,0,0,0,0,0,1
20.44,23,0,0,1,0,0,0,0,0,0,0,0,0,0,0,1,0,0
3.32,7,2,0,0,0,0,0,0,1,0,1,0,0,0,0,0,0,0
26.2,21,5,1,0,0,0,0,0,1,1,0,0,0,0,0,0,0,0
3245.71,10,6,1,0,0,0,0,0,1,0,0,0,0,0,1,0,0,1
40.46,7,1,0,1,0,0,0,0,0,0,0,0,0,0,0,1,0,0
1046.68,13,1,0,1,0,0,0,0,0,0,0,1,0,0,0,0,0,1
864.24,19,5,1,0,0,0,0,1,0,0,0,1,0,0,0,0,0,1
27.8,23,5,1,0,0,0,0,0,1,0,0,1,0,0,0,0,0,0
12.46,9,0,0,1,0,0,0,0,0,1,0,0,0,0,0,0,0,0
58.48,10,3,0,1,0,0,0,0,0,0,0,1,0,0,0,0,0,0
225.82,18,2,0,0,0,1,0,0,0,0,0,0,0,0,1,0,0,0
210.92,3,3,0,0,0,0,0,0,1,0,0,0,0,1,0,0,0,1
6.06,23,2,0,0,0,0,0,0,1,0,0,0,0,0,0,0,1,0
10.45,9,6,1,0,0,1,0,0,0,0,0,0,0,0,0,1,0,0
77.42,14,3,0,1,0,0,0,0,0,0,0,0,0,1,0,0,0,0
1281.24,6,6,1,0,0,0,0,0,1,0,0,0,0,0,0,0,1,1
64.03,21,6,1,1,0,0,0,0,0,0,0,0,1,0,0,0,0,0
200.82,20,3,0,1,0,0,0,0,0,0,0,0,0,0,1,0,0,0
3.18,23,2,0,0,0,0,0,0,1,0,1,0,0,0,0,0,0,0
48.15,3,3,0,0,0,0,0,0,1,0,0,1,0,0,0,0,0,1
6.25,19,3,0,0,0,0,0,1,0,0,0,0,0,0,0,0,1,0
5.88,10,2,0,0,0,0,0,0,1,0,1,0,0,0,0,0,0,0
71.96,22,5,1,1,0,0,0,0,0,0,0,1,0,0,0,0,0,0
93.02,2,5,1,0,0,0,0,0,1,1,0,0,0,0,0,0,0,1
175.51,23,4,0,0,0,1,0,0,0,0,0,0,1,0,0,0,0,0
18.31,13,3,0,0,0,1,0,0,0,0,0,0,1,0,0,0,0,0
24.99,4,3,0,0,0,0,0,0,1,0,0,0,0,0,0,0,1,1
65.89,11,6,1,0,1,0,0,0,0,0,0,0,1,0,0,0,0,0
1.7,12,0,0,1,0,0,0,0,0,0,1,0,0,0,0,0,0,0
65.37,6,3,0,1,0,0,0,0,0,0,0,0,0,1,0,0,0,0
2.67,8,2,0,1,0,0,0,0,0,0,1,0,0,0,0,0,0,0
28.47,12,2,0,0,0,0,0,0,1,1,0,0,0,0,0,0,0,0
3.75,22,5,1,0,1,0,0,0,0,0,1,0,0,0,0,0,0,0
115.69,23,6,1,0,0,1,0,0,0,0,0,0,0,1,0,0,0,0
68.81,6,1,0,0,1,0,0,0,0,0,0,0,1,0,0,0,0,0
53.2,23,5,1,0,0,0,0,0,1,0,0,0,0,0,1,0,0,0
32.84,8,6,1,1,0,0,0,0,0,0,0,0,0,0,0,1,0,0
52.17,18,0,0,1,0,0,0,0,0,0,0,0,0,0,0,1,0,0
45.18,8,1,0,0,0,0,0,0,1,0,0,1,0,0,0,0,0,0
1815.54,6,0,0,0,0,0,0,0,1,0,0,0,0,0,0,1,0,1
41.27,23,3,0,0,1,0,0,0,0,0,0,0,1,0,0,0,0,0
32.08,6,2,0,0,0,1,0,0,0,1,0,0,0,0,0,0,0,0
1995.57,13,5,1,0,0,0,1,0,0,0,0,0,1,0,0,0,0,1
158.97,13,3,0,0,0,1,0,0,0,0,0,0,0,0,1,0,0,0
691.37,4,3,0,0,0,1,0,0,0,0,0,1,0,0,0,0,0,1
27.08,14,5,1,1,0,0,0,0,0,0,0,1,0,0,0,0,0,0
45.48,23,1,0,0,0,0,0,0,1,0,0,0,0,0,0,1,0,0
640.14,13,5,1,1,0,0,0,0,0,1,0,0,0,0,0,0,0,1
18.44,19,1,0,1,0,0,0,0,0,0,0,0,0,0,0,1,0,0
20.76,18,3,0,0,0,0,0,0,1,1,0,0,0,0,0,0,0,0
93.53,3,0,0,0,0,0,0,0,1,0,0,0,0,0,0,0,1,1
47.34,15,6,1,1,0,0,0,0,0,0,0,0,0,1,0,0,0,0
26.95,12,5,1,0,0,0,0,0,1,1,0,0,0,0,0,0,0,0
8.09,6,1,0,0,0,0,0,0,1,0,0,0,0,0,0,0,1,0
275.35,8,5,1,0,0,0,0,1,0,0,0,0,0,0,1,0,0,0
203.76,22,2,0,1,0,0,0,0,0,0,0,0,0,0,1,0,0,0
15.89,9,2,0,0,0,0,0,0,1,1,0,0,0,0,0,0,0,0
37.09,15,1,0,0,0,1,0,0,0,0,0,0,0,1,0,0,0,0
522.74,4,6,1,0,0,0,0,0,1,0,0,0,0,1,0,0,0,1
221.72,15,6,1,0,1,0,0,0,0,0,0,0,0,0,1,0,0,0
16.26,9,0,0,0,1,0,0,0,0,0,0,1,0,0,0,0,0,0
83.36,17,3,0,0,1,0,0,0,0,0,0,0,0,1,0,0,0,0
5.87,8,5,1,0,0,0,0,0,1,0,1,0,0,0,0,0,0,0
42.01,11,6,1,0,1,0,0,0,0,0,0,0,1,0,0,0,0,0
4.12,22,1,0,0,1,0,0,0,0,0,1,0,0,0,0,0,0,0
32.29,19,5,1,0,1,0,0,0,0,0,0,0,0,0,0,0,1,0
60.03,7,5,1,0,1,0,0,0,0,0,0,0,1,0,0,0,0,0
24.62,17,0,0,0,1,0,0,0,0,0,0,0,0,0,0,1,0,0
34.01,9,1,0,1,0,0,0,0,0,0,0,0,0,0,0,0,1,0
75.56,14,1,0,0,1,0,0,0,0,0,0,0,0,1,0,0,0,0
1.83,11,0,0,0,0,0,1,0,0,0,1,0,0,0,0,0,0,0
83.81,21,3,0,0,0,0,0,0,1,0,0,0,0,1,0,0,0,0
65.62,11,0,0,0,0,1,0,0,0,0,0,1,0,0,0,0,0,0
26.58,15,2,0,1,0,0,0,0,0,0,0,0,0,0,1,0,0,0
674.39,10,2,0,0,0,0,0,0,1,0,1,0,0,0,0,0,0,1
20.32,16,1,0,1,0,0,0,0,0,0,0,1,0,0,0,0,0,0
28.77,7,1,0,1,0,0,0,0,0,1,0,0,0,0,0,0,0,0
2.59,18,2,0,1,0,0,0,0,0,0,1,0,0,0,0,0,0,0
8.78,16,2,0,1,0,0,0,0,0,0,0,0,0,0,0,0,1,0
6.39,10,1,0,1,0,0,0,0,0,0,0,0,0,0,0,1,0,0
82.02,9,6,1,0,0,0,0,0,1,0,0,0,0,1,0,0,0,0
1.92,7,6,1,0,0,1,0,0,0,0,1,0,0,0,0,0,0,0
19.15,16,1,0,1,0,0,0,0,0,0,0,0,0,0,0,0,1,0
181.62,12,5,1,1,0,0,0,0,0,0,0,0,0,0,1,0,0,0
106.99,20,6,1,0,0,1,0,0,0,0,0,0,0,0,1,0,0,0
39.93,7,3,0,1,0,0,0,0,0,0,0,0,0,0,0,0,1,0
40.61,13,1,0,1,0,0,0,0,0,0,0,0,1,0,0,0,0,0
9.36,6,4,0,0,0,0,0,0,1,0,0,0,0,0,0,1,0,0
155.61,14,1,0,0,1,0,0,0,0,0,0,0,1,0,0,0,0,0
40.32,22,3,0,0,0,0,1,0,0,0,0,1,0,0,0,0,0,0
4.83,23,3,0,1,0,0,0,0,0,0,1,0,0,0,0,0,0,0
15.19,8,6,1,1,0,0,0,0,0,0,0,0,0,0,0,1,0,0
26.16,13,4,0,0,0,0,0,0,1,0,0,0,0,0,0,0,1,0
8.09,14,2,0,0,0,0,1,0,0,1,0,0,0,0,0,0,0,0
187.89,19,2,0,0,0,0,0,0,1,0,0,0,0,0,1,0,0,0
190.24,12,5,1,1,0,0,0,0,0,0,0,0,1,0,0,0,0,0
36.51,20,6,1,1,0,0,0,0,0,0,0,0,0,0,0,0,1,0
11.37,13,4,0,0,0,0,1,0,0,1,0,0,0,0,0,0,0,0
7.92,7,0,0,1,0,0,0,0,0,1,0,0,0,0,0,0,0,0
90.47,1,3,0,0,0,0,0,0,1,1,0,0,0,0,0,0,0,1
26.03,17,0,0,0,1,0,0,0,0,1,0,0,0,0,0,0,0,0
5.81,22,4,0,0,0,0,0,0,1,0,0,0,0,0,0,0,1,0
25.48,6,6,1,0,0,0,1,0,0,1,0,0,0,0,0,0,0,0
57.3,16,0,0,0,0,0,0,0,1,0,0,0,0,0,1,0,0,0
265.15,20,3,0,0,0,1,0,0,0,0,0,0,0,0,1,0,0,0
147.92,18,6,1,0,1,0,0,0,0,0,0,0,1,0,0,0,0,0
8.34,7,0,0,0,0,0,0,0,1,1,0,0,0,0,0,0,0,0
27.35,21,3,0,1,0,0,0,0,0,0,0,0,0,0,0,0,1,0
39.09,6,3,0,1,0,0,0,0,0,0,0,1,0,0,0,0,0,0
3.05,23,4,0,0,1,0,0,0,0,0,1,0,0,0,0,0,0,0
24.37,23,5,1,1,0,0,0,0,0,1,0,0,0,0,0,0,0,0
2.93,12,1,0,0,0,0,1,0,0,0,1,0,0,0,0,0,0,0
278.15,2,0,0,0,0,0,0,0,1,0,0,0,0,1,0,0,0,1
43.66,11,1,0,1,0,0,0,0,0,0,0,1,0,0,0,0,0,0
984.39,1,1,0,1,0,0,0,0,0,0,0,1,0,0,0,0,0,1
45.23,8,0,0,0,1,0,0,0,0,0,0,1,0,0,0,0,0,0
2.68,14,2,0,0,0,0,0,0,1,0,1,0,0,0,0,0,0,0
615.94,4,4,0,0,0,0,0,0,1,0,0,1,0,0,0,0,0,1
13.35,11,5,1,0,0,0,0,1,0,0,0,0,0,0,0,0,1,0
24.88,8,6,1,0,0,0,0,0,1,0,0,0,0,1,0,0,0,0
12.03,21,1,0,0,1,0,0,0,0,0,0,0,0,0,0,1,0,0
24.46,7,4,0,0,0,1,0,0,0,1,0,0,0,0,0,0,0,0
106.37,9,5,1,1,0,0,0,0,0,0,0,0,0,1,0,0,0,0
24.84,9,6,1,0,1,0,0,0,0,0,0,0,0,0,1,0,0,0
25.21,20,1,0,0,1,0,0,0,0,1,0,0,0,0,0,0,0,0
182.02,21,6,1,0,1,0,0,0,0,0,0,0,1,0,0,0,0,0
24.47,20,3,0,0,0,0,0,1,0,0,0,0,0,0,0,1,0,0
24.66,12,5,1,0,1,0,0,0,0,0,0,0,0,0,0,0,1,0
46.37,23,6,1,0,0,0,1,0,0,0,0,0,0,1,0,0,0,0
5.78,22,5,1,1,0,0,0,0,0,0,1,0,0,0,0,0,0,0
2.76,18,1,0,1,0,0,0,0,0,0,1,0,0,0,0,0,0,0
3.04,8,1,0,1,0,0,0,0,0,0,1,0,0,0,0,0,0,0
84.01,4,5,1,0,0,0,0,0,1,0,0,0,0,0,0,1,0,1
115.53,6,4,0,0,1,0,0,0,0,0,0,0,0,1,0,0,0,0
398.89,2,3,0,0,0,1,0,0,0,0,1,0,0,0,0,0,0,1
424.36,4,2,0,0,0,0,0,0,1,0,1,0,0,0,0,0,0,1
1879.04,12,0,0,0,0,0,0,0,1,0,0,0,0,1,0,0,0,1
213.3,20,3,0,1,0,0,0,0,0,0,0,0,0,0,1,0,0,0
198.6,8,0,0,1,0,0,0,0,0,0,0,0,1,0,0,0,0,0
15.73,23,2,0,0,0,0,0,1,0,0,0,0,0,0,0,1,0,0
2.22,21,5,1,1,0,0,0,0,0,0,1,0,0,0,0,0,0,0
174.84,13,4,0,0,0,0,0,0,1,0,0,0,1,0,0,0,0,0
52.62,22,3,0,0,0,0,1,0,0,0,0,0,1,0,0,0,0,0
106.39,10,4,0,0,0,0,0,1,0,0,0,0,0,0,1,0,0,0
20.99,21,6,1,0,1,0,0,0,0,0,0,0,0,0,0,1,0,0
243.87,8,0,0,1,0,0,0,0,0,0,0,0,0,0,1,0,0,0
141.54,16,2,0,1,0,0,0,0,0,0,0,0,1,0,0,0,0,0
31.47,17,5,1,1,0,0,0,0,0,0,0,0,0,0,0,0,1,0
25.4,22,0,0,0,1,0,0,0,0,0,0,1,0,0,0,0,0,0
51.2,16,1,0,0,1,0,0,0,0,0,0,0,1,0,0,0,0,0
140.25,23,3,0,1,0,0,0,0,0,0,0,0,1,0,0,0,0,0
20.94,13,5,1,0,1,0,0,0,0,1,0,0,0,0,0,0,0,0
33.24,22,3,0,0,1,0,0,0,0,1,0,0,0,0,0,0,0,0
38.14,14,2,0,0,0,0,0,0,1,0,0,0,0,0,0,0,1,0
5.75,22,3,0,1,0,0,0,0,0,1,0,0,0,0,0,0,0,0
2918.24,3,1,0,0,0,1,0,0,0,0,0,0,0,0,1,0,0,1
970.39,3,3,0,0,0,0,0,0,1,0,0,1,0,0,0,0,0,1
4.41,20,0,0,1,0,0,0,0,0,0,1,0,0,0,0,0,0,0
1.96,15,5,1,1,0,0,0,0,0,0,1,0,0,0,0,0,0,0
5.81,7,2,0,1,0,0,0,0,0,0,0,0,0,0,0,1,0,0
15.05,11,5,1,0,1,0,0,0,0,1,0,0,0,0,0,0,0,0
116.31,14,0,0,1,0,0,0,0,0,0,0,0,0,1,0,0,0,0
4.91,6,6,1,0,0,0,1,0,0,0,1,0,0,0,0,0,0,0
363.61,0,6,1,0,0,0,0,0,1,0,0,1,0,0,0,0,0,1
20.03,18,6,1,1,0,0,0,0,0,0,0,0,0,0,0,1,0,0
47.67,6,4,0,1,0,0,0,0,0,0,0,0,0,0,0,1,0,0
76.59,10,4,0,1,0,0,0,0,0,0,0,0,0,1,0,0,0,0
11.99,23,4,0,0,1,0,0,0,0,1,0,0,0,0,0,0,0,0
12.46,22,3,0,0,1,0,0,0,0,0,0,0,0,0,0,1,0,0
18.24,17,6,1,1,0,0,0,0,0,0,0,0,0,0,0,0,1,0
46.14,15,4,0,1,0,0,0,0,0,0,0,1,0,0,0,0,0,0
3227.85,16,6,1,0,0,0,0,0,1,0,0,0,0,0,1,0,0,1
44.81,6,5,1,1,0,0,0,0,0,0,0,1,0,0,0,0,0,0
13.6,9,3,0,1,0,0,0,0,0,0,0,0,0,0,0,0,1,0
2157.5,12,1,0,0,0,1,0,0,0,0,0,0,1,0,0,0,0,1
2251.61,14,0,0,0,0,0,0,1,0,0,0,0,0,0,1,0,0,1
49.51,8,2,0,0,0,0,1,0,0,0,0,0,0,0,0,1,0,0
48.76,9,2,0,1,0,0,0,0,0,0,0,1,0,0,0,0,0,0
8.45,1,3,0,0,0,0,0,0,1,0,1,0,0,0,0,0,0,1
5.41,13,0,0,0,1,0,0,0,0,0,0,0,0,0,0,1,0,0
127.24,7,5,1,0,0,0,0,0,1,0,0,0,0,0,1,0,0,0
21.99,16,2,0,0,0,0,0,0,1,0,0,0,0,0,0,1,0,0
28.44,14,3,0,0,0,0,1,0,0,0,0,0,0,0,0,1,0,0
78.65,18,6,1,0,0,1,0,0,0,0,0,1,0,0,0,0,0,0
2.1,7,6,1,0,0,0,0,0,1,0,1,0,0,0,0,0,0,0
53.18,14,5,1,0,0,1,0,0,0,0,0,0,0,0,0,1,0,0
202.41,21,6,1,0,0,0,0,1,0,0,0,0,0,0,1,0,0,0
38.35,19,4,0,0,0,0,0,0,1,0,0,0,0,0,0,0,1,0
73.37,19,1,0,1,0,0,0,0,0,0,0,1,0,0,0,0,0,0
32.39,7,0,0,0,0,0,0,1,0,1,0,0,0,0,0,0,0,0
19.38,17,1,0,0,0,0,0,1,0,0,0,1,0,0,0,0,0,0
1.85,22,0,0,1,0,0,0,0,0,0,1,0,0,0,0,0,0,0
33.63,13,4,0,0,0,1,0,0,0,0,0,0,0,0,0,1,0,0
229.83,19,6,1,1,0,0,0,0,0,0,0,0,0,0,1,0,0,0
6.5,21,6,1,0,1,0,0,0,0,1,0,0,0,0,0,0,0,0
3242.53,17,4,0,0,0,0,0,0,1,0,0,0,0,0,1,0,0,1
92.58,13,1,0,1,0,0,0,0,0,0,0,0,0,1,0,0,0,0
15.51,8,6,1,0,0,0,0,0,1,0,0,0,0,0,0,1,0,0
3.36,8,5,1,1,0,0,0,0,0,0,1,0,0,0,0,0,0,0
31.38,10,3,0,0,0,0,0,0,1,0,0,0,0,0,0,0,1,0
30.24,9,2,0,1,0,0,0,0,0,0,0,0,0,0,0,0,1,0
2358.92,2,6,1,0,0,0,0,0,1,0,0,0,0,1,0,0,0,1
34.04,14,5,1,0,1,0,0,0,0,0,0,1,0,0,0,0,0,0
64.24,18,1,0,1,0,0,0,0,0,0,0,1,0,0,0,0,0,0
35.92,21,2,0,0,0,0,0,0,1,0,0,0,0,0,0,1,0,0
46.49,23,4,0,1,0,0,0,0,0,0,0,0,0,1,0,0,0,0
94.74,16,2,0,1,0,0,0,0,0,0,0,0,0,1,0,0,0,0
4.98,19,5,1,0,1,0,0,0,0,0,1,0,0,0,0,0,0,0
29.22,22,0,0,1,0,0,0,0,0,0,0,0,1,0,0,0,0,0
32.76,13,2,0,0,1,0,0,0,0,0,0,1,0,0,0,0,0,0
151.12,23,1,0,0,1,0,0,0,0,0,0,0,0,0,1,0,0,0
28.54,13,4,0,1,0,0,0,0,0,0,0,0,0,0,0,1,0,0
884.24,8,0,0,1,0,0,0,0,0,0,0,0,0,0,0,1,0,1
33.27,23,0,0,1,0,0,0,0,0,0,0,0,0,0,0,0,1,0
274.29,13,3,0,1,0,0,0,0,0,0,0,0,0,0,1,0,0,0
22.28,11,0,0,0,0,0,1,0,0,1,0,0,0,0,0,0,0,0
4333.99,19,4,0,0,0,0,0,0,1,0,0,0,0,0,1,0,0,1
63.4,8,6,1,1,0,0,0,0,0,0,0,1,0,0,0,0,0,0
1844.43,4,6,1,0,0,1,0,0,0,0,0,0,0,1,0,0,0,1
3.23,23,4,0,0,0,0,0,0,1,0,1,0,0,0,0,0,0,0
32.41,8,1,0,0,1,0,0,0,0,0,0,0,0,0,0,1,0,0
33.97,23,2,0,0,0,0,1,0,0,0,0,1,0,0,0,0,0,0
26.02,23,1,0,0,0,0,0,0,1,1,0,0,0,0,0,0,0,0
729.25,0,5,1,0,0,0,0,0,1,0,0,0,0,0,0,1,0,1
155.15,9,3,0,0,0,0,0,1,0,0,0,0,1,0,0,0,0,0
23.84,13,2,0,1,0,0,0,0,0,0,0,0,0,0,0,0,1,0
34.08,14,1,0,0,0,0,0,0,1,1,0,0,0,0,0,0,0,0
173.01,4,1,0,0,0,0,0,0,1,1,0,0,0,0,0,0,0,1
5.43,18,3,0,1,0,0,0,0,0,0,1,0,0,0,0,0,0,0
19.41,10,3,0,1,0,0,0,0,0,1,0,0,0,0,0,0,0,0
1649.92,20,1,0,0,0,1,0,0,0,0,0,0,0,0,0,1,0,1
36.77,22,1,0,0,0,0,0,1,0,0,0,0,1,0,0,0,0,0
34.91,19,4,0,0,0,0,0,0,1,1,0,0,0,0,0,0,0,0
45.26,12,4,0,1,0,0,0,0,0,0,0,0,0,0,0,1,0,0
6.08,11,0,0,1,0,0,0,0,0,0,0,0,0,0,0,0,1,0
60.37,23,0,0,1,0,0,0,0,0,0,0,0,0,1,0,0,0,0
14.09,12,5,1,0,1,0,0,0,0,1,0,0,0,0,0,0,0,0
10.53,20,1,0,1,0,0,0,0,0,1,0,0,0,0,0,0,0,0
21.38,20,4,0,0,1,0,0,0,0,1,0,0,0,0,0,0,0,0
952.2,3,4,0,0,0,0,0,0,1,0,0,1,0,0,0,0,0,1
41.29,23,0,0,0,0,0,0,1,0,0,0,0,0,0,0,1,0,0
10.92,23,2,0,0,0,1,0,0,0,0,0,0,0,0,0,1,0,0
32.66,21,6,1,0,1,0,0,0,0,0,0,1,0,0,0,0,0,0
98.01,18,2,0,1,0,0,0,0,0,0,0,0,0,1,0,0,0,0
81.42,10,6,1,0,0,0,0,0,1,0,0,0,0,1,0,0,0,0
4006.96,6,6,1,0,0,1,0,0,0,0,0,0,0,0,1,0,0,1
237.14,20,1,0,0,0,1,0,0,0,0,0,0,0,0,1,0,0,0
1030.09,3,2,0,0,0,0,0,0,1,0,0,0,1,0,0,0,0,1
3.08,23,1,0,0,1,0,0,0,0,0,1,0,0,0,0,0,0,0
16.51,13,0,0,0,0,0,0,0,1,0,0,0,0,0,0,0,1,0
19.44,14,4,0,0,0,1,0,0,0,0,0,1,0,0,0,0,0,0
32.33,23,2,0,0,1,0,0,0,0,0,0,0,0,1,0,0,0,0
3.32,16,6,1,1,0,0,0,0,0,0,1,0,0,0,0,0,0,0
21.02,18,3,0,0,0,1,0,0,0,1,0,0,0,0,0,0,0,0
4.01,17,2,0,1,0,0,0,0,0,0,1,0,0,0,0,0,0,0
17.4,4,3,0,0,0,0,0,0,1,0,1,0,0,0,0,0,0,1
20.82,23,4,0,1,0,0,0,0,0,0,0,0,0,0,1,0,0,0
77.28,22,3,0,0,0,1,0,0,0,0,0,0,0,1,0,0,0,0
49.68,17,4,0,0,1,0,0,0,0,0,0,1,0,0,0,0,0,0
12.87,20,2,0,0,0,1,0,0,0,0,0,0,0,0,0,0,1,0
39.48,6,1,0,1,0,0,0,0,0,0,0,0,0,0,1,0,0,0
681.11,1,4,0,0,0,0,0,0,1,0,1,0,0,0,0,0,0,1
10.37,19,6,1,1,0,0,0,0,0,0,0,0,0,1,0,0,0,0
23.59,13,2,0,0,0,0,1,0,0,1,0,0,0,0,0,0,0,0
33.67,20,2,0,1,0,0,0,0,0,0,0,0,0,0,0,0,1,0
5.85,17,6,1,0,1,0,0,0,0,0,1,0,0,0,0,0,0,0
1073.66,20,3,0,0,0,0,0,1,0,0,0,0,0,0,0,0,1,1
5.4,6,0,0,0,1,0,0,0,0,0,1,0,0,0,0,0,0,0
5.02,12,0,0,0,0,0,0,0,1,0,1,0,0,0,0,0,0,0
28.04,6,1,0,1,0,0,0,0,0,1,0,0,0,0,0,0,0,0
116.16,23,3,0,0,0,0,0,1,0,0,0,0,0,1,0,0,0,0
40.98,12,1,0,0,0,0,0,1,0,0,0,0,0,0,0,1,0,0
48.07,15,2,0,0,1,0,0,0,0,0,0,1,0,0,0,0,0,0
51.1,6,1,0,0,0,1,0,0,0,0,0,0,0,0,1,0,0,0
116.1,13,0,0,1,0,0,0,0,0,0,0,0,0,1,0,0,0,0
36.71,11,2,0,0,1,0,0,0,0,0,0,0,0,0,1,0,0,0
1517.27,1,1,0,0,0,0,0,0,1,0,0,0,0,0,0,0,1,1
72.2,23,2,0,1,0,0,0,0,0,0,0,0,0,1,0,0,0,0
15.35,11,4,0,1,0,0,0,0,0,0,0,0,0,0,0,0,1,0
41.75,8,2,0,0,1,0,0,0,0,0,0,1,0,0,0,0,0,0
682.52,0,0,0,0,0,0,0,0,1,1,0,0,0,0,0,0,0,1
34.43,13,3,0,1,0,0,0,0,0,0,0,0,0,1,0,0,0,0
53.52,8,6,1,1,0,0,0,0,0,0,0,0,0,0,0,1,0,0
142.69,16,1,0,1,0,0,0,0,0,0,0,0,1,0,0,0,0,0
76.07,4,1,0,0,0,0,0,0,1,1,0,0,0,0,0,0,0,1
136.38,7,4,0,1,0,0,0,0,0,0,0,0,0,0,1,0,0,0
1126.79,2,1,0,0,0,1,0,0,0,0,0,0,1,0,0,0,0,1
36.61,21,2,0,1,0,0,0,0,0,0,0,0,0,0,0,0,1,0
197.06,20,6,1,1,0,0,0,0,0,0,0,0,1,0,0,0,0,0
296.75,11,4,0,0,1,0,0,0,0,0,0,0,0,0,1,0,0,0
5.43,16,1,0,0,0,0,0,0,1,0,1,0,0,0,0,0,0,0
50.5,9,5,1,1,0,0,0,0,0,0,0,0,1,0,0,0,0,0
26.04,9,0,0,0,0,0,0,0,1,0,0,0,0,1,0,0,0,0
1.57,7,2,0,1,0,0,0,0,0,0,1,0,0,0,0,0,0,0
2.45,11,6,1,0,0,0,0,0,1,0,1,0,0,0,0,0,0,0
2.33,13,0,0,1,0,0,0,0,0,0,1,0,0,0,0,0,0,0
25.62,21,4,0,0,1,0,0,0,0,0,0,0,1,0,0,0,0,0
15.3,18,3,0,1,0,0,0,0,0,0,0,0,1,0,0,0,0,0
50.01,23,3,0,0,0,0,0,0,1,0,0,0,0,0,0,1,0,0
3.39,13,5,1,0,0,0,0,0,1,0,1,0,0,0,0,0,0,0
155.19,8,5,1,0,0,0,1,0,0,0,0,0,0,0,1,0,0,0
4.42,23,2,0,0,0,0,0,1,0,0,1,0,0,0,0,0,0,0
67.39,22,1,0,0,1,0,0,0,0,0,0,1,0,0,0,0,0,0
20.78,15,4,0,1,0,0,0,0,0,1,0,0,0,0,0,0,0,0
40.98,23,2,0,0,0,0,0,1,0,0,0,0,0,1,0,0,0,0
16.21,20,0,0,1,0,0,0,0,0,1,0,0,0,0,0,0,0,0
5.54,7,5,1,0,0,1,0,0,0,0,0,0,0,0,0,1,0,0
4.79,8,1,0,0,0,0,1,0,0,0,1,0,0,0,0,0,0,0
87.65,8,1,0,1,0,0,0,0,0,0,0,0,0,1,0,0,0,0
4.77,6,0,0,1,0,0,0,0,0,0,1,0,0,0,0,0,0,0
700.36,20,0,0,0,0,0,0,0,1,0,0,0,0,1,0,0,0,1
21.41,9,6,1,1,0,0,0,0,0,0,0,0,0,0,0,1,0,0
666.84,19,1,0,0,0,0,0,0,1,1,0,0,0,0,0,0,0,1
2.69,13,6,1,0,0,0,1,0,0,0,1,0,0,0,0,0,0,0
42.79,12,3,0,0,1,0,0,0,0,0,0,0,0,0,0,1,0,0
721.98,3,1,0,0,1,0,0,0,0,0,0,0,0,0,0,1,0,1
35.97,22,3,0,1,0,0,0,0,0,0,0,0,0,0,0,1,0,0
2.89,17,2,0,1,0,0,0,0,0,0,1,0,0,0,0,0,0,0
16.41,21,3,0,1,0,0,0,0,0,0,0,1,0,0,0,0,0,0
32.92,18,5,1,0,1,0,0,0,0,0,0,1,0,0,0,0,0,0
65.64,15,0,0,0,0,0,0,0,1,0,0,1,0,0,0,0,0,0
46.75,10,5,1,0,0,0,0,0,1,0,0,0,0,0,0,1,0,0
37.79,6,1,0,1,0,0,0,0,0,0,0,0,0,0,0,0,1,0
603.42,1,3,0,0,0,0,0,0,1,0,0,0,1,0,0,0,0,1
111.45,18,6,1,1,0,0,0,0,0,0,0,0,0,1,0,0,0,0
45.54,13,1,0,0,0,0,0,0,1,0,0,0,0,1,0,0,0,0
158.73,12,0,0,1,0,0,0,0,0,0,0,0,1,0,0,0,0,0
1.55,9,1,0,0,1,0,0,0,0,0,1,0,0,0,0,0,0,0
2.73,18,6,1,0,0,0,0,0,1,0,1,0,0,0,0,0,0,0
56.14,23,2,0,0,0,0,0,0,1,0,0,0,0,0,0,1,0,0
3.48,7,1,0,0,1,0,0,0,0,0,1,0,0,0,0,0,0,0
40.3,10,6,1,0,0,0,0,0,1,0,0,0,0,0,0,1,0,0
53.09,16,5,1,0,0,1,0,0,0,0,0,0,0,0,0,1,0,0
29.98,9,4,0,0,0,0,0,1,0,0,0,0,0,1,0,0,0,0
11.71,7,3,0,1,0,0,0,0,0,0,0,0,0,0,0,1,0,0
11.06,21,5,1,1,0,0,0,0,0,0,0,0,0,0,0,0,1,0
26.42,12,6,1,1,0,0,0,0,0,0,0,0,0,0,0,1,0,0
13.86,13,1,0,1,0,0,0,0,0,1,0,0,0,0,0,0,0,0
3.14,11,5,1,0,1,0,0,0,0,0,1,0,0,0,0,0,0,0
22.86,14,2,0,0,0,0,0,0,1,1,0,0,0,0,0,0,0,0
23.83,9,4,0,0,0,0,0,0,1,1,0,0,0,0,0,0,0,0
14.01,23,3,0,0,1,0,0,0,0,0,0,0,0,0,0,1,0,0
23.14,10,4,0,0,0,0,0,0,1,0,0,0,0,0,0,1,0,0
147.6,23,1,0,0,0,1,0,0,0,0,0,0,1,0,0,0,0,0
19.56,7,5,1,1,0,0,0,0,0,0,0,0,0,0,0,1,0,0
21.6,18,3,0,1,0,0,0,0,0,0,0,0,0,0,0,0,1,0
3555.72,19,3,0,0,0,1,0,0,0,0,0,0,0,0,1,0,0,1
37.42,8,6,1,1,0,0,0,0,0,0,0,0,0,1,0,0,0,0
61.37,22,1,0,0,0,1,0,0,0,0,0,0,0,0,1,0,0,0
59.17,15,6,1,0,0,0,0,0,1,0,0,0,0,0,0,1,0,0
48.14,10,3,0,0,1,0,0,0,0,0,0,0,0,0,1,0,0,0
28.44,6,1,0,0,0,0,0,0,1,0,0,0,0,0,0,0,1,0
33.66,8,2,0,1,0,0,0,0,0,0,0,0,0,0,0,1,0,0
17.85,6,6,1,0,0,1,0,0,0,0,0,0,0,1,0,0,0,0
32.39,21,0,0,1,0,0,0,0,0,0,0,0,0,0,0,1,0,0
316.63,2,4,0,0,0,0,0,0,1,0,1,0,0,0,0,0,0,1
32.37,12,1,0,0,0,0,1,0,0,0,0,0,0,0,0,0,1,0
36.15,22,3,0,0,0,0,0,0,1,0,0,0,0,0,0,1,0,0
27.13,11,1,0,0,0,0,0,0,1,1,0,0,0,0,0,0,0,0
32.32,20,6,1,0,0,0,0,0,1,1,0,0,0,0,0,0,0,0
38.37,23,6,1,1,0,0,0,0,0,0,0,0,0,0,0,0,1,0
1519.08,1,3,0,0,1,0,0,0,0,0,0,0,0,0,0,1,0,1
30.78,9,0,0,1,0,0,0,0,0,0,0,0,0,0,0,0,1,0
2.35,10,2,0,0,0,1,0,0,0,0,1,0,0,0,0,0,0,0
73.23,16,6,1,0,0,1,0,0,0,0,0,0,0,1,0,0,0,0
130.61,20,3,0,1,0,0,0,0,0,0,0,0,0,0,1,0,0,0
33.77,15,3,0,0,0,0,0,0,1,1,0,0,0,0,0,0,0,0
21.64,11,5,1,0,0,1,0,0,0,0,0,0,0,0,0,0,1,0
44.11,19,4,0,0,0,0,0,0,1,0,0,0,0,0,1,0,0,0
37.02,21,2,0,1,0,0,0,0,0,0,0,0,0,0,0,1,0,0
183.54,15,5,1,1,0,0,0,0,0,0,0,0,0,0,1,0,0,0
22.67,20,1,0,1,0,0,0,0,0,0,0,0,0,0,0,1,0,0
32.76,13,5,1,0,0,1,0,0,0,1,0,0,0,0,0,0,0,0
71.33,20,1,0,1,0,0,0,0,0,0,0,0,0,1,0,0,0,0
1.52,13,3,0,1,0,0,0,0,0,0,1,0,0,0,0,0,0,0
805.07,17,1,0,0,0,0,0,0,1,0,0,1,0,0,0,0,0,1
127.58,9,5,1,0,0,0,0,0,1,0,0,0,0,0,1,0,0,0
115.66,16,0,0,0,0,0,0,0,1,0,0,0,0,0,1,0,0,0
41.01,22,6,1,0,0,1,0,0,0,0,0,0,0,0,0,1,0,0
10.05,9,0,0,0,0,0,1,0,0,1,0,0,0,0,0,0,0,0
26.7,22,2,0,0,0,0,0,1,0,1,0,0,0,0,0,0,0,0
17.02,11,2,0,1,0,0,0,0,0,0,0,0,0,1,0,0,0,0
86.82,8,2,0,0,1,0,0,0,0,0,0,0,1,0,0,0,0,0
87.71,10,0,0,1,0,0,0,0,0,0,0,0,1,0,0,0,0,0
81.17,17,0,0,1,0,0,0,0,0,0,0,0,0,1,0,0,0,0
2.54,17,5,1,0,0,0,0,0,1,0,1,0,0,0,0,0,0,0
169.57,11,6,1,0,1,0,0,0,0,0,0,0,1,0,0,0,0,0
56.12,17,0,0,0,0,1,0,0,0,0,0,0,0,1,0,0,0,0
36.41,13,4,0,0,0,0,0,1,0,0,0,0,0,0,0,1,0,0
23.26,23,3,0,0,1,0,0,0,0,1,0,0,0,0,0,0,0,0
13.83,18,5,1,1,0,0,0,0,0,1,0,0,0,0,0,0,0,0
50.24,9,1,0,1,0,0,0,0,0,0,0,1,0,0,0,0,0,0
1563.11,4,1,0,1,0,0,0,0,0,0,0,0,0,0,1,0,0,1
143.87,11,5,1,1,0,0,0,0,0,0,0,0,1,0,0,0,0,0
12.76,2,5,1,0,0,0,0,0,1,0,1,0,0,0,0,0,0,1
72.78,12,6,1,0,1,0,0,0,0,0,0,1,0,0,0,0,0,0
20.11,11,6,1,0,0,1,0,0,0,0,0,0,0,1,0,0,0,0
25.23,4,0,0,0,0,0,0,0,1,0,1,0,0,0,0,0,0,1
121.87,3,0,0,0,0,0,0,0,1,1,0,0,0,0,0,0,0,1
131.46,18,1,0,1,0,0,0,0,0,0,0,0,0,0,1,0,0,0
43.04,7,3,0,0,0,0,0,0,1,0,0,0,1,0,0,0,0,0
32.69,18,6,1,0,0,0,0,0,1,0,0,0,0,0,0,0,1,0
52.71,16,2,0,1,0,0,0,0,0,0,0,0,0,0,0,1,0,0
4.31,6,6,1,0,1,0,0,0,0,0,1,0,0,0,0,0,0,0
8.89,16,3,0,0,0,0,0,0,1,0,0,0,0,0,0,0,1,0
73.75,19,2,0,0,1,0,0,0,0,0,0,1,0,0,0,0,0,0
61.13,7,2,0,0,0,0,0,1,0,0,0,1,0,0,0,0,0,0
60.13,23,3,0,0,1,0,0,0,0,0,0,0,1,0,0,0,0,0
13.89,15,6,1,1,0,0,0,0,0,1,0,0,0,0,0,0,0,0
1.74,18,3,0,1,0,0,0,0,0,0,1,0,0,0,0,0,0,0
294.89,19,5,1,1,0,0,0,0,0,0,0,0,0,0,1,0,0,0
27.8,15,0,0,0,1,0,0,0,0,0,0,0,0,1,0,0,0,0
21.06,15,3,0,0,0,1,0,0,0,0,0,0,0,0,0,1,0,0
2.73,12,4,0,1,0,0,0,0,0,0,1,0,0,0,0,0,0,0
582.06,11,5,1,1,0,0,0,0,0,0,1,0,0,0,0,0,0,1
19.89,11,2,0,0,0,0,0,1,0,0,0,0,0,0,0,0,1,0
35.51,15,3,0,0,0,0,0,0,1,0,0,0,0,0,0,0,1,0
248.46,14,3,0,0,0,0,0,1,0,0,0,0,0,0,1,0,0,0
37.07,10,6,1,1,0,0,0,0,0,0,0,0,0,0,0,1,0,0
168.46,7,3,0,1,0,0,0,0,0,0,0,0,1,0,0,0,0,0
34.05,17,0,0,0,1,0,0,0,0,0,0,0,0,0,0,0,1,0
67.81,9,5,1,0,1,0,0,0,0,0,0,1,0,0,0,0,0,0
65.1,22,4,0,1,0,0,0,0,0,0,0,1,0,0,0,0,0,0
70.36,8,5,1,1,0,0,0,0,0,0,0,1,0,0,0,0,0,0
47.29,22,1,0,1,0,0,0,0,0,0,0,0,0,0,1,0,0,0
4.24,11,2,0,0,1,0,0,0,0,0,1,0,0,0,0,0,0,0
197.37,0,2,0,0,0,0,0,0,1,0,0,0,0,0,0,1,0,1
25.46,23,3,0,0,0,0,0,1,0,1,0,0,0,0,0,0,0,0
24.38,18,1,0,0,0,0,0,0,1,0,0,0,0,1,0,0,0,0
5.63,20,0,0,0,1,0,0,0,0,1,0,0,0,0,0,0,0,0
114.39,6,0,0,0,0,1,0,0,0,0,0,0,0,1,0,0,0,0
5.4,18,3,0,0,0,0,0,0,1,0,0,0,0,0,0,1,0,0
31.18,20,0,0,0,1,0,0,0,0,0,0,0,0,1,0,0,0,0
16.56,21,0,0,0,0,0,0,0,1,0,0,0,0,0,0,0,1,0
63.76,21,6,1,0,0,0,1,0,0,0,0,1,0,0,0,0,0,0
168.87,9,2,0,1,0,0,0,0,0,0,0,0,1,0,0,0,0,0
754.17,14,0,0,0,0,0,0,0,1,1,0,0,0,0,0,0,0,1
43.2,14,1,0,0,1,0,0,0,0,0,0,0,0,0,0,1,0,0
58.19,9,2,0,1,0,0,0,0,0,0,0,1,0,0,0,0,0,0
3.97,10,2,0,1,0,0,0,0,0,0,1,0,0,0,0,0,0,0
60.29,12,1,0,1,0,0,0,0,0,0,0,0,0,1,0,0,0,0
28.9,22,6,1,1,0,0,0,0,0,0,0,0,0,0,0,0,1,0
5.19,23,0,0,0,0,1,0,0,0,0,1,0,0,0,0,0,0,0
148.98,15,0,0,1,0,0,0,0,0,0,0,0,1,0,0,0,0,0
6.6,1,4,0,0,0,0,0,0,1,0,1,0,0,0,0,0,0,1
3809.95,1,5,1,0,0,0,0,0,1,0,0,0,0,0,1,0,0,1
564.55,3,1,0,0,0,0,0,0,1,0,0,0,0,0,0,0,1,1
42.98,23,1,0,0,0,1,0,0,0,0,0,0,1,0,0,0,0,0
38.15,22,3,0,0,0,0,0,0,1,0,0,0,0,0,0,1,0,0
150.2,12,0,0,0,1,0,0,0,0,0,0,0,0,0,1,0,0,0
17.6,22,2,0,0,1,0,0,0,0,1,0,0,0,0,0,0,0,0
89.23,11,6,1,0,0,0,0,1,0,0,0,0,0,0,1,0,0,0
276.34,11,2,0,0,0,0,1,0,0,0,0,0,0,0,1,0,0,0
114.91,22,2,0,0,0,0,0,0,1,0,0,0,0,1,0,0,0,0
18.65,22,6,1,0,0,0,0,0,1,0,0,0,0,0,0,0,1,0
134.39,14,6,1,1,0,0,0,0,0,0,0,0,1,0,0,0,0,0
95.07,3,2,0,0,0,0,0,0,1,0,0,1,0,0,0,0,0,1
30.95,20,0,0,1,0,0,0,0,0,0,0,0,0,0,0,0,1,0
114.83,4,4,0,0,0,0,0,0,1,1,0,0,0,0,0,0,0,1
58.79,12,6,1,0,0,1,0,0,0,0,0,0,0,0,0,1,0,0
15.84,21,6,1,0,0,0,0,0,1,0,0,0,0,0,0,0,1,0
133.02,9,5,1,1,0,0,0,0,0,0,0,0,1,0,0,0,0,0
100.01,15,3,0,1,0,0,0,0,0,0,0,0,0,1,0,0,0,0
561.13,4,6,1,0,0,0,0,0,1,0,1,0,0,0,0,0,0,1
59.71,10,5,1,1,0,0,0,0,0,0,0,1,0,0,0,0,0,0
1739.77,4,2,0,0,0,1,0,0,0,0,0,0,0,1,0,0,0,1
24.85,18,1,0,0,0,0,1,0,0,0,0,0,0,0,0,0,1,0
615.46,18,3,0,0,0,0,1,0,0,0,1,0,0,0,0,0,0,1
53.69,14,3,0,1,0,0,0,0,0,0,0,1,0,0,0,0,0,0
93.42,17,6,1,1,0,0,0,0,0,0,0,0,1,0,0,0,0,0
9.91,14,0,0,1,0,0,0,0,0,0,0,0,0,0,0,0,1,0
3.54,12,3,0,0,0,1,0,0,0,0,1,0,0,0,0,0,0,0
24.19,23,4,0,0,1,0,0,0,0,1,0,0,0,0,0,0,0,0
5.52,19,2,0,0,0,1,0,0,0,0,1,0,0,0,0,0,0,0
62.76,12,3,0,0,0,0,1,0,0,0,0,0,0,0,1,0,0,0
107.63,16,5,1,0,1,0,0,0,0,0,0,0,0,1,0,0,0,0
16.89,8,2,0,0,1,0,0,0,0,1,0,0,0,0,0,0,0,0
23.23,14,0,0,0,0,1,0,0,0,0,0,1,0,0,0,0,0,0
17.3,23,0,0,0,0,0,0,0,1,0,0,1,0,0,0,0,0,0
1919.18,1,2,0,0,0,1,0,0,0,0,0,0,1,0,0,0,0,1
24.81,17,6,1,1,0,0,0,0,0,0,0,1,0,0,0,0,0,0
26.38,19,3,0,1,0,0,0,0,0,0,0,0,0,1,0,0,0,0
101.14,10,2,0,0,1,0,0,0,0,0,0,0,1,0,0,0,0,0
18.57,22,6,1,1,0,0,0,0,0,0,0,0,0,1,0,0,0,0
2.48,6,0,0,0,1,0,0,0,0,0,1,0,0,0,0,0,0,0
2368.21,10,2,0,0,0,0,0,0,1,0,0,0,0,0,1,0,0,1
168.38,18,2,0,0,1,0,0,0,0,0,0,0,0,0,1,0,0,0
97.26,23,1,0,0,1,0,0,0,0,0,0,0,0,1,0,0,0,0
146.42,6,6,1,0,0,1,0,0,0,0,0,0,0,0,1,0,0,0
13.85,21,1,0,0,0,0,0,0,1,0,0,0,0,0,0,1,0,0
14.63,19,3,0,1,0,0,0,0,0,0,0,0,0,0,0,0,1,0
219.6,1,1,0,0,0,0,0,0,1,0,0,0,1,0,0,0,0,1
614.27,4,1,0,0,0,0,0,0,1,0,1,0,0,0,0,0,0,1
35.94,18,2,0,1,0,0,0,0,0,0,0,0,0,0,0,1,0,0
21.34,15,1,0,0,1,0,0,0,0,1,0,0,0,0,0,0,0,0
602.85,1,3,0,0,0,0,1,0,0,0,0,0,0,0,0,0,1,1
1.56,11,6,1,0,0,0,1,0,0,0,1,0,0,0,0,0,0,0
29.08,21,5,1,0,1,0,0,0,0,0,0,0,0,0,0,1,0,0
6.54,19,2,0,0,0,0,0,0,1,1,0,0,0,0,0,0,0,0
568.39,8,3,0,0,0,0,0,0,1,0,1,0,0,0,0,0,0,1
694.58,18,2,0,0,0,0,0,0,1,1,0,0,0,0,0,0,0,1
18.17,14,4,0,0,0,0,0,0,1,1,0,0,0,0,0,0,0,0
11.4,17,6,1,0,0,0,0,0,1,0,0,0,0,1,0,0,0,0
27.24,16,6,1,1,0,0,0,0,0,1,0,0,0,0,0,0,0,0
22.18,10,6,1,0,0,0,0,1,0,0,0,0,1,0,0,0,0,0
24.97,19,4,0,1,0,0,0,0,0,0,0,0,1,0,0,0,0,0
103.8,11,3,0,0,0,0,0,0,1,0,0,0,0,0,1,0,0,0
53.54,20,2,0,1,0,0,0,0,0,0,0,1,0,0,0,0,0,0
29.89,11,5,1,0,0,0,0,0,1,0,0,0,0,0,0,0,1,0
39.92,12,0,0,0,0,0,0,0,1,0,0,0,0,0,0,0,1,0
1382.86,2,1,0,0,0,1,0,0,0,0,0,0,1,0,0,0,0,1
3.45,13,3,0,0,0,0,0,0,1,0,1,0,0,0,0,0,0,0
49.39,22,2,0,1,0,0,0,0,0,0,0,0,0,1,0,0,0,0
9.46,23,4,0,1,0,0,0,0,0,0,0,0,0,0,0,1,0,0
175.39,13,1,0,0,0,0,1,0,0,0,0,0,1,0,0,0,0,0
19.63,13,5,1,0,0,0,0,0,1,1,0,0,0,0,0,0,0,0
84.42,10,0,0,1,0,0,0,0,0,0,0,0,0,1,0,0,0,0
85.17,21,2,0,0,1,0,0,0,0,0,0,0,1,0,0,0,0,0
30.28,19,6,1,0,1,0,0,0,0,1,0,0,0,0,0,0,0,0
28.41,7,2,0,1,0,0,0,0,0,0,0,0,0,0,0,1,0,0
35.13,23,3,0,0,0,0,0,0,1,0,0,0,0,0,0,0,1,0
5.35,14,1,0,0,0,0,0,1,0,0,1,0,0,0,0,0,0,0
2.46,23,1,0,1,0,0,0,0,0,0,1,0,0,0,0,0,0,0
4.66,9,5,1,0,0,1,0,0,0,0,1,0,0,0,0,0,0,0
99.65,12,5,1,0,0,1,0,0,0,0,0,0,0,1,0,0,0,0
37.39,11,0,0,1,0,0,0,0,0,0,0,0,0,0,0,0,1,0
331.27,2,5,1,0,0,0,0,1,0,0,1,0,0,0,0,0,0,1
18.14,1,2,0,0,0,0,0,0,1,0,1,0,0,0,0,0,0,1
191.28,7,6,1,0,0,1,0,0,0,0,0,0,1,0,0,0,0,0
46.57,9,3,0,0,1,0,0,0,0,0,0,0,0,1,0,0,0,0
14.62,7,6,1,0,0,0,0,0,1,1,0,0,0,0,0,0,0,0
36.18,7,6,1,0,0,0,0,0,1,0,0,0,0,0,0,1,0,0
20.8,9,5,1,0,0,0,0,1,0,0,0,0,0,0,0,0,1,0
164.7,0,2,0,0,0,0,0,0,1,0,0,0,1,0,0,0,0,1
4.08,10,5,1,0,0,0,0,0,1,0,1,0,0,0,0,0,0,0
529.09,3,0,0,0,0,0,0,0,1,0,1,0,0,0,0,0,0,1
77.29,16,5,1,0,1,0,0,0,0,0,0,0,0,1,0,0,0,0
31.55,22,0,0,0,0,1,0,0,0,0,0,0,0,0,0,0,1,0
46.84,6,5,1,1,0,0,0,0,0,0,0,0,0,0,0,1,0,0
68.13,13,4,0,1,0,0,0,0,0,0,0,0,0,0,1,0,0,0
54.29,18,1,0,0,0,1,0,0,0,0,0,0,0,1,0,0,0,0
17.59,6,3,0,0,1,0,0,0,0,0,0,0,1,0,0,0,0,0
31.69,18,5,1,1,0,0,0,0,0,0,0,1,0,0,0,0,0,0
131.14,9,5,1,0,0,0,1,0,0,0,0,0,1,0,0,0,0,0
105.92,22,1,0,0,0,0,0,0,1,0,0,0,1,0,0,0,0,0
17.52,19,2,0,0,1,0,0,0,0,0,0,0,0,0,0,0,1,0
99.67,18,4,0,1,0,0,0,0,0,0,0,0,0,1,0,0,0,0
21.04,21,1,0,1,0,0,0,0,0,0,0,0,0,1,0,0,0,0
46.91,11,6,1,0,0,0,0,0,1,0,0,0,0,0,0,1,0,0
31.68,23,3,0,0,1,0,0,0,0,1,0,0,0,0,0,0,0,0
49.78,12,0,0,0,1,0,0,0,0,0,0,0,0,1,0,0,0,0
3.19,21,0,0,0,0,0,1,0,0,0,1,0,0,0,0,0,0,0
39.24,7,3,0,1,0,0,0,0,0,0,0,0,0,1,0,0,0,0
11.72,2,4,0,0,0,0,0,0,1,0,1,0,0,0,0,0,0,1
85.42,22,2,0,1,0,0,0,0,0,0,0,0,0,0,1,0,0,0
2698.45,2,6,1,0,0,0,0,0,1,0,0,0,1,0,0,0,0,1
41.29,23,5,1,0,0,0,0,0,1,0,0,0,0,0,1,0,0,0
5.72,14,0,0,1,0,0,0,0,0,1,0,0,0,0,0,0,0,0
26.61,13,0,0,0,0,0,0,1,0,1,0,0,0,0,0,0,0,0
40.1,23,2,0,0,1,0,0,0,0,0,0,0,0,1,0,0,0,0
7.78,21,5,1,1,0,0,0,0,0,0,0,0,0,0,0,0,1,0
32.35,23,2,0,0,0,0,0,0,1,0,0,1,0,0,0,0,0,0
34.09,13,5,1,1,0,0,0,0,0,0,0,0,0,0,0,1,0,0
32.22,8,6,1,0,0,0,0,0,1,1,0,0,0,0,0,0,0,0
5.25,6,4,0,0,0,0,0,0,1,0,1,0,0,0,0,0,0,0
736.56,19,6,1,0,0,0,0,0,1,1,0,0,0,0,0,0,0,1
15.51,10,1,0,0,0,1,0,0,0,0,0,0,0,0,0,1,0,0
43.96,18,2,0,0,0,0,0,0,1,0,0,1,0,0,0,0,0,0
27.19,13,6,1,0,0,0,0,0,1,1,0,0,0,0,0,0,0,0
121.73,7,6,1,1,0,0,0,0,0,0,0,0,0,0,1,0,0,0
5.68,7,5,1,1,0,0,0,0,0,0,0,0,0,0,0,0,1,0
37.5,23,0,0,0,1,0,0,0,0,0,0,0,0,0,0,1,0,0
36.14,18,0,0,1,0,0,0,0,0,0,0,0,0,0,0,0,1,0
72.59,6,6,1,0,0,0,0,0,1,0,0,0,1,0,0,0,0,0
20.97,9,4,0,0,0,1,0,0,0,0,0,1,0,0,0,0,0,0
189.49,23,2,0,0,0,1,0,0,0,0,0,0,1,0,0,0,0,0
29.94,18,1,0,1,0,0,0,0,0,0,0,0,0,1,0,0,0,0
25.48,15,5,1,0,0,1,0,0,0,0,0,1,0,0,0,0,0,0
17.63,21,3,0,0,1,0,0,0,0,0,0,0,0,0,0,0,1,0
15.0,21,2,0,0,0,0,0,0,1,0,0,0,0,0,0,1,0,0
28.77,11,4,0,0,0,1,0,0,0,0,0,0,0,0,0,1,0,0
110.46,11,1,0,0,1,0,0,0,0,0,0,0,1,0,0,0,0,0
145.72,22,1,0,0,0,0,0,0,1,0,0,0,1,0,0,0,0,0
15.75,23,4,0,1,0,0,0,0,0,1,0,0,0,0,0,0,0,0
5.34,6,4,0,0,0,0,0,0,1,0,1,0,0,0,0,0,0,0
24.89,20,6,1,0,0,0,0,0,1,1,0,0,0,0,0,0,0,0
9.24,23,4,0,0,0,1,0,0,0,0,0,0,0,0,0,1,0,0
115.52,7,1,0,0,1,0,0,0,0,0,0,0,0,1,0,0,0,0
51.27,9,0,0,1,0,0,0,0,0,0,0,1,0,0,0,0,0,0
4.4,6,5,1,0,0,0,1,0,0,0,1,0,0,0,0,0,0,0
87.53,8,3,0,0,0,0,1,0,0,0,0,0,0,1,0,0,0,0
97.43,19,6,1,0,0,0,0,1,0,0,0,0,0,1,0,0,0,0
64.82,9,1,0,0,0,0,0,1,0,0,0,0,0,0,1,0,0,0
60.63,11,6,1,0,0,0,1,0,0,0,0,1,0,0,0,0,0,0
29.3,17,1,0,0,1,0,0,0,0,1,0,0,0,0,0,0,0,0
11.71,18,2,0,1,0,0,0,0,0,0,0,1,0,0,0,0,0,0
214.93,22,2,0,1,0,0,0,0,0,0,0,0,0,0,1,0,0,0
239.66,0,0,0,0,0,0,0,0,1,0,0,0,0,0,0,1,0,1
37.63,8,1,0,0,0,1,0,0,0,0,0,0,0,0,0,0,1,0
83.0,16,5,1,0,1,0,0,0,0,0,0,0,0,1,0,0,0,0
54.84,17,3,0,0,0,1,0,0,0,0,0,0,0,0,0,1,0,0
48.16,21,6,1,0,1,0,0,0,0,0,0,0,0,0,0,1,0,0
146.87,11,1,0,0,0,0,0,1,0,0,0,0,1,0,0,0,0,0
189.6,7,6,1,0,0,1,0,0,0,0,0,0,1,0,0,0,0,0
108.83,21,0,0,0,0,1,0,0,0,0,0,0,0,1,0,0,0,0
90.03,18,5,1,1,0,0,0,0,0,0,0,0,0,1,0,0,0,0
506.84,12,4,0,0,0,0,0,1,0,0,0,0,0,0,0,0,1,1
232.14,7,0,0,0,1,0,0,0,0,0,0,0,0,0,1,0,0,0
72.87,14,0,0,0,0,0,0,1,0,0,0,0,0,1,0,0,0,0
7.6,17,6,1,1,0,0,0,0,0,0,0,0,0,0,0,0,1,0
84.31,22,6,1,0,0,1,0,0,0,0,0,0,0,1,0,0,0,0
519.05,15,0,0,0,0,0,0,0,1,0,0,1,0,0,0,0,0,1
30.75,23,1,0,0,1,0,0,0,0,1,0,0,0,0,0,0,0,0
250.74,3,1,0,0,0,0,0,0,1,0,0,0,0,0,0,1,0,1
1137.94,0,6,1,0,0,0,0,0,1,0,0,0,0,0,0,1,0,1
31.47,12,3,0,1,0,0,0,0,0,1,0,0,0,0,0,0,0,0
1.7,21,2,0,1,0,0,0,0,0,0,1,0,0,0,0,0,0,0
871.81,0,3,0,0,0,1,0,0,0,0,0,1,0,0,0,0,0,1
14.07,21,2,0,0,1,0,0,0,0,0,0,0,0,1,0,0,0,0
44.41,6,5,1,1,0,0,0,0,0,0,0,0,0,0,0,1,0,0
4.06,21,5,1,1,0,0,0,0,0,0,1,0,0,0,0,0,0,0
97.27,21,5,1,0,0,0,0,1,0,0,0,0,0,1,0,0,0,0
20.08,10,3,0,0,1,0,0,0,0,0,0,0,0,0,0,0,1,0
2.65,15,1,0,1,0,0,0,0,0,0,1,0,0,0,0,0,0,0
33.12,7,3,0,0,0,0,0,1,0,0,0,1,0,0,0,0,0,0
11.14,18,3,0,0,0,1,0,0,0,0,0,0,0,0,0,0,1,0
12.14,22,6,1,1,0,0,0,0,0,0,0,0,0,0,0,1,0,0
34.76,18,2,0,1,0,0,0,0,0,1,0,0,0,0,0,0,0,0
100.32,12,1,0,0,1,0,0,0,0,0,0,0,0,0,1,0,0,0
85.75,6,6,1,0,1,0,0,0,0,0,0,0,1,0,0,0,0,0
11.89,19,6,1,0,0,1,0,0,0,0,0,0,0,0,0,1,0,0
35.49,22,1,0,0,0,1,0,0,0,0,0,1,0,0,0,0,0,0
61.99,22,0,0,1,0,0,0,0,0,0,0,0,1,0,0,0,0,0
64.73,17,6,1,1,0,0,0,0,0,0,0,0,0,1,0,0,0,0
15.14,2,0,0,0,0,0,0,0,1,0,1,0,0,0,0,0,0,1
16.0,7,2,0,0,1,0,0,0,0,0,0,1,0,0,0,0,0,0
52.83,18,6,1,1,0,0,0,0,0,0,0,0,0,0,0,1,0,0
9.15,8,5,1,0,1,0,0,0,0,0,0,0,0,0,0,0,1,0
44.82,21,3,0,1,0,0,0,0,0,0,0,0,0,0,0,1,0,0
1574.76,1,6,1,0,0,0,1,0,0,0,0,0,0,0,0,1,0,1
35.42,16,2,0,1,0,0,0,0,0,0,0,0,0,0,0,1,0,0
23.28,20,4,0,0,0,0,0,1,0,0,0,0,1,0,0,0,0,0
3.64,10,4,0,0,1,0,0,0,0,0,1,0,0,0,0,0,0,0
47.37,20,2,0,0,0,1,0,0,0,0,0,0,0,0,0,1,0,0
38.98,9,1,0,1,0,0,0,0,0,0,0,0,0,0,0,0,1,0
66.09,22,4,0,0,0,0,1,0,0,0,0,0,1,0,0,0,0,0
35.61,23,5,1,0,0,0,0,0,1,0,0,1,0,0,0,0,0,0
112.06,6,2,0,0,0,0,0,0,1,0,0,0,0,1,0,0,0,0
4.63,13,5,1,0,1,0,0,0,0,0,1,0,0,0,0,0,0,0
103.07,12,4,0,1,0,0,0,0,0,0,0,0,0,0,1,0,0,0
5.93,12,3,0,0,0,0,0,0,1,1,0,0,0,0,0,0,0,0
36.28,23,3,0,0,0,0,0,0,1,0,0,0,0,0,0,0,1,0
42.96,12,2,0,1,0,0,0,0,0,0,0,0,1,0,0,0,0,0
39.78,7,4,0,1,0,0,0,0,0,0,0,1,0,0,0,0,0,0
278.67,1,6,1,0,0,0,0,0,1,0,0,0,0,1,0,0,0,1
40.17,23,3,0,0,0,0,0,1,0,0,0,0,0,0,0,1,0,0
19.68,11,5,1,0,0,1,0,0,0,0,0,0,0,0,0,1,0,0
71.49,17,0,0,1,0,0,0,0,0,0,0,1,0,0,0,0,0,0
24.65,14,5,1,0,0,0,0,1,0,1,0,0,0,0,0,0,0,0
291.62,13,3,0,0,0,0,0,0,1,0,0,0,0,0,1,0,0,0
346.06,0,6,1,0,0,1,0,0,0,0,1,0,0,0,0,0,0,1
339.35,2,6,1,0,0,0,0,0,1,0,1,0,0,0,0,0,0,1
12.93,10,6,1,0,0,0,0,1,0,0,0,0,0,0,0,0,1,0
33.95,12,2,0,1,0,0,0,0,0,1,0,0,0,0,0,0,0,0
100.38,12,1,0,0,0,0,0,1,0,0,0,0,0,1,0,0,0,0
27.04,12,5,1,0,0,1,0,0,0,1,0,0,0,0,0,0,0,0
198.68,14,4,0,0,0,0,0,0,1,0,0,0,1,0,0,0,0,0
65.73,15,1,0,0,0,0,1,0,0,0,0,0,0,1,0,0,0,0
59.34,18,3,0,0,0,0,0,0,1,0,0,1,0,0,0,0,0,0
100.21,6,2,0,0,0,0,0,0,1,0,0,0,0,1,0,0,0,0
35.3,7,4,0,1,0,0,0,0,0,0,0,1,0,0,0,0,0,0
1405.25,3,1,0,0,0,0,0,1,0,0,0,0,1,0,0,0,0,1
29.78,20,3,0,0,0,0,0,0,1,0,0,0,0,0,0,1,0,0
21.78,21,4,0,0,1,0,0,0,0,0,0,0,1,0,0,0,0,0
10.4,8,6,1,0,0,0,0,0,1,0,0,1,0,0,0,0,0,0
1622.83,21,2,0,0,0,0,0,0,1,0,0,0,0,0,0,0,1,1
273.54,23,4,0,0,0,0,0,0,1,0,0,0,0,0,1,0,0,0
28.7,8,2,0,0,0,0,0,0,1,0,0,1,0,0,0,0,0,0
34.09,16,4,0,0,1,0,0,0,0,1,0,0,0,0,0,0,0,0
95.76,18,2,0,0,1,0,0,0,0,0,0,0,0,1,0,0,0,0
582.79,4,3,0,0,0,0,0,0,1,0,0,0,0,1,0,0,0,1
16.65,23,4,0,0,0,1,0,0,0,0,0,0,1,0,0,0,0,0
5.25,23,2,0,0,0,1,0,0,0,0,1,0,0,0,0,0,0,0
78.82,11,0,0,0,0,1,0,0,0,0,0,1,0,0,0,0,0,0
175.83,7,4,0,0,0,1,0,0,0,0,0,0,1,0,0,0,0,0
32.69,7,0,0,0,0,0,0,0,1,0,0,0,0,0,0,0,1,0
99.16,10,1,0,1,0,0,0,0,0,0,0,0,0,1,0,0,0,0
36.66,17,2,0,0,1,0,0,0,0,0,0,0,0,0,0,0,1,0
14.3,12,1,0,0,1,0,0,0,0,0,0,0,0,0,0,0,1,0
4.83,11,6,1,0,0,0,0,0,1,0,1,0,0,0,0,0,0,0
64.9,14,5,1,0,0,0,0,0,1,0,0,0,1,0,0,0,0,0
28.7,7,1,0,0,0,1,0,0,0,0,0,0,1,0,0,0,0,0
15.15,23,4,0,1,0,0,0,0,0,0,0,0,0,0,0,1,0,0
42.95,14,0,0,0,0,1,0,0,0,0,0,1,0,0,0,0,0,0
4.35,18,5,1,0,0,0,0,0,1,0,1,0,0,0,0,0,0,0
34.47,20,5,1,0,0,0,0,1,0,1,0,0,0,0,0,0,0,0
80.94,16,1,0,1,0,0,0,0,0,0,0,0,0,1,0,0,0,0
31.93,11,6,1,1,0,0,0,0,0,0,0,1,0,0,0,0,0,0
28.77,15,5,1,1,0,0,0,0,0,0,0,1,0,0,0,0,0,0
47.09,15,1,0,0,0,0,1,0,0,0,0,0,0,1,0,0,0,0
15.98,23,1,0,1,0,0,0,0,0,1,0,0,0,0,0,0,0,0
58.34,12,0,0,0,0,1,0,0,0,0,0,1,0,0,0,0,0,0
34.95,22,6,1,1,0,0,0,0,0,0,0,0,1,0,0,0,0,0
5.78,16,5,1,0,0,0,0,0,1,0,1,0,0,0,0,0,0,0
34.49,12,0,0,1,0,0,0,0,0,0,0,0,0,0,0,0,1,0
2.01,11,6,1,0,1,0,0,0,0,0,1,0,0,0,0,0,0,0
83.62,17,2,0,0,0,0,0,0,1,0,0,0,0,1,0,0,0,0
3.4,9,5,1,0,1,0,0,0,0,0,1,0,0,0,0,0,0,0
190.46,21,3,0,0,0,1,0,0,0,0,0,0,0,0,1,0,0,0
23.21,15,4,0,0,0,0,0,0,1,0,0,1,0,0,0,0,0,0
11.36,11,0,0,1,0,0,0,0,0,0,0,0,0,1,0,0,0,0
29.05,16,2,0,1,0,0,0,0,0,1,0,0,0,0,0,0,0,0
22.86,23,3,0,0,0,0,0,0,1,1,0,0,0,0,0,0,0,0
411.51,3,6,1,0,0,0,0,0,1,0,0,0,1,0,0,0,0,1
105.18,14,2,0,0,0,1,0,0,0,0,0,0,1,0,0,0,0,0
74.48,22,5,1,0,0,0,0,0,1,0,0,0,1,0,0,0,0,0
19.43,7,6,1,0,1,0,0,0,0,0,0,1,0,0,0,0,0,0
136.35,8,0,0,1,0,0,0,0,0,0,0,0,0,0,1,0,0,0
5.65,19,5,1,0,0,0,0,0,1,0,1,0,0,0,0,0,0,0
10.41,18,0,0,0,0,0,0,0,1,0,0,1,0,0,0,0,0,0
42.68,13,3,0,1,0,0,0,0,0,0,0,1,0,0,0,0,0,0
64.97,12,3,0,0,0,0,0,0,1,0,0,0,1,0,0,0,0,0
204.97,18,3,0,1,0,0,0,0,0,0,0,0,0,0,1,0,0,0
24.35,13,1,0,0,1,0,0,0,0,1,0,0,0,0,0,0,0,0
1.86,23,6,1,1,0,0,0,0,0,0,1,0,0,0,0,0,0,0
75.04,23,5,1,1,0,0,0,0,0,0,0,1,0,0,0,0,0,0
16.86,19,4,0,1,0,0,0,0,0,0,0,1,0,0,0,0,0,0
14.41,22,1,0,0,0,0,0,0,1,1,0,0,0,0,0,0,0,0
670.3,9,6,1,0,0,0,0,0,1,0,1,0,0,0,0,0,0,1
30.44,11,5,1,0,1,0,0,0,0,1,0,0,0,0,0,0,0,0
259.7,10,1,0,1,0,0,0,0,0,0,0,0,0,0,1,0,0,0
4.61,17,1,0,0,0,1,0,0,0,0,1,0,0,0,0,0,0,0
107.23,23,4,0,1,0,0,0,0,0,0,0,0,0,1,0,0,0,0
25.9,16,6,1,0,0,1,0,0,0,0,0,0,0,0,0,0,1,0
28.13,23,0,0,0,0,0,0,0,1,0,0,0,0,0,0,0,1,0
14.21,17,6,1,0,1,0,0,0,0,1,0,0,0,0,0,0,0,0
15.5,23,6,1,0,0,0,0,0,1,0,0,0,0,0,0,1,0,0
26.53,8,5,1,1,0,0,0,0,0,0,0,0,0,0,0,1,0,0
750.69,0,6,1,0,1,0,0,0,0,1,0,0,0,0,0,0,0,1
38.77,13,1,0,0,0,0,1,0,0,0,0,0,0,0,0,1,0,0
57.99,6,5,1,1,0,0,0,0,0,0,0,0,0,0,0,1,0,0
25.6,23,2,0,0,1,0,0,0,0,0,0,0,1,0,0,0,0,0
4.17,6,2,0,1,0,0,0,0,0,0,1,0,0,0,0,0,0,0
12.54,7,2,0,0,0,0,1,0,0,1,0,0,0,0,0,0,0,0
69.67,23,5,1,1,0,0,0,0,0,0,0,0,0,1,0,0,0,0
26.95,8,1,0,0,0,0,0,0,1,1,0,0,0,0,0,0,0,0
52.8,7,3,0,1,0,0,0,0,0,0,0,1,0,0,0,0,0,0
164.32,17,4,0,0,1,0,0,0,0,0,0,0,0,0,1,0,0,0
1198.49,18,6,1,0,0,0,0,0,1,0,0,0,0,1,0,0,0,1
41.46,14,6,1,1,0,0,0,0,0,0,0,1,0,0,0,0,0,0
29.83,20,5,1,1,0,0,0,0,0,0,0,0,0,0,0,1,0,0
750.5,2,3,0,0,0,0,0,0,1,0,0,0,1,0,0,0,0,1
14.31,17,6,1,0,0,0,0,0,1,1,0,0,0,0,0,0,0,0
32.29,13,3,0,1,0,0,0,0,0,0,0,0,1,0,0,0,0,0
13.2,23,6,1,0,0,0,0,1,0,1,0,0,0,0,0,0,0,0
59.89,8,4,0,0,1,0,0,0,0,0,0,0,0,1,0,0,0,0
2.75,17,5,1,0,1,0,0,0,0,0,1,0,0,0,0,0,0,0
108.8,15,0,0,1,0,0,0,0,0,0,0,0,1,0,0,0,0,0
19.05,13,5,1,0,1,0,0,0,0,0,0,0,0,0,0,0,1,0
1588.7,11,0,0,0,0,0,0,1,0,0,0,0,0,1,0,0,0,1
29.66,23,6,1,0,1,0,0,0,0,0,0,0,1,0,0,0,0,0
18.59,17,1,0,0,0,0,0,0,1,0,0,0,0,0,0,1,0,0
12.39,13,1,0,1,0,0,0,0,0,0,0,0,0,0,0,0,1,0
43.39,9,4,0,0,0,0,0,0,1,0,0,1,0,0,0,0,0,0
372.17,1,2,0,0,0,0,0,0,1,0,0,1,0,0,0,0,0,1
30.45,23,0,0,1,0,0,0,0,0,0,0,1,0,0,0,0,0,0
20.53,10,6,1,1,0,0,0,0,0,1,0,0,0,0,0,0,0,0
166.96,1,6,1,0,0,0,0,0,1,1,0,0,0,0,0,0,0,1
53.5,20,3,0,0,1,0,0,0,0,0,0,0,0,0,1,0,0,0
4.38,19,0,0,0,0,0,0,0,1,0,1,0,0,0,0,0,0,0
20.69,15,6,1,0,0,0,0,0,1,0,0,0,0,0,0,0,1,0
6.95,19,4,0,0,0,0,0,1,0,1,0,0,0,0,0,0,0,0
14.2,14,2,0,0,0,0,0,0,1,0,0,1,0,0,0,0,0,0
340.91,3,3,0,0,0,0,0,0,1,0,0,1,0,0,0,0,0,1
75.4,7,1,0,0,0,0,0,0,1,0,0,0,1,0,0,0,0,0
67.4,22,2,0,1,0,0,0,0,0,0,0,1,0,0,0,0,0,0
36.47,22,1,0,1,0,0,0,0,0,0,0,0,0,0,0,0,1,0
43.42,21,3,0,0,1,0,0,0,0,0,0,0,0,0,0,1,0,0
5.35,7,0,0,0,0,0,1,0,0,0,1,0,0,0,0,0,0,0
55.59,17,3,0,1,0,0,0,0,0,0,0,0,0,0,0,1,0,0
1038.75,1,2,0,0,0,0,0,0,1,0,0,0,0,0,0,1,0,1
4.15,19,4,0,1,0,0,0,0,0,0,1,0,0,0,0,0,0,0
63.08,7,0,0,0,1,0,0,0,0,0,0,1,0,0,0,0,0,0
41.22,11,5,1,1,0,0,0,0,0,0,0,0,0,0,0,1,0,0
95.9,21,3,0,1,0,0,0,0,0,0,0,0,0,1,0,0,0,0
7.24,20,5,1,1,0,0,0,0,0,1,0,0,0,0,0,0,0,0
114.89,6,5,1,0,0,0,1,0,0,0,0,0,1,0,0,0,0,0
251.64,0,2,0,0,0,0,0,0,1,0,0,0,0,1,0,0,0,1
4.47,16,6,1,0,1,0,0,0,0,0,1,0,0,0,0,0,0,0
37.01,12,1,0,0,0,0,0,0,1,0,0,0,0,0,0,0,1,0
143.32,2,6,1,0,0,0,0,0,1,0,0,0,0,1,0,0,0,1
1898.13,0,4,0,0,1,0,0,0,0,0,0,0,0,0,0,1,0,1
38.25,16,4,0,1,0,0,0,0,0,0,0,0,0,0,0,0,1,0
261.21,9,2,0,0,0,0,0,0,1,0,0,0,0,0,1,0,0,0
652.76,7,6,1,1,0,0,0,0,0,1,0,0,0,0,0,0,0,1
59.22,22,3,0,0,1,0,0,0,0,0,0,0,0,0,0,1,0,0
18.68,15,6,1,1,0,0,0,0,0,0,0,0,0,0,0,0,1,0
172.89,9,2,0,1,0,0,0,0,0,0,0,0,1,0,0,0,0,0
163.47,10,0,0,0,0,0,0,0,1,0,0,0,0,0,1,0,0,0
34.33,12,3,0,0,1,0,0,0,0,1,0,0,0,0,0,0,0,0
51.16,6,1,0,0,0,0,0,0,1,0,0,1,0,0,0,0,0,0
172.19,20,4,0,0,1,0,0,0,0,0,0,0,0,0,1,0,0,0
3.93,9,3,0,1,0,0,0,0,0,0,1,0,0,0,0,0,0,0
26.19,7,1,0,0,1,0,0,0,0,0,0,1,0,0,0,0,0,0
33.07,8,2,0,1,0,0,0,0,0,1,0,0,0,0,0,0,0,0
4.53,12,4,0,1,0,0,0,0,0,0,1,0,0,0,0,0,0,0
236.08,20,6,1,1,0,0,0,0,0,0,0,0,0,0,1,0,0,0
191.15,19,0,0,0,0,0,0,0,1,0,0,0,0,0,1,0,0,0
30.02,19,1,0,1,0,0,0,0,0,0,0,0,0,0,0,1,0,0
41.16,18,2,0,0,0,0,0,0,1,0,0,0,0,0,0,1,0,0
184.26,10,4,0,1,0,0,0,0,0,0,0,0,1,0,0,0,0,0
527.17,3,0,0,0,0,1,0,0,0,0,1,0,0,0,0,0,0,1
145.07,17,0,0,1,0,0,0,0,0,0,0,0,1,0,0,0,0,0
32.33,23,2,0,0,0,1,0,0,0,1,0,0,0,0,0,0,0,0
34.97,14,1,0,0,0,0,0,1,0,1,0,0,0,0,0,0,0,0
13.27,15,6,1,1,0,0,0,0,0,0,0,1,0,0,0,0,0,0
27.01,10,4,0,1,0,0,0,0,0,0,0,1,0,0,0,0,0,0
251.63,12,2,0,1,0,0,0,0,0,0,0,0,0,0,1,0,0,0
78.05,12,4,0,1,0,0,0,0,0,0,0,1,0,0,0,0,0,0
72.12,4,0,0,0,0,0,0,0,1,1,0,0,0,0,0,0,0,1
4.59,10,5,1,1,0,0,0,0,0,0,1,0,0,0,0,0,0,0
35.74,9,2,0,0,1,0,0,0,0,0,0,1,0,0,0,0,0,0
55.78,23,6,1,1,0,0,0,0,0,0,0,0,1,0,0,0,0,0
47.13,13,3,0,0,1,0,0,0,0,0,0,0,0,0,0,1,0,0
17.7,20,4,0,1,0,0,0,0,0,0,0,0,1,0,0,0,0,0
105.56,2,4,0,0,0,0,0,0,1,0,0,0,0,1,0,0,0,1
18.22,16,6,1,0,0,0,1,0,0,0,0,0,0,0,0,1,0,0
90.09,2,4,0,0,0,0,0,0,1,0,0,0,0,0,1,0,0,1
66.14,9,2,0,0,1,0,0,0,0,0,0,1,0,0,0,0,0,0
20.84,12,1,0,1,0,0,0,0,0,0,0,1,0,0,0,0,0,0
59.6,18,1,0,0,0,0,0,0,1,0,0,0,0,0,0,1,0,0
27.15,23,5,1,1,0,0,0,0,0,1,0,0,0,0,0,0,0,0
24.54,21,6,1,1,0,0,0,0,0,0,0,0,0,0,0,0,1,0
5.97,15,1,0,1,0,0,0,0,0,0,1,0,0,0,0,0,0,0
10.74,17,0,0,1,0,0,0,0,0,0,0,0,0,0,0,1,0,0
30.87,16,1,0,0,0,0,1,0,0,0,0,1,0,0,0,0,0,0
148.3,14,3,0,0,0,0,0,1,0,0,0,0,0,0,1,0,0,0
27.28,23,4,0,1,0,0,0,0,0,0,0,1,0,0,0,0,0,0
815.18,16,4,0,0,0,0,0,0,1,1,0,0,0,0,0,0,0,1
6.23,3,2,0,0,0,0,0,0,1,0,1,0,0,0,0,0,0,1
36.23,10,0,0,0,1,0,0,0,0,0,0,1,0,0,0,0,0,0
587.76,2,5,1,0,0,0,0,0,1,0,1,0,0,0,0,0,0,1
4.37,19,3,0,1,0,0,0,0,0,0,1,0,0,0,0,0,0,0
854.15,0,0,0,1,0,0,0,0,0,1,0,0,0,0,0,0,0,1
4.13,23,2,0,0,0,0,0,0,1,0,1,0,0,0,0,0,0,0
32.24,14,4,0,1,0,0,0,0,0,0,0,0,1,0,0,0,0,0
6.73,7,6,1,0,1,0,0,0,0,0,0,0,0,0,0,0,1,0
6.35,14,1,0,1,0,0,0,0,0,1,0,0,0,0,0,0,0,0
110.27,9,4,0,1,0,0,0,0,0,0,0,0,1,0,0,0,0,0
32.26,9,4,0,0,0,0,0,0,1,0,0,0,0,0,0,1,0,0
4906.75,14,2,0,0,0,0,1,0,0,0,0,0,0,0,1,0,0,1
40.25,11,3,0,0,0,0,0,0,1,0,0,0,0,0,1,0,0,0
12.35,18,5,1,0,0,1,0,0,0,0,0,1,0,0,0,0,0,0
792.05,2,0,0,1,0,0,0,0,0,1,0,0,0,0,0,0,0,1
4.86,16,6,1,0,0,0,0,0,1,0,1,0,0,0,0,0,0,0
2.54,12,6,1,0,0,0,0,0,1,0,1,0,0,0,0,0,0,0
22.33,15,6,1,0,1,0,0,0,0,1,0,0,0,0,0,0,0,0
29.1,22,3,0,0,0,0,0,0,1,0,0,1,0,0,0,0,0,0
2.32,8,2,0,1,0,0,0,0,0,0,1,0,0,0,0,0,0,0
3.63,11,2,0,0,1,0,0,0,0,0,1,0,0,0,0,0,0,0
13.84,10,6,1,0,0,1,0,0,0,0,0,0,0,1,0,0,0,0
107.95,3,3,0,0,0,0,0,0,1,0,0,1,0,0,0,0,0,1
58.86,6,5,1,0,0,0,0,0,1,0,0,0,0,0,0,1,0,0
5.46,8,6,1,0,0,1,0,0,0,0,1,0,0,0,0,0,0,0
45.38,8,1,0,0,1,0,0,0,0,0,0,1,0,0,0,0,0,0
59.94,7,4,0,1,0,0,0,0,0,0,0,0,1,0,0,0,0,0
33.29,9,1,0,1,0,0,0,0,0,0,0,0,0,0,0,0,1,0
733.55,4,2,0,0,0,0,0,0,1,0,0,1,0,0,0,0,0,1
31.15,11,5,1,0,1,0,0,0,0,0,0,0,0,0,0,0,1,0
38.93,9,3,0,0,0,1,0,0,0,0,0,0,0,0,1,0,0,0
42.64,16,4,0,0,1,0,0,0,0,0,0,0,0,1,0,0,0,0
293.42,12,2,0,0,0,1,0,0,0,0,0,0,0,0,1,0,0,0
23.73,7,1,0,0,0,0,0,0,1,0,0,0,0,0,0,1,0,0
230.24,16,4,0,0,0,1,0,0,0,0,0,0,0,0,1,0,0,0
67.9,23,3,0,0,0,0,0,0,1,0,0,1,0,0,0,0,0,0
138.75,6,0,0,1,0,0,0,0,0,0,0,0,1,0,0,0,0,0
24.53,14,6,1,1,0,0,0,0,0,0,0,0,0,0,0,1,0,0
5.55,19,4,0,0,0,0,0,0,1,0,1,0,0,0,0,0,0,0
14.98,23,2,0,0,0,0,1,0,0,0,0,0,0,0,0,0,1,0
150.28,18,4,0,1,0,0,0,0,0,0,0,0,0,0,1,0,0,0
34.0,20,5,1,1,0,0,0,0,0,1,0,0,0,0,0,0,0,0
111.83,22,6,1,1,0,0,0,0,0,0,0,0,0,1,0,0,0,0
2.37,10,1,0,0,1,0,0,0,0,0,1,0,0,0,0,0,0,0
57.52,17,5,1,1,0,0,0,0,0,0,0,1,0,0,0,0,0,0
43.23,17,0,0,1,0,0,0,0,0,0,0,0,0,0,0,1,0,0
17.14,20,6,1,1,0,0,0,0,0,1,0,0,0,0,0,0,0,0
66.0,11,2,0,1,0,0,0,0,0,0,0,1,0,0,0,0,0,0
5.3,7,1,0,0,1,0,0,0,0,0,1,0,0,0,0,0,0,0
6.66,8,3,0,0,0,1,0,0,0,1,0,0,0,0,0,0,0,0
159.3,8,5,1,0,1,0,0,0,0,0,0,0,1,0,0,0,0,0
39.95,12,5,1,1,0,0,0,0,0,0,0,0,0,0,0,1,0,0
30.4,17,5,1,0,1,0,0,0,0,0,0,0,0,0,1,0,0,0
39.9,22,1,0,0,1,0,0,0,0,0,0,1,0,0,0,0,0,0
172.79,15,4,0,0,0,0,0,0,1,0,0,0,1,0,0,0,0,0
26.48,17,5,1,1,0,0,0,0,0,0,0,1,0,0,0,0,0,0
153.98,7,1,0,1,0,0,0,0,0,0,0,0,0,0,1,0,0,0
41.61,12,2,0,0,0,0,0,0,1,0,0,0,0,0,0,1,0,0
103.61,16,3,0,0,1,0,0,0,0,0,0,0,0,1,0,0,0,0
32.54,22,1,0,1,0,0,0,0,0,0,0,0,0,0,0,0,1,0
19.4,10,5,1,0,0,0,0,0,1,0,0,0,1,0,0,0,0,0
41.34,15,5,1,0,0,0,1,0,0,0,0,0,0,1,0,0,0,0
88.26,12,5,1,0,0,0,0,0,1,0,0,0,0,0,1,0,0,0
13.75,9,2,0,1,0,0,0,0,0,0,0,0,0,0,0,0,1,0
4.33,12,4,0,0,0,0,0,0,1,0,1,0,0,0,0,0,0,0
5.07,22,2,0,1,0,0,0,0,0,0,0,0,0,0,0,0,1,0
1.69,20,2,0,1,0,0,0,0,0,0,1,0,0,0,0,0,0,0
86.64,15,2,0,0,0,0,0,0,1,0,0,0,0,1,0,0,0,0
1768.93,9,3,0,0,0,0,0,0,1,0,0,0,0,1,0,0,0,1
255.25,23,5,1,0,0,0,0,0,1,0,0,0,0,0,1,0,0,0
643.74,9,4,0,0,0,0,0,0,1,0,1,0,0,0,0,0,0,1
27.92,13,4,0,1,0,0,0,0,0,0,0,1,0,0,0,0,0,0
2298.18,4,1,0,0,0,0,0,1,0,0,0,0,0,1,0,0,0,1
898.29,1,6,1,0,0,0,0,0,1,0,0,1,0,0,0,0,0,1
21.48,17,6,1,0,1,0,0,0,0,0,0,1,0,0,0,0,0,0
34.88,7,2,0,0,1,0,0,0,0,0,0,0,1,0,0,0,0,0
52.22,20,6,1,1,0,0,0,0,0,0,0,1,0,0,0,0,0,0
117.29,14,3,0,0,0,1,0,0,0,0,0,0,0,0,1,0,0,0
150.77,15,6,1,0,1,0,0,0,0,0,0,0,1,0,0,0,0,0
43.12,23,5,1,1,0,0,0,0,0,0,0,0,0,0,0,1,0,0
3.82,16,1,0,0,0,0,1,0,0,0,1,0,0,0,0,0,0,0
22.42,13,2,0,1,0,0,0,0,0,0,0,0,0,0,0,0,1,0
40.09,21,2,0,0,1,0,0,0,0,0,0,0,0,0,0,1,0,0
5.58,10,5,1,0,0,0,0,0,1,0,1,0,0,0,0,0,0,0
70.23,14,4,0,0,0,0,0,0,1,0,0,0,1,0,0,0,0,0
4.14,8,2,0,1,0,0,0,0,0,0,1,0,0,0,0,0,0,0
93.71,22,5,1,1,0,0,0,0,0,0,0,0,0,1,0,0,0,0
174.37,19,5,1,0,0,0,0,0,1,0,0,0,0,0,1,0,0,0
34.46,8,5,1,0,0,0,0,1,0,1,0,0,0,0,0,0,0,0
30.27,16,1,0,1,0,0,0,0,0,0,0,0,0,0,0,0,1,0
50.89,7,5,1,1,0,0,0,0,0,0,0,0,0,1,0,0,0,0
33.15,23,1,0,0,1,0,0,0,0,0,0,0,0,0,0,1,0,0
184.97,9,1,0,0,0,0,0,0,1,0,0,0,0,0,1,0,0,0
5.2,16,3,0,1,0,0,0,0,0,0,1,0,0,0,0,0,0,0
33.05,9,3,0,0,1,0,0,0,0,0,0,0,0,0,0,0,1,0
167.67,18,5,1,0,0,0,0,0,1,0,0,0,1,0,0,0,0,0
197.1,10,0,0,1,0,0,0,0,0,0,0,0,1,0,0,0,0,0
36.22,9,3,0,1,0,0,0,0,0,0,0,0,0,0,0,0,1,0
42.04,17,3,0,1,0,0,0,0,0,0,0,1,0,0,0,0,0,0
23.03,12,6,1,0,0,1,0,0,0,0,0,0,0,0,0,1,0,0
97.66,2,6,1,0,0,0,0,0,1,1,0,0,0,0,0,0,0,1
178.2,23,6,1,0,0,0,0,0,1,0,0,0,1,0,0,0,0,0
37.35,14,6,1,0,0,1,0,0,0,0,0,0,0,0,0,1,0,0
58.75,17,3,0,0,1,0,0,0,0,0,0,0,1,0,0,0,0,0
107.78,10,3,0,1,0,0,0,0,0,0,0,0,0,1,0,0,0,0
60.18,22,4,0,1,0,0,0,0,0,0,0,0,0,1,0,0,0,0
4.04,20,1,0,1,0,0,0,0,0,0,1,0,0,0,0,0,0,0
31.68,12,0,0,1,0,0,0,0,0,0,0,0,0,0,0,0,1,0
94.4,20,1,0,0,0,1,0,0,0,0,0,0,0,1,0,0,0,0
17.49,20,4,0,0,1,0,0,0,0,0,0,0,0,0,0,0,1,0
18.15,23,3,0,1,0,0,0,0,0,0,0,0,1,0,0,0,0,0
6.72,15,4,0,1,0,0,0,0,0,1,0,0,0,0,0,0,0,0
155.79,12,3,0,0,1,0,0,0,0,0,0,0,1,0,0,0,0,0
11.45,16,0,0,1,0,0,0,0,0,1,0,0,0,0,0,0,0,0
29.29,18,5,1,0,0,0,0,0,1,1,0,0,0,0,0,0,0,0
243.19,23,0,0,0,0,0,0,0,1,0,0,0,0,0,1,0,0,0
58.0,16,0,0,1,0,0,0,0,0,0,0,0,0,0,0,1,0,0
3.53,18,6,1,1,0,0,0,0,0,0,1,0,0,0,0,0,0,0
8.7,12,1,0,0,0,0,0,0,1,0,0,0,0,0,0,0,1,0
139.01,13,0,0,1,0,0,0,0,0,0,0,0,0,0,1,0,0,0
21.93,14,6,1,0,0,0,1,0,0,0,0,0,0,0,0,0,1,0
10.67,19,5,1,0,0,1,0,0,0,0,0,0,0,0,0,0,1,0
5.18,11,1,0,1,0,0,0,0,0,0,1,0,0,0,0,0,0,0
21.5,23,5,1,1,0,0,0,0,0,0,0,1,0,0,0,0,0,0
21.46,11,2,0,0,0,0,1,0,0,0,0,0,0,1,0,0,0,0
135.69,15,3,0,0,0,1,0,0,0,0,0,0,1,0,0,0,0,0
855.01,8,1,0,0,0,0,0,0,1,0,0,1,0,0,0,0,0,1
61.9,12,1,0,1,0,0,0,0,0,0,0,0,0,0,1,0,0,0
11.42,9,0,0,0,0,0,0,1,0,0,0,1,0,0,0,0,0,0
18.0,15,2,0,0,0,0,1,0,0,1,0,0,0,0,0,0,0,0
26.35,12,0,0,0,1,0,0,0,0,1,0,0,0,0,0,0,0,0
64.36,9,2,0,0,0,0,0,0,1,0,0,0,1,0,0,0,0,0
30.54,21,0,0,1,0,0,0,0,0,0,0,1,0,0,0,0,0,0
627.8,12,3,0,0,0,0,0,0,1,0,1,0,0,0,0,0,0,1
12.04,22,5,1,0,0,0,0,0,1,0,0,0,0,0,0,1,0,0
29.35,23,3,0,1,0,0,0,0,0,0,0,0,0,1,0,0,0,0
35.43,21,2,0,1,0,0,0,0,0,0,0,0,0,0,0,0,1,0
2.09,22,4,0,1,0,0,0,0,0,0,1,0,0,0,0,0,0,0
144.34,6,1,0,0,0,0,0,0,1,0,0,0,0,0,1,0,0,0
57.68,17,5,1,0,1,0,0,0,0,0,0,0,0,0,0,1,0,0
21.84,23,5,1,1,0,0,0,0,0,0,0,0,0,0,0,1,0,0
1207.25,18,5,1,0,0,0,0,0,1,0,0,0,1,0,0,0,0,1
39.28,22,2,0,0,1,0,0,0,0,0,0,0,0,0,0,1,0,0
2.71,23,4,0,0,1,0,0,0,0,0,1,0,0,0,0,0,0,0
110.39,6,0,0,0,0,0,0,0,1,0,0,0,1,0,0,0,0,0
4.33,15,5,1,1,0,0,0,0,0,0,1,0,0,0,0,0,0,0
93.11,6,1,0,0,0,0,0,0,1,0,0,0,0,1,0,0,0,0
32.42,15,1,0,1,0,0,0,0,0,0,0,0,0,1,0,0,0,0
3.15,15,5,1,1,0,0,0,0,0,0,1,0,0,0,0,0,0,0
171.32,13,6,1,1,0,0,0,0,0,0,0,0,0,0,1,0,0,0
5.79,12,0,0,0,1,0,0,0,0,0,1,0,0,0,0,0,0,0
294.3,23,6,1,0,1,0,0,0,0,0,0,0,0,0,1,0,0,0
147.94,0,3,0,0,0,0,0,0,1,1,0,0,0,0,0,0,0,1
31.98,15,0,0,1,0,0,0,0,0,0,0,0,1,0,0,0,0,0
18.78,9,3,0,0,0,1,0,0,0,0,0,0,1,0,0,0,0,0
60.25,3,2,0,0,0,0,0,0,1,1,0,0,0,0,0,0,0,1
40.91,22,6,1,0,0,1,0,0,0,0,0,0,0,0,0,1,0,0
38.43,17,5,1,1,0,0,0,0,0,0,0,0,0,0,0,0,1,0
26.54,17,2,0,0,0,0,0,0,1,0,0,0,1,0,0,0,0,0
2.35,11,5,1,0,0,0,0,0,1,0,1,0,0,0,0,0,0,0
16.23,7,0,0,1,0,0,0,0,0,1,0,0,0,0,0,0,0,0
66.95,13,5,1,0,0,0,0,0,1,0,0,0,1,0,0,0,0,0
929.26,1,4,0,0,0,0,0,0,1,0,0,0,1,0,0,0,0,1
39.89,17,5,1,1,0,0,0,0,0,0,0,1,0,0,0,0,0,0
16.62,12,2,0,0,1,0,0,0,0,1,0,0,0,0,0,0,0,0
199.28,14,4,0,0,0,1,0,0,0,0,0,0,1,0,0,0,0,0
32.94,14,5,1,0,1,0,0,0,0,0,0,0,0,0,0,0,1,0
172.53,20,2,0,1,0,0,0,0,0,0,0,0,1,0,0,0,0,0
47.75,23,3,0,1,0,0,0,0,0,0,0,1,0,0,0,0,0,0
157.6,15,5,1,1,0,0,0,0,0,0,0,0,0,0,1,0,0,0
23.55,10,6,1,1,0,0,0,0,0,0,0,0,0,0,0,0,1,0
8.38,23,4,0,1,0,0,0,0,0,1,0,0,0,0,0,0,0,0
252.48,6,6,1,1,0,0,0,0,0,0,0,0,0,0,1,0,0,0
24.97,13,1,0,1,0,0,0,0,0,0,0,0,0,1,0,0,0,0
124.59,22,0,0,1,0,0,0,0,0,0,0,0,1,0,0,0,0,0
68.84,0,6,1,0,0,0,0,0,1,1,0,0,0,0,0,0,0,1
137.4,22,3,0,1,0,0,0,0,0,0,0,0,0,0,1,0,0,0
13.65,7,0,0,1,0,0,0,0,0,0,0,0,0,0,0,1,0,0
68.96,22,4,0,0,0,0,0,0,1,0,0,0,0,1,0,0,0,0
1937.35,2,1,0,0,0,0,0,0,1,0,0,0,0,0,1,0,0,1
8.95,12,5,1,1,0,0,0,0,0,0,0,0,0,0,0,0,1,0
30.8,9,4,0,0,0,1,0,0,0,1,0,0,0,0,0,0,0,0
62.01,16,1,0,0,1,0,0,0,0,0,0,0,1,0,0,0,0,0
119.82,10,3,0,1,0,0,0,0,0,0,0,0,0,1,0,0,0,0
4180.29,0,0,0,0,0,0,0,0,1,0,0,0,0,0,1,0,0,1
73.67,15,3,0,1,0,0,0,0,0,0,0,1,0,0,0,0,0,0
168.71,13,4,0,0,1,0,0,0,0,0,0,0,1,0,0,0,0,0
156.46,23,0,0,1,0,0,0,0,0,0,0,0,1,0,0,0,0,0
207.79,6,6,1,1,0,0,0,0,0,0,0,0,0,0,1,0,0,0
154.14,4,6,1,0,0,0,0,0,1,0,0,0,0,0,0,1,0,1
45.04,16,6,1,0,1,0,0,0,0,0,0,0,0,0,1,0,0,0
9.8,12,1,0,0,0,0,0,0,1,0,0,0,0,0,0,0,1,0
35.29,15,1,0,1,0,0,0,0,0,0,0,0,0,0,0,1,0,0
272.27,13,1,0,0,1,0,0,0,0,0,0,0,0,0,1,0,0,0
22.92,21,1,0,1,0,0,0,0,0,0,0,0,0,0,0,0,1,0
226.98,6,4,0,0,0,0,1,0,0,0,0,0,0,0,1,0,0,0
97.53,17,4,0,1,0,0,0,0,0,0,0,0,1,0,0,0,0,0
77.19,17,5,1,0,0,0,0,1,0,0,0,1,0,0,0,0,0,0
96.69,2,4,0,0,0,0,0,0,1,1,0,0,0,0,0,0,0,1
5.3,6,3,0,1,0,0,0,0,0,0,1,0,0,0,0,0,0,0
197.39,14,3,0,0,1,0,0,0,0,0,0,0,1,0,0,0,0,0
25.75,16,4,0,0,0,0,1,0,0,1,0,0,0,0,0,0,0,0
57.07,8,4,0,0,0,0,0,0,1,0,0,1,0,0,0,0,0,0
35.25,23,5,1,0,1,0,0,0,0,0,0,0,0,0,0,1,0,0
38.86,19,2,0,1,0,0,0,0,0,0,0,0,0,0,0,0,1,0
53.1,22,2,0,1,0,0,0,0,0,0,0,0,0,0,0,1,0,0
29.08,15,0,0,1,0,0,0,0,0,0,0,1,0,0,0,0,0,0
20.48,20,2,0,0,1,0,0,0,0,0,0,0,0,0,0,0,1,0
23.71,12,1,0,0,0,0,1,0,0,0,0,0,0,0,0,1,0,0
1142.6,2,2,0,0,0,0,0,0,1,0,0,1,0,0,0,0,0,1
40.18,16,1,0,1,0,0,0,0,0,0,0,1,0,0,0,0,0,0
118.42,9,6,1,0,1,0,0,0,0,0,0,0,1,0,0,0,0,0
43.43,13,5,1,0,0,0,0,0,1,0,0,0,0,0,0,1,0,0
20.32,22,2,0,1,0,0,0,0,0,1,0,0,0,0,0,0,0,0
20.26,14,4,0,1,0,0,0,0,0,0,0,1,0,0,0,0,0,0
27.45,18,2,0,0,0,0,0,1,0,0,0,0,0,0,0,0,1,0
456.15,17,5,1,0,0,0,0,0,1,0,1,0,0,0,0,0,0,1
54.6,6,0,0,1,0,0,0,0,0,0,0,0,0,0,0,1,0,0
29.9,22,2,0,0,0,0,0,1,0,1,0,0,0,0,0,0,0,0
294.84,22,3,0,1,0,0,0,0,0,0,0,0,0,0,1,0,0,0
1.56,6,1,0,0,0,1,0,0,0,0,1,0,0,0,0,0,0,0
148.82,14,3,0,1,0,0,0,0,0,0,0,0,1,0,0,0,0,0
55.12,16,1,0,1,0,0,0,0,0,0,0,1,0,0,0,0,0,0
18.9,10,5,1,0,0,1,0,0,0,0,0,0,0,0,0,0,1,0
26.73,20,6,1,0,0,0,0,0,1,0,0,0,1,0,0,0,0,0
507.2,2,4,0,1,0,0,0,0,0,0,0,1,0,0,0,0,0,1
32.7,13,0,0,0,1,0,0,0,0,0,0,0,0,0,1,0,0,0
64.14,13,1,0,0,1,0,0,0,0,0,0,0,0,1,0,0,0,0
56.3,12,4,0,0,1,0,0,0,0,0,0,0,0,0,0,1,0,0
36.51,21,4,0,1,0,0,0,0,0,0,0,0,0,0,0,0,1,0
37.95,17,5,1,1,0,0,0,0,0,0,0,0,0,1,0,0,0,0
3.53,12,2,0,1,0,0,0,0,0,0,1,0,0,0,0,0,0,0
38.13,10,0,0,0,0,0,0,0,1,0,0,0,0,0,0,1,0,0
13.74,12,0,0,0,1,0,0,0,0,1,0,0,0,0,0,0,0,0
23.32,21,3,0,0,1,0,0,0,0,1,0,0,0,0,0,0,0,0
4.36,6,1,0,0,0,0,0,1,0,0,1,0,0,0,0,0,0,0
233.33,18,6,1,1,0,0,0,0,0,0,0,0,0,0,1,0,0,0
9.35,15,6,1,1,0,0,0,0,0,0,0,0,0,0,0,0,1,0
169.89,14,5,1,0,0,0,0,0,1,0,0,0,0,0,1,0,0,0
857.99,22,2,0,0,0,1,0,0,0,0,0,1,0,0,0,0,0,1
24.38,23,6,1,0,0,0,0,0,1,0,0,0,0,0,0,1,0,0
27.25,7,3,0,1,0,0,0,0,0,0,0,0,0,0,0,0,1,0
57.04,0,2,0,0,0,0,0,0,1,0,0,1,0,0,0,0,0,1
336.88,4,6,1,0,0,0,0,0,1,0,0,0,0,0,1,0,0,1
3.24,17,5,1,0,0,0,0,1,0,0,1,0,0,0,0,0,0,0
120.02,23,1,0,0,0,0,0,1,0,0,0,0,1,0,0,0,0,0
23.9,8,1,0,0,0,0,0,0,1,0,0,1,0,0,0,0,0,0
14.75,19,1,0,0,0,1,0,0,0,0,0,1,0,0,0,0,0,0
29.88,6,0,0,1,0,0,0,0,0,1,0,0,0,0,0,0,0,0
9.77,23,0,0,1,0,0,0,0,0,0,0,0,0,0,0,0,1,0
28.2,14,1,0,0,1,0,0,0,0,0,0,0,0,0,0,1,0,0
625.19,0,2,0,0,1,0,0,0,0,0,1,0,0,0,0,0,0,1
23.46,10,0,0,0,1,0,0,0,0,0,0,1,0,0,0,0,0,0
188.9,6,0,0,0,0,0,0,0,1,0,0,0,1,0,0,0,0,0
698.29,21,3,0,0,0,0,0,0,1,0,1,0,0,0,0,0,0,1
3.11,6,4,0,0,0,0,0,0,1,0,1,0,0,0,0,0,0,0
1407.36,3,0,0,0,0,0,0,0,1,0,0,0,1,0,0,0,0,1
9.95,13,5,1,0,0,0,0,0,1,0,0,0,0,0,0,1,0,0
2134.2,1,6,1,0,1,0,0,0,0,0,0,0,1,0,0,0,0,1
22.6,19,6,1,1,0,0,0,0,0,1,0,0,0,0,0,0,0,0
107.44,16,6,1,1,0,0,0,0,0,0,0,0,0,1,0,0,0,0
6.19,23,5,1,0,0,0,0,0,1,0,0,0,0,0,0,1,0,0
123.14,7,5,1,0,0,0,0,0,1,0,0,0,0,0,1,0,0,0
210.8,20,2,0,0,1,0,0,0,0,0,0,0,0,0,1,0,0,0
5.23,18,5,1,0,0,0,0,0,1,0,1,0,0,0,0,0,0,0
37.36,17,6,1,0,0,0,0,0,1,0,0,0,0,1,0,0,0,0
106.6,18,4,0,0,1,0,0,0,0,0,0,0,0,1,0,0,0,0
20.32,7,0,0,0,1,0,0,0,0,1,0,0,0,0,0,0,0,0
24.24,23,2,0,1,0,0,0,0,0,0,0,0,0,0,0,0,1,0
48.97,10,6,1,0,1,0,0,0,0,0,0,0,0,0,0,1,0,0
37.52,4,2,0,0,0,0,0,0,1,0,0,0,0,0,0,1,0,1
42.49,12,6,1,0,0,0,0,0,1,0,0,1,0,0,0,0,0,0
45.11,19,4,0,1,0,0,0,0,0,0,0,1,0,0,0,0,0,0
274.5,21,5,1,0,1,0,0,0,0,0,0,0,0,0,1,0,0,0
70.95,20,0,0,0,0,0,0,0,1,0,0,1,0,0,0,0,0,0
146.71,22,3,0,0,1,0,0,0,0,0,0,0,1,0,0,0,0,0
3.1,21,6,1,0,1,0,0,0,0,0,1,0,0,0,0,0,0,0
5.26,11,6,1,0,0,0,0,0,1,0,1,0,0,0,0,0,0,0
64.72,15,3,0,0,1,0,0,0,0,0,0,0,0,1,0,0,0,0
5.96,15,5,1,0,0,0,0,0,1,0,1,0,0,0,0,0,0,0
59.58,10,2,0,0,0,1,0,0,0,0,0,0,0,1,0,0,0,0
13.12,16,4,0,1,0,0,0,0,0,0,0,0,0,0,0,0,1,0
55.82,22,0,0,0,0,0,1,0,0,0,0,0,1,0,0,0,0,0
226.94,8,0,0,0,0,1,0,0,0,0,0,0,0,0,1,0,0,0
64.75,20,3,0,1,0,0,0,0,0,0,0,0,1,0,0,0,0,0
49.4,16,2,0,0,1,0,0,0,0,0,0,1,0,0,0,0,0,0
36.3,17,5,1,1,0,0,0,0,0,0,0,0,0,0,0,1,0,0
220.13,7,3,0,0,0,1,0,0,0,0,0,0,0,0,1,0,0,0
27.34,23,0,0,1,0,0,0,0,0,0,0,0,1,0,0,0,0,0
117.7,17,6,1,1,0,0,0,0,0,0,0,0,1,0,0,0,0,0
24.7,10,4,0,0,0,0,0,0,1,0,0,0,1,0,0,0,0,0
164.49,22,4,0,0,1,0,0,0,0,0,0,0,1,0,0,0,0,0
66.04,7,6,1,1,0,0,0,0,0,0,0,0,0,1,0,0,0,0
1.65,21,1,0,0,0,0,0,0,1,0,1,0,0,0,0,0,0,0
61.41,13,5,1,0,1,0,0,0,0,0,0,0,0,1,0,0,0,0
14.44,16,4,0,0,0,0,0,0,1,0,0,0,0,0,0,1,0,0
4.74,23,4,0,1,0,0,0,0,0,0,1,0,0,0,0,0,0,0
5.98,20,1,0,1,0,0,0,0,0,0,1,0,0,0,0,0,0,0
49.32,6,3,0,1,0,0,0,0,0,0,0,0,0,0,0,1,0,0
137.14,8,4,0,0,0,0,0,0,1,0,0,0,0,0,1,0,0,0
155.28,17,6,1,0,0,1,0,0,0,0,0,0,0,0,1,0,0,0
40.66,23,6,1,0,1,0,0,0,0,0,0,0,0,0,0,1,0,0
48.78,11,6,1,0,0,0,0,1,0,0,0,0,0,0,0,1,0,0
43.73,16,5,1,0,0,0,0,0,1,0,0,0,1,0,0,0,0,0
122.92,7,2,0,0,1,0,0,0,0,0,0,0,1,0,0,0,0,0
20.34,19,4,0,0,0,0,0,0,1,0,0,0,0,1,0,0,0,0
102.09,22,3,0,0,0,0,0,0,1,0,0,0,0,0,1,0,0,0
59.26,21,2,0,0,1,0,0,0,0,0,0,0,1,0,0,0,0,0
32.74,18,4,0,0,1,0,0,0,0,0,0,0,0,0,0,1,0,0
91.05,21,1,0,0,0,0,1,0,0,0,0,0,1,0,0,0,0,0
5.46,16,1,0,0,0,0,0,0,1,0,1,0,0,0,0,0,0,0
23.81,12,2,0,0,0,1,0,0,0,1,0,0,0,0,0,0,0,0
70.64,16,6,1,0,0,0,0,0,1,0,0,1,0,0,0,0,0,0
17.24,14,3,0,0,1,0,0,0,0,1,0,0,0,0,0,0,0,0
1347.78,16,3,0,0,0,1,0,0,0,0,0,0,0,0,0,0,1,1
5.29,17,2,0,1,0,0,0,0,0,0,1,0,0,0,0,0,0,0
26.16,13,6,1,1,0,0,0,0,0,0,0,0,0,0,0,1,0,0
106.37,7,1,0,0,0,1,0,0,0,0,0,0,1,0,0,0,0,0
15.84,11,0,0,1,0,0,0,0,0,0,0,0,0,0,0,0,1,0
30.54,23,3,0,0,0,1,0,0,0,1,0,0,0,0,0,0,0,0
1.74,10,1,0,1,0,0,0,0,0,0,1,0,0,0,0,0,0,0
75.22,12,1,0,0,1,0,0,0,0,0,0,1,0,0,0,0,0,0
2.74,9,4,0,0,0,1,0,0,0,0,1,0,0,0,0,0,0,0
42.73,17,4,0,0,0,0,0,0,1,0,0,1,0,0,0,0,0,0
91.71,11,0,0,0,1,0,0,0,0,0,0,0,0,0,1,0,0,0
112.4,12,5,1,1,0,0,0,0,0,0,0,0,0,1,0,0,0,0
2.44,9,1,0,0,1,0,0,0,0,0,1,0,0,0,0,0,0,0
5.76,7,2,0,1,0,0,0,0,0,0,1,0,0,0,0,0,0,0
518.87,4,4,0,0,0,0,0,0,1,0,0,0,0,1,0,0,0,1
13.99,23,1,0,0,0,0,1,0,0,1,0,0,0,0,0,0,0,0
43.38,18,3,0,0,0,0,0,0,1,0,0,1,0,0,0,0,0,0
6.73,8,6,1,0,0,0,0,0,1,0,0,0,0,0,0,1,0,0
27.24,13,4,0,1,0,0,0,0,0,0,0,0,0,0,0,0,1,0
68.63,20,2,0,1,0,0,0,0,0,0,0,1,0,0,0,0,0,0
174.91,23,5,1,0,0,0,0,0,1,0,0,0,0,0,1,0,0,0
49.74,11,0,0,0,0,1,0,0,0,0,0,0,0,0,0,1,0,0
32.16,8,1,0,1,0,0,0,0,0,1,0,0,0,0,0,0,0,0
35.77,10,2,0,0,1,0,0,0,0,0,0,0,0,1,0,0,0,0
154.59,17,4,0,1,0,0,0,0,0,0,0,0,1,0,0,0,0,0
69.02,23,2,0,1,0,0,0,0,0,0,0,1,0,0,0,0,0,0
108.59,22,4,0,0,0,1,0,0,0,0,0,0,0,1,0,0,0,0
40.08,18,1,0,1,0,0,0,0,0,0,0,0,0,0,0,1,0,0
21.99,23,4,0,0,1,0,0,0,0,0,0,1,0,0,0,0,0,0
16.61,19,4,0,0,0,0,0,0,1,1,0,0,0,0,0,0,0,0
4.07,19,4,0,1,0,0,0,0,0,0,1,0,0,0,0,0,0,0
46.82,23,5,1,1,0,0,0,0,0,0,0,1,0,0,0,0,0,0
538.4,3,6,1,1,0,0,0,0,0,0,0,1,0,0,0,0,0,1
507.96,3,3,0,0,0,0,0,0,1,0,0,1,0,0,0,0,0,1
34.21,8,4,0,0,0,1,0,0,0,1,0,0,0,0,0,0,0,0
99.0,3,2,0,0,0,0,0,0,1,0,0,0,0,0,1,0,0,1
1.79,20,4,0,1,0,0,0,0,0,0,1,0,0,0,0,0,0,0
63.64,10,3,0,0,0,0,1,0,0,0,0,0,0,1,0,0,0,0
31.71,19,0,0,1,0,0,0,0,0,0,0,0,0,0,0,1,0,0
14.24,15,6,1,1,0,0,0,0,0,0,0,0,0,0,0,1,0,0
8.36,12,0,0,1,0,0,0,0,0,1,0,0,0,0,0,0,0,0
187.04,12,3,0,0,0,0,1,0,0,0,0,0,0,0,1,0,0,0
257.34,6,2,0,1,0,0,0,0,0,0,0,0,0,0,1,0,0,0
25.47,15,3,0,0,0,0,0,0,1,0,0,0,0,0,0,1,0,0
34.41,16,0,0,1,0,0,0,0,0,0,0,0,0,0,0,1,0,0
1016.77,15,0,0,0,0,0,0,0,1,0,0,1,0,0,0,0,0,1
2483.84,2,6,1,0,0,0,1,0,0,0,0,0,0,1,0,0,0,1
32.31,15,0,0,0,1,0,0,0,0,0,0,0,0,0,0,0,1,0
28.6,10,0,0,0,0,0,0,1,0,0,0,0,0,0,0,1,0,0
107.83,10,4,0,1,0,0,0,0,0,0,0,0,0,0,1,0,0,0
35.93,14,5,1,1,0,0,0,0,0,0,0,0,0,1,0,0,0,0
3.5,19,0,0,0,0,0,0,0,1,0,1,0,0,0,0,0,0,0
459.78,14,2,0,0,0,0,0,0,1,0,1,0,0,0,0,0,0,1
15.19,22,3,0,0,1,0,0,0,0,0,0,1,0,0,0,0,0,0
31.49,11,2,0,0,1,0,0,0,0,0,0,0,0,0,0,1,0,0
25.87,17,5,1,1,0,0,0,0,0,1,0,0,0,0,0,0,0,0
71.0,9,4,0,0,0,0,0,0,1,0,0,0,1,0,0,0,0,0
76.53,21,3,0,1,0,0,0,0,0,0,0,1,0,0,0,0,0,0
6.33,10,6,1,0,0,0,0,0,1,0,0,0,0,0,0,1,0,0
20.72,8,0,0,0,0,1,0,0,0,1,0,0,0,0,0,0,0,0
38.38,6,0,0,1,0,0,0,0,0,0,0,0,0,0,0,1,0,0
45.96,23,0,0,0,1,0,0,0,0,0,0,0,0,0,0,1,0,0
54.35,21,0,0,1,0,0,0,0,0,0,0,1,0,0,0,0,0,0
98.57,6,0,0,1,0,0,0,0,0,0,0,0,1,0,0,0,0,0
39.9,14,4,0,0,0,0,0,0,1,0,0,0,0,0,0,0,1,0
2272.79,1,4,0,0,0,0,0,0,1,0,0,0,0,1,0,0,0,1
2.69,10,0,0,0,0,1,0,0,0,0,1,0,0,0,0,0,0,0
3.88,17,2,0,1,0,0,0,0,0,0,1,0,0,0,0,0,0,0
4.49,16,1,0,0,1,0,0,0,0,0,1,0,0,0,0,0,0,0
78.49,23,4,0,1,0,0,0,0,0,0,0,0,0,0,1,0,0,0
11.38,23,0,0,1,0,0,0,0,0,0,0,0,0,1,0,0,0,0
33.74,14,3,0,0,1,0,0,0,0,1,0,0,0,0,0,0,0,0
32.46,6,1,0,0,0,0,0,0,1,0,0,0,0,0,0,0,1,0
5.59,12,1,0,1,0,0,0,0,0,0,1,0,0,0,0,0,0,0
116.47,6,5,1,1,0,0,0,0,0,0,0,0,0,0,1,0,0,0
47.84,7,5,1,0,0,1,0,0,0,0,0,0,0,0,0,1,0,0
20.75,11,3,0,1,0,0,0,0,0,0,0,0,0,0,0,1,0,0
29.92,11,3,0,1,0,0,0,0,0,0,0,0,0,0,0,0,1,0
22.82,11,0,0,0,0,0,0,0,1,1,0,0,0,0,0,0,0,0
115.57,14,3,0,0,1,0,0,0,0,0,0,0,1,0,0,0,0,0
71.04,16,2,0,0,1,0,0,0,0,0,0,0,0,0,1,0,0,0
26.63,12,4,0,0,1,0,0,0,0,1,0,0,0,0,0,0,0,0
11.23,18,6,1,0,1,0,0,0,0,0,0,1,0,0,0,0,0,0
3.44,10,0,0,1,0,0,0,0,0,0,1,0,0,0,0,0,0,0
12.35,10,3,0,0,1,0,0,0,0,1,0,0,0,0,0,0,0,0
13.92,9,6,1,1,0,0,0,0,0,1,0,0,0,0,0,0,0,0
1653.38,21,5,1,0,0,1,0,0,0,0,0,0,0,0,0,1,0,1
12.73,23,6,1,0,0,0,0,1,0,1,0,0,0,0,0,0,0,0
146.25,20,5,1,0,0,0,0,0,1,0,0,0,0,0,1,0,0,0
168.13,7,3,0,0,0,0,0,1,0,0,0,0,0,0,1,0,0,0
39.29,9,2,0,1,0,0,0,0,0,0,0,0,0,0,0,0,1,0
63.25,10,5,1,0,1,0,0,0,0,0,0,0,0,1,0,0,0,0
37.62,20,6,1,0,0,0,1,0,0,0,0,1,0,0,0,0,0,0
82.68,23,5,1,0,1,0,0,0,0,0,0,0,0,1,0,0,0,0
66.37,15,6,1,1,0,0,0,0,0,0,0,0,1,0,0,0,0,0
299.0,12,6,1,0,0,0,1,0,0,0,0,0,0,0,1,0,0,0
48.54,11,3,0,0,0,0,1,0,0,0,0,0,0,1,0,0,0,0
135.99,8,1,0,0,1,0,0,0,0,0,0,0,0,0,1,0,0,0
51.17,21,6,1,1,0,0,0,0,0,0,0,0,0,1,0,0,0,0
141.59,23,5,1,0,0,0,0,0,1,0,0,0,1,0,0,0,0,0
41.13,12,3,0,1,0,0,0,0,0,0,0,1,0,0,0,0,0,0
197.48,6,4,0,0,0,0,1,0,0,0,0,0,1,0,0,0,0,0
5.94,9,6,1,0,0,1,0,0,0,0,1,0,0,0,0,0,0,0
4.7,7,1,0,0,1,0,0,0,0,0,1,0,0,0,0,0,0,0
34.75,21,6,1,1,0,0,0,0,0,0,0,0,0,1,0,0,0,0
35.49,21,6,1,0,0,0,0,0,1,0,0,1,0,0,0,0,0,0
967.13,16,4,0,0,0,0,0,0,1,0,0,0,0,0,0,1,0,1
155.94,8,3,0,0,1,0,0,0,0,0,0,0,1,0,0,0,0,0
16.06,23,4,0,0,1,0,0,0,0,0,0,0,0,0,0,1,0,0
14.99,22,6,1,1,0,0,0,0,0,0,0,0,0,0,0,1,0,0
2.03,22,0,0,1,0,0,0,0,0,0,1,0,0,0,0,0,0,0
79.02,6,4,0,1,0,0,0,0,0,0,0,0,0,1,0,0,0,0
34.59,15,2,0,1,0,0,0,0,0,1,0,0,0,0,0,0,0,0
21.48,12,1,0,1,0,0,0,0,0,0,0,0,0,0,0,1,0,0
3.61,7,6,1,0,0,0,0,0,1,0,1,0,0,0,0,0,0,0
571.43,1,2,0,0,0,0,0,0,1,1,0,0,0,0,0,0,0,1
24.95,15,2,0,1,0,0,0,0,0,0,0,1,0,0,0,0,0,0
23.29,11,3,0,1,0,0,0,0,0,1,0,0,0,0,0,0,0,0
11.75,19,0,0,1,0,0,0,0,0,1,0,0,0,0,0,0,0,0
168.97,16,3,0,1,0,0,0,0,0,0,0,0,0,0,1,0,0,0
20.25,15,1,0,1,0,0,0,0,0,0,0,0,0,0,0,0,1,0
3.22,20,4,0,0,1,0,0,0,0,0,1,0,0,0,0,0,0,0
4.76,10,3,0,0,1,0,0,0,0,0,1,0,0,0,0,0,0,0
3.64,22,1,0,1,0,0,0,0,0,0,1,0,0,0,0,0,0,0
71.39,9,0,0,1,0,0,0,0,0,0,0,1,0,0,0,0,0,0
46.57,16,6,1,0,1,0,0,0,0,0,0,0,1,0,0,0,0,0
108.03,20,2,0,0,1,0,0,0,0,0,0,0,0,1,0,0,0,0
157.84,10,2,0,0,0,1,0,0,0,0,0,0,0,0,1,0,0,0
19.98,12,5,1,1,0,0,0,0,0,0,0,0,0,1,0,0,0,0
4.25,10,6,1,1,0,0,0,0,0,0,1,0,0,0,0,0,0,0
33.16,21,1,0,1,0,0,0,0,0,1,0,0,0,0,0,0,0,0
23.32,7,5,1,0,0,1,0,0,0,1,0,0,0,0,0,0,0,0
25.62,14,2,0,0,1,0,0,0,0,1,0,0,0,0,0,0,0,0
39.8,22,5,1,1,0,0,0,0,0,0,0,0,0,0,1,0,0,0
4.47,20,1,0,0,1,0,0,0,0,0,1,0,0,0,0,0,0,0
36.89,7,2,0,0,0,1,0,0,0,0,0,0,0,0,0,1,0,0
3.44,21,0,0,0,0,1,0,0,0,0,1,0,0,0,0,0,0,0
561.3,0,3,0,0,0,0,0,0,1,0,0,0,0,0,0,0,1,1
26.28,10,5,1,0,0,0,0,0,1,1,0,0,0,0,0,0,0,0
22.49,16,0,0,0,0,0,0,0,1,1,0,0,0,0,0,0,0,0
3.73,23,3,0,1,0,0,0,0,0,0,1,0,0,0,0,0,0,0
1036.46,21,1,0,0,0,0,0,0,1,0,0,1,0,0,0,0,0,1
10.48,23,3,0,0,1,0,0,0,0,1,0,0,0,0,0,0,0,0
19.94,23,0,0,0,1,0,0,0,0,0,0,1,0,0,0,0,0,0
79.99,20,3,0,0,0,0,0,0,1,0,0,0,0,1,0,0,0,0
80.66,14,6,1,1,0,0,0,0,0,0,0,0,1,0,0,0,0,0
54.51,22,1,0,0,0,1,0,0,0,0,0,0,0,0,0,1,0,0
19.9,17,1,0,0,0,0,0,0,1,1,0,0,0,0,0,0,0,0
105.1,22,1,0,0,0,0,0,0,1,0,0,0,0,1,0,0,0,0
5.62,12,1,0,0,0,1,0,0,0,0,0,0,0,0,0,1,0,0
22.17,13,2,0,1,0,0,0,0,0,0,0,0,0,1,0,0,0,0
30.26,10,6,1,0,0,0,0,0,1,0,0,1,0,0,0,0,0,0
578.77,1,0,0,1,0,0,0,0,0,1,0,0,0,0,0,0,0,1
58.59,12,0,0,0,0,1,0,0,0,0,0,1,0,0,0,0,0,0
15.65,14,6,1,0,1,0,0,0,0,0,0,0,1,0,0,0,0,0
6.57,23,4,0,1,0,0,0,0,0,1,0,0,0,0,0,0,0,0
25.74,19,5,1,0,0,1,0,0,0,1,0,0,0,0,0,0,0,0
65.25,21,1,0,0,0,0,0,0,1,0,0,1,0,0,0,0,0,0
16.33,9,3,0,0,0,0,0,0,1,0,0,0,1,0,0,0,0,0
870.11,4,1,0,0,0,0,1,0,0,1,0,0,0,0,0,0,0,1
29.31,23,4,0,0,0,0,0,0,1,1,0,0,0,0,0,0,0,0
41.77,18,1,0,0,1,0,0,0,0,0,0,0,0,0,0,1,0,0
246.48,20,4,0,1,0,0,0,0,0,0,0,0,0,0,1,0,0,0
28.72,7,3,0,0,0,0,0,1,0,0,0,0,0,0,0,1,0,0
11.8,19,1,0,1,0,0,0,0,0,0,0,0,0,0,0,0,1,0
27.1,16,5,1,1,0,0,0,0,0,0,0,0,0,1,0,0,0,0
2452.04,9,5,1,0,0,0,1,0,0,0,0,0,0,1,0,0,0,1
484.09,22,0,0,0,1,0,0,0,0,0,1,0,0,0,0,0,0,1
58.87,15,3,0,0,0,0,0,0,1,0,0,1,0,0,0,0,0,0
52.03,15,1,0,0,0,1,0,0,0,0,0,0,1,0,0,0,0,0
152.31,0,0,0,0,0,0,0,0,1,0,0,0,0,0,0,0,1,1
24.62,20,5,1,1,0,0,0,0,0,0,0,0,0,0,0,1,0,0
277.21,21,6,1,0,0,0,0,0,1,0,0,0,0,0,1,0,0,0
2.0,20,4,0,0,1,0,0,0,0,0,1,0,0,0,0,0,0,0
3.97,11,0,0,1,0,0,0,0,0,0,1,0,0,0,0,0,0,0
153.48,17,5,1,0,1,0,0,0,0,0,0,0,1,0,0,0,0,0
16.32,9,2,0,1,0,0,0,0,0,1,0,0,0,0,0,0,0,0
164.19,11,5,1,0,0,0,0,0,1,0,0,0,1,0,0,0,0,0
11.48,7,1,0,0,1,0,0,0,0,0,0,0,0,0,0,1,0,0
101.78,21,3,0,0,1,0,0,0,0,0,0,0,0,0,1,0,0,0
15.21,11,3,0,1,0,0,0,0,0,0,0,0,0,1,0,0,0,0
2.77,22,6,1,0,0,0,0,0,1,0,1,0,0,0,0,0,0,0
2.28,12,3,0,1,0,0,0,0,0,0,1,0,0,0,0,0,0,0
3.32,10,2,0,1,0,0,0,0,0,0,1,0,0,0,0,0,0,0
22.34,13,4,0,0,0,1,0,0,0,0,0,0,0,0,0,0,1,0
17.52,17,2,0,0,0,1,0,0,0,1,0,0,0,0,0,0,0,0
29.08,12,2,0,0,0,1,0,0,0,0,0,0,0,0,0,0,1,0
62.66,18,0,0,1,0,0,0,0,0,0,0,1,0,0,0,0,0,0
28.64,21,1,0,0,0,0,0,0,1,0,0,1,0,0,0,0,0,0
27.88,7,2,0,0,0,0,1,0,0,0,0,0,0,0,0,0,1,0
152.08,23,0,0,1,0,0,0,0,0,0,0,0,1,0,0,0,0,0
17.29,16,0,0,1,0,0,0,0,0,0,0,0,0,0,0,0,1,0
14.66,18,5,1,0,1,0,0,0,0,1,0,0,0,0,0,0,0,0
677.79,13,0,0,0,0,0,0,0,1,0,0,0,0,1,0,0,0,1
2635.08,2,0,0,0,1,0,0,0,0,0,0,0,1,0,0,0,0,1
156.99,8,1,0,1,0,0,0,0,0,0,0,0,0,0,1,0,0,0
33.31,14,5,1,0,0,0,0,1,0,1,0,0,0,0,0,0,0,0
39.45,17,5,1,0,1,0,0,0,0,0,0,0,1,0,0,0,0,0
7.99,15,4,0,0,0,0,0,1,0,1,0,0,0,0,0,0,0,0
2.45,11,2,0,1,0,0,0,0,0,0,1,0,0,0,0,0,0,0
85.12,14,0,0,0,0,1,0,0,0,0,0,0,1,0,0,0,0,0
1254.9,4,2,0,0,1,0,0,0,0,0,0,0,0,1,0,0,0,1
1791.39,2,2,0,0,0,0,0,0,1,0,0,0,0,0,0,1,0,1
17.79,8,1,0,1,0,0,0,0,0,1,0,0,0,0,0,0,0,0
41.19,21,5,1,0,0,1,0,0,0,0,0,1,0,0,0,0,0,0
16.87,22,3,0,1,0,0,0,0,0,0,0,0,1,0,0,0,0,0
69.27,20,3,0,0,1,0,0,0,0,0,0,1,0,0,0,0,0,0
146.68,20,6,1,1,0,0,0,0,0,0,0,0,1,0,0,0,0,0
89.41,13,4,0,0,1,0,0,0,0,0,0,0,0,1,0,0,0,0
87.95,4,5,1,0,0,0,0,0,1,0,0,0,1,0,0,0,0,1
46.51,22,5,1,0,0,1,0,0,0,0,0,0,0,0,0,1,0,0
3.87,9,1,0,0,0,0,0,0,1,0,1,0,0,0,0,0,0,0
45.47,19,5,1,0,0,0,1,0,0,0,0,0,0,0,0,1,0,0
190.72,19,2,0,0,0,0,0,0,1,0,0,0,1,0,0,0,0,0
187.58,15,2,0,1,0,0,0,0,0,0,0,0,1,0,0,0,0,0
31.06,23,1,0,1,0,0,0,0,0,0,0,0,0,1,0,0,0,0
46.24,13,6,1,1,0,0,0,0,0,0,0,0,0,0,0,1,0,0
1.78,17,5,1,0,0,0,1,0,0,0,1,0,0,0,0,0,0,0
224.08,2,4,0,0,0,0,0,0,1,0,0,0,0,0,1,0,0,1
158.54,20,5,1,0,0,0,0,0,1,0,0,0,1,0,0,0,0,0
22.91,10,6,1,1,0,0,0,0,0,0,0,0,0,0,0,0,1,0
2.99,15,5,1,0,0,0,0,0,1,0,1,0,0,0,0,0,0,0
63.32,13,6,1,0,1,0,0,0,0,0,0,0,0,1,0,0,0,0
29.78,9,6,1,1,0,0,0,0,0,0,0,0,0,0,0,0,1,0
113.09,21,1,0,1,0,0,0,0,0,0,0,0,0,1,0,0,0,0
5.64,9,0,0,0,1,0,0,0,0,0,1,0,0,0,0,0,0,0
27.21,10,3,0,0,0,1,0,0,0,1,0,0,0,0,0,0,0,0
171.2,23,5,1,0,0,1,0,0,0,0,0,0,1,0,0,0,0,0
116.93,23,3,0,0,0,0,0,1,0,0,0,0,0,1,0,0,0,0
125.3,18,4,0,1,0,0,0,0,0,0,0,0,0,0,1,0,0,0
23.18,23,3,0,0,0,1,0,0,0,0,0,1,0,0,0,0,0,0
3.76,21,5,1,1,0,0,0,0,0,0,1,0,0,0,0,0,0,0
74.04,22,1,0,0,0,0,0,0,1,0,0,0,1,0,0,0,0,0
97.91,23,1,0,1,0,0,0,0,0,0,0,0,0,1,0,0,0,0
30.54,8,3,0,1,0,0,0,0,0,1,0,0,0,0,0,0,0,0
869.22,1,2,0,0,0,0,0,0,1,0,0,1,0,0,0,0,0,1
26.01,12,3,0,0,0,0,0,1,0,1,0,0,0,0,0,0,0,0
20.53,7,6,1,1,0,0,0,0,0,0,0,0,0,0,0,1,0,0
237.46,13,1,0,1,0,0,0,0,0,0,0,0,0,0,1,0,0,0
36.82,6,3,0,0,0,1,0,0,0,0,0,0,0,0,0,1,0,0
46.47,12,0,0,0,1,0,0,0,0,0,0,1,0,0,0,0,0,0
3.29,10,1,0,1,0,0,0,0,0,0,1,0,0,0,0,0,0,0
77.52,19,0,0,1,0,0,0,0,0,0,0,0,1,0,0,0,0,0
34.54,15,6,1,0,0,0,0,1,0,1,0,0,0,0,0,0,0,0
74.7,8,3,0,1,0,0,0,0,0,0,0,0,1,0,0,0,0,0
41.21,12,6,1,0,1,0,0,0,0,0,0,0,0,0,0,1,0,0
828.31,11,4,0,0,0,1,0,0,0,1,0,0,0,0,0,0,0,1
263.17,12,5,1,0,0,1,0,0,0,0,0,0,0,0,1,0,0,0
3.11,14,3,0,0,1,0,0,0,0,0,1,0,0,0,0,0,0,0
33.85,9,5,1,0,1,0,0,0,0,1,0,0,0,0,0,0,0,0
161.01,12,6,1,0,0,0,0,0,1,0,0,0,1,0,0,0,0,0
4.48,19,4,0,0,1,0,0,0,0,0,1,0,0,0,0,0,0,0
19.78,22,3,0,1,0,0,0,0,0,0,0,0,0,0,0,0,1,0
32.96,12,0,0,1,0,0,0,0,0,0,0,0,1,0,0,0,0,0
970.27,20,4,0,0,0,0,0,0,1,0,0,0,0,0,0,0,1,1
1643.46,22,6,1,0,0,0,1,0,0,0,0,0,0,0,0,1,0,1
4.83,13,6,1,0,0,0,0,0,1,0,1,0,0,0,0,0,0,0
2768.1,1,5,1,1,0,0,0,0,0,0,0,0,1,0,0,0,0,1
125.95,7,1,0,0,0,0,0,0,1,0,0,0,1,0,0,0,0,0
32.71,23,6,1,0,0,0,0,1,0,0,0,1,0,0,0,0,0,0
72.64,12,6,1,0,0,0,0,0,1,0,0,0,0,1,0,0,0,0
34.26,12,0,0,1,0,0,0,0,0,1,0,0,0,0,0,0,0,0
18.31,14,5,1,0,0,0,0,0,1,0,0,0,0,0,0,0,1,0
27.51,19,5,1,1,0,0,0,0,0,0,0,0,0,1,0,0,0,0
25.67,22,4,0,0,1,0,0,0,0,0,0,0,0,0,0,0,1,0
707.97,1,0,0,0,0,0,0,0,1,0,0,0,0,0,1,0,0,1
61.51,17,4,0,1,0,0,0,0,0,0,0,1,0,0,0,0,0,0
65.29,23,1,0,1,0,0,0,0,0,0,0,0,1,0,0,0,0,0
259.3,9,6,1,0,1,0,0,0,0,0,0,0,0,0,1,0,0,0
49.03,23,1,0,0,0,0,0,1,0,0,0,1,0,0,0,0,0,0
151.03,17,0,0,0,0,0,0,0,1,0,0,0,1,0,0,0,0,0
4.68,7,1,0,0,0,0,0,0,1,0,1,0,0,0,0,0,0,0
79.78,17,2,0,1,0,0,0,0,0,0,0,1,0,0,0,0,0,0
111.83,21,6,1,0,0,1,0,0,0,0,0,0,0,1,0,0,0,0
242.01,21,1,0,0,0,0,0,0,1,0,0,0,0,0,1,0,0,0
178.86,9,2,0,1,0,0,0,0,0,0,0,0,1,0,0,0,0,0
24.15,11,4,0,0,1,0,0,0,0,0,0,0,0,0,0,0,1,0
210.04,13,5,1,1,0,0,0,0,0,0,0,0,0,0,1,0,0,0
15.73,8,6,1,0,0,0,0,1,0,0,0,0,0,0,0,1,0,0
66.62,4,1,0,0,0,0,0,0,1,0,0,0,1,0,0,0,0,1
615.24,20,4,0,0,0,0,0,0,1,0,1,0,0,0,0,0,0,1
97.06,19,3,0,0,0,0,0,0,1,0,0,0,0,1,0,0,0,0
48.79,14,0,0,1,0,0,0,0,0,0,0,1,0,0,0,0,0,0
21.55,23,2,0,0,0,1,0,0,0,1,0,0,0,0,0,0,0,0
21.72,17,6,1,0,0,1,0,0,0,0,0,1,0,0,0,0,0,0
45.07,10,6,1,0,1,0,0,0,0,0,0,0,0,0,0,1,0,0
231.66,9,4,0,1,0,0,0,0,0,0,0,0,0,0,1,0,0,0
87.92,16,3,0,0,0,0,0,1,0,0,0,0,0,0,1,0,0,0
756.84,2,6,1,0,0,1,0,0,0,0,0,0,0,0,0,1,0,1
34.32,21,6,1,0,1,0,0,0,0,0,0,0,1,0,0,0,0,0
174.28,8,2,0,0,0,1,0,0,0,0,0,0,1,0,0,0,0,0
13.56,19,4,0,1,0,0,0,0,0,0,0,0,0,0,0,1,0,0
5.55,20,1,0,0,0,0,0,0,1,0,1,0,0,0,0,0,0,0
2692.37,12,3,0,0,0,0,0,0,1,0,0,0,1,0,0,0,0,1
3.08,20,0,0,0,0,0,0,0,1,0,1,0,0,0,0,0,0,0
1451.66,2,3,0,0,0,0,0,0,1,0,0,0,1,0,0,0,0,1
10.79,23,6,1,0,1,0,0,0,0,1,0,0,0,0,0,0,0,0
56.4,7,4,0,1,0,0,0,0,0,0,0,0,0,0,0,1,0,0
27.53,10,3,0,1,0,0,0,0,0,0,0,0,0,0,0,1,0,0
3.0,7,4,0,0,1,0,0,0,0,0,1,0,0,0,0,0,0,0
261.95,12,0,0,1,0,0,0,0,0,0,0,0,0,0,1,0,0,0
58.07,15,0,0,1,0,0,0,0,0,0,0,0,0,0,0,1,0,0
62.79,9,6,1,0,0,0,0,0,1,0,0,0,0,1,0,0,0,0
22.09,22,1,0,0,0,0,0,1,0,1,0,0,0,0,0,0,0,0
26.53,8,2,0,1,0,0,0,0,0,1,0,0,0,0,0,0,0,0
138.53,23,5,1,1,0,0,0,0,0,0,0,0,1,0,0,0,0,0
17.64,10,5,1,0,1,0,0,0,0,0,0,0,0,0,0,1,0,0
3.04,12,2,0,1,0,0,0,0,0,0,1,0,0,0,0,0,0,0
23.92,9,4,0,0,0,1,0,0,0,0,0,0,0,0,0,0,1,0
101.33,20,1,0,1,0,0,0,0,0,0,0,0,0,1,0,0,0,0
49.33,23,5,1,1,0,0,0,0,0,0,0,0,0,0,1,0,0,0
29.29,17,1,0,1,0,0,0,0,0,0,0,0,0,0,0,0,1,0
22.92,16,6,1,1,0,0,0,0,0,1,0,0,0,0,0,0,0,0
116.33,21,5,1,1,0,0,0,0,0,0,0,0,0,1,0,0,0,0
33.87,23,4,0,0,0,0,0,0,1,0,0,0,0,0,0,1,0,0
23.66,7,3,0,0,0,0,1,0,0,1,0,0,0,0,0,0,0,0
64.88,23,5,1,0,0,0,0,1,0,0,0,1,0,0,0,0,0,0
22.2,11,1,0,0,0,0,0,0,1,1,0,0,0,0,0,0,0,0
19.19,8,3,0,1,0,0,0,0,0,0,0,0,1,0,0,0,0,0
2.89,21,3,0,0,1,0,0,0,0,0,1,0,0,0,0,0,0,0
138.88,20,1,0,1,0,0,0,0,0,0,0,0,1,0,0,0,0,0
42.69,17,3,0,0,0,0,0,0,1,0,0,0,0,0,0,1,0,0
34.39,19,1,0,1,0,0,0,0,0,0,0,0,0,0,1,0,0,0
19.12,10,1,0,1,0,0,0,0,0,0,0,1,0,0,0,0,0,0
34.21,12,3,0,0,0,0,1,0,0,0,0,0,0,0,0,0,1,0
23.31,20,1,0,0,0,0,1,0,0,1,0,0,0,0,0,0,0,0
283.52,15,0,0,1,0,0,0,0,0,0,0,0,0,0,1,0,0,0
50.78,23,1,0,1,0,0,0,0,0,0,0,0,1,0,0,0,0,0
8.6,22,5,1,1,0,0,0,0,0,0,0,0,0,0,0,0,1,0
8.94,21,0,0,0,0,0,0,0,1,1,0,0,0,0,0,0,0,0
89.69,4,1,0,0,0,0,0,0,1,0,0,1,0,0,0,0,0,1
54.58,17,4,0,1,0,0,0,0,0,0,0,0,0,0,1,0,0,0
250.28,9,1,0,1,0,0,0,0,0,0,0,0,0,0,1,0,0,0
22.8,20,2,0,1,0,0,0,0,0,0,0,0,0,0,0,1,0,0
29.64,17,3,0,0,0,0,0,0,1,0,0,0,0,0,0,1,0,0
66.16,11,1,0,0,1,0,0,0,0,0,0,0,0,0,1,0,0,0
55.1,21,0,0,1,0,0,0,0,0,0,0,0,0,0,0,1,0,0
32.69,13,5,1,1,0,0,0,0,0,1,0,0,0,0,0,0,0,0
198.34,7,3,0,1,0,0,0,0,0,0,0,0,0,0,1,0,0,0
44.2,23,0,0,0,1,0,0,0,0,0,0,1,0,0,0,0,0,0
30.04,21,6,1,1,0,0,0,0,0,1,0,0,0,0,0,0,0,0
2.14,9,0,0,0,1,0,0,0,0,0,1,0,0,0,0,0,0,0
88.48,23,3,0,1,0,0,0,0,0,0,0,0,0,1,0,0,0,0
24.9,16,1,0,0,1,0,0,0,0,0,0,0,0,0,0,1,0,0
478.67,8,4,0,0,0,0,1,0,0,1,0,0,0,0,0,0,0,1
60.76,6,6,1,1,0,0,0,0,0,0,0,1,0,0,0,0,0,0
237.34,1,6,1,0,0,0,0,0,1,0,0,0,0,0,0,1,0,1
85.93,15,6,1,0,0,1,0,0,0,0,0,0,0,1,0,0,0,0
293.89,13,3,0,0,1,0,0,0,0,0,0,0,0,0,1,0,0,0
1095.01,8,4,0,0,0,0,0,0,1,0,0,0,1,0,0,0,0,1
90.03,11,1,0,1,0,0,0,0,0,0,0,0,0,1,0,0,0,0
24.8,21,5,1,0,1,0,0,0,0,0,0,0,0,0,0,0,1,0
78.55,11,2,0,0,1,0,0,0,0,0,0,0,1,0,0,0,0,0
9.07,21,1,0,0,1,0,0,0,0,1,0,0,0,0,0,0,0,0
179.01,7,0,0,0,0,1,0,0,0,0,0,0,0,0,1,0,0,0
111.68,9,3,0,1,0,0,0,0,0,0,0,0,1,0,0,0,0,0
83.83,19,0,0,0,0,0,0,0,1,0,0,0,0,0,1,0,0,0
7.68,15,1,0,1,0,0,0,0,0,0,0,0,0,0,0,1,0,0
2.47,6,2,0,1,0,0,0,0,0,0,1,0,0,0,0,0,0,0
73.76,7,0,0,0,0,1,0,0,0,0,0,1,0,0,0,0,0,0
24.39,16,1,0,1,0,0,0,0,0,1,0,0,0,0,0,0,0,0
57.88,13,3,0,0,0,0,0,0,1,0,0,0,0,1,0,0,0,0
654.22,1,1,0,0,0,0,0,0,1,0,0,0,1,0,0,0,0,1
77.63,19,5,1,1,0,0,0,0,0,0,0,0,0,1,0,0,0,0
34.26,14,3,0,0,0,1,0,0,0,0,0,1,0,0,0,0,0,0
1518.48,0,1,0,1,0,0,0,0,0,0,0,0,0,0,1,0,0,1
85.23,4,0,0,0,0,0,0,0,1,1,0,0,0,0,0,0,0,1
22.58,11,2,0,0,1,0,0,0,0,1,0,0,0,0,0,0,0,0
158.66,11,2,0,1,0,0,0,0,0,0,0,0,1,0,0,0,0,0
38.83,23,3,0,0,0,0,0,0,1,0,0,0,0,0,0,0,1,0
23.27,11,2,0,0,0,0,0,0,1,0,0,0,1,0,0,0,0,0
5.07,17,4,0,0,0,1,0,0,0,0,1,0,0,0,0,0,0,0
42.79,21,4,0,0,0,0,0,0,1,0,0,1,0,0,0,0,0,0
132.94,6,6,1,0,1,0,0,0,0,0,0,0,1,0,0,0,0,0
4.74,11,3,0,1,0,0,0,0,0,0,1,0,0,0,0,0,0,0
1974.55,2,0,0,0,0,0,0,0,1,0,0,0,0,0,0,1,0,1
31.22,23,0,0,1,0,0,0,0,0,0,0,0,0,0,0,0,1,0
11.82,13,1,0,0,0,0,0,0,1,0,0,1,0,0,0,0,0,0
185.63,16,0,0,1,0,0,0,0,0,0,0,0,1,0,0,0,0,0
140.1,22,1,0,0,0,0,0,1,0,0,0,0,1,0,0,0,0,0
46.05,0,5,1,0,0,0,0,0,1,1,0,0,0,0,0,0,0,1
197.0,16,4,0,0,0,1,0,0,0,0,0,0,0,0,1,0,0,0
153.34,21,6,1,0,0,1,0,0,0,0,0,0,0,0,1,0,0,0
122.67,20,5,1,0,0,0,1,0,0,0,0,0,1,0,0,0,0,0
2907.63,1,2,0,0,0,0,0,0,1,0,0,0,0,0,1,0,0,1
41.87,9,4,0,0,0,0,0,0,1,0,0,0,0,0,1,0,0,0
79.51,12,4,0,0,0,0,0,1,0,0,0,0,0,1,0,0,0,0
71.91,13,4,0,0,1,0,0,0,0,0,0,1,0,0,0,0,0,0
105.93,22,2,0,0,0,0,0,1,0,0,0,0,0,0,1,0,0,0
6.07,17,4,0,0,1,0,0,0,0,0,0,0,0,0,0,1,0,0
42.02,12,6,1,0,0,0,0,0,1,0,0,0,0,0,0,1,0,0
100.42,9,0,0,1,0,0,0,0,0,0,0,0,1,0,0,0,0,0
1.65,23,4,0,1,0,0,0,0,0,0,1,0,0,0,0,0,0,0
59.24,18,4,0,0,0,0,0,1,0,0,0,1,0,0,0,0,0,0
154.68,21,1,0,0,1,0,0,0,0,0,0,0,1,0,0,0,0,0
36.68,23,2,0,0,0,0,0,0,1,0,0,0,0,0,1,0,0,0
261.07,8,5,1,1,0,0,0,0,0,0,0,0,0,0,1,0,0,0
57.57,1,5,1,0,0,0,0,0,1,0,0,0,0,0,0,0,1,1
87.32,19,0,0,1,0,0,0,0,0,0,0,0,1,0,0,0,0,0
32.15,23,1,0,1,0,0,0,0,0,0,0,0,0,0,0,0,1,0
161.21,17,6,1,0,0,0,0,0,1,0,0,0,0,0,1,0,0,0
38.11,18,6,1,0,0,0,1,0,0,0,0,0,0,0,0,0,1,0
5.97,23,2,0,1,0,0,0,0,0,0,1,0,0,0,0,0,0,0
5.82,19,6,1,0,1,0,0,0,0,0,1,0,0,0,0,0,0,0
4.42,10,5,1,0,0,1,0,0,0,0,1,0,0,0,0,0,0,0
35.24,18,1,0,0,0,1,0,0,0,0,0,0,0,1,0,0,0,0
33.03,7,5,1,0,1,0,0,0,0,1,0,0,0,0,0,0,0,0
67.79,4,3,0,0,0,0,0,0,1,0,0,1,0,0,0,0,0,1
43.42,14,0,0,0,1,0,0,0,0,0,0,0,0,0,1,0,0,0
254.45,17,0,0,0,0,0,0,0,1,0,0,0,0,0,1,0,0,0
179.67,12,5,1,0,0,0,0,0,1,0,0,0,1,0,0,0,0,0
11.01,14,5,1,0,0,0,0,0,1,0,0,0,0,1,0,0,0,0
258.97,10,1,0,0,1,0,0,0,0,0,0,0,0,0,1,0,0,0
5.23,19,3,0,0,1,0,0,0,0,1,0,0,0,0,0,0,0,0
53.9,23,6,1,1,0,0,0,0,0,0,0,1,0,0,0,0,0,0
2269.77,2,2,0,0,0,1,0,0,0,0,0,0,0,1,0,0,0,1
2.05,23,5,1,1,0,0,0,0,0,0,1,0,0,0,0,0,0,0
13.79,19,4,0,0,0,0,0,0,1,0,0,1,0,0,0,0,0,0
11.78,20,2,0,1,0,0,0,0,0,0,0,0,0,0,0,1,0,0
4.34,19,0,0,0,0,0,0,0,1,0,1,0,0,0,0,0,0,0
28.22,7,3,0,1,0,0,0,0,0,0,0,0,0,0,0,0,1,0
13.84,13,5,1,0,1,0,0,0,0,1,0,0,0,0,0,0,0,0
112.45,22,4,0,0,1,0,0,0,0,0,0,0,1,0,0,0,0,0
94.35,23,4,0,1,0,0,0,0,0,0,0,0,0,1,0,0,0,0
10.94,17,3,0,1,0,0,0,0,0,1,0,0,0,0,0,0,0,0
153.15,8,6,1,0,1,0,0,0,0,0,0,0,0,0,1,0,0,0
24.7,8,0,0,0,0,0,0,0,1,1,0,0,0,0,0,0,0,0
15.89,19,5,1,0,0,1,0,0,0,0,0,0,0,0,0,0,1,0
14.12,17,2,0,0,0,0,0,0,1,0,0,0,0,0,0,0,1,0
20.92,6,6,1,1,0,0,0,0,0,0,0,0,0,0,0,1,0,0
208.34,18,5,1,0,1,0,0,0,0,0,0,0,0,0,1,0,0,0
262.89,13,6,1,1,0,0,0,0,0,0,0,0,0,0,1,0,0,0
23.36,23,2,0,0,1,0,0,0,0,0,0,1,0,0,0,0,0,0
123.12,22,4,0,1,0,0,0,0,0,0,0,0,0,0,1,0,0,0
743.51,13,4,0,0,0,0,0,0,1,0,0,0,0,0,0,0,1,1
177.2,2,6,1,0,0,0,0,0,1,0,0,0,1,0,0,0,0,1
37.68,16,2,0,0,0,0,0,1,0,0,0,0,0,0,0,0,1,0
585.65,3,3,0,0,0,0,0,0,1,0,0,1,0,0,0,0,0,1
2.8,11,3,0,0,1,0,0,0,0,0,1,0,0,0,0,0,0,0
51.3,17,1,0,0,0,0,0,0,1,0,0,0,0,1,0,0,0,0
41.27,9,6,1,1,0,0,0,0,0,0,0,0,0,0,1,0,0,0
19.21,22,5,1,1,0,0,0,0,0,0,0,0,0,0,0,0,1,0
10.86,6,3,0,0,1,0,0,0,0,0,0,0,0,0,0,1,0,0
2.9,13,3,0,1,0,0,0,0,0,0,1,0,0,0,0,0,0,0
34.29,7,1,0,0,0,0,0,0,1,0,0,0,0,0,0,1,0,0
25.18,20,2,0,0,0,0,0,0,1,0,0,0,0,0,0,0,1,0
11.5,23,3,0,1,0,0,0,0,0,0,0,0,0,0,0,0,1,0
35.29,20,5,1,1,0,0,0,0,0,0,0,0,0,0,0,1,0,0
38.61,21,4,0,1,0,0,0,0,0,0,0,0,0,0,0,0,1,0
27.93,20,0,0,0,1,0,0,0,0,0,0,0,0,0,0,1,0,0
34.01,11,1,0,0,0,0,0,0,1,0,0,0,1,0,0,0,0,0
670.01,8,3,0,0,0,0,0,0,1,0,0,0,0,1,0,0,0,1
39.24,22,4,0,1,0,0,0,0,0,0,0,0,0,0,0,0,1,0
53.49,6,4,0,1,0,0,0,0,0,0,0,1,0,0,0,0,0,0
26.27,8,0,0,0,0,0,0,0,1,0,0,0,0,0,0,0,1,0
5.37,18,1,0,0,1,0,0,0,0,0,0,0,0,0,0,0,1,0
84.48,4,2,0,0,0,0,0,0,1,1,0,0,0,0,0,0,0,1
44.08,16,6,1,1,0,0,0,0,0,0,0,0,1,0,0,0,0,0
21.26,14,6,1,1,0,0,0,0,0,0,0,1,0,0,0,0,0,0
75.4,11,5,1,1,0,0,0,0,0,0,0,0,0,1,0,0,0,0
266.04,22,0,0,0,0,0,0,0,1,0,0,0,0,0,1,0,0,0
164.35,21,6,1,0,1,0,0,0,0,0,0,0,1,0,0,0,0,0
14.89,18,4,0,0,0,1,0,0,0,0,0,0,0,0,0,1,0,0
30.21,13,3,0,1,0,0,0,0,0,0,0,0,0,0,0,0,1,0
199.51,12,5,1,1,0,0,0,0,0,0,0,0,1,0,0,0,0,0
17.79,18,5,1,1,0,0,0,0,0,1,0,0,0,0,0,0,0,0
17.81,11,2,0,0,0,0,0,0,1,0,0,0,0,0,0,0,1,0
4.46,23,6,1,0,1,0,0,0,0,0,1,0,0,0,0,0,0,0
95.55,10,3,0,0,1,0,0,0,0,0,0,0,0,1,0,0,0,0
166.69,23,3,0,0,1,0,0,0,0,0,0,0,1,0,0,0,0,0
4.09,14,1,0,1,0,0,0,0,0,0,1,0,0,0,0,0,0,0
75.43,16,6,1,0,0,1,0,0,0,0,0,0,1,0,0,0,0,0
18.3,20,3,0,0,0,0,0,0,1,1,0,0,0,0,0,0,0,0
135.39,9,2,0,1,0,0,0,0,0,0,0,0,1,0,0,0,0,0
61.69,15,2,0,0,0,0,0,0,1,0,0,0,1,0,0,0,0,0
206.81,15,3,0,1,0,0,0,0,0,0,0,0,0,0,1,0,0,0
13.17,12,0,0,0,1,0,0,0,0,1,0,0,0,0,0,0,0,0
35.91,20,5,1,0,1,0,0,0,0,0,0,0,0,0,0,0,1,0
54.83,18,5,1,0,1,0,0,0,0,0,0,0,0,0,0,1,0,0
251.7,15,1,0,0,0,1,0,0,0,0,0,0,0,0,1,0,0,0
9.82,11,5,1,0,0,0,0,0,1,1,0,0,0,0,0,0,0,0
8.92,21,6,1,0,1,0,0,0,0,0,0,0,0,0,0,0,1,0
90.73,8,3,0,0,0,1,0,0,0,0,0,0,0,1,0,0,0,0
50.01,10,5,1,1,0,0,0,0,0,0,0,0,0,0,0,1,0,0
25.34,12,2,0,1,0,0,0,0,0,1,0,0,0,0,0,0,0,0
4.2,15,5,1,0,1,0,0,0,0,0,1,0,0,0,0,0,0,0
23.91,23,3,0,0,1,0,0,0,0,1,0,0,0,0,0,0,0,0
39.9,16,6,1,1,0,0,0,0,0,0,0,0,0,0,0,0,1,0
74.86,11,5,1,0,0,0,0,1,0,0,0,0,0,0,1,0,0,0
56.32,18,3,0,1,0,0,0,0,0,0,0,1,0,0,0,0,0,0
98.34,10,2,0,0,0,0,0,0,1,0,0,0,0,0,1,0,0,0
30.86,6,2,0,1,0,0,0,0,0,0,0,0,1,0,0,0,0,0
182.03,22,4,0,0,0,0,0,0,1,0,0,0,0,0,1,0,0,0
42.72,23,5,1,1,0,0,0,0,0,0,0,0,0,0,0,1,0,0
13.13,8,0,0,0,0,1,0,0,0,0,0,0,0,0,0,0,1,0
65.29,20,0,0,0,0,1,0,0,0,0,0,1,0,0,0,0,0,0
243.79,18,6,1,1,0,0,0,0,0,0,0,0,0,0,1,0,0,0
860.82,2,3,0,0,0,0,0,0,1,1,0,0,0,0,0,0,0,1
3.35,18,0,0,0,0,0,0,0,1,0,1,0,0,0,0,0,0,0
29.05,19,2,0,1,0,0,0,0,0,0,0,0,0,0,0,0,1,0
1334.96,21,1,0,1,0,0,0,0,0,0,0,0,0,1,0,0,0,1
68.15,13,4,0,0,0,1,0,0,0,0,0,1,0,0,0,0,0,0
47.65,11,6,1,1,0,0,0,0,0,0,0,1,0,0,0,0,0,0
13.7,23,6,1,1,0,0,0,0,0,0,0,1,0,0,0,0,0,0
53.57,14,1,0,0,0,0,1,0,0,0,0,0,0,0,0,1,0,0
20.81,6,3,0,0,0,1,0,0,0,0,0,0,0,0,0,1,0,0
29.63,13,1,0,0,0,1,0,0,0,0,0,0,0,0,0,1,0,0
132.41,23,6,1,0,0,0,0,0,1,0,0,0,0,0,1,0,0,0
32.16,20,2,0,0,0,0,0,0,1,0,0,0,0,0,0,0,1,0
63.61,19,6,1,0,0,0,0,0,1,0,0,1,0,0,0,0,0,0
182.57,23,2,0,0,1,0,0,0,0,0,0,0,0,0,1,0,0,0
19.99,7,4,0,0,0,0,0,0,1,0,0,0,0,0,0,1,0,0
47.33,13,0,0,0,0,0,0,1,0,0,0,0,0,1,0,0,0,0
101.25,10,2,0,0,0,0,0,0,1,0,0,0,1,0,0,0,0,0
17.16,8,3,0,0,1,0,0,0,0,0,0,0,0,0,0,1,0,0
163.31,3,5,1,0,0,0,0,0,1,0,0,1,0,0,0,0,0,1
62.08,17,6,1,1,0,0,0,0,0,0,0,0,0,1,0,0,0,0
24.56,7,2,0,0,1,0,0,0,0,0,0,0,0,0,0,1,0,0
1085.0,13,1,0,0,0,0,0,1,0,0,0,0,1,0,0,0,0,1
16.92,14,4,0,0,1,0,0,0,0,0,0,0,0,0,0,0,1,0
4.51,23,6,1,0,0,0,0,0,1,0,1,0,0,0,0,0,0,0
49.89,14,3,0,1,0,0,0,0,0,0,0,0,1,0,0,0,0,0
32.86,16,3,0,0,0,1,0,0,0,0,0,0,0,0,0,1,0,0
13.03,9,1,0,1,0,0,0,0,0,1,0,0,0,0,0,0,0,0
23.14,11,6,1,1,0,0,0,0,0,1,0,0,0,0,0,0,0,0
23.4,22,1,0,1,0,0,0,0,0,0,0,0,1,0,0,0,0,0
47.08,11,5,1,0,0,0,0,0,1,0,0,0,1,0,0,0,0,0
11.8,11,1,0,0,1,0,0,0,0,0,0,1,0,0,0,0,0,0
52.81,23,1,0,1,0,0,0,0,0,0,0,1,0,0,0,0,0,0
54.09,18,0,0,0,0,1,0,0,0,0,0,0,1,0,0,0,0,0
29.15,0,4,0,0,0,0,0,0,1,0,1,0,0,0,0,0,0,1
31.6,12,6,1,1,0,0,0,0,0,1,0,0,0,0,0,0,0,0
42.67,12,5,1,1,0,0,0,0,0,0,0,0,0,0,0,1,0,0
30.23,23,2,0,0,0,1,0,0,0,0,0,0,0,0,1,0,0,0
20.46,2,5,1,0,0,0,0,0,1,0,1,0,0,0,0,0,0,1
74.59,21,2,0,0,0,0,0,1,0,0,0,1,0,0,0,0,0,0
4.52,14,0,0,1,0,0,0,0,0,0,1,0,0,0,0,0,0,0
68.63,21,3,0,1,0,0,0,0,0,0,0,0,0,1,0,0,0,0
183.92,21,5,1,1,0,0,0,0,0,0,0,0,1,0,0,0,0,0
18.81,23,0,0,0,0,0,1,0,0,0,0,0,0,0,0,0,1,0
5.69,15,1,0,0,1,0,0,0,0,0,1,0,0,0,0,0,0,0
27.23,17,4,0,1,0,0,0,0,0,0,0,0,1,0,0,0,0,0
45.36,10,5,1,1,0,0,0,0,0,0,0,0,0,0,0,1,0,0
74.35,12,6,1,0,1,0,0,0,0,0,0,1,0,0,0,0,0,0
282.42,16,6,1,0,0,0,0,0,1,0,0,0,0,0,1,0,0,0
7.39,8,6,1,0,1,0,0,0,0,1,0,0,0,0,0,0,0,0
45.52,12,3,0,0,0,0,0,0,1,0,0,0,0,0,0,1,0,0
290.43,6,6,1,1,0,0,0,0,0,0,0,0,0,0,1,0,0,0
19.01,19,0,0,0,1,0,0,0,0,0,0,0,0,1,0,0,0,0
22.86,8,0,0,1,0,0,0,0,0,0,0,1,0,0,0,0,0,0
274.08,17,6,1,0,0,0,0,0,1,0,0,0,0,0,1,0,0,0
97.38,3,3,0,0,0,0,0,0,1,1,0,0,0,0,0,0,0,1
105.03,12,6,1,0,1,0,0,0,0,0,0,0,0,1,0,0,0,0
39.91,6,2,0,1,0,0,0,0,0,0,0,0,0,0,0,0,1,0
20.96,11,0,0,0,0,0,0,0,1,0,0,1,0,0,0,0,0,0
1.63,17,4,0,1,0,0,0,0,0,0,1,0,0,0,0,0,0,0
139.39,3,2,0,0,0,0,0,0,1,1,0,0,0,0,0,0,0,1
19.42,6,6,1,0,0,0,0,0,1,0,0,0,0,0,0,0,1,0
72.51,7,6,1,1,0,0,0,0,0,0,0,0,0,1,0,0,0,0
16.56,8,6,1,0,0,0,0,1,0,0,0,0,0,0,0,0,1,0
576.73,22,4,0,0,1,0,0,0,0,0,0,0,0,0,0,0,1,1
30.92,6,4,0,0,1,0,0,0,0,0,0,0,1,0,0,0,0,0
37.21,23,1,0,0,1,0,0,0,0,0,0,1,0,0,0,0,0,0
13.25,2,5,1,0,0,0,0,0,1,0,1,0,0,0,0,0,0,1
7.15,10,0,0,1,0,0,0,0,0,1,0,0,0,0,0,0,0,0
5.22,10,5,1,0,1,0,0,0,0,0,1,0,0,0,0,0,0,0
3.43,7,1,0,1,0,0,0,0,0,0,1,0,0,0,0,0,0,0
26.93,12,3,0,1,0,0,0,0,0,0,0,0,0,1,0,0,0,0
291.74,10,1,0,0,1,0,0,0,0,0,0,0,0,0,1,0,0,0
775.03,1,2,0,0,1,0,0,0,0,1,0,0,0,0,0,0,0,1
10.44,8,5,1,0,1,0,0,0,0,0,0,0,0,1,0,0,0,0
23.68,3,3,0,0,0,0,0,0,1,0,1,0,0,0,0,0,0,1
161.84,8,0,0,1,0,0,0,0,0,0,0,0,0,0,1,0,0,0
25.11,14,1,0,0,0,0,0,1,0,1,0,0,0,0,0,0,0,0
17.51,13,2,0,0,1,0,0,0,0,1,0,0,0,0,0,0,0,0
38.97,22,6,1,1,0,0,0,0,0,0,0,0,0,0,0,1,0,0
14.26,13,3,0,0,0,0,0,0,1,1,0,0,0,0,0,0,0,0
41.19,12,5,1,0,0,0,1,0,0,0,0,0,0,0,0,1,0,0
275.42,23,0,0,0,0,1,0,0,0,0,0,0,0,0,1,0,0,0
33.94,16,1,0,0,0,0,0,0,1,1,0,0,0,0,0,0,0,0
16.38,11,3,0,0,0,1,0,0,0,0,0,0,0,0,0,0,1,0
33.74,7,2,0,1,0,0,0,0,0,0,0,0,0,0,0,0,1,0
2112.37,10,4,0,0,0,0,0,0,1,0,0,0,0,0,1,0,0,1
22.23,14,3,0,0,0,0,0,1,0,0,0,0,0,0,0,0,1,0
99.29,14,1,0,0,0,0,0,0,1,0,0,0,0,1,0,0,0,0
16.13,10,2,0,0,0,1,0,0,0,0,0,0,0,0,0,1,0,0
2.9,22,4,0,1,0,0,0,0,0,0,1,0,0,0,0,0,0,0
1.61,21,2,0,1,0,0,0,0,0,0,1,0,0,0,0,0,0,0
71.52,19,2,0,0,0,0,0,1,0,0,0,1,0,0,0,0,0,0
350.17,1,3,0,0,0,0,0,0,1,0,0,1,0,0,0,0,0,1
85.75,1,5,1,0,0,0,0,0,1,0,0,0,0,0,0,0,1,1
31.17,22,6,1,1,0,0,0,0,0,0,0,0,0,0,0,1,0,0
13.74,23,2,0,1,0,0,0,0,0,0,0,0,0,0,0,0,1,0
32.56,11,2,0,1,0,0,0,0,0,0,0,1,0,0,0,0,0,0
18.62,21,1,0,1,0,0,0,0,0,0,0,0,0,0,0,1,0,0
25.97,21,0,0,0,0,0,0,0,1,0,0,1,0,0,0,0,0,0
25.17,23,3,0,0,0,0,0,0,1,0,0,0,0,0,1,0,0,0
35.19,7,3,0,0,0,0,0,0,1,0,0,0,0,0,0,1,0,0
28.89,8,5,1,0,1,0,0,0,0,0,0,1,0,0,0,0,0,0
84.07,23,2,0,0,0,0,0,0,1,0,0,0,0,0,1,0,0,0
102.41,19,1,0,0,1,0,0,0,0,0,0,0,0,1,0,0,0,0
77.41,14,0,0,1,0,0,0,0,0,0,0,1,0,0,0,0,0,0
34.61,23,4,0,0,0,1,0,0,0,0,0,0,0,0,0,1,0,0
263.52,20,0,0,0,1,0,0,0,0,0,0,0,0,0,1,0,0,0
171.17,12,1,0,0,0,1,0,0,0,0,0,0,0,0,1,0,0,0
42.26,13,0,0,0,0,1,0,0,0,0,0,0,1,0,0,0,0,0
28.61,6,0,0,0,0,1,0,0,0,0,0,0,0,0,0,0,1,0
253.57,19,4,0,0,1,0,0,0,0,0,0,0,0,0,1,0,0,0
136.4,23,0,0,0,1,0,0,0,0,0,0,0,0,0,1,0,0,0
26.55,6,1,0,0,0,0,0,0,1,0,0,0,0,0,1,0,0,0
4.52,20,3,0,0,0,0,0,0,1,0,1,0,0,0,0,0,0,0
3.38,11,3,0,0,1,0,0,0,0,0,1,0,0,0,0,0,0,0
135.03,12,5,1,1,0,0,0,0,0,0,0,0,0,0,1,0,0,0
9.09,18,0,0,1,0,0,0,0,0,0,0,0,0,0,0,0,1,0
70.02,19,1,0,0,0,0,0,0,1,0,0,1,0,0,0,0,0,0
30.85,14,0,0,0,1,0,0,0,0,1,0,0,0,0,0,0,0,0
11.43,12,2,0,1,0,0,0,0,0,1,0,0,0,0,0,0,0,0
34.09,20,4,0,1,0,0,0,0,0,1,0,0,0,0,0,0,0,0
25.2,21,2,0,0,0,1,0,0,0,0,0,0,0,1,0,0,0,0
9.36,21,6,1,1,0,0,0,0,0,0,0,0,0,0,0,1,0,0
47.28,23,3,0,0,0,0,0,0,1,0,0,0,0,1,0,0,0,0
1285.41,18,4,0,0,0,0,0,0,1,0,0,0,0,0,0,1,0,1
43.76,23,2,0,0,0,0,0,0,1,0,0,0,0,1,0,0,0,0
18.21,8,0,0,0,0,0,0,0,1,0,0,1,0,0,0,0,0,0
1.9,14,2,0,0,0,0,0,1,0,0,1,0,0,0,0,0,0,0
169.58,23,0,0,0,1,0,0,0,0,0,0,0,1,0,0,0,0,0
894.31,2,0,0,0,0,0,0,0,1,0,0,0,1,0,0,0,0,1
57.93,19,0,0,0,0,0,0,0,1,0,0,0,0,0,0,1,0,0
159.94,10,6,1,0,0,1,0,0,0,0,0,0,1,0,0,0,0,0
107.27,19,1,0,1,0,0,0,0,0,0,0,0,0,1,0,0,0,0
58.46,23,3,0,1,0,0,0,0,0,0,0,0,0,0,0,1,0,0
193.75,18,1,0,1,0,0,0,0,0,0,0,0,1,0,0,0,0,0
21.95,23,1,0,1,0,0,0,0,0,0,0,1,0,0,0,0,0,0
50.38,22,3,0,0,0,0,0,0,1,0,0,0,0,0,0,1,0,0
15.37,6,2,0,0,1,0,0,0,0,0,0,0,1,0,0,0,0,0
35.82,22,4,0,1,0,0,0,0,0,0,0,0,0,0,0,0,1,0
58.61,6,4,0,0,1,0,0,0,0,0,0,1,0,0,0,0,0,0
71.55,15,6,1,0,0,0,0,0,1,0,0,0,0,1,0,0,0,0
3.03,14,1,0,0,0,1,0,0,0,0,1,0,0,0,0,0,0,0
1.96,17,6,1,1,0,0,0,0,0,0,1,0,0,0,0,0,0,0
20.81,18,2,0,1,0,0,0,0,0,0,0,0,0,0,0,1,0,0
33.28,13,3,0,1,0,0,0,0,0,0,0,0,0,0,1,0,0,0
10.11,21,3,0,0,0,0,1,0,0,0,0,0,0,0,0,0,1,0
61.06,19,0,0,0,0,1,0,0,0,0,0,0,0,1,0,0,0,0
3.05,17,0,0,1,0,0,0,0,0,0,1,0,0,0,0,0,0,0
58.78,13,5,1,1,0,0,0,0,0,0,0,0,0,0,0,1,0,0
14.95,23,6,1,1,0,0,0,0,0,0,0,0,0,0,0,0,1,0
14.08,23,6,1,0,1,0,0,0,0,0,0,0,0,0,0,0,1,0
89.03,20,5,1,1,0,0,0,0,0,0,0,0,0,1,0,0,0,0
5.71,16,2,0,1,0,0,0,0,0,0,0,0,0,0,0,0,1,0
142.05,2,5,1,0,0,0,0,0,1,1,0,0,0,0,0,0,0,1
6.04,16,6,1,1,0,0,0,0,0,0,0,0,0,0,0,1,0,0
33.18,23,2,0,1,0,0,0,0,0,0,0,0,0,0,0,0,1,0
146.76,19,0,0,0,0,0,0,0,1,0,0,0,1,0,0,0,0,0
23.92,23,2,0,1,0,0,0,0,0,1,0,0,0,0,0,0,0,0
78.53,6,2,0,0,1,0,0,0,0,0,0,1,0,0,0,0,0,0
31.55,23,6,1,0,0,0,0,0,1,1,0,0,0,0,0,0,0,0
20.08,12,3,0,0,0,0,0,0,1,0,0,1,0,0,0,0,0,0
43.13,17,1,0,1,0,0,0,0,0,0,0,0,0,0,1,0,0,0
130.6,16,6,1,1,0,0,0,0,0,0,0,0,1,0,0,0,0,0
124.52,12,0,0,1,0,0,0,0,0,0,0,0,1,0,0,0,0,0
63.47,17,5,1,1,0,0,0,0,0,0,0,0,1,0,0,0,0,0
26.95,7,2,0,1,0,0,0,0,0,1,0,0,0,0,0,0,0,0
2703.13,17,2,0,0,0,0,1,0,0,0,0,0,0,0,1,0,0,1
1.72,9,4,0,0,0,0,0,0,1,0,1,0,0,0,0,0,0,0
452.73,20,6,1,0,1,0,0,0,0,0,1,0,0,0,0,0,0,1
51.93,23,5,1,0,1,0,0,0,0,0,0,0,0,0,1,0,0,0
33.06,13,6,1,0,0,0,0,0,1,0,0,0,0,1,0,0,0,0
27.01,21,6,1,0,0,0,0,0,1,0,0,0,0,0,0,1,0,0
2411.0,3,2,0,1,0,0,0,0,0,0,0,0,1,0,0,0,0,1
14.4,9,5,1,0,0,0,0,1,0,1,0,0,0,0,0,0,0,0
26.69,12,0,0,1,0,0,0,0,0,0,0,0,0,0,1,0,0,0
21.14,9,1,0,0,0,0,0,0,1,0,0,0,0,0,0,1,0,0
39.32,15,5,1,0,0,0,0,0,1,0,0,0,0,0,0,1,0,0
577.41,1,1,0,0,0,0,0,0,1,0,0,0,1,0,0,0,0,1
577.68,4,4,0,0,0,0,1,0,0,1,0,0,0,0,0,0,0,1
5.01,19,4,0,0,1,0,0,0,0,0,1,0,0,0,0,0,0,0
1.57,15,1,0,0,0,0,1,0,0,0,1,0,0,0,0,0,0,0
29.86,23,5,1,0,0,0,0,0,1,1,0,0,0,0,0,0,0,0
630.63,19,3,0,0,0,0,0,1,0,1,0,0,0,0,0,0,0,1
774.29,3,6,1,1,0,0,0,0,0,0,0,0,0,1,0,0,0,1
112.53,16,3,0,0,1,0,0,0,0,0,0,0,0,1,0,0,0,0
64.39,23,4,0,1,0,0,0,0,0,0,0,1,0,0,0,0,0,0
7.72,12,4,0,0,0,0,0,0,1,1,0,0,0,0,0,0,0,0
33.49,12,3,0,0,0,0,0,0,1,0,0,0,1,0,0,0,0,0
21.52,21,0,0,1,0,0,0,0,0,0,0,0,0,1,0,0,0,0
22.74,9,4,0,0,0,0,0,0,1,0,0,0,0,0,0,1,0,0
96.55,17,2,0,0,0,0,0,0,1,0,0,0,1,0,0,0,0,0
25.44,14,0,0,0,0,0,0,1,0,1,0,0,0,0,0,0,0,0
28.89,23,2,0,0,0,0,0,0,1,0,0,0,0,1,0,0,0,0
24.37,6,2,0,1,0,0,0,0,0,0,0,1,0,0,0,0,0,0
23.73,22,4,0,0,0,0,0,0,1,0,0,0,0,0,0,0,1,0
43.24,21,4,0,1,0,0,0,0,0,0,0,1,0,0,0,0,0,0
35.8,18,6,1,0,0,0,0,0,1,0,0,0,0,0,0,0,1,0
8.84,8,2,0,0,0,0,0,0,1,1,0,0,0,0,0,0,0,0
5.84,19,1,0,1,0,0,0,0,0,0,1,0,0,0,0,0,0,0
6.42,7,4,0,1,0,0,0,0,0,1,0,0,0,0,0,0,0,0
129.47,20,0,0,1,0,0,0,0,0,0,0,0,1,0,0,0,0,0
17.9,6,3,0,1,0,0,0,0,0,0,0,0,0,1,0,0,0,0
268.85,8,4,0,0,0,1,0,0,0,0,0,0,0,0,1,0,0,0
63.68,8,4,0,1,0,0,0,0,0,0,0,1,0,0,0,0,0,0
67.4,16,0,0,0,0,0,0,1,0,0,0,0,0,0,1,0,0,0
54.72,19,5,1,1,0,0,0,0,0,0,0,0,1,0,0,0,0,0
4.18,6,5,1,1,0,0,0,0,0,0,1,0,0,0,0,0,0,0
110.64,6,2,0,0,0,0,0,1,0,0,0,0,0,1,0,0,0,0
33.45,20,4,0,1,0,0,0,0,0,0,0,0,0,0,0,0,1,0
111.65,9,3,0,1,0,0,0,0,0,0,0,0,1,0,0,0,0,0
5.11,19,2,0,1,0,0,0,0,0,0,1,0,0,0,0,0,0,0
173.25,17,4,0,0,0,0,0,0,1,0,0,0,1,0,0,0,0,0
270.12,23,5,1,1,0,0,0,0,0,0,0,0,0,0,1,0,0,0
3.46,12,4,0,0,1,0,0,0,0,0,1,0,0,0,0,0,0,0
25.9,9,1,0,1,0,0,0,0,0,0,0,0,0,1,0,0,0,0
1.69,18,2,0,1,0,0,0,0,0,0,1,0,0,0,0,0,0,0
29.28,10,5,1,0,0,0,0,0,1,0,0,0,0,1,0,0,0,0
31.68,9,6,1,0,1,0,0,0,0,0,0,0,0,1,0,0,0,0
2.16,22,0,0,0,0,0,0,0,1,0,1,0,0,0,0,0,0,0
5.77,16,4,0,1,0,0,0,0,0,0,1,0,0,0,0,0,0,0
436.98,2,6,1,0,0,0,0,0,1,0,0,0,0,0,1,0,0,1
95.75,23,1,0,0,1,0,0,0,0,0,0,0,0,0,1,0,0,0
245.9,23,1,0,0,0,1,0,0,0,0,0,0,0,0,1,0,0,0
210.09,16,5,1,1,0,0,0,0,0,0,0,0,0,0,1,0,0,0
28.52,8,1,0,0,0,0,0,0,1,0,0,0,0,0,0,0,1,0
4.87,7,1,0,0,0,0,0,0,1,0,1,0,0,0,0,0,0,0
21.53,7,5,1,1,0,0,0,0,0,1,0,0,0,0,0,0,0,0
16.67,21,5,1,0,0,0,0,0,1,0,0,0,0,0,0,0,1,0
184.53,13,6,1,0,0,0,0,0,1,0,0,0,1,0,0,0,0,0
180.59,13,5,1,0,1,0,0,0,0,0,0,0,1,0,0,0,0,0
7.56,23,1,0,0,0,0,0,1,0,0,0,0,0,0,0,1,0,0
56.02,23,2,0,0,1,0,0,0,0,0,0,0,0,0,1,0,0,0
3241.51,0,6,1,0,0,0,0,0,1,0,0,0,0,0,1,0,0,1
95.33,17,3,0,0,0,1,0,0,0,0,0,0,0,1,0,0,0,0
644.87,7,1,0,0,0,0,0,0,1,0,0,1,0,0,0,0,0,1
82.38,16,5,1,1,0,0,0,0,0,0,0,0,1,0,0,0,0,0
66.65,10,6,1,0,0,1,0,0,0,0,0,0,0,0,1,0,0,0
5.04,6,2,0,0,1,0,0,0,0,0,1,0,0,0,0,0,0,0
50.17,13,6,1,0,0,0,0,0,1,0,0,0,1,0,0,0,0,0
83.83,6,5,1,1,0,0,0,0,0,0,0,0,0,0,1,0,0,0
298.97,23,2,0,0,0,1,0,0,0,0,0,0,0,0,1,0,0,0
1.66,8,1,0,1,0,0,0,0,0,0,1,0,0,0,0,0,0,0
66.75,9,0,0,1,0,0,0,0,0,0,0,1,0,0,0,0,0,0
16.45,20,3,0,1,0,0,0,0,0,0,0,0,0,0,0,0,1,0
17.28,17,1,0,0,0,0,0,0,1,0,0,0,0,0,0,0,1,0
55.14,21,2,0,0,0,0,0,0,1,0,0,0,0,0,0,1,0,0
29.64,13,1,0,1,0,0,0,0,0,0,0,1,0,0,0,0,0,0
14.04,23,4,0,1,0,0,0,0,0,0,0,0,0,0,0,0,1,0
45.66,6,6,1,1,0,0,0,0,0,0,0,0,0,1,0,0,0,0
30.21,15,1,0,0,0,0,1,0,0,0,0,0,0,0,1,0,0,0
77.14,20,6,1,0,0,0,1,0,0,0,0,1,0,0,0,0,0,0
65.38,2,0,0,0,0,0,0,0,1,1,0,0,0,0,0,0,0,1
46.94,10,6,1,1,0,0,0,0,0,0,0,0,0,0,0,1,0,0
35.32,13,3,0,1,0,0,0,0,0,0,0,0,0,0,0,1,0,0
32.83,23,1,0,1,0,0,0,0,0,0,0,0,0,1,0,0,0,0
197.98,10,0,0,1,0,0,0,0,0,0,0,0,1,0,0,0,0,0
156.0,23,6,1,1,0,0,0,0,0,0,0,0,1,0,0,0,0,0
2329.0,0,3,0,0,0,1,0,0,0,0,0,0,0,1,0,0,0,1
2665.05,14,2,0,0,0,0,0,0,1,0,0,0,0,0,1,0,0,1
588.06,4,0,0,0,0,0,0,0,1,0,0,0,0,1,0,0,0,1
107.43,3,4,0,0,0,0,0,0,1,0,0,1,0,0,0,0,0,1
51.32,8,3,0,0,0,0,1,0,0,0,0,0,0,1,0,0,0,0
40.38,22,2,0,0,0,0,0,0,1,0,0,1,0,0,0,0,0,0
23.91,12,6,1,1,0,0,0,0,0,1,0,0,0,0,0,0,0,0
26.38,14,2,0,1,0,0,0,0,0,0,0,0,0,0,0,0,1,0
10.87,6,0,0,0,0,1,0,0,0,0,0,1,0,0,0,0,0,0
45.72,23,5,1,0,1,0,0,0,0,0,0,0,0,0,0,1,0,0
36.1,20,5,1,0,0,0,0,0,1,0,0,0,0,0,1,0,0,0
70.37,9,6,1,1,0,0,0,0,0,0,0,0,1,0,0,0,0,0
272.1,19,5,1,0,0,1,0,0,0,0,0,0,0,0,1,0,0,0
114.99,6,2,0,0,1,0,0,0,0,0,0,0,0,1,0,0,0,0
71.25,20,2,0,0,0,0,0,0,1,0,0,0,1,0,0,0,0,0
18.56,22,0,0,0,1,0,0,0,0,0,0,0,0,0,0,0,1,0
172.0,15,2,0,1,0,0,0,0,0,0,0,0,1,0,0,0,0,0
19.96,2,6,1,0,0,0,0,0,1,0,1,0,0,0,0,0,0,1
22.36,23,6,1,0,1,0,0,0,0,1,0,0,0,0,0,0,0,0
73.46,23,3,0,0,1,0,0,0,0,0,0,1,0,0,0,0,0,0
36.73,23,4,0,1,0,0,0,0,0,0,0,1,0,0,0,0,0,0
27.72,20,2,0,0,1,0,0,0,0,0,0,0,0,0,0,0,1,0
4.57,8,6,1,1,0,0,0,0,0,0,1,0,0,0,0,0,0,0
96.1,9,0,0,1,0,0,0,0,0,0,0,0,0,1,0,0,0,0
25.61,7,0,0,0,1,0,0,0,0,1,0,0,0,0,0,0,0,0
194.98,23,3,0,1,0,0,0,0,0,0,0,0,0,0,1,0,0,0
4.73,8,2,0,0,0,0,0,0,1,0,1,0,0,0,0,0,0,0
109.5,8,1,0,1,0,0,0,0,0,0,0,0,0,1,0,0,0,0
138.28,17,3,0,1,0,0,0,0,0,0,0,0,0,0,1,0,0,0
4.9,16,6,1,0,1,0,0,0,0,0,1,0,0,0,0,0,0,0
51.12,12,5,1,1,0,0,0,0,0,0,0,0,1,0,0,0,0,0
1176.68,17,2,0,0,1,0,0,0,0,0,0,0,0,0,0,1,0,1
240.57,6,5,1,1,0,0,0,0,0,0,0,0,0,0,1,0,0,0
24.79,13,0,0,0,0,0,0,0,1,0,0,0,0,0,0,1,0,0
27.13,7,3,0,0,0,0,0,0,1,0,0,1,0,0,0,0,0,0
31.53,23,4,0,0,0,0,0,0,1,0,0,1,0,0,0,0,0,0
37.66,7,6,1,0,1,0,0,0,0,0,0,0,0,1,0,0,0,0
188.89,23,5,1,1,0,0,0,0,0,0,0,0,1,0,0,0,0,0
22.59,23,2,0,0,0,1,0,0,0,1,0,0,0,0,0,0,0,0
27.19,23,0,0,0,0,0,0,0,1,0,0,0,0,0,0,0,1,0
74.41,10,1,0,0,0,0,0,0,1,0,0,1,0,0,0,0,0,0
22.53,16,1,0,1,0,0,0,0,0,0,0,0,1,0,0,0,0,0
69.17,1,3,0,0,0,0,0,0,1,0,0,0,0,0,0,0,1,1
17.45,16,1,0,1,0,0,0,0,0,0,0,0,0,0,0,0,1,0
3.96,7,3,0,1,0,0,0,0,0,0,1,0,0,0,0,0,0,0
12.36,18,1,0,0,1,0,0,0,0,1,0,0,0,0,0,0,0,0
2.78,23,2,0,0,0,1,0,0,0,0,1,0,0,0,0,0,0,0
3.12,23,4,0,0,0,0,0,0,1,0,1,0,0,0,0,0,0,0
82.89,6,2,0,0,0,1,0,0,0,0,0,0,0,0,1,0,0,0
71.0,18,6,1,1,0,0,0,0,0,0,0,1,0,0,0,0,0,0
59.36,16,5,1,1,0,0,0,0,0,0,0,0,0,1,0,0,0,0
31.99,17,6,1,1,0,0,0,0,0,0,0,0,1,0,0,0,0,0
63.32,7,2,0,1,0,0,0,0,0,0,0,1,0,0,0,0,0,0
30.48,15,3,0,1,0,0,0,0,0,1,0,0,0,0,0,0,0,0
90.48,11,4,0,1,0,0,0,0,0,0,0,0,1,0,0,0,0,0
20.98,16,1,0,0,0,0,1,0,0,0,0,1,0,0,0,0,0,0
59.82,17,1,0,0,1,0,0,0,0,0,0,0,0,0,0,1,0,0
1.96,20,6,1,1,0,0,0,0,0,0,1,0,0,0,0,0,0,0
60.61,11,0,0,0,1,0,0,0,0,0,0,0,0,1,0,0,0,0
13.16,17,5,1,0,1,0,0,0,0,0,0,1,0,0,0,0,0,0
43.34,18,5,1,0,0,0,0,1,0,0,0,0,1,0,0,0,0,0
35.3,9,0,0,1,0,0,0,0,0,0,0,0,0,1,0,0,0,0
13.54,0,1,0,0,0,0,0,0,1,0,1,0,0,0,0,0,0,1
7.98,13,1,0,1,0,0,0,0,0,1,0,0,0,0,0,0,0,0
52.7,8,6,1,0,0,0,1,0,0,0,0,0,0,1,0,0,0,0
42.38,7,5,1,1,0,0,0,0,0,0,0,1,0,0,0,0,0,0
17.95,10,1,0,0,1,0,0,0,0,1,0,0,0,0,0,0,0,0
109.87,9,6,1,0,1,0,0,0,0,0,0,0,0,0,1,0,0,0
26.98,22,0,0,1,0,0,0,0,0,0,0,1,0,0,0,0,0,0
710.35,0,2,0,0,0,0,0,0,1,0,0,0,1,0,0,0,0,1
51.81,23,5,1,0,0,0,0,1,0,0,0,0,1,0,0,0,0,0
37.65,14,1,0,1,0,0,0,0,0,0,0,0,1,0,0,0,0,0
29.35,11,6,1,1,0,0,0,0,0,1,0,0,0,0,0,0,0,0
200.94,8,4,0,1,0,0,0,0,0,0,0,0,0,0,1,0,0,0
48.12,23,1,0,0,1,0,0,0,0,0,0,0,0,1,0,0,0,0
39.57,22,2,0,1,0,0,0,0,0,0,0,1,0,0,0,0,0,0
82.29,13,3,0,1,0,0,0,0,0,0,0,0,1,0,0,0,0,0
28.83,10,2,0,0,1,0,0,0,0,0,0,0,0,0,0,0,1,0
20.58,6,6,1,1,0,0,0,0,0,1,0,0,0,0,0,0,0,0
60.29,8,4,0,0,0,0,1,0,0,0,0,1,0,0,0,0,0,0
139.18,3,4,0,0,0,0,0,0,1,0,0,0,0,0,0,0,1,1
30.18,19,1,0,1,0,0,0,0,0,0,0,1,0,0,0,0,0,0
99.3,21,0,0,1,0,0,0,0,0,0,0,0,0,0,1,0,0,0
25.59,9,5,1,1,0,0,0,0,0,0,0,0,0,1,0,0,0,0
152.32,22,4,0,0,1,0,0,0,0,0,0,0,1,0,0,0,0,0
916.97,10,1,0,0,1,0,0,0,0,0,0,0,0,1,0,0,0,1
2.42,10,4,0,1,0,0,0,0,0,0,1,0,0,0,0,0,0,0
201.65,8,4,0,1,0,0,0,0,0,0,0,0,0,0,1,0,0,0
110.32,13,1,0,1,0,0,0,0,0,0,0,0,1,0,0,0,0,0
18.69,13,0,0,1,0,0,0,0,0,1,0,0,0,0,0,0,0,0
51.48,12,1,0,0,1,0,0,0,0,0,0,1,0,0,0,0,0,0
1096.5,10,0,0,0,0,0,0,1,0,0,0,0,0,0,0,1,0,1
16.41,10,3,0,0,1,0,0,0,0,0,0,0,0,0,0,0,1,0
132.69,1,1,0,0,0,0,0,0,1,0,0,0,0,0,0,1,0,1
108.73,13,0,0,1,0,0,0,0,0,0,0,0,0,1,0,0,0,0
80.02,2,3,0,0,0,0,0,0,1,1,0,0,0,0,0,0,0,1
33.71,22,5,1,1,0,0,0,0,0,0,0,0,0,0,0,1,0,0
90.83,4,2,0,0,0,0,0,0,1,0,0,0,0,0,0,1,0,1
15.88,15,5,1,0,1,0,0,0,0,1,0,0,0,0,0,0,0,0
24.7,21,1,0,1,0,0,0,0,0,0,0,0,0,0,0,1,0,0
36.99,6,0,0,1,0,0,0,0,0,0,0,0,1,0,0,0,0,0
61.72,10,1,0,0,0,0,0,0,1,0,0,0,0,0,1,0,0,0
109.13,21,1,0,0,1,0,0,0,0,0,0,0,1,0,0,0,0,0
94.8,16,1,0,1,0,0,0,0,0,0,0,0,0,1,0,0,0,0
43.89,17,6,1,1,0,0,0,0,0,0,0,0,0,1,0,0,0,0
27.8,18,5,1,0,1,0,0,0,0,1,0,0,0,0,0,0,0,0
19.02,14,4,0,1,0,0,0,0,0,0,0,0,0,0,0,0,1,0
33.01,20,1,0,1,0,0,0,0,0,0,0,1,0,0,0,0,0,0
150.85,1,2,0,0,0,0,0,0,1,1,0,0,0,0,0,0,0,1
145.23,17,4,0,0,0,0,0,0,1,0,0,0,1,0,0,0,0,0
2.81,11,5,1,1,0,0,0,0,0,0,1,0,0,0,0,0,0,0
19.32,23,0,0,1,0,0,0,0,0,0,0,1,0,0,0,0,0,0
132.08,13,3,0,0,0,0,0,0,1,0,0,0,1,0,0,0,0,0
146.66,11,4,0,1,0,0,0,0,0,0,0,0,0,0,1,0,0,0
3977.37,1,4,0,0,0,0,0,0,1,0,0,0,0,0,1,0,0,1
61.0,10,4,0,1,0,0,0,0,0,0,0,0,1,0,0,0,0,0
50.24,16,0,0,0,1,0,0,0,0,0,0,0,0,0,0,1,0,0
136.63,6,2,0,0,0,0,0,0,1,0,0,0,0,0,1,0,0,0
38.72,13,4,0,0,0,0,0,0,1,0,0,0,0,0,0,1,0,0
31.59,17,0,0,1,0,0,0,0,0,0,0,0,0,1,0,0,0,0
2.39,20,1,0,1,0,0,0,0,0,0,1,0,0,0,0,0,0,0
12.65,15,6,1,0,0,1,0,0,0,0,0,1,0,0,0,0,0,0
53.34,20,6,1,0,0,1,0,0,0,0,0,0,1,0,0,0,0,0
846.39,8,4,0,0,0,1,0,0,0,1,0,0,0,0,0,0,0,1
104.13,19,3,0,1,0,0,0,0,0,0,0,0,0,0,1,0,0,0
106.04,23,5,1,1,0,0,0,0,0,0,0,0,0,1,0,0,0,0
23.95,18,2,0,0,1,0,0,0,0,0,0,1,0,0,0,0,0,0
27.17,14,6,1,0,0,0,1,0,0,1,0,0,0,0,0,0,0,0
14.77,17,5,1,1,0,0,0,0,0,0,0,0,0,0,0,0,1,0
58.88,13,2,0,0,1,0,0,0,0,0,0,0,0,0,0,1,0,0
26.35,9,0,0,0,0,0,0,0,1,0,0,0,0,1,0,0,0,0
86.42,17,2,0,0,0,0,0,0,1,0,0,0,0,1,0,0,0,0
129.21,13,3,0,0,0,0,0,0,1,0,0,0,0,0,1,0,0,0
162.94,8,4,0,1,0,0,0,0,0,0,0,0,1,0,0,0,0,0
28.44,23,3,0,0,0,0,1,0,0,1,0,0,0,0,0,0,0,0
28.81,4,1,0,0,0,0,0,0,1,0,1,0,0,0,0,0,0,1
70.78,21,5,1,0,0,0,0,0,1,0,0,0,0,1,0,0,0,0
36.12,18,2,0,0,1,0,0,0,0,0,0,1,0,0,0,0,0,0
5.0,21,3,0,1,0,0,0,0,0,0,0,0,0,0,0,1,0,0
1144.76,11,2,0,0,0,0,1,0,0,0,0,0,0,0,0,0,1,1
298.48,18,5,1,0,0,0,0,1,0,0,0,0,0,0,1,0,0,0
191.74,9,4,0,1,0,0,0,0,0,0,0,0,0,0,1,0,0,0
51.27,11,6,1,1,0,0,0,0,0,0,0,0,0,0,0,1,0,0
35.24,23,0,0,0,0,0,0,0,1,0,0,0,0,0,0,1,0,0
3.44,15,2,0,1,0,0,0,0,0,0,1,0,0,0,0,0,0,0
21.17,11,2,0,0,1,0,0,0,0,0,0,0,0,0,0,0,1,0
39.87,8,3,0,0,0,0,1,0,0,0,0,0,0,0,1,0,0,0
45.44,14,0,0,1,0,0,0,0,0,0,0,0,0,1,0,0,0,0
14.14,11,5,1,0,0,0,0,0,1,0,0,0,0,0,0,1,0,0
16.22,18,6,1,1,0,0,0,0,0,0,0,0,0,0,0,1,0,0
11.06,10,1,0,1,0,0,0,0,0,1,0,0,0,0,0,0,0,0
268.87,23,4,0,0,1,0,0,0,0,0,0,0,0,0,1,0,0,0
26.44,22,4,0,0,1,0,0,0,0,0,0,0,0,0,0,0,1,0
71.66,22,4,0,1,0,0,0,0,0,0,0,1,0,0,0,0,0,0
64.02,19,6,1,0,0,0,0,0,1,0,0,0,1,0,0,0,0,0
96.49,15,6,1,0,0,1,0,0,0,0,0,0,0,1,0,0,0,0
96.37,23,4,0,0,1,0,0,0,0,0,0,0,1,0,0,0,0,0
25.04,23,5,1,1,0,0,0,0,0,0,0,0,0,1,0,0,0,0
25.33,10,3,0,0,1,0,0,0,0,0,0,0,0,0,0,0,1,0
57.52,23,5,1,1,0,0,0,0,0,0,0,0,0,0,0,1,0,0
36.59,18,4,0,1,0,0,0,0,0,0,0,1,0,0,0,0,0,0
27.12,7,6,1,0,0,0,1,0,0,1,0,0,0,0,0,0,0,0
99.8,4,1,0,0,0,0,0,0,1,0,0,0,0,0,0,0,1,1
146.93,17,1,0,0,0,0,0,0,1,0,0,0,1,0,0,0,0,0
54.52,17,1,0,0,1,0,0,0,0,0,0,0,0,0,0,1,0,0
5.57,19,1,0,0,0,0,0,0,1,0,0,0,0,0,0,0,1,0
31.22,20,0,0,0,0,0,0,0,1,1,0,0,0,0,0,0,0,0
109.35,10,2,0,0,0,0,0,1,0,0,0,0,0,1,0,0,0,0
23.93,22,5,1,0,0,1,0,0,0,0,0,1,0,0,0,0,0,0
17.36,23,5,1,1,0,0,0,0,0,1,0,0,0,0,0,0,0,0
24.43,12,3,0,1,0,0,0,0,0,1,0,0,0,0,0,0,0,0
5.57,11,0,0,0,1,0,0,0,0,0,0,0,0,0,0,0,1,0
95.9,7,2,0,0,0,1,0,0,0,0,0,0,0,0,1,0,0,0
7.5,20,2,0,1,0,0,0,0,0,0,0,0,0,0,0,1,0,0
261.72,20,4,0,0,0,0,0,0,1,0,0,0,0,0,1,0,0,0
14.64,22,1,0,1,0,0,0,0,0,1,0,0,0,0,0,0,0,0
4113.6,13,6,1,0,0,0,0,0,1,0,0,0,0,0,1,0,0,1
37.36,14,1,0,0,0,0,0,0,1,0,0,0,0,0,0,1,0,0
79.7,21,6,1,0,0,0,0,0,1,0,0,1,0,0,0,0,0,0
38.51,9,2,0,1,0,0,0,0,0,0,0,0,0,0,0,0,1,0
18.9,18,5,1,0,0,1,0,0,0,0,0,0,1,0,0,0,0,0
23.15,17,1,0,0,1,0,0,0,0,0,0,0,0,0,0,1,0,0
813.28,3,5,1,0,0,1,0,0,0,1,0,0,0,0,0,0,0,1
86.16,19,3,0,0,1,0,0,0,0,0,0,0,1,0,0,0,0,0
65.81,19,3,0,0,1,0,0,0,0,0,0,1,0,0,0,0,0,0
11.28,10,2,0,0,0,0,0,0,1,0,0,0,0,0,0,0,1,0
6.04,23,2,0,0,0,1,0,0,0,0,0,0,0,0,0,1,0,0
19.52,22,3,0,1,0,0,0,0,0,0,0,0,0,0,0,0,1,0
52.14,17,0,0,0,0,1,0,0,0,0,0,0,1,0,0,0,0,0
76.6,14,6,1,1,0,0,0,0,0,0,0,0,1,0,0,0,0,0
49.87,6,4,0,0,0,1,0,0,0,0,0,0,0,0,0,1,0,0
18.81,14,1,0,1,0,0,0,0,0,0,0,0,0,0,0,1,0,0
5.04,19,2,0,1,0,0,0,0,0,0,1,0,0,0,0,0,0,0
64.37,17,4,0,0,1,0,0,0,0,0,0,0,0,1,0,0,0,0
27.79,15,3,0,0,0,0,0,0,1,1,0,0,0,0,0,0,0,0
139.99,12,1,0,0,0,0,0,1,0,0,0,0,0,0,1,0,0,0
4.05,9,1,0,0,0,0,0,0,1,0,1,0,0,0,0,0,0,0
39.54,9,0,0,1,0,0,0,0,0,0,0,0,0,0,0,0,1,0
35.14,7,2,0,0,0,0,0,0,1,0,0,1,0,0,0,0,0,0
1547.21,21,2,0,0,0,0,0,0,1,0,0,0,0,0,0,0,1,1
15.59,12,0,0,0,0,0,0,0,1,1,0,0,0,0,0,0,0,0
7.72,11,5,1,0,0,0,0,0,1,1,0,0,0,0,0,0,0,0
28.02,14,1,0,0,0,0,0,0,1,0,0,0,0,0,1,0,0,0
243.4,8,3,0,0,0,1,0,0,0,0,0,0,0,0,1,0,0,0
3.07,15,1,0,0,0,0,1,0,0,0,1,0,0,0,0,0,0,0
77.01,14,2,0,0,1,0,0,0,0,0,0,0,0,0,1,0,0,0
30.17,21,0,0,1,0,0,0,0,0,0,0,0,0,1,0,0,0,0
10.68,22,6,1,1,0,0,0,0,0,0,0,0,0,0,0,0,1,0
13.74,21,2,0,1,0,0,0,0,0,0,0,0,0,0,0,0,1,0
70.37,10,0,0,0,0,1,0,0,0,0,0,0,0,1,0,0,0,0
22.42,20,5,1,0,0,0,0,0,1,1,0,0,0,0,0,0,0,0
5.89,8,2,0,0,1,0,0,0,0,0,1,0,0,0,0,0,0,0
234.34,20,3,0,1,0,0,0,0,0,0,0,0,0,0,1,0,0,0
28.5,17,4,0,0,0,0,0,0,1,0,0,0,0,0,0,0,1,0
19.09,22,6,1,1,0,0,0,0,0,0,0,1,0,0,0,0,0,0
26.32,12,2,0,0,0,1,0,0,0,0,0,0,0,0,0,0,1,0
15.43,7,6,1,0,0,0,1,0,0,1,0,0,0,0,0,0,0,0
54.32,11,3,0,0,1,0,0,0,0,0,0,0,0,1,0,0,0,0
56.75,14,4,0,0,0,0,0,0,1,0,0,1,0,0,0,0,0,0
15.96,18,1,0,1,0,0,0,0,0,0,0,0,0,0,0,0,1,0
1142.99,0,4,0,0,0,0,0,1,0,0,0,0,0,0,0,1,0,1
66.47,10,6,1,0,0,1,0,0,0,0,0,0,0,1,0,0,0,0
99.13,15,2,0,0,0,0,0,0,1,0,0,0,1,0,0,0,0,0
54.62,7,6,1,0,1,0,0,0,0,0,0,0,0,1,0,0,0,0
5.65,23,5,1,0,1,0,0,0,0,1,0,0,0,0,0,0,0,0
1059.15,9,6,1,0,0,0,0,0,1,0,0,0,0,0,0,0,1,1
166.31,23,4,0,1,0,0,0,0,0,0,0,0,1,0,0,0,0,0
95.79,23,2,0,0,1,0,0,0,0,0,0,0,0,1,0,0,0,0
4.82,11,1,0,0,1,0,0,0,0,0,1,0,0,0,0,0,0,0
5.73,22,3,0,1,0,0,0,0,0,0,1,0,0,0,0,0,0,0
21.99,20,3,0,0,1,0,0,0,0,0,0,0,0,0,0,0,1,0
1568.01,19,1,0,0,0,0,0,1,0,0,0,0,0,0,0,1,0,1
39.86,16,3,0,1,0,0,0,0,0,0,0,0,0,1,0,0,0,0
279.89,23,1,0,0,0,0,1,0,0,0,0,0,0,0,1,0,0,0
36.8,20,1,0,1,0,0,0,0,0,0,0,0,0,0,0,0,1,0
184.54,10,6,1,1,0,0,0,0,0,0,0,0,1,0,0,0,0,0
96.47,16,4,0,1,0,0,0,0,0,0,0,0,0,1,0,0,0,0
53.05,6,4,0,0,1,0,0,0,0,0,0,0,0,1,0,0,0,0
34.65,23,1,0,0,0,0,0,0,1,0,0,0,0,0,0,0,1,0
115.12,15,1,0,0,0,0,0,0,1,0,0,0,0,1,0,0,0,0
14.22,6,2,0,1,0,0,0,0,0,0,0,0,0,0,0,0,1,0
145.23,8,5,1,1,0,0,0,0,0,0,0,0,1,0,0,0,0,0
17.06,12,6,1,0,0,0,0,0,1,0,0,0,1,0,0,0,0,0
19.66,21,1,0,1,0,0,0,0,0,0,0,0,0,0,0,1,0,0
7.29,6,1,0,0,1,0,0,0,0,0,0,0,0,0,0,1,0,0
43.2,19,0,0,1,0,0,0,0,0,0,0,1,0,0,0,0,0,0
5.31,9,6,1,1,0,0,0,0,0,1,0,0,0,0,0,0,0,0
72.67,14,2,0,0,0,0,0,1,0,0,0,0,1,0,0,0,0,0
2.13,12,2,0,0,0,0,0,0,1,0,1,0,0,0,0,0,0,0
137.46,17,1,0,1,0,0,0,0,0,0,0,0,0,0,1,0,0,0
2.51,19,3,0,0,0,1,0,0,0,0,1,0,0,0,0,0,0,0
11.94,11,5,1,0,1,0,0,0,0,0,0,0,0,0,0,0,1,0
222.45,15,4,0,0,0,1,0,0,0,0,0,0,0,0,1,0,0,0
38.02,22,5,1,1,0,0,0,0,0,0,0,0,0,0,0,0,1,0
19.36,14,2,0,0,0,0,0,0,1,0,0,0,0,0,0,1,0,0
52.29,19,1,0,0,0,0,0,1,0,0,0,1,0,0,0,0,0,0
30.12,10,0,0,0,0,0,0,0,1,0,0,0,1,0,0,0,0,0
92.21,10,3,0,0,0,0,0,0,1,0,0,0,1,0,0,0,0,0
11.84,20,3,0,0,0,0,0,0,1,1,0,0,0,0,0,0,0,0
2.96,20,6,1,1,0,0,0,0,0,0,1,0,0,0,0,0,0,0
4.6,22,6,1,0,1,0,0,0,0,0,1,0,0,0,0,0,0,0
1680.01,1,1,0,0,0,1,0,0,0,0,0,0,0,0,0,1,0,1
72.88,23,2,0,1,0,0,0,0,0,0,0,0,0,1,0,0,0,0
13.3,18,3,0,1,0,0,0,0,0,0,0,1,0,0,0,0,0,0
11.01,17,2,0,0,1,0,0,0,0,1,0,0,0,0,0,0,0,0
45.51,12,0,0,0,0,0,0,0,1,0,0,1,0,0,0,0,0,0
45.71,14,2,0,0,1,0,0,0,0,0,0,0,0,1,0,0,0,0
1970.26,15,2,0,0,0,0,0,0,1,0,0,0,0,0,0,1,0,1
138.34,8,4,0,0,1,0,0,0,0,0,0,0,1,0,0,0,0,0
2.84,22,4,0,0,0,0,1,0,0,0,1,0,0,0,0,0,0,0
74.64,18,4,0,0,0,0,1,0,0,0,0,0,0,0,1,0,0,0
22.52,11,6,1,0,0,0,1,0,0,0,0,0,0,0,0,1,0,0
24.69,19,5,1,0,0,0,0,1,0,0,0,1,0,0,0,0,0,0
14.56,23,3,0,0,0,0,0,0,1,0,0,0,0,0,0,1,0,0
23.67,19,3,0,1,0,0,0,0,0,0,0,0,0,0,0,1,0,0
156.29,11,2,0,1,0,0,0,0,0,0,0,0,1,0,0,0,0,0
224.68,11,3,0,1,0,0,0,0,0,0,0,0,0,0,1,0,0,0
3.32,22,1,0,0,1,0,0,0,0,0,1,0,0,0,0,0,0,0
105.67,13,3,0,1,0,0,0,0,0,0,0,0,0,1,0,0,0,0
32.84,17,0,0,0,0,1,0,0,0,0,0,0,0,0,0,0,1,0
32.64,23,4,0,0,0,0,0,0,1,0,0,0,0,0,0,0,1,0
60.75,15,6,1,0,0,0,0,0,1,0,0,0,0,1,0,0,0,0
61.35,18,6,1,0,0,1,0,0,0,0,0,1,0,0,0,0,0,0
133.99,8,1,0,0,1,0,0,0,0,0,0,0,0,0,1,0,0,0
228.59,9,0,0,1,0,0,0,0,0,0,0,0,0,0,1,0,0,0
156.73,12,0,0,0,1,0,0,0,0,0,0,0,0,0,1,0,0,0
26.56,23,5,1,1,0,0,0,0,0,0,0,0,0,0,0,0,1,0
72.68,19,6,1,0,0,0,0,0,1,0,0,1,0,0,0,0,0,0
686.44,6,6,1,0,0,0,0,0,1,0,1,0,0,0,0,0,0,1
900.92,22,6,1,0,0,0,0,0,1,0,0,0,0,1,0,0,0,1
29.17,12,1,0,1,0,0,0,0,0,1,0,0,0,0,0,0,0,0
2.7,20,4,0,1,0,0,0,0,0,0,1,0,0,0,0,0,0,0
67.01,9,2,0,1,0,0,0,0,0,0,0,1,0,0,0,0,0,0
25.33,6,2,0,1,0,0,0,0,0,0,0,0,0,0,0,1,0,0
240.45,21,0,0,0,0,0,0,1,0,0,0,0,0,0,1,0,0,0
23.11,6,6,1,0,0,0,0,0,1,0,0,0,0,0,0,0,1,0
90.09,15,2,0,0,1,0,0,0,0,0,0,0,1,0,0,0,0,0
15.83,8,6,1,1,0,0,0,0,0,0,0,1,0,0,0,0,0,0
10.32,16,5,1,0,0,0,0,0,1,1,0,0,0,0,0,0,0,0
3.73,17,4,0,0,1,0,0,0,0,0,1,0,0,0,0,0,0,0
1.84,9,1,0,0,0,0,0,0,1,0,1,0,0,0,0,0,0,0
29.83,14,6,1,1,0,0,0,0,0,0,0,0,1,0,0,0,0,0
68.44,23,4,0,0,1,0,0,0,0,0,0,0,0,1,0,0,0,0
12.24,9,2,0,1,0,0,0,0,0,0,0,0,0,0,0,0,1,0
65.07,15,4,0,1,0,0,0,0,0,0,0,0,0,1,0,0,0,0
22.74,3,2,0,0,0,0,0,0,1,0,1,0,0,0,0,0,0,1
74.12,9,1,0,0,1,0,0,0,0,0,0,0,0,1,0,0,0,0
24.88,16,5,1,1,0,0,0,0,0,0,0,1,0,0,0,0,0,0
2333.27,17,1,0,0,0,1,0,0,0,0,0,0,0,1,0,0,0,1
99.65,21,0,0,0,0,0,0,0,1,0,0,0,1,0,0,0,0,0
77.59,14,1,0,1,0,0,0,0,0,0,0,0,1,0,0,0,0,0
123.17,8,0,0,1,0,0,0,0,0,0,0,0,1,0,0,0,0,0
18.86,16,3,0,0,0,0,0,0,1,1,0,0,0,0,0,0,0,0
26.14,18,2,0,1,0,0,0,0,0,0,0,0,0,0,0,1,0,0
111.39,10,1,0,1,0,0,0,0,0,0,0,0,0,1,0,0,0,0
69.68,16,5,1,0,1,0,0,0,0,0,0,1,0,0,0,0,0,0
31.94,23,3,0,1,0,0,0,0,0,1,0,0,0,0,0,0,0,0
34.02,10,5,1,0,0,1,0,0,0,0,0,0,0,0,0,0,1,0
1773.44,8,0,0,0,0,0,0,0,1,0,0,0,0,0,1,0,0,1
30.98,16,4,0,1,0,0,0,0,0,1,0,0,0,0,0,0,0,0
46.85,9,4,0,0,0,1,0,0,0,0,0,0,0,1,0,0,0,0
17.42,22,0,0,0,1,0,0,0,0,0,0,0,0,0,0,0,1,0
36.34,23,5,1,1,0,0,0,0,0,0,0,0,0,1,0,0,0,0
16.72,13,5,1,0,0,1,0,0,0,0,0,0,0,0,0,0,1,0
219.51,21,6,1,0,0,0,0,0,1,0,0,0,0,0,1,0,0,0
39.05,9,3,0,1,0,0,0,0,0,0,0,0,0,1,0,0,0,0
38.48,21,5,1,0,0,1,0,0,0,0,0,1,0,0,0,0,0,0
4721.24,2,6,1,0,1,0,0,0,0,0,0,0,0,0,1,0,0,1
2.84,21,6,1,1,0,0,0,0,0,0,1,0,0,0,0,0,0,0
130.26,11,1,0,0,1,0,0,0,0,0,0,0,1,0,0,0,0,0
1.63,13,0,0,0,0,0,0,0,1,0,1,0,0,0,0,0,0,0
8.83,6,1,0,0,0,0,1,0,0,0,0,0,0,0,0,1,0,0
74.93,14,1,0,0,1,0,0,0,0,0,0,0,0,1,0,0,0,0
225.51,8,6,1,1,0,0,0,0,0,0,0,0,0,0,1,0,0,0
20.4,8,2,0,1,0,0,0,0,0,1,0,0,0,0,0,0,0,0
158.22,9,3,0,0,1,0,0,0,0,0,0,0,0,0,1,0,0,0
193.41,4,3,0,0,0,0,0,0,1,0,0,1,0,0,0,0,0,1
57.34,17,0,0,1,0,0,0,0,0,0,0,1,0,0,0,0,0,0
47.12,10,3,0,1,0,0,0,0,0,0,0,0,0,0,1,0,0,0
33.62,22,3,0,1,0,0,0,0,0,0,0,0,0,0,0,0,1,0
30.51,23,1,0,0,0,0,1,0,0,0,0,0,0,0,1,0,0,0
2.3,17,5,1,0,0,0,0,0,1,0,1,0,0,0,0,0,0,0
41.14,6,2,0,0,1,0,0,0,0,0,0,0,1,0,0,0,0,0
57.48,21,6,1,1,0,0,0,0,0,0,0,0,0,1,0,0,0,0
101.2,7,3,0,0,1,0,0,0,0,0,0,0,0,0,1,0,0,0
92.38,8,1,0,0,1,0,0,0,0,0,0,0,1,0,0,0,0,0
14.95,10,5,1,1,0,0,0,0,0,1,0,0,0,0,0,0,0,0
19.78,23,6,1,0,0,0,1,0,0,1,0,0,0,0,0,0,0,0
79.56,9,5,1,0,1,0,0,0,0,0,0,1,0,0,0,0,0,0
140.74,4,5,1,0,0,0,0,0,1,0,0,0,0,0,0,0,1,1
13.07,23,5,1,1,0,0,0,0,0,0,0,1,0,0,0,0,0,0
40.86,16,6,1,1,0,0,0,0,0,0,0,1,0,0,0,0,0,0
23.27,18,4,0,0,0,0,0,0,1,1,0,0,0,0,0,0,0,0
72.23,19,6,1,0,0,0,0,0,1,0,0,1,0,0,0,0,0,0
5.11,22,6,1,0,1,0,0,0,0,0,1,0,0,0,0,0,0,0
49.67,20,3,0,0,0,0,0,1,0,0,0,0,0,0,1,0,0,0
24.22,14,1,0,1,0,0,0,0,0,0,0,0,0,0,1,0,0,0
14.45,7,0,0,0,1,0,0,0,0,0,0,0,0,1,0,0,0,0
352.96,2,3,0,0,0,0,0,0,1,0,0,1,0,0,0,0,0,1
5.5,6,4,0,0,1,0,0,0,0,0,1,0,0,0,0,0,0,0
14.45,9,1,0,0,0,0,0,0,1,0,0,0,0,0,0,1,0,0
52.66,21,3,0,0,0,0,0,0,1,0,0,0,0,0,0,1,0,0
21.43,14,0,0,1,0,0,0,0,0,0,0,0,0,0,0,0,1,0
29.23,17,4,0,0,0,0,0,0,1,1,0,0,0,0,0,0,0,0
39.59,12,6,1,1,0,0,0,0,0,0,0,0,0,0,0,0,1,0
21.4,6,4,0,0,1,0,0,0,0,1,0,0,0,0,0,0,0,0
12.06,22,6,1,0,0,0,0,0,1,0,0,0,0,0,0,0,1,0
37.43,13,2,0,1,0,0,0,0,0,0,0,0,0,1,0,0,0,0
6.8,22,0,0,0,0,0,0,0,1,1,0,0,0,0,0,0,0,0
181.73,13,4,0,1,0,0,0,0,0,0,0,0,1,0,0,0,0,0
50.07,17,3,0,0,0,0,1,0,0,0,0,0,0,1,0,0,0,0
129.42,11,4,0,1,0,0,0,0,0,0,0,0,0,0,1,0,0,0
4.84,13,1,0,0,0,0,0,0,1,0,1,0,0,0,0,0,0,0
4.95,23,6,1,0,0,1,0,0,0,0,1,0,0,0,0,0,0,0
137.51,15,1,0,0,1,0,0,0,0,0,0,0,1,0,0,0,0,0
2235.03,20,3,0,0,0,0,0,0,1,0,0,0,0,1,0,0,0,1
20.91,10,6,1,1,0,0,0,0,0,0,0,0,0,0,0,1,0,0
65.14,8,2,0,0,0,0,0,0,1,0,0,0,0,1,0,0,0,0
159.91,14,4,0,1,0,0,0,0,0,0,0,0,1,0,0,0,0,0
5.9,22,2,0,1,0,0,0,0,0,0,1,0,0,0,0,0,0,0
111.64,16,4,0,1,0,0,0,0,0,0,0,0,0,1,0,0,0,0
139.08,23,3,0,0,1,0,0,0,0,0,0,0,0,0,1,0,0,0
24.82,13,2,0,0,0,0,0,0,1,0,0,0,0,0,0,0,1,0
20.24,23,4,0,0,1,0,0,0,0,0,0,0,0,0,0,0,1,0
391.81,10,6,1,0,1,0,0,0,0,0,1,0,0,0,0,0,0,1
23.05,18,5,1,0,1,0,0,0,0,0,0,0,0,1,0,0,0,0
27.86,19,1,0,1,0,0,0,0,0,1,0,0,0,0,0,0,0,0
76.51,9,2,0,0,1,0,0,0,0,0,0,0,1,0,0,0,0,0
14.93,8,2,0,0,1,0,0,0,0,0,0,0,0,0,0,1,0,0
18.62,7,6,1,0,0,0,0,0,1,0,0,1,0,0,0,0,0,0
146.91,7,0,0,0,0,1,0,0,0,0,0,0,0,0,1,0,0,0
227.42,6,4,0,1,0,0,0,0,0,0,0,0,0,0,1,0,0,0
4.52,13,0,0,1,0,0,0,0,0,0,1,0,0,0,0,0,0,0
54.03,22,4,0,1,0,0,0,0,0,0,0,0,0,0,0,1,0,0
266.14,15,1,0,1,0,0,0,0,0,0,0,0,0,0,1,0,0,0
32.1,9,5,1,0,0,0,0,0,1,0,0,0,0,0,0,0,1,0
55.72,6,0,0,0,1,0,0,0,0,0,0,0,1,0,0,0,0,0
194.68,7,5,1,1,0,0,0,0,0,0,0,0,0,0,1,0,0,0
19.08,16,6,1,0,0,0,1,0,0,1,0,0,0,0,0,0,0,0
28.03,23,0,0,1,0,0,0,0,0,0,0,0,0,0,0,1,0,0
18.02,21,4,0,0,1,0,0,0,0,0,0,0,0,0,0,0,1,0
25.59,23,5,1,1,0,0,0,0,0,0,0,0,0,0,0,0,1,0
76.88,23,3,0,1,0,0,0,0,0,0,0,1,0,0,0,0,0,0
7.48,23,5,1,0,0,1,0,0,0,0,0,0,0,0,0,0,1,0
495.12,0,3,0,0,1,0,0,0,0,1,0,0,0,0,0,0,0,1
91.65,8,1,0,1,0,0,0,0,0,0,0,0,1,0,0,0,0,0
66.47,15,0,0,0,0,0,0,0,1,0,0,0,0,0,1,0,0,0
60.35,20,1,0,1,0,0,0,0,0,0,0,1,0,0,0,0,0,0
6.7,23,1,0,0,0,1,0,0,0,0,0,0,0,0,0,0,1,0
25.67,12,0,0,0,1,0,0,0,0,1,0,0,0,0,0,0,0,0
12.04,19,6,1,0,0,0,0,1,0,0,0,0,0,1,0,0,0,0
56.87,17,2,0,1,0,0,0,0,0,0,0,0,0,0,0,1,0,0
50.92,20,2,0,0,1,0,0,0,0,0,0,0,0,0,0,1,0,0
23.67,17,1,0,1,0,0,0,0,0,0,0,0,1,0,0,0,0,0
41.0,10,4,0,0,1,0,0,0,0,0,0,1,0,0,0,0,0,0
55.33,7,4,0,1,0,0,0,0,0,0,0,0,0,0,0,1,0,0
86.79,13,1,0,1,0,0,0,0,0,0,0,0,0,1,0,0,0,0
50.19,19,2,0,0,0,0,0,0,1,0,0,0,0,1,0,0,0,0
1205.53,17,6,1,0,0,1,0,0,0,0,0,0,0,0,0,0,1,1
70.33,6,3,0,0,1,0,0,0,0,0,0,1,0,0,0,0,0,0
100.31,19,6,1,1,0,0,0,0,0,0,0,0,0,1,0,0,0,0
78.75,8,2,0,0,0,0,0,1,0,0,0,0,0,1,0,0,0,0
29.94,23,0,0,0,0,0,0,0,1,1,0,0,0,0,0,0,0,0
5.7,8,5,1,1,0,0,0,0,0,0,1,0,0,0,0,0,0,0
3459.2,8,1,0,0,0,0,0,0,1,0,0,0,0,0,1,0,0,1
45.15,23,3,0,0,1,0,0,0,0,0,0,1,0,0,0,0,0,0
107.65,11,3,0,0,0,0,0,0,1,0,0,0,0,1,0,0,0,0
122.08,10,0,0,0,1,0,0,0,0,0,0,0,1,0,0,0,0,0
14.43,9,0,0,1,0,0,0,0,0,0,0,0,0,1,0,0,0,0
650.82,11,0,0,1,0,0,0,0,0,1,0,0,0,0,0,0,0,1
1335.72,4,2,0,0,1,0,0,0,0,0,0,0,1,0,0,0,0,1
50.45,21,1,0,0,0,0,1,0,0,0,0,1,0,0,0,0,0,0
41.14,13,6,1,0,0,0,0,0,1,0,0,0,0,1,0,0,0,0
70.1,11,6,1,0,1,0,0,0,0,0,0,1,0,0,0,0,0,0
193.89,12,3,0,0,1,0,0,0,0,0,0,0,1,0,0,0,0,0
109.42,22,3,0,1,0,0,0,0,0,0,0,0,0,0,1,0,0,0
223.31,14,6,1,0,0,1,0,0,0,0,0,0,0,0,1,0,0,0
55.11,12,5,1,1,0,0,0,0,0,0,0,0,0,1,0,0,0,0
239.57,10,5,1,0,1,0,0,0,0,0,0,0,0,0,1,0,0,0
55.6,20,4,0,0,1,0,0,0,0,0,0,0,0,1,0,0,0,0
105.97,23,2,0,0,0,0,0,0,1,0,0,0,0,0,1,0,0,0
6.78,6,2,0,0,1,0,0,0,0,0,0,0,0,0,0,0,1,0
4.03,12,0,0,0,0,0,0,0,1,0,1,0,0,0,0,0,0,0
276.29,15,6,1,1,0,0,0,0,0,0,0,0,0,0,1,0,0,0
147.27,20,3,0,1,0,0,0,0,0,0,0,0,0,0,1,0,0,0
59.92,21,0,0,0,0,0,0,0,1,0,0,1,0,0,0,0,0,0
81.57,12,5,1,0,0,0,0,1,0,0,0,0,0,1,0,0,0,0
24.1,11,1,0,0,0,1,0,0,0,0,0,0,0,0,0,0,1,0
46.36,22,5,1,1,0,0,0,0,0,0,0,0,0,1,0,0,0,0
52.17,23,6,1,0,0,0,0,0,1,0,0,0,0,0,1,0,0,0
18.86,17,5,1,0,1,0,0,0,0,0,0,0,0,0,0,0,1,0
36.52,15,0,0,0,1,0,0,0,0,0,0,0,1,0,0,0,0,0
37.0,19,4,0,0,1,0,0,0,0,0,0,0,1,0,0,0,0,0
34.12,20,5,1,0,0,1,0,0,0,1,0,0,0,0,0,0,0,0
24.69,12,1,0,0,0,1,0,0,0,0,0,0,0,0,0,1,0,0
123.86,11,4,0,0,1,0,0,0,0,0,0,0,0,0,1,0,0,0
111.07,1,0,0,0,0,0,0,0,1,1,0,0,0,0,0,0,0,1
70.6,13,3,0,1,0,0,0,0,0,0,0,1,0,0,0,0,0,0
63.45,7,1,0,0,1,0,0,0,0,0,0,0,0,1,0,0,0,0
92.14,19,0,0,0,0,0,1,0,0,0,0,0,0,1,0,0,0,0
16.57,19,6,1,0,0,0,0,0,1,1,0,0,0,0,0,0,0,0
1320.95,3,2,0,0,0,0,0,0,1,0,0,0,1,0,0,0,0,1
69.15,0,6,1,0,0,0,0,0,1,1,0,0,0,0,0,0,0,1
16.18,11,0,0,0,0,0,0,0,1,0,0,0,0,0,0,0,1,0
140.13,8,2,0,0,0,1,0,0,0,0,0,0,1,0,0,0,0,0
5.29,0,3,0,0,0,0,0,0,1,0,1,0,0,0,0,0,0,1
21.99,17,3,0,0,0,0,0,0,1,0,0,0,0,0,1,0,0,0
24.4,20,6,1,1,0,0,0,0,0,0,0,0,1,0,0,0,0,0
111.17,10,1,0,0,0,0,0,0,1,0,0,0,1,0,0,0,0,0
3.29,9,0,0,1,0,0,0,0,0,0,1,0,0,0,0,0,0,0
1198.87,3,0,0,0,0,0,0,0,1,0,0,0,1,0,0,0,0,1
1.54,23,4,0,0,1,0,0,0,0,0,1,0,0,0,0,0,0,0
860.55,14,6,1,0,1,0,0,0,0,0,0,0,0,0,0,1,0,1
3.18,8,1,0,0,0,0,0,0,1,0,1,0,0,0,0,0,0,0
23.44,23,6,1,0,1,0,0,0,0,0,0,0,0,1,0,0,0,0
25.02,20,5,1,1,0,0,0,0,0,0,0,0,0,0,0,1,0,0
30.32,6,1,0,1,0,0,0,0,0,1,0,0,0,0,0,0,0,0
9.72,16,1,0,0,1,0,0,0,0,0,0,0,0,0,0,0,1,0
18.07,16,5,1,0,1,0,0,0,0,0,0,0,0,1,0,0,0,0
91.82,13,2,0,0,0,0,0,1,0,0,0,0,0,1,0,0,0,0
170.15,8,1,0,1,0,0,0,0,0,0,0,0,1,0,0,0,0,0
9.12,6,5,1,0,1,0,0,0,0,1,0,0,0,0,0,0,0,0
27.87,21,3,0,0,1,0,0,0,0,0,0,1,0,0,0,0,0,0
16.96,10,1,0,1,0,0,0,0,0,1,0,0,0,0,0,0,0,0
56.62,6,3,0,1,0,0,0,0,0,0,0,0,0,0,1,0,0,0
132.9,23,6,1,0,1,0,0,0,0,0,0,0,1,0,0,0,0,0
75.78,6,2,0,0,0,0,0,0,1,0,0,0,1,0,0,0,0,0
90.92,12,2,0,0,1,0,0,0,0,0,0,0,0,0,1,0,0,0
38.4,18,6,1,0,0,1,0,0,0,0,0,0,0,1,0,0,0,0
41.69,18,5,1,1,0,0,0,0,0,0,0,0,0,0,0,1,0,0
27.28,21,5,1,0,0,0,0,0,1,0,0,0,0,0,0,0,1,0
124.19,22,0,0,1,0,0,0,0,0,0,0,0,1,0,0,0,0,0
10.65,13,1,0,0,1,0,0,0,0,1,0,0,0,0,0,0,0,0
76.25,17,0,0,1,0,0,0,0,0,0,0,0,1,0,0,0,0,0
111.81,19,1,0,0,0,0,0,0,1,0,0,0,0,1,0,0,0,0
621.94,8,0,0,0,0,0,0,1,0,1,0,0,0,0,0,0,0,1
73.45,11,6,1,0,0,0,1,0,0,0,0,1,0,0,0,0,0,0
39.36,20,0,0,0,0,0,1,0,0,0,0,0,0,0,0,1,0,0
23.97,15,1,0,1,0,0,0,0,0,1,0,0,0,0,0,0,0,0
35.94,22,4,0,1,0,0,0,0,0,0,0,0,0,0,0,0,1,0
20.51,12,5,1,0,1,0,0,0,0,0,0,0,0,0,0,0,1,0
116.01,17,3,0,0,0,0,0,0,1,0,0,0,0,1,0,0,0,0
1229.34,0,5,1,0,0,0,0,0,1,0,0,0,0,0,1,0,0,1
24.31,18,3,0,0,0,0,0,0,1,0,0,0,0,0,0,0,1,0
78.8,16,2,0,0,0,0,0,0,1,0,0,0,0,0,1,0,0,0
17.64,17,3,0,1,0,0,0,0,0,0,0,1,0,0,0,0,0,0
187.67,11,0,0,1,0,0,0,0,0,0,0,0,0,0,1,0,0,0
41.44,19,1,0,1,0,0,0,0,0,0,0,0,1,0,0,0,0,0
15.95,6,2,0,0,0,0,0,0,1,1,0,0,0,0,0,0,0,0
18.96,7,6,1,0,0,0,0,0,1,0,0,0,0,0,0,1,0,0
24.24,8,4,0,0,0,0,1,0,0,1,0,0,0,0,0,0,0,0
78.31,23,0,0,0,0,0,0,1,0,0,0,0,0,0,1,0,0,0
434.68,9,5,1,0,1,0,0,0,0,0,1,0,0,0,0,0,0,1
11.22,23,1,0,0,0,0,0,1,0,1,0,0,0,0,0,0,0,0
15.6,15,6,1,0,0,1,0,0,0,0,0,0,0,0,0,1,0,0
16.78,11,4,0,1,0,0,0,0,0,0,0,1,0,0,0,0,0,0
93.26,8,0,0,0,1,0,0,0,0,0,0,0,0,1,0,0,0,0
95.46,7,0,0,0,0,0,0,0,1,0,0,0,1,0,0,0,0,0
141.32,15,1,0,1,0,0,0,0,0,0,0,0,1,0,0,0,0,0
155.0,7,3,0,0,0,0,0,1,0,0,0,0,1,0,0,0,0,0
27.58,17,0,0,0,1,0,0,0,0,0,0,0,0,0,0,0,1,0
2.52,7,6,1,1,0,0,0,0,0,0,1,0,0,0,0,0,0,0
4.72,23,3,0,1,0,0,0,0,0,0,1,0,0,0,0,0,0,0
49.33,9,0,0,1,0,0,0,0,0,0,0,0,0,0,0,1,0,0
145.06,13,6,1,0,0,1,0,0,0,0,0,0,0,0,1,0,0,0
2.33,13,4,0,0,0,0,0,1,0,0,1,0,0,0,0,0,0,0
32.68,21,6,1,0,1,0,0,0,0,0,0,0,0,0,1,0,0,0
24.79,23,1,0,0,1,0,0,0,0,1,0,0,0,0,0,0,0,0
6.79,23,1,0,1,0,0,0,0,0,0,0,0,0,0,0,0,1,0
6.62,6,4,0,0,0,1,0,0,0,0,0,0,0,0,0,0,1,0
113.6,9,4,0,0,0,0,0,0,1,0,0,0,0,1,0,0,0,0
2.73,8,0,0,0,0,0,0,0,1,0,1,0,0,0,0,0,0,0
2.4,12,3,0,0,1,0,0,0,0,0,1,0,0,0,0,0,0,0
7.43,11,3,0,0,1,0,0,0,0,0,0,0,0,0,0,0,1,0
53.68,19,4,0,0,0,0,0,1,0,0,0,1,0,0,0,0,0,0
37.38,8,2,0,0,0,1,0,0,0,0,0,0,0,0,0,0,1,0
172.84,14,3,0,0,0,1,0,0,0,0,0,0,1,0,0,0,0,0
186.2,7,2,0,0,1,0,0,0,0,0,0,0,0,0,1,0,0,0
248.28,20,1,0,0,1,0,0,0,0,0,0,0,0,0,1,0,0,0
56.17,16,1,0,1,0,0,0,0,0,0,0,0,0,0,1,0,0,0
145.29,16,3,0,1,0,0,0,0,0,0,0,0,0,0,1,0,0,0
2501.09,2,6,1,0,0,0,0,0,1,0,0,0,1,0,0,0,0,1
1780.83,2,1,0,0,0,0,0,1,0,0,0,0,0,0,0,1,0,1
5.08,14,4,0,0,1,0,0,0,0,1,0,0,0,0,0,0,0,0
161.02,22,0,0,1,0,0,0,0,0,0,0,0,1,0,0,0,0,0
13.04,21,3,0,0,1,0,0,0,0,0,0,0,0,0,0,0,1,0
300.83,0,4,0,0,0,0,1,0,0,0,1,0,0,0,0,0,0,1
23.69,10,4,0,0,0,0,1,0,0,1,0,0,0,0,0,0,0,0
15.9,23,0,0,0,0,0,0,0,1,0,0,0,0,0,0,1,0,0
33.8,14,3,0,0,0,0,0,0,1,1,0,0,0,0,0,0,0,0
16.63,22,1,0,1,0,0,0,0,0,0,0,1,0,0,0,0,0,0
80.02,1,5,1,0,0,0,0,0,1,0,0,1,0,0,0,0,0,1
318.01,22,6,1,0,0,0,1,0,0,0,1,0,0,0,0,0,0,1
5.02,6,3,0,1,0,0,0,0,0,0,1,0,0,0,0,0,0,0
18.41,21,6,1,0,0,0,0,0,1,0,0,0,0,1,0,0,0,0
73.61,8,2,0,0,0,0,0,0,1,0,0,0,0,1,0,0,0,0
205.24,12,4,0,0,1,0,0,0,0,0,0,0,0,0,1,0,0,0
22.18,15,4,0,1,0,0,0,0,0,1,0,0,0,0,0,0,0,0
34.91,22,3,0,1,0,0,0,0,0,0,0,0,0,1,0,0,0,0
1006.24,4,2,0,0,0,0,0,0,1,0,0,0,0,0,1,0,0,1
18.34,18,5,1,1,0,0,0,0,0,0,0,0,0,0,0,0,1,0
22.63,14,4,0,0,0,1,0,0,0,1,0,0,0,0,0,0,0,0
40.42,7,0,0,0,1,0,0,0,0,0,0,0,0,0,0,1,0,0
53.36,12,5,1,1,0,0,0,0,0,0,0,0,0,0,0,1,0,0
18.72,22,5,1,0,0,0,0,0,1,0,0,0,0,0,0,0,1,0
2.01,19,6,1,1,0,0,0,0,0,0,1,0,0,0,0,0,0,0
70.57,16,6,1,1,0,0,0,0,0,0,0,1,0,0,0,0,0,0
192.79,8,5,1,0,0,1,0,0,0,0,0,0,0,0,1,0,0,0
64.09,22,4,0,0,1,0,0,0,0,0,0,1,0,0,0,0,0,0
96.56,8,3,0,0,0,0,0,1,0,0,0,0,0,1,0,0,0,0
30.5,7,0,0,1,0,0,0,0,0,0,0,0,0,0,0,0,1,0
40.08,7,1,0,0,0,1,0,0,0,0,0,0,0,0,0,1,0,0
115.29,23,5,1,0,0,1,0,0,0,0,0,0,0,1,0,0,0,0
5.1,21,2,0,0,1,0,0,0,0,0,0,0,0,0,0,0,1,0
202.67,23,6,1,0,0,0,0,0,1,0,0,0,0,0,1,0,0,0
18.43,19,1,0,0,1,0,0,0,0,1,0,0,0,0,0,0,0,0
65.0,17,0,0,0,0,0,0,0,1,0,0,0,1,0,0,0,0,0
33.06,13,0,0,0,0,0,1,0,0,0,0,0,0,0,0,1,0,0
2.49,7,6,1,1,0,0,0,0,0,0,1,0,0,0,0,0,0,0
49.98,10,0,0,0,0,0,0,1,0,0,0,1,0,0,0,0,0,0
6.11,20,4,0,0,0,1,0,0,0,1,0,0,0,0,0,0,0,0
271.49,13,3,0,0,0,1,0,0,0,0,0,0,0,0,1,0,0,0
119.15,23,5,1,0,0,0,0,0,1,0,0,0,0,1,0,0,0,0
74.74,9,5,1,0,0,1,0,0,0,0,0,1,0,0,0,0,0,0
4800.65,1,0,0,0,0,0,0,0,1,0,0,0,0,0,1,0,0,1
65.83,12,6,1,0,0,0,0,0,1,0,0,1,0,0,0,0,0,0
79.22,8,2,0,1,0,0,0,0,0,0,0,0,0,1,0,0,0,0
20.55,20,6,1,0,0,1,0,0,0,0,0,1,0,0,0,0,0,0
34.13,13,1,0,0,0,0,0,0,1,0,0,0,0,0,0,1,0,0
212.48,1,4,0,0,0,0,0,0,1,0,0,0,0,0,0,1,0,1
60.53,7,0,0,0,1,0,0,0,0,0,0,1,0,0,0,0,0,0
194.04,3,5,1,0,0,0,0,0,1,0,0,1,0,0,0,0,0,1
4.76,23,4,0,1,0,0,0,0,0,0,1,0,0,0,0,0,0,0
92.39,8,3,0,1,0,0,0,0,0,0,0,0,0,1,0,0,0,0
28.83,9,1,0,1,0,0,0,0,0,1,0,0,0,0,0,0,0,0
30.67,11,4,0,1,0,0,0,0,0,0,0,0,0,0,0,0,1,0
48.74,8,6,1,1,0,0,0,0,0,0,0,0,0,0,0,1,0,0
3.6,9,5,1,0,1,0,0,0,0,0,1,0,0,0,0,0,0,0
8.05,16,2,0,0,0,0,1,0,0,0,0,0,0,0,0,1,0,0
39.31,13,4,0,1,0,0,0,0,0,0,0,0,0,0,0,0,1,0
123.85,4,1,0,0,0,0,0,0,1,0,0,0,0,1,0,0,0,1
44.48,17,3,0,0,1,0,0,0,0,0,0,0,0,0,0,1,0,0
28.78,8,0,0,0,0,0,1,0,0,0,0,0,0,0,0,0,1,0
1573.79,3,0,0,0,0,0,0,0,1,0,0,0,1,0,0,0,0,1
90.52,19,6,1,0,0,1,0,0,0,0,0,0,1,0,0,0,0,0
281.6,21,0,0,1,0,0,0,0,0,0,0,0,0,0,1,0,0,0
22.06,15,5,1,0,0,0,0,1,0,0,0,0,0,0,0,0,1,0
592.85,4,6,1,0,0,0,0,0,1,0,1,0,0,0,0,0,0,1
47.8,12,4,0,0,0,0,0,0,1,0,0,0,1,0,0,0,0,0
163.26,20,6,1,0,1,0,0,0,0,0,0,0,1,0,0,0,0,0
113.08,7,6,1,1,0,0,0,0,0,0,0,0,0,0,1,0,0,0
66.43,12,4,0,1,0,0,0,0,0,0,0,0,0,1,0,0,0,0
25.3,23,3,0,1,0,0,0,0,0,0,0,0,0,0,0,0,1,0
30.59,11,5,1,0,1,0,0,0,0,0,0,0,0,0,0,1,0,0
5.14,7,5,1,1,0,0,0,0,0,0,1,0,0,0,0,0,0,0
59.64,23,5,1,0,1,0,0,0,0,0,0,0,0,0,0,1,0,0
87.3,6,3,0,1,0,0,0,0,0,0,0,0,1,0,0,0,0,0
17.79,22,4,0,1,0,0,0,0,0,0,0,0,0,0,0,1,0,0
15.64,18,3,0,0,1,0,0,0,0,0,0,0,0,0,0,1,0,0
5.8,16,3,0,0,0,1,0,0,0,0,1,0,0,0,0,0,0,0
111.48,1,1,0,0,0,0,0,0,1,0,0,0,1,0,0,0,0,1
2.35,14,1,0,0,0,0,0,0,1,0,1,0,0,0,0,0,0,0
30.06,23,4,0,1,0,0,0,0,0,1,0,0,0,0,0,0,0,0
55.48,23,4,0,0,1,0,0,0,0,0,0,1,0,0,0,0,0,0
1.99,9,4,0,1,0,0,0,0,0,0,1,0,0,0,0,0,0,0
15.96,16,1,0,1,0,0,0,0,0,0,0,0,0,0,0,0,1,0
148.53,15,6,1,1,0,0,0,0,0,0,0,0,1,0,0,0,0,0
127.9,20,3,0,0,1,0,0,0,0,0,0,0,0,0,1,0,0,0
58.66,3,0,0,0,0,0,0,0,1,0,0,0,0,0,0,0,1,1
2.36,11,0,0,1,0,0,0,0,0,0,1,0,0,0,0,0,0,0
227.85,6,2,0,1,0,0,0,0,0,0,0,0,0,0,1,0,0,0
589.75,9,0,0,0,0,0,0,0,1,0,1,0,0,0,0,0,0,1
4.72,9,6,1,0,0,0,0,0,1,0,1,0,0,0,0,0,0,0
214.27,11,5,1,0,1,0,0,0,0,0,0,0,0,0,1,0,0,0
26.96,10,1,0,1,0,0,0,0,0,0,0,0,0,0,0,0,1,0
15.25,14,3,0,0,0,0,0,1,0,1,0,0,0,0,0,0,0,0
4.63,15,6,1,0,1,0,0,0,0,0,1,0,0,0,0,0,0,0
5.89,22,5,1,0,0,0,0,0,1,0,1,0,0,0,0,0,0,0
157.15,14,4,0,0,0,0,0,1,0,0,0,0,1,0,0,0,0,0
15.72,8,2,0,0,1,0,0,0,0,1,0,0,0,0,0,0,0,0
261.04,6,3,0,1,0,0,0,0,0,0,0,0,0,0,1,0,0,0
2.14,8,3,0,1,0,0,0,0,0,0,1,0,0,0,0,0,0,0
199.25,19,5,1,0,0,1,0,0,0,0,0,0,1,0,0,0,0,0
191.88,19,1,0,1,0,0,0,0,0,0,0,0,0,0,1,0,0,0
41.05,9,0,0,0,0,0,0,1,0,0,0,0,0,1,0,0,0,0
94.7,6,2,0,1,0,0,0,0,0,0,0,0,1,0,0,0,0,0
2.0,23,1,0,0,0,0,0,0,1,0,1,0,0,0,0,0,0,0
221.89,21,1,0,0,1,0,0,0,0,0,0,0,0,0,1,0,0,0
146.61,12,3,0,0,0,1,0,0,0,0,0,0,0,0,1,0,0,0
571.32,0,0,0,0,0,0,0,0,1,0,0,0,0,1,0,0,0,1
46.98,23,6,1,0,0,0,0,0,1,0,0,0,0,0,0,1,0,0
76.85,11,1,0,0,0,0,0,0,1,0,0,0,0,0,1,0,0,0
4.72,12,4,0,0,1,0,0,0,0,0,1,0,0,0,0,0,0,0
2.42,19,6,1,1,0,0,0,0,0,0,1,0,0,0,0,0,0,0
23.24,16,4,0,0,0,0,0,0,1,1,0,0,0,0,0,0,0,0
9.83,8,3,0,0,0,0,0,1,0,1,0,0,0,0,0,0,0,0
30.49,12,4,0,0,1,0,0,0,0,0,0,1,0,0,0,0,0,0
1749.39,20,6,1,0,0,0,0,0,1,0,0,0,0,0,0,1,0,1
5.61,17,2,0,0,0,0,0,0,1,0,1,0,0,0,0,0,0,0
4.77,14,3,0,1,0,0,0,0,0,0,1,0,0,0,0,0,0,0
5.69,10,5,1,1,0,0,0,0,0,0,0,0,0,0,0,0,1,0
25.53,4,4,0,0,0,0,0,0,1,0,0,0,0,0,0,0,1,1
1.82,14,5,1,1,0,0,0,0,0,0,1,0,0,0,0,0,0,0
170.2,17,2,0,1,0,0,0,0,0,0,0,0,1,0,0,0,0,0
4.82,21,4,0,0,1,0,0,0,0,0,1,0,0,0,0,0,0,0
2.97,14,1,0,0,0,0,0,0,1,0,1,0,0,0,0,0,0,0
617.23,1,0,0,1,0,0,0,0,0,0,0,1,0,0,0,0,0,1
197.24,19,4,0,0,0,0,0,1,0,0,0,0,1,0,0,0,0,0
10.49,18,0,0,0,1,0,0,0,0,0,0,0,0,0,0,0,1,0
148.67,19,1,0,0,0,0,0,0,1,0,0,0,1,0,0,0,0,0
560.97,4,2,0,0,0,0,0,0,1,0,0,0,1,0,0,0,0,1
23.71,23,0,0,0,1,0,0,0,0,0,0,0,0,0,0,0,1,0
32.02,13,5,1,0,0,0,1,0,0,0,0,1,0,0,0,0,0,0
71.17,22,4,0,0,0,1,0,0,0,0,0,0,0,1,0,0,0,0
27.82,18,5,1,1,0,0,0,0,0,0,0,0,0,0,1,0,0,0
93.69,14,2,0,0,0,1,0,0,0,0,0,0,0,1,0,0,0,0
20.91,12,0,0,1,0,0,0,0,0,0,0,0,0,0,0,0,1,0
31.22,19,3,0,0,0,0,0,1,0,0,0,0,0,0,0,0,1,0
67.16,14,4,0,0,1,0,0,0,0,0,0,0,0,1,0,0,0,0
18.58,20,1,0,1,0,0,0,0,0,0,0,0,0,1,0,0,0,0
34.35,23,2,0,0,1,0,0,0,0,1,0,0,0,0,0,0,0,0
5.46,6,3,0,0,1,0,0,0,0,0,1,0,0,0,0,0,0,0
85.08,2,4,0,0,0,0,0,0,1,0,0,1,0,0,0,0,0,1
205.78,23,0,0,1,0,0,0,0,0,0,0,0,0,0,1,0,0,0
68.92,14,2,0,0,0,0,1,0,0,0,0,1,0,0,0,0,0,0
20.89,6,6,1,0,0,0,0,0,1,0,0,0,0,0,0,0,1,0
47.88,14,3,0,0,0,1,0,0,0,0,0,0,1,0,0,0,0,0
38.56,16,1,0,0,0,0,1,0,0,0,0,0,0,0,0,1,0,0
96.12,21,0,0,0,1,0,0,0,0,0,0,0,0,1,0,0,0,0
73.61,20,0,0,0,0,0,0,0,1,0,0,0,1,0,0,0,0,0
48.67,17,1,0,1,0,0,0,0,0,0,0,1,0,0,0,0,0,0
295.98,8,1,0,0,1,0,0,0,0,0,0,0,0,0,1,0,0,0
2.91,14,3,0,0,1,0,0,0,0,0,1,0,0,0,0,0,0,0
9.48,20,2,0,0,0,1,0,0,0,1,0,0,0,0,0,0,0,0
60.67,22,0,0,0,1,0,0,0,0,0,0,0,1,0,0,0,0,0
4715.05,2,6,1,0,0,0,0,0,1,0,0,0,0,0,1,0,0,1
9.63,3,6,1,0,0,0,0,0,1,0,1,0,0,0,0,0,0,1
4.23,13,6,1,1,0,0,0,0,0,0,1,0,0,0,0,0,0,0
5.46,14,1,0,1,0,0,0,0,0,0,1,0,0,0,0,0,0,0
1688.46,19,6,1,0,0,0,1,0,0,0,0,0,1,0,0,0,0,1
5.58,18,3,0,0,1,0,0,0,0,0,1,0,0,0,0,0,0,0
106.01,10,5,1,1,0,0,0,0,0,0,0,0,0,0,1,0,0,0
24.85,13,1,0,1,0,0,0,0,0,0,0,0,0,0,0,0,1,0
176.92,11,6,1,0,0,1,0,0,0,0,0,0,1,0,0,0,0,0
104.48,10,3,0,0,0,1,0,0,0,0,0,0,0,1,0,0,0,0
2.62,16,1,0,1,0,0,0,0,0,0,1,0,0,0,0,0,0,0
16.58,16,6,1,1,0,0,0,0,0,0,0,0,0,0,0,1,0,0
48.99,15,0,0,0,0,1,0,0,0,0,0,0,1,0,0,0,0,0
10.3,16,4,0,0,0,0,0,0,1,0,0,0,0,0,0,0,1,0
21.36,7,3,0,0,0,0,0,0,1,0,0,0,0,0,0,0,1,0
1656.96,16,6,1,0,0,0,0,0,1,0,0,0,0,0,0,0,1,1
105.01,18,4,0,1,0,0,0,0,0,0,0,0,1,0,0,0,0,0
25.71,16,5,1,1,0,0,0,0,0,1,0,0,0,0,0,0,0,0
110.45,9,0,0,0,0,0,0,0,1,0,0,0,1,0,0,0,0,0
28.65,17,1,0,1,0,0,0,0,0,0,0,0,0,0,0,0,1,0
23.18,16,3,0,0,0,0,0,0,1,0,0,0,0,0,0,0,1,0
31.03,12,0,0,0,0,0,0,1,0,0,0,0,0,0,0,0,1,0
89.16,16,6,1,0,0,0,0,1,0,0,0,0,0,0,1,0,0,0
28.22,12,2,0,1,0,0,0,0,0,1,0,0,0,0,0,0,0,0
24.87,23,5,1,0,0,1,0,0,0,0,0,1,0,0,0,0,0,0
1238.21,2,2,0,0,0,0,0,0,1,0,0,0,0,0,1,0,0,1
16.7,20,6,1,0,0,1,0,0,0,0,0,0,0,0,0,0,1,0
76.1,13,0,0,1,0,0,0,0,0,0,0,0,0,1,0,0,0,0
13.56,22,5,1,0,0,0,0,1,0,0,0,0,0,0,0,0,1,0
31.4,18,4,0,1,0,0,0,0,0,0,0,0,0,0,0,1,0,0
30.65,7,2,0,1,0,0,0,0,0,0,0,0,0,1,0,0,0,0
4.48,11,2,0,1,0,0,0,0,0,0,1,0,0,0,0,0,0,0
100.9,9,0,0,0,1,0,0,0,0,0,0,0,1,0,0,0,0,0
34.92,7,1,0,0,0,0,0,0,1,0,0,0,0,0,0,1,0,0
21.88,19,0,0,0,1,0,0,0,0,0,0,0,0,0,0,0,1,0
1762.44,21,5,1,0,0,0,0,0,1,0,0,0,0,1,0,0,0,1
840.32,10,2,0,0,0,0,0,0,1,1,0,0,0,0,0,0,0,1
112.49,10,3,0,1,0,0,0,0,0,0,0,0,0,1,0,0,0,0
314.54,14,0,0,0,0,0,0,1,0,0,1,0,0,0,0,0,0,1
140.51,10,0,0,1,0,0,0,0,0,0,0,0,1,0,0,0,0,0
4.26,12,6,1,1,0,0,0,0,0,0,1,0,0,0,0,0,0,0
6.33,17,2,0,1,0,0,0,0,0,0,0,0,0,0,0,0,1,0
16.52,4,2,0,0,0,0,0,0,1,0,1,0,0,0,0,0,0,1
39.44,21,3,0,1,0,0,0,0,0,0,0,1,0,0,0,0,0,0
110.32,13,2,0,0,0,1,0,0,0,0,0,0,1,0,0,0,0,0
133.11,16,0,0,0,0,1,0,0,0,0,0,0,0,0,1,0,0,0
38.0,11,0,0,1,0,0,0,0,0,0,0,0,0,0,0,1,0,0
104.9,14,6,1,0,0,0,0,0,1,0,0,0,1,0,0,0,0,0
52.74,15,3,0,1,0,0,0,0,0,0,0,0,0,1,0,0,0,0
10.57,23,5,1,0,0,0,0,0,1,0,0,0,0,0,0,0,1,0
24.8,12,5,1,0,0,0,0,0,1,0,0,0,0,0,0,1,0,0
63.86,15,2,0,0,0,1,0,0,0,0,0,1,0,0,0,0,0,0
85.15,8,0,0,1,0,0,0,0,0,0,0,0,0,0,1,0,0,0
5.54,7,6,1,1,0,0,0,0,0,0,1,0,0,0,0,0,0,0
33.19,16,6,1,1,0,0,0,0,0,0,0,0,1,0,0,0,0,0
51.08,18,6,1,1,0,0,0,0,0,0,0,0,0,0,0,1,0,0
75.66,19,0,0,1,0,0,0,0,0,0,0,0,0,1,0,0,0,0
1676.17,4,2,0,0,0,0,0,0,1,0,0,0,0,0,0,1,0,1
534.1,14,6,1,0,0,0,0,0,1,1,0,0,0,0,0,0,0,1
890.23,18,5,1,0,0,0,0,0,1,0,0,1,0,0,0,0,0,1
7.7,12,5,1,0,0,0,0,0,1,0,0,0,0,0,0,0,1,0
49.16,23,1,0,0,0,0,1,0,0,0,0,0,0,1,0,0,0,0
8.75,6,3,0,0,1,0,0,0,0,0,0,0,0,0,0,1,0,0
9.8,15,1,0,0,0,0,0,0,1,0,0,0,0,0,0,1,0,0
24.55,12,5,1,0,1,0,0,0,0,0,0,0,0,1,0,0,0,0
103.3,23,2,0,1,0,0,0,0,0,0,0,0,0,1,0,0,0,0
295.11,22,5,1,1,0,0,0,0,0,0,0,0,0,0,1,0,0,0
49.82,9,3,0,0,0,0,0,0,1,0,0,1,0,0,0,0,0,0
43.47,12,6,1,0,0,0,0,1,0,0,0,1,0,0,0,0,0,0
89.13,7,6,1,0,0,1,0,0,0,0,0,0,1,0,0,0,0,0
14.39,16,1,0,0,1,0,0,0,0,1,0,0,0,0,0,0,0,0
206.99,18,4,0,0,0,0,0,0,1,0,0,0,0,0,1,0,0,0
22.52,11,3,0,1,0,0,0,0,0,0,0,1,0,0,0,0,0,0
5.1,21,6,1,0,1,0,0,0,0,0,1,0,0,0,0,0,0,0
51.41,16,1,0,0,0,1,0,0,0,0,0,0,0,0,0,1,0,0
104.84,12,0,0,0,1,0,0,0,0,0,0,0,1,0,0,0,0,0
20.91,17,0,0,1,0,0,0,0,0,0,0,0,1,0,0,0,0,0
16.15,20,3,0,1,0,0,0,0,0,0,0,0,0,1,0,0,0,0
2.76,17,6,1,0,0,0,0,0,1,0,1,0,0,0,0,0,0,0
7.34,7,5,1,0,1,0,0,0,0,0,0,0,0,0,0,0,1,0
69.99,6,2,0,0,0,0,0,0,1,0,0,1,0,0,0,0,0,0
25.03,14,4,0,1,0,0,0,0,0,0,0,0,0,0,0,1,0,0
434.79,4,1,0,1,0,0,0,0,0,1,0,0,0,0,0,0,0,1
32.92,23,4,0,1,0,0,0,0,0,1,0,0,0,0,0,0,0,0
141.35,23,1,0,0,1,0,0,0,0,0,0,0,0,0,1,0,0,0
11.23,18,0,0,0,0,0,0,0,1,0,0,0,0,0,0,0,1,0
53.31,9,1,0,0,0,0,0,0,1,0,0,0,0,0,0,1,0,0
241.24,15,4,0,1,0,0,0,0,0,0,0,0,0,0,1,0,0,0
40.75,13,6,1,0,0,0,0,0,1,0,0,1,0,0,0,0,0,0
74.11,15,0,0,0,0,0,0,1,0,0,0,1,0,0,0,0,0,0
232.72,10,2,0,0,1,0,0,0,0,0,0,0,0,0,1,0,0,0
1.75,8,3,0,0,0,1,0,0,0,0,1,0,0,0,0,0,0,0
27.11,19,6,1,0,1,0,0,0,0,0,0,0,1,0,0,0,0,0
43.0,8,5,1,1,0,0,0,0,0,0,0,0,0,0,0,1,0,0
5.12,23,1,0,0,1,0,0,0,0,0,0,0,0,0,0,0,1,0
162.27,23,5,1,0,0,0,0,0,1,0,0,0,1,0,0,0,0,0
34.93,10,2,0,0,0,0,0,1,0,0,0,0,1,0,0,0,0,0
114.05,12,5,1,1,0,0,0,0,0,0,0,0,1,0,0,0,0,0
56.49,23,4,0,0,1,0,0,0,0,0,0,1,0,0,0,0,0,0
33.93,20,5,1,0,1,0,0,0,0,0,0,0,0,0,0,0,1,0
27.69,23,6,1,0,1,0,0,0,0,0,0,0,1,0,0,0,0,0
745.91,3,2,0,0,0,0,0,0,1,1,0,0,0,0,0,0,0,1
112.0,7,0,0,0,0,0,0,0,1,0,0,0,0,1,0,0,0,0
31.93,9,1,0,0,0,0,0,1,0,1,0,0,0,0,0,0,0,0
956.49,1,2,0,0,0,1,0,0,0,0,0,1,0,0,0,0,0,1
53.7,19,4,0,0,0,0,0,0,1,0,0,1,0,0,0,0,0,0
38.63,23,1,0,1,0,0,0,0,0,0,0,0,0,0,0,1,0,0
21.13,10,1,0,1,0,0,0,0,0,0,0,1,0,0,0,0,0,0
26.94,15,0,0,1,0,0,0,0,0,1,0,0,0,0,0,0,0,0
180.35,19,5,1,1,0,0,0,0,0,0,0,0,1,0,0,0,0,0
27.06,7,1,0,0,0,0,0,0,1,0,0,0,1,0,0,0,0,0
38.7,17,2,0,1,0,0,0,0,0,0,0,0,0,0,0,1,0,0
57.49,7,3,0,0,0,1,0,0,0,0,0,0,0,0,0,1,0,0
206.56,14,6,1,1,0,0,0,0,0,0,0,0,0,0,1,0,0,0
114.94,23,3,0,1,0,0,0,0,0,0,0,0,0,1,0,0,0,0
3.55,18,1,0,0,0,0,1,0,0,0,1,0,0,0,0,0,0,0
265.65,9,0,0,0,0,0,0,0,1,0,0,0,0,0,1,0,0,0
65.4,14,4,0,1,0,0,0,0,0,0,0,0,1,0,0,0,0,0
195.94,7,6,1,0,1,0,0,0,0,0,0,0,1,0,0,0,0,0
5.44,21,4,0,1,0,0,0,0,0,0,1,0,0,0,0,0,0,0
55.24,14,0,0,1,0,0,0,0,0,0,0,0,0,0,0,1,0,0
69.64,7,2,0,1,0,0,0,0,0,0,0,0,0,1,0,0,0,0
38.72,14,4,0,1,0,0,0,0,0,0,0,0,0,0,0,0,1,0
10.38,16,4,0,1,0,0,0,0,0,0,0,0,0,0,0,0,1,0
35.73,23,4,0,1,0,0,0,0,0,0,0,1,0,0,0,0,0,0
194.29,18,6,1,1,0,0,0,0,0,0,0,0,1,0,0,0,0,0
27.27,21,4,0,0,1,0,0,0,0,0,0,0,0,0,0,1,0,0
25.72,19,1,0,0,0,0,0,0,1,0,0,0,0,0,0,0,1,0
159.39,23,0,0,0,0,1,0,0,0,0,0,0,0,0,1,0,0,0
52.49,13,3,0,0,1,0,0,0,0,0,0,0,0,0,0,1,0,0
5.08,11,6,1,1,0,0,0,0,0,0,0,0,0,0,0,1,0,0
29.78,23,5,1,0,0,1,0,0,0,1,0,0,0,0,0,0,0,0
277.46,22,6,1,0,0,0,0,0,1,0,0,0,0,0,1,0,0,0
12.53,23,2,0,0,1,0,0,0,0,1,0,0,0,0,0,0,0,0
33.78,9,6,1,0,0,0,1,0,0,1,0,0,0,0,0,0,0,0
212.07,22,1,0,1,0,0,0,0,0,0,0,0,0,0,1,0,0,0
13.45,12,4,0,1,0,0,0,0,0,0,0,0,0,0,0,1,0,0
64.72,10,4,0,0,0,0,0,0,1,0,0,1,0,0,0,0,0,0
30.19,22,5,1,1,0,0,0,0,0,0,0,0,1,0,0,0,0,0
67.78,6,3,0,1,0,0,0,0,0,0,0,0,1,0,0,0,0,0
405.69,2,1,0,0,0,0,0,0,1,0,1,0,0,0,0,0,0,1
152.77,2,6,1,0,0,0,0,0,1,1,0,0,0,0,0,0,0,1
5.49,1,4,0,0,0,0,0,0,1,0,1,0,0,0,0,0,0,1
5.17,12,6,1,1,0,0,0,0,0,0,1,0,0,0,0,0,0,0
3.74,13,5,1,1,0,0,0,0,0,0,1,0,0,0,0,0,0,0
69.03,13,2,0,0,0,1,0,0,0,0,0,0,0,1,0,0,0,0
770.18,16,3,0,0,0,0,0,0,1,0,0,0,0,1,0,0,0,1
37.83,8,1,0,0,1,0,0,0,0,0,0,0,0,0,0,1,0,0
24.9,21,3,0,0,0,0,0,0,1,0,0,0,0,0,0,0,1,0
21.29,19,1,0,1,0,0,0,0,0,0,0,0,0,1,0,0,0,0
5.54,8,4,0,0,1,0,0,0,0,0,1,0,0,0,0,0,0,0
243.68,3,1,0,0,0,0,0,0,1,0,0,0,0,0,1,0,0,1
262.12,8,5,1,0,1,0,0,0,0,0,0,0,0,0,1,0,0,0
19.37,22,3,0,1,0,0,0,0,0,1,0,0,0,0,0,0,0,0
640.22,1,1,0,0,0,0,0,0,1,0,0,0,0,0,0,0,1,1
23.1,12,2,0,0,0,0,0,0,1,0,0,1,0,0,0,0,0,0
32.33,17,3,0,0,0,1,0,0,0,1,0,0,0,0,0,0,0,0
76.61,10,5,1,1,0,0,0,0,0,0,0,1,0,0,0,0,0,0
98.68,13,2,0,0,0,0,0,0,1,0,0,0,0,1,0,0,0,0
58.18,14,5,1,1,0,0,0,0,0,0,0,0,0,1,0,0,0,0
255.41,15,1,0,1,0,0,0,0,0,0,0,0,0,0,1,0,0,0
8.84,10,3,0,0,0,0,0,0,1,0,0,0,0,0,0,1,0,0
49.44,8,6,1,0,0,0,0,0,1,0,0,0,0,0,0,1,0,0
76.63,14,5,1,0,0,0,0,0,1,0,0,0,1,0,0,0,0,0
26.72,6,5,1,0,0,0,1,0,0,0,0,1,0,0,0,0,0,0
11.51,7,1,0,1,0,0,0,0,0,0,0,0,0,0,0,0,1,0
31.74,22,6,1,0,1,0,0,0,0,1,0,0,0,0,0,0,0,0
18.74,16,6,1,1,0,0,0,0,0,0,0,1,0,0,0,0,0,0
26.91,23,4,0,1,0,0,0,0,0,1,0,0,0,0,0,0,0,0
68.17,4,5,1,0,0,0,0,0,1,0,0,0,0,0,0,0,1,1
25.6,23,4,0,0,1,0,0,0,0,1,0,0,0,0,0,0,0,0
55.99,16,0,0,1,0,0,0,0,0,0,0,0,1,0,0,0,0,0
39.61,14,4,0,0,0,0,1,0,0,0,0,0,0,0,0,0,1,0
129.23,16,4,0,0,0,1,0,0,0,0,0,0,1,0,0,0,0,0
92.3,22,4,0,0,1,0,0,0,0,0,0,0,0,1,0,0,0,0
65.93,8,2,0,0,0,0,0,0,1,0,0,1,0,0,0,0,0,0
105.9,22,6,1,0,0,0,0,1,0,0,0,0,0,1,0,0,0,0
36.5,12,3,0,1,0,0,0,0,0,0,0,0,0,0,1,0,0,0
10.8,10,1,0,1,0,0,0,0,0,0,0,0,0,0,0,0,1,0
2.35,20,6,1,1,0,0,0,0,0,0,1,0,0,0,0,0,0,0
31.0,22,0,0,0,0,0,0,0,1,0,0,0,1,0,0,0,0,0
150.87,10,1,0,0,0,0,0,0,1,0,0,0,0,0,1,0,0,0
30.22,20,2,0,0,0,0,0,0,1,0,0,1,0,0,0,0,0,0
27.97,20,2,0,1,0,0,0,0,0,0,0,0,0,0,0,0,1,0
60.43,23,3,0,1,0,0,0,0,0,0,0,0,0,0,1,0,0,0
3.26,22,3,0,1,0,0,0,0,0,0,1,0,0,0,0,0,0,0
58.38,11,1,0,1,0,0,0,0,0,0,0,0,0,0,0,1,0,0
4.96,18,1,0,0,0,0,0,0,1,0,1,0,0,0,0,0,0,0
33.67,14,6,1,1,0,0,0,0,0,1,0,0,0,0,0,0,0,0
61.12,18,5,1,0,0,1,0,0,0,0,0,1,0,0,0,0,0,0
212.35,6,2,0,1,0,0,0,0,0,0,0,0,0,0,1,0,0,0
19.33,18,4,0,1,0,0,0,0,0,1,0,0,0,0,0,0,0,0
9.99,11,2,0,0,0,0,0,0,1,1,0,0,0,0,0,0,0,0
22.7,16,0,0,0,0,0,0,0,1,0,0,0,0,0,0,0,1,0
71.21,20,4,0,0,1,0,0,0,0,0,0,1,0,0,0,0,0,0
27.43,10,4,0,0,0,0,0,0,1,0,0,0,1,0,0,0,0,0
815.5,20,2,0,1,0,0,0,0,0,0,0,0,0,1,0,0,0,1
56.37,10,6,1,0,0,0,1,0,0,0,0,0,0,1,0,0,0,0
358.21,14,5,1,0,0,0,1,0,0,0,1,0,0,0,0,0,0,1
108.88,9,3,0,0,0,1,0,0,0,0,0,0,0,1,0,0,0,0
58.9,9,6,1,0,0,0,0,1,0,0,0,0,0,0,1,0,0,0
20.93,19,6,1,1,0,0,0,0,0,0,0,1,0,0,0,0,0,0
6.05,10,6,1,0,0,0,1,0,0,0,0,0,0,0,0,1,0,0
589.8,3,6,1,0,0,0,0,0,1,0,1,0,0,0,0,0,0,1
12.01,17,2,0,1,0,0,0,0,0,1,0,0,0,0,0,0,0,0
36.77,15,3,0,0,1,0,0,0,0,0,0,0,0,0,0,0,1,0
103.69,16,3,0,0,0,0,0,0,1,0,0,0,1,0,0,0,0,0
20.75,17,6,1,0,0,0,0,0,1,0,0,0,0,1,0,0,0,0
1.7,22,5,1,1,0,0,0,0,0,0,1,0,0,0,0,0,0,0
23.97,21,4,0,1,0,0,0,0,0,0,0,0,0,0,0,1,0,0
9.01,19,3,0,0,0,0,0,1,0,0,0,0,0,0,0,1,0,0
3.48,6,4,0,1,0,0,0,0,0,0,1,0,0,0,0,0,0,0
4.86,9,6,1,1,0,0,0,0,0,0,1,0,0,0,0,0,0,0
46.49,22,6,1,0,0,1,0,0,0,0,0,0,0,0,0,1,0,0
80.33,23,2,0,1,0,0,0,0,0,0,0,0,0,1,0,0,0,0
96.78,17,1,0,0,0,0,0,0,1,0,0,0,1,0,0,0,0,0
5.05,19,6,1,1,0,0,0,0,0,0,1,0,0,0,0,0,0,0
2.48,8,5,1,0,0,0,0,0,1,0,1,0,0,0,0,0,0,0
457.51,19,2,0,0,0,0,1,0,0,1,0,0,0,0,0,0,0,1
49.55,21,3,0,0,1,0,0,0,0,0,0,0,0,1,0,0,0,0
12.62,23,2,0,0,0,1,0,0,0,0,0,0,0,0,0,1,0,0
92.05,8,4,0,0,0,0,0,1,0,0,0,0,0,0,1,0,0,0
3.09,7,0,0,1,0,0,0,0,0,0,1,0,0,0,0,0,0,0
208.79,16,3,0,0,0,1,0,0,0,0,0,0,0,0,1,0,0,0
33.65,20,4,0,0,0,1,0,0,0,0,0,0,0,1,0,0,0,0
805.16,18,0,0,0,0,0,0,0,1,0,0,0,0,1,0,0,0,1
46.44,15,2,0,1,0,0,0,0,0,0,0,1,0,0,0,0,0,0
50.73,22,2,0,0,0,0,0,0,1,0,0,0,0,0,0,1,0,0
30.79,18,1,0,1,0,0,0,0,0,1,0,0,0,0,0,0,0,0
7.44,8,0,0,0,0,0,0,0,1,0,0,0,0,0,0,0,1,0
48.07,23,0,0,1,0,0,0,0,0,0,0,0,0,0,0,1,0,0
98.97,19,4,0,1,0,0,0,0,0,0,0,0,0,1,0,0,0,0
273.1,11,3,0,0,0,1,0,0,0,0,0,0,0,0,1,0,0,0
14.67,9,5,1,0,0,0,0,0,1,0,0,1,0,0,0,0,0,0
109.6,17,0,0,1,0,0,0,0,0,0,0,0,0,1,0,0,0,0
180.58,12,2,0,1,0,0,0,0,0,0,0,0,1,0,0,0,0,0
5.47,8,0,0,1,0,0,0,0,0,0,1,0,0,0,0,0,0,0
117.66,1,3,0,0,0,0,0,0,1,0,0,0,0,0,0,0,1,1
20.99,6,6,1,1,0,0,0,0,0,0,0,0,0,0,0,0,1,0
85.83,22,5,1,1,0,0,0,0,0,0,0,0,1,0,0,0,0,0
32.62,6,1,0,1,0,0,0,0,0,0,0,1,0,0,0,0,0,0
47.86,19,4,0,1,0,0,0,0,0,0,0,1,0,0,0,0,0,0
3.86,14,5,1,0,0,0,1,0,0,0,1,0,0,0,0,0,0,0
32.07,8,6,1,1,0,0,0,0,0,0,0,0,0,0,0,0,1,0
117.53,23,0,0,1,0,0,0,0,0,0,0,0,0,1,0,0,0,0
39.59,22,2,0,1,0,0,0,0,0,0,0,1,0,0,0,0,0,0
283.44,8,2,0,1,0,0,0,0,0,0,0,0,0,0,1,0,0,0
71.82,20,5,1,1,0,0,0,0,0,0,0,0,0,1,0,0,0,0
93.06,21,2,0,0,0,1,0,0,0,0,0,0,0,1,0,0,0,0
45.68,7,3,0,0,1,0,0,0,0,0,0,0,1,0,0,0,0,0
133.67,8,3,0,0,0,1,0,0,0,0,0,0,1,0,0,0,0,0
25.96,8,6,1,0,0,1,0,0,0,1,0,0,0,0,0,0,0,0
177.12,11,4,0,1,0,0,0,0,0,0,0,0,1,0,0,0,0,0
10.35,18,4,0,0,0,0,0,0,1,0,0,0,0,0,0,1,0,0
2.63,10,4,0,0,0,1,0,0,0,0,1,0,0,0,0,0,0,0
79.54,18,2,0,0,0,0,0,0,1,0,0,0,0,0,1,0,0,0
198.7,23,6,1,0,0,0,0,1,0,0,0,0,0,0,1,0,0,0
33.19,23,5,1,0,0,1,0,0,0,0,0,0,1,0,0,0,0,0
2061.32,19,1,0,0,0,0,0,0,1,0,0,0,0,1,0,0,0,1
82.45,7,3,0,0,1,0,0,0,0,0,0,0,0,1,0,0,0,0
340.85,3,4,0,0,0,0,0,0,1,0,0,0,0,1,0,0,0,1
23.3,20,0,0,1,0,0,0,0,0,0,0,0,0,0,0,1,0,0
21.59,18,4,0,0,0,0,1,0,0,0,0,0,0,0,0,0,1,0
1024.61,1,6,1,0,0,0,0,0,1,0,0,0,0,0,1,0,0,1
32.37,15,4,0,1,0,0,0,0,0,0,0,0,0,1,0,0,0,0
196.14,8,5,1,0,0,1,0,0,0,0,0,0,1,0,0,0,0,0
67.36,9,0,0,0,0,0,0,0,1,0,0,1,0,0,0,0,0,0
169.49,23,0,0,0,1,0,0,0,0,0,0,0,1,0,0,0,0,0
874.48,4,3,0,0,0,0,1,0,0,0,0,1,0,0,0,0,0,1
67.52,20,0,0,1,0,0,0,0,0,0,0,0,1,0,0,0,0,0
64.82,18,5,1,0,1,0,0,0,0,0,0,1,0,0,0,0,0,0
13.42,10,3,0,0,1,0,0,0,0,1,0,0,0,0,0,0,0,0
10.37,16,4,0,1,0,0,0,0,0,0,0,1,0,0,0,0,0,0
53.22,15,3,0,0,0,0,0,0,1,0,0,0,1,0,0,0,0,0
74.34,22,3,0,1,0,0,0,0,0,0,0,0,0,1,0,0,0,0
147.14,23,5,1,1,0,0,0,0,0,0,0,0,0,0,1,0,0,0
52.22,18,6,1,1,0,0,0,0,0,0,0,0,0,0,0,1,0,0
35.58,16,0,0,0,0,0,0,0,1,0,0,0,0,0,1,0,0,0
16.6,16,4,0,1,0,0,0,0,0,0,0,1,0,0,0,0,0,0
212.61,17,3,0,0,1,0,0,0,0,0,0,0,0,0,1,0,0,0
13.62,10,2,0,0,0,0,0,1,0,0,0,0,0,0,0,1,0,0
45.67,9,1,0,0,0,0,0,0,1,0,0,0,0,0,0,1,0,0
36.54,13,2,0,0,0,1,0,0,0,0,0,0,0,0,0,0,1,0
130.27,13,3,0,0,0,1,0,0,0,0,0,0,0,0,1,0,0,0
32.23,6,3,0,1,0,0,0,0,0,0,0,1,0,0,0,0,0,0
66.66,17,1,0,1,0,0,0,0,0,0,0,0,0,0,1,0,0,0
11.9,19,0,0,0,0,0,1,0,0,0,0,0,0,0,0,1,0,0
28.21,14,6,1,0,1,0,0,0,0,0,0,0,0,0,0,1,0,0
2.34,22,1,0,1,0,0,0,0,0,0,1,0,0,0,0,0,0,0
60.68,0,5,1,0,0,0,0,0,1,0,0,0,0,1,0,0,0,1
141.73,8,0,0,1,0,0,0,0,0,0,0,0,1,0,0,0,0,0
197.3,14,1,0,0,1,0,0,0,0,0,0,0,0,0,1,0,0,0
12.08,23,3,0,1,0,0,0,0,0,0,0,0,0,0,0,0,1,0
12.34,12,4,0,0,1,0,0,0,0,0,0,1,0,0,0,0,0,0
34.19,9,3,0,0,0,0,0,0,1,0,0,0,0,1,0,0,0,0
89.87,9,4,0,0,0,0,0,0,1,0,0,0,0,1,0,0,0,0
1562.65,21,4,0,0,0,0,0,0,1,0,0,0,0,0,0,1,0,1
16.9,13,4,0,0,1,0,0,0,0,0,0,0,0,0,0,0,1,0
277.8,21,3,0,1,0,0,0,0,0,0,0,0,0,0,1,0,0,0
2054.81,1,6,1,0,0,0,0,0,1,0,0,0,1,0,0,0,0,1
93.04,17,4,0,0,1,0,0,0,0,0,0,0,0,1,0,0,0,0
16.84,22,4,0,1,0,0,0,0,0,1,0,0,0,0,0,0,0,0
35.64,10,0,0,0,0,0,0,0,1,0,0,0,0,0,0,0,1,0
208.67,23,1,0,0,0,0,0,1,0,0,0,0,0,0,1,0,0,0
9.99,9,4,0,1,0,0,0,0,0,1,0,0,0,0,0,0,0,0
36.05,16,3,0,1,0,0,0,0,0,0,0,0,0,1,0,0,0,0
15.16,4,5,1,0,0,0,0,0,1,1,0,0,0,0,0,0,0,1
104.98,16,2,0,1,0,0,0,0,0,0,0,0,0,0,1,0,0,0
71.62,10,1,0,1,0,0,0,0,0,0,0,0,1,0,0,0,0,0
5.5,23,0,0,1,0,0,0,0,0,0,1,0,0,0,0,0,0,0
2.01,6,5,1,1,0,0,0,0,0,0,1,0,0,0,0,0,0,0
78.45,8,4,0,1,0,0,0,0,0,0,0,1,0,0,0,0,0,0
268.77,9,0,0,1,0,0,0,0,0,0,0,0,0,0,1,0,0,0
286.47,12,4,0,1,0,0,0,0,0,0,0,0,0,0,1,0,0,0
5.93,6,2,0,1,0,0,0,0,0,0,1,0,0,0,0,0,0,0
3725.63,2,0,0,0,0,0,0,0,1,0,0,0,0,0,1,0,0,1
172.75,7,3,0,0,0,0,1,0,0,0,0,0,1,0,0,0,0,0
58.63,20,0,0,0,1,0,0,0,0,0,0,1,0,0,0,0,0,0
23.81,8,1,0,1,0,0,0,0,0,1,0,0,0,0,0,0,0,0
166.73,0,1,0,0,0,0,0,0,1,0,0,0,0,0,0,1,0,1
74.44,20,1,0,0,0,0,1,0,0,0,0,0,1,0,0,0,0,0
49.55,12,5,1,0,1,0,0,0,0,0,0,0,1,0,0,0,0,0
28.39,18,2,0,0,0,0,0,0,1,0,0,0,0,1,0,0,0,0
94.62,20,0,0,0,0,1,0,0,0,0,0,0,0,1,0,0,0,0
14.94,6,5,1,0,0,0,0,0,1,1,0,0,0,0,0,0,0,0
2.71,21,0,0,1,0,0,0,0,0,0,1,0,0,0,0,0,0,0
71.98,9,4,0,0,1,0,0,0,0,0,0,1,0,0,0,0,0,0
76.44,16,2,0,0,0,1,0,0,0,0,0,0,0,1,0,0,0,0
8.01,20,3,0,1,0,0,0,0,0,0,0,0,0,0,0,0,1,0
10.73,11,4,0,0,0,1,0,0,0,0,0,0,0,0,0,1,0,0
40.26,15,5,1,0,0,1,0,0,0,0,0,0,0,1,0,0,0,0
17.48,6,4,0,0,1,0,0,0,0,1,0,0,0,0,0,0,0,0
29.46,12,0,0,1,0,0,0,0,0,0,0,1,0,0,0,0,0,0
14.48,22,1,0,0,0,1,0,0,0,0,0,0,0,0,0,1,0,0
25.29,20,3,0,0,0,1,0,0,0,1,0,0,0,0,0,0,0,0
139.17,11,3,0,1,0,0,0,0,0,0,0,0,0,0,1,0,0,0
37.67,23,1,0,1,0,0,0,0,0,0,0,0,0,0,0,0,1,0
21.86,22,1,0,0,0,0,0,0,1,0,0,1,0,0,0,0,0,0
2.47,17,1,0,0,0,0,0,0,1,0,1,0,0,0,0,0,0,0
832.93,22,1,0,0,0,1,0,0,0,0,0,0,0,0,0,1,0,1
18.21,17,4,0,1,0,0,0,0,0,0,0,0,0,0,0,0,1,0
167.82,23,5,1,0,0,0,0,0,1,0,0,0,1,0,0,0,0,0
77.1,11,0,0,0,0,0,0,1,0,0,0,1,0,0,0,0,0,0
24.44,22,3,0,0,0,0,0,1,0,1,0,0,0,0,0,0,0,0
43.24,14,1,0,0,0,0,0,0,1,0,0,0,1,0,0,0,0,0
40.18,7,4,0,1,0,0,0,0,0,0,0,0,0,0,1,0,0,0
5.12,6,1,0,1,0,0,0,0,0,0,1,0,0,0,0,0,0,0
74.42,22,3,0,1,0,0,0,0,0,0,0,0,0,1,0,0,0,0
659.56,14,2,0,0,0,0,0,0,1,1,0,0,0,0,0,0,0,1
600.71,0,3,0,0,0,0,0,1,0,0,0,1,0,0,0,0,0,1
2.18,23,3,0,1,0,0,0,0,0,0,1,0,0,0,0,0,0,0
29.71,13,5,1,1,0,0,0,0,0,1,0,0,0,0,0,0,0,0
2.12,22,3,0,0,1,0,0,0,0,0,1,0,0,0,0,0,0,0
38.26,18,6,1,0,0,0,0,0,1,0,0,0,0,0,0,1,0,0
59.31,11,2,0,0,1,0,0,0,0,0,0,1,0,0,0,0,0,0
5.8,17,5,1,0,0,1,0,0,0,0,1,0,0,0,0,0,0,0
17.96,12,2,0,1,0,0,0,0,0,0,0,0,0,0,0,1,0,0
19.98,20,0,0,1,0,0,0,0,0,1,0,0,0,0,0,0,0,0
1471.55,17,4,0,0,0,1,0,0,0,0,0,0,0,0,0,0,1,1
158.68,0,3,0,0,0,0,0,0,1,0,0,1,0,0,0,0,0,1
742.05,4,6,1,0,0,0,0,1,0,0,0,1,0,0,0,0,0,1
43.83,18,6,1,1,0,0,0,0,0,0,0,1,0,0,0,0,0,0
86.03,13,4,0,1,0,0,0,0,0,0,0,0,0,1,0,0,0,0
23.98,11,2,0,0,0,0,0,0,1,0,0,0,0,1,0,0,0,0
47.84,11,2,0,0,0,0,0,1,0,0,0,0,0,0,0,1,0,0
32.25,19,3,0,0,0,0,0,0,1,0,0,0,1,0,0,0,0,0
58.46,14,4,0,1,0,0,0,0,0,0,0,1,0,0,0,0,0,0
16.76,10,3,0,0,0,0,0,0,1,0,0,0,0,0,0,0,1,0
129.53,7,1,0,0,1,0,0,0,0,0,0,0,1,0,0,0,0,0
37.55,8,2,0,1,0,0,0,0,0,0,0,0,0,0,0,0,1,0
58.04,7,3,0,0,0,0,0,1,0,0,0,0,0,1,0,0,0,0
21.11,22,1,0,0,0,1,0,0,0,0,0,1,0,0,0,0,0,0
2322.63,14,4,0,1,0,0,0,0,0,0,0,0,0,0,1,0,0,1
18.28,2,2,0,0,0,0,0,0,1,0,1,0,0,0,0,0,0,1
117.64,23,3,0,1,0,0,0,0,0,0,0,0,0,1,0,0,0,0
543.43,4,0,0,0,0,0,0,0,1,1,0,0,0,0,0,0,0,1
82.17,23,2,0,0,0,0,1,0,0,0,0,0,1,0,0,0,0,0
2197.07,0,4,0,0,0,0,0,0,1,0,0,0,0,0,1,0,0,1
32.92,6,0,0,0,1,0,0,0,0,0,0,0,0,0,0,0,1,0
1630.11,11,3,0,0,0,1,0,0,0,0,0,0,0,1,0,0,0,1
2.15,21,4,0,0,1,0,0,0,0,0,1,0,0,0,0,0,0,0
65.74,13,2,0,1,0,0,0,0,0,0,0,0,0,1,0,0,0,0
275.66,23,4,0,0,1,0,0,0,0,0,0,0,0,0,1,0,0,0
188.07,10,1,0,1,0,0,0,0,0,0,0,0,1,0,0,0,0,0
3.49,6,3,0,1,0,0,0,0,0,0,1,0,0,0,0,0,0,0
62.89,11,1,0,1,0,0,0,0,0,0,0,0,0,0,1,0,0,0
358.65,10,6,1,0,0,0,1,0,0,0,1,0,0,0,0,0,0,1
1.85,12,6,1,0,0,0,0,0,1,0,1,0,0,0,0,0,0,0
238.02,15,2,0,1,0,0,0,0,0,0,0,0,0,0,1,0,0,0
24.68,23,6,1,1,0,0,0,0,0,0,0,0,1,0,0,0,0,0
28.47,18,3,0,1,0,0,0,0,0,1,0,0,0,0,0,0,0,0
4.45,7,4,0,1,0,0,0,0,0,0,1,0,0,0,0,0,0,0
524.86,4,3,0,0,0,0,0,0,1,0,0,0,0,1,0,0,0,1
37.4,15,5,1,0,0,1,0,0,0,0,0,1,0,0,0,0,0,0
1.85,10,3,0,1,0,0,0,0,0,0,1,0,0,0,0,0,0,0
36.87,13,5,1,0,0,0,1,0,0,0,0,0,0,1,0,0,0,0
44.81,14,6,1,0,0,1,0,0,0,0,0,1,0,0,0,0,0,0
78.22,11,1,0,1,0,0,0,0,0,0,0,0,0,1,0,0,0,0
3.74,23,0,0,0,1,0,0,0,0,0,1,0,0,0,0,0,0,0
215.38,9,6,1,1,0,0,0,0,0,0,0,0,0,0,1,0,0,0
76.69,22,0,0,1,0,0,0,0,0,0,0,1,0,0,0,0,0,0
20.98,7,2,0,0,0,0,0,0,1,1,0,0,0,0,0,0,0,0
59.64,22,3,0,1,0,0,0,0,0,0,0,0,0,0,0,1,0,0
3.51,11,2,0,1,0,0,0,0,0,0,1,0,0,0,0,0,0,0
18.79,6,1,0,0,0,1,0,0,0,0,0,0,0,1,0,0,0,0
126.74,10,5,1,0,0,0,0,0,1,0,0,0,1,0,0,0,0,0
153.6,18,4,0,0,0,1,0,0,0,0,0,0,0,0,1,0,0,0
800.73,3,0,0,0,0,0,0,0,1,0,0,0,0,0,0,0,1,1
4.63,7,4,0,0,0,1,0,0,0,0,1,0,0,0,0,0,0,0
39.56,22,4,0,1,0,0,0,0,0,0,0,1,0,0,0,0,0,0
79.97,20,6,1,1,0,0,0,0,0,0,0,1,0,0,0,0,0,0
2.04,18,5,1,0,1,0,0,0,0,0,1,0,0,0,0,0,0,0
1087.13,1,6,1,0,0,0,0,0,1,0,0,0,0,1,0,0,0,1
22.87,14,4,0,0,0,1,0,0,0,0,0,0,0,0,0,0,1,0
19.16,10,6,1,1,0,0,0,0,0,1,0,0,0,0,0,0,0,0
84.96,21,2,0,0,0,0,0,0,1,0,0,0,0,0,1,0,0,0
15.24,14,5,1,0,0,1,0,0,0,0,0,1,0,0,0,0,0,0
28.21,8,1,0,0,0,0,0,0,1,0,0,0,0,0,0,1,0,0
72.53,19,6,1,0,1,0,0,0,0,0,0,1,0,0,0,0,0,0
25.68,17,4,0,1,0,0,0,0,0,0,0,0,0,0,0,0,1,0
77.76,21,3,0,1,0,0,0,0,0,0,0,0,1,0,0,0,0,0
5.74,18,1,0,0,1,0,0,0,0,0,1,0,0,0,0,0,0,0
25.21,23,3,0,0,0,0,0,1,0,1,0,0,0,0,0,0,0,0
19.18,21,2,0,1,0,0,0,0,0,0,0,0,0,0,0,0,1,0
270.58,9,5,1,0,1,0,0,0,0,0,0,0,0,0,1,0,0,0
17.82,6,3,0,1,0,0,0,0,0,0,0,0,0,0,0,1,0,0
519.71,19,4,0,0,0,0,0,0,1,0,1,0,0,0,0,0,0,1
513.22,9,5,1,0,0,0,1,0,0,0,1,0,0,0,0,0,0,1
178.27,14,0,0,0,0,1,0,0,0,0,0,0,1,0,0,0,0,0
37.99,11,2,0,0,0,0,0,0,1,0,0,0,0,0,0,0,1,0
5.44,15,0,0,0,0,0,0,0,1,0,1,0,0,0,0,0,0,0
44.98,7,3,0,0,0,0,0,0,1,0,0,1,0,0,0,0,0,0
86.63,19,0,0,1,0,0,0,0,0,0,0,0,0,1,0,0,0,0
483.06,1,4,0,0,0,0,0,0,1,0,0,0,0,1,0,0,0,1
118.76,2,5,1,0,0,0,0,0,1,1,0,0,0,0,0,0,0,1
11.47,10,5,1,1,0,0,0,0,0,0,0,1,0,0,0,0,0,0
165.77,14,0,0,1,0,0,0,0,0,0,0,0,0,0,1,0,0,0
23.5,12,3,0,0,0,1,0,0,0,1,0,0,0,0,0,0,0,0
77.66,15,5,1,1,0,0,0,0,0,0,0,0,0,1,0,0,0,0
645.04,17,1,0,0,0,0,1,0,0,0,1,0,0,0,0,0,0,1
206.63,21,6,1,0,0,0,0,0,1,0,0,0,0,0,1,0,0,0
151.15,17,4,0,1,0,0,0,0,0,0,0,0,1,0,0,0,0,0
15.71,12,6,1,1,0,0,0,0,0,1,0,0,0,0,0,0,0,0
251.38,9,3,0,0,1,0,0,0,0,0,0,0,0,0,1,0,0,0
2.85,9,6,1,1,0,0,0,0,0,0,1,0,0,0,0,0,0,0
24.84,22,1,0,0,1,0,0,0,0,0,0,0,0,0,0,0,1,0
13.58,8,5,1,1,0,0,0,0,0,1,0,0,0,0,0,0,0,0
49.97,15,6,1,0,0,0,1,0,0,0,0,0,0,1,0,0,0,0
18.54,9,3,0,0,0,0,0,1,0,0,0,0,0,0,0,0,1,0
259.71,9,1,0,0,0,1,0,0,0,0,0,0,0,0,1,0,0,0
24.47,17,0,0,0,1,0,0,0,0,1,0,0,0,0,0,0,0,0
788.33,16,2,0,1,0,0,0,0,0,1,0,0,0,0,0,0,0,1
37.29,7,3,0,0,0,0,0,0,1,0,0,0,1,0,0,0,0,0
40.96,7,0,0,1,0,0,0,0,0,0,0,0,0,1,0,0,0,0
72.05,1,1,0,0,0,0,0,0,1,0,0,0,0,0,0,0,1,1
469.54,2,2,0,0,0,0,0,0,1,0,0,0,0,1,0,0,0,1
113.02,1,5,1,0,0,0,0,0,1,0,0,0,0,0,0,0,1,1
47.63,16,6,1,1,0,0,0,0,0,0,0,0,1,0,0,0,0,0
33.99,7,4,0,1,0,0,0,0,0,1,0,0,0,0,0,0,0,0
132.65,6,2,0,1,0,0,0,0,0,0,0,0,1,0,0,0,0,0
13.95,10,4,0,1,0,0,0,0,0,1,0,0,0,0,0,0,0,0
164.19,23,3,0,1,0,0,0,0,0,0,0,0,1,0,0,0,0,0
17.49,22,4,0,1,0,0,0,0,0,0,0,1,0,0,0,0,0,0
34.65,19,5,1,0,0,0,0,1,0,0,0,0,0,0,1,0,0,0
19.66,19,1,0,0,0,0,1,0,0,1,0,0,0,0,0,0,0,0
283.18,23,0,0,0,0,1,0,0,0,0,0,0,0,0,1,0,0,0
31.5,19,1,0,0,0,0,0,0,1,1,0,0,0,0,0,0,0,0
61.43,6,5,1,1,0,0,0,0,0,0,0,1,0,0,0,0,0,0
1123.01,16,5,1,0,1,0,0,0,0,0,0,1,0,0,0,0,0,1
26.85,11,6,1,0,0,0,1,0,0,0,0,1,0,0,0,0,0,0
170.54,20,0,0,0,0,0,0,0,1,0,0,0,0,0,1,0,0,0
18.45,17,0,0,1,0,0,0,0,0,0,0,1,0,0,0,0,0,0
27.54,23,3,0,0,1,0,0,0,0,1,0,0,0,0,0,0,0,0
3.75,7,2,0,0,1,0,0,0,0,0,1,0,0,0,0,0,0,0
1091.39,2,4,0,0,0,0,0,0,1,0,0,0,0,0,1,0,0,1
231.27,15,2,0,0,1,0,0,0,0,0,0,0,0,0,1,0,0,0
2.08,9,1,0,0,0,0,1,0,0,0,1,0,0,0,0,0,0,0
4.05,23,6,1,1,0,0,0,0,0,0,1,0,0,0,0,0,0,0
1.53,23,6,1,0,0,1,0,0,0,0,1,0,0,0,0,0,0,0
29.05,3,5,1,0,0,0,0,0,1,0,1,0,0,0,0,0,0,1
40.76,12,2,0,0,0,0,0,0,1,0,0,0,0,1,0,0,0,0
27.75,21,4,0,1,0,0,0,0,0,0,0,0,0,0,0,1,0,0
1871.41,8,2,0,0,1,0,0,0,0,0,0,0,1,0,0,0,0,1
86.18,11,2,0,1,0,0,0,0,0,0,0,0,1,0,0,0,0,0
25.41,21,4,0,0,0,0,0,0,1,0,0,0,0,0,0,1,0,0
2.71,8,2,0,0,0,0,1,0,0,0,1,0,0,0,0,0,0,0
5.96,11,4,0,1,0,0,0,0,0,0,1,0,0,0,0,0,0,0
57.01,12,1,0,1,0,0,0,0,0,0,0,0,0,0,1,0,0,0
190.32,10,2,0,0,0,1,0,0,0,0,0,0,0,0,1,0,0,0
17.46,18,5,1,1,0,0,0,0,0,0,0,0,0,1,0,0,0,0
1825.28,20,1,0,0,0,0,0,0,1,0,0,0,0,1,0,0,0,1
133.13,14,4,0,1,0,0,0,0,0,0,0,0,0,0,1,0,0,0
9.33,10,4,0,0,0,1,0,0,0,0,0,0,0,0,0,1,0,0
47.85,11,4,0,1,0,0,0,0,0,0,0,0,0,0,1,0,0,0
56.71,20,6,1,0,0,0,0,0,1,0,0,0,0,1,0,0,0,0
21.65,23,5,1,1,0,0,0,0,0,0,0,1,0,0,0,0,0,0
9.4,6,1,0,1,0,0,0,0,0,0,0,0,0,0,0,0,1,0
550.6,9,3,0,0,0,0,0,1,0,0,1,0,0,0,0,0,0,1
30.11,23,1,0,0,0,0,0,0,1,0,0,0,0,0,1,0,0,0
181.66,8,1,0,0,0,1,0,0,0,0,0,0,0,0,1,0,0,0
71.61,17,1,0,0,0,0,0,0,1,0,0,0,0,1,0,0,0,0
2724.35,0,6,1,1,0,0,0,0,0,0,0,0,1,0,0,0,0,1
29.95,18,2,0,0,1,0,0,0,0,0,0,0,0,0,0,0,1,0
2.07,10,2,0,0,0,0,0,0,1,0,1,0,0,0,0,0,0,0
3.3,10,4,0,0,1,0,0,0,0,0,1,0,0,0,0,0,0,0
652.85,1,2,0,0,0,0,0,0,1,0,0,1,0,0,0,0,0,1
752.14,11,3,0,0,0,0,0,0,1,1,0,0,0,0,0,0,0,1
47.0,12,5,1,0,0,0,0,1,0,0,0,0,0,0,1,0,0,0
872.65,16,1,0,0,0,0,0,1,0,1,0,0,0,0,0,0,0,1
25.35,13,1,0,0,0,0,0,0,1,0,0,0,0,0,0,1,0,0
4.19,8,5,1,0,0,1,0,0,0,0,1,0,0,0,0,0,0,0
10.09,18,3,0,0,0,0,1,0,0,0,0,0,0,0,0,0,1,0
1869.73,7,5,1,0,0,0,1,0,0,0,0,0,0,1,0,0,0,1
27.96,20,1,0,0,0,0,0,0,1,0,0,0,0,0,0,1,0,0
86.77,11,3,0,1,0,0,0,0,0,0,0,0,1,0,0,0,0,0
16.75,0,6,1,0,0,0,0,0,1,0,0,0,0,0,0,0,1,1
13.21,9,5,1,0,0,0,0,1,0,1,0,0,0,0,0,0,0,0
206.2,21,0,0,0,1,0,0,0,0,0,0,0,0,0,1,0,0,0
1266.16,3,6,1,0,0,1,0,0,0,0,0,0,0,1,0,0,0,1
18.63,23,3,0,1,0,0,0,0,0,0,0,1,0,0,0,0,0,0
9.06,6,5,1,1,0,0,0,0,0,1,0,0,0,0,0,0,0,0
24.51,18,5,1,0,0,1,0,0,0,0,0,0,0,0,0,0,1,0
5.5,7,0,0,0,1,0,0,0,0,0,1,0,0,0,0,0,0,0
8.66,8,2,0,0,0,0,0,0,1,1,0,0,0,0,0,0,0,0
4.18,7,2,0,0,0,0,0,0,1,0,1,0,0,0,0,0,0,0
81.67,21,0,0,0,0,0,0,0,1,0,0,0,0,1,0,0,0,0
69.7,20,2,0,1,0,0,0,0,0,0,0,0,1,0,0,0,0,0
195.96,22,1,0,1,0,0,0,0,0,0,0,0,0,0,1,0,0,0
43.58,23,1,0,1,0,0,0,0,0,0,0,1,0,0,0,0,0,0
23.5,9,4,0,1,0,0,0,0,0,0,0,0,0,0,0,1,0,0
3.13,8,4,0,0,1,0,0,0,0,0,1,0,0,0,0,0,0,0
41.33,10,3,0,1,0,0,0,0,0,0,0,0,0,0,0,1,0,0
15.7,21,3,0,1,0,0,0,0,0,0,0,0,0,0,0,0,1,0
2.59,8,1,0,0,1,0,0,0,0,0,1,0,0,0,0,0,0,0
27.19,18,6,1,1,0,0,0,0,0,0,0,0,0,0,0,1,0,0
73.37,11,2,0,1,0,0,0,0,0,0,0,1,0,0,0,0,0,0
26.2,6,2,0,1,0,0,0,0,0,0,0,0,0,0,0,0,1,0
4.74,9,5,1,1,0,0,0,0,0,0,1,0,0,0,0,0,0,0
33.86,19,4,0,1,0,0,0,0,0,0,0,0,0,0,0,1,0,0
21.71,12,3,0,1,0,0,0,0,0,0,0,0,0,0,0,0,1,0
32.41,8,6,1,1,0,0,0,0,0,0,0,0,0,0,0,0,1,0
14.1,15,5,1,1,0,0,0,0,0,0,0,0,0,0,0,0,1,0
4.58,10,0,0,0,0,0,0,0,1,0,1,0,0,0,0,0,0,0
47.61,18,2,0,1,0,0,0,0,0,0,0,0,0,0,0,1,0,0
79.46,22,1,0,1,0,0,0,0,0,0,0,0,1,0,0,0,0,0
286.7,18,1,0,0,0,0,0,0,1,0,0,0,0,0,1,0,0,0
18.74,7,3,0,1,0,0,0,0,0,0,0,0,0,0,0,0,1,0
52.34,21,4,0,1,0,0,0,0,0,0,0,0,0,1,0,0,0,0
5.84,21,5,1,0,1,0,0,0,0,0,0,0,0,0,0,0,1,0
86.1,6,6,1,0,0,0,0,0,1,0,0,0,0,1,0,0,0,0
14.61,15,1,0,0,0,0,1,0,0,0,0,0,0,0,0,0,1,0
151.77,21,3,0,1,0,0,0,0,0,0,0,0,0,0,1,0,0,0
1.62,16,1,0,0,0,0,0,0,1,0,1,0,0,0,0,0,0,0
15.51,23,1,0,1,0,0,0,0,0,0,0,0,0,1,0,0,0,0
60.71,23,5,1,0,1,0,0,0,0,0,0,0,1,0,0,0,0,0
53.82,7,5,1,0,0,0,0,0,1,0,0,0,0,0,0,1,0,0
195.89,22,1,0,1,0,0,0,0,0,0,0,0,1,0,0,0,0,0
616.45,10,4,0,0,0,0,0,0,1,0,0,1,0,0,0,0,0,1
13.84,19,2,0,1,0,0,0,0,0,0,0,0,0,0,0,0,1,0
27.3,12,4,0,0,0,0,0,0,1,0,0,1,0,0,0,0,0,0
157.68,12,6,1,1,0,0,0,0,0,0,0,0,1,0,0,0,0,0
576.17,1,4,0,0,0,0,0,0,1,0,0,0,0,1,0,0,0,1
59.47,0,2,0,0,0,0,0,0,1,0,0,0,0,0,0,0,1,1
2797.87,4,0,0,0,0,0,0,0,1,0,0,0,0,0,1,0,0,1
3.5,11,3,0,0,0,0,0,0,1,0,1,0,0,0,0,0,0,0
1968.77,7,5,1,0,0,0,1,0,0,0,0,0,0,0,1,0,0,1
126.65,22,2,0,0,1,0,0,0,0,0,0,0,0,0,1,0,0,0
50.66,18,3,0,0,1,0,0,0,0,0,0,0,0,1,0,0,0,0
2.52,6,2,0,1,0,0,0,0,0,0,1,0,0,0,0,0,0,0
23.88,23,4,0,0,1,0,0,0,0,0,0,0,0,0,0,0,1,0
186.24,7,4,0,0,1,0,0,0,0,0,0,0,1,0,0,0,0,0
59.84,18,4,0,0,0,0,0,1,0,0,0,0,1,0,0,0,0,0
267.57,18,0,0,1,0,0,0,0,0,0,0,0,0,0,1,0,0,0
33.59,7,0,0,1,0,0,0,0,0,1,0,0,0,0,0,0,0,0
22.21,9,5,1,0,1,0,0,0,0,1,0,0,0,0,0,0,0,0
26.86,10,2,0,0,1,0,0,0,0,1,0,0,0,0,0,0,0,0
3.06,22,5,1,1,0,0,0,0,0,0,1,0,0,0,0,0,0,0
1.89,23,1,0,1,0,0,0,0,0,0,1,0,0,0,0,0,0,0
241.59,7,1,0,0,0,0,0,0,1,0,0,0,0,0,1,0,0,0
24.35,23,2,0,0,1,0,0,0,0,0,0,1,0,0,0,0,0,0
26.71,18,5,1,0,0,0,0,0,1,0,0,1,0,0,0,0,0,0
28.94,10,5,1,0,0,0,0,0,1,1,0,0,0,0,0,0,0,0
136.57,2,5,1,0,0,0,0,0,1,0,0,0,0,0,0,0,1,1
87.29,19,4,0,0,0,1,0,0,0,0,0,0,0,1,0,0,0,0
57.21,7,6,1,0,1,0,0,0,0,0,0,0,0,0,0,1,0,0
25.37,21,3,0,1,0,0,0,0,0,1,0,0,0,0,0,0,0,0
101.32,8,5,1,0,0,1,0,0,0,0,0,0,0,1,0,0,0,0
3.94,16,5,1,0,0,0,1,0,0,0,1,0,0,0,0,0,0,0
106.38,9,0,0,0,0,0,0,0,1,0,0,0,0,1,0,0,0,0
35.88,13,5,1,0,0,1,0,0,0,0,0,0,0,0,0,0,1,0
182.07,6,5,1,0,0,0,1,0,0,0,0,0,0,0,1,0,0,0
3.1,11,0,0,0,0,0,0,0,1,0,1,0,0,0,0,0,0,0
4.47,8,4,0,0,0,1,0,0,0,0,1,0,0,0,0,0,0,0
31.73,19,3,0,0,0,1,0,0,0,0,0,0,0,0,0,0,1,0
7.91,6,6,1,0,0,1,0,0,0,1,0,0,0,0,0,0,0,0
901.09,4,2,0,0,0,1,0,0,0,0,0,1,0,0,0,0,0,1
20.21,12,2,0,1,0,0,0,0,0,0,0,0,0,0,0,1,0,0
58.44,6,4,0,1,0,0,0,0,0,0,0,0,1,0,0,0,0,0
165.2,10,6,1,1,0,0,0,0,0,0,0,0,1,0,0,0,0,0
30.55,18,2,0,1,0,0,0,0,0,0,0,0,0,0,0,0,1,0
19.78,7,0,0,0,0,0,1,0,0,1,0,0,0,0,0,0,0,0
2.94,17,1,0,0,0,1,0,0,0,0,1,0,0,0,0,0,0,0
16.14,22,4,0,0,0,0,0,1,0,0,0,1,0,0,0,0,0,0
147.0,21,2,0,0,0,0,0,0,1,0,0,0,0,0,1,0,0,0
53.1,7,3,0,0,1,0,0,0,0,0,0,1,0,0,0,0,0,0
48.27,20,5,1,1,0,0,0,0,0,0,0,0,0,1,0,0,0,0
5.05,11,2,0,0,1,0,0,0,0,0,0,0,0,0,0,1,0,0
34.58,18,6,1,0,1,0,0,0,0,0,0,0,0,1,0,0,0,0
24.02,6,5,1,0,0,0,0,0,1,0,0,0,0,0,0,0,1,0
49.86,22,5,1,1,0,0,0,0,0,0,0,0,0,0,0,1,0,0
18.29,9,5,1,0,0,0,0,0,1,0,0,0,0,0,0,1,0,0
10.81,17,2,0,1,0,0,0,0,0,1,0,0,0,0,0,0,0,0
2.57,11,6,1,0,0,1,0,0,0,0,1,0,0,0,0,0,0,0
8.28,18,4,0,1,0,0,0,0,0,1,0,0,0,0,0,0,0,0
34.81,10,2,0,1,0,0,0,0,0,0,0,0,1,0,0,0,0,0
44.46,23,0,0,1,0,0,0,0,0,0,0,0,0,1,0,0,0,0
17.3,10,1,0,0,0,0,0,0,1,1,0,0,0,0,0,0,0,0
25.56,23,4,0,1,0,0,0,0,0,1,0,0,0,0,0,0,0,0
29.66,12,3,0,1,0,0,0,0,0,1,0,0,0,0,0,0,0,0
19.53,23,6,1,1,0,0,0,0,0,0,0,1,0,0,0,0,0,0
876.49,9,4,0,0,0,0,0,0,1,1,0,0,0,0,0,0,0,1
1132.8,2,1,0,1,0,0,0,0,0,0,0,1,0,0,0,0,0,1
11.6,8,5,1,0,0,0,0,0,1,0,0,1,0,0,0,0,0,0
779.22,15,4,0,0,0,0,0,0,1,1,0,0,0,0,0,0,0,1
20.47,16,3,0,0,1,0,0,0,0,1,0,0,0,0,0,0,0,0
15.59,9,1,0,1,0,0,0,0,0,0,0,1,0,0,0,0,0,0
17.65,7,0,0,0,1,0,0,0,0,0,0,1,0,0,0,0,0,0
106.45,23,1,0,0,1,0,0,0,0,0,0,0,1,0,0,0,0,0
23.56,7,1,0,0,0,0,0,0,1,1,0,0,0,0,0,0,0,0
37.31,19,4,0,0,0,0,0,0,1,0,0,1,0,0,0,0,0,0
3.41,6,0,0,1,0,0,0,0,0,0,1,0,0,0,0,0,0,0
1327.67,22,4,0,0,0,0,0,0,1,0,0,0,0,1,0,0,0,1
74.56,22,2,0,0,0,0,0,0,1,0,0,1,0,0,0,0,0,0
52.43,15,5,1,0,0,0,0,0,1,0,0,1,0,0,0,0,0,0
61.14,22,4,0,0,0,1,0,0,0,0,0,0,0,1,0,0,0,0
626.94,14,6,1,0,0,0,0,0,1,1,0,0,0,0,0,0,0,1
12.66,22,1,0,0,0,0,0,0,1,0,0,0,0,0,0,0,1,0
104.82,8,1,0,1,0,0,0,0,0,0,0,0,0,1,0,0,0,0
689.1,2,4,0,0,0,0,0,0,1,0,0,1,0,0,0,0,0,1
28.58,19,0,0,0,0,1,0,0,0,0,0,0,1,0,0,0,0,0
60.71,18,3,0,0,1,0,0,0,0,0,0,0,0,1,0,0,0,0
14.07,16,5,1,0,1,0,0,0,0,1,0,0,0,0,0,0,0,0
20.14,10,4,0,0,1,0,0,0,0,0,0,0,0,0,0,1,0,0
147.31,11,5,1,0,0,1,0,0,0,0,0,0,0,0,1,0,0,0
13.98,17,2,0,1,0,0,0,0,0,0,0,0,0,1,0,0,0,0
36.69,21,5,1,0,1,0,0,0,0,0,0,0,0,0,0,0,1,0
11.07,12,6,1,1,0,0,0,0,0,0,0,0,0,0,0,0,1,0
4.86,21,2,0,0,1,0,0,0,0,0,1,0,0,0,0,0,0,0
2029.41,1,6,1,0,0,0,1,0,0,0,0,0,0,1,0,0,0,1
119.08,21,6,1,1,0,0,0,0,0,0,0,0,0,1,0,0,0,0
3.4,8,6,1,0,0,0,0,0,1,0,1,0,0,0,0,0,0,0
9.43,15,1,0,0,0,0,0,1,0,1,0,0,0,0,0,0,0,0
40.21,19,6,1,1,0,0,0,0,0,0,0,0,0,0,0,1,0,0
16.77,10,0,0,1,0,0,0,0,0,0,0,0,1,0,0,0,0,0
15.06,18,1,0,0,0,1,0,0,0,0,0,0,0,1,0,0,0,0
34.83,22,4,0,0,0,0,0,0,1,0,0,0,0,0,0,0,1,0
916.7,11,6,1,1,0,0,0,0,0,0,0,0,0,1,0,0,0,1
18.06,21,4,0,0,1,0,0,0,0,0,0,0,0,0,0,0,1,0
21.58,18,2,0,1,0,0,0,0,0,0,0,0,0,0,0,1,0,0
18.54,14,2,0,0,1,0,0,0,0,0,0,1,0,0,0,0,0,0
3.93,22,3,0,0,0,0,0,0,1,0,1,0,0,0,0,0,0,0
84.47,2,6,1,0,0,0,0,0,1,0,0,0,0,0,0,1,0,1
77.78,15,2,0,0,0,1,0,0,0,0,0,0,0,1,0,0,0,0
433.18,2,2,0,0,0,0,0,0,1,0,1,0,0,0,0,0,0,1
35.91,7,3,0,0,1,0,0,0,0,0,0,0,0,0,0,0,1,0
103.7,19,0,0,1,0,0,0,0,0,0,0,0,1,0,0,0,0,0
18.88,19,6,1,0,0,0,0,0,1,0,0,0,0,0,0,1,0,0
4.41,22,6,1,1,0,0,0,0,0,0,1,0,0,0,0,0,0,0
1085.28,20,3,0,0,0,0,0,0,1,0,0,0,0,0,0,1,0,1
16.23,8,2,0,1,0,0,0,0,0,0,0,0,0,0,0,1,0,0
48.12,23,6,1,1,0,0,0,0,0,0,0,0,0,0,0,1,0,0
83.65,7,4,0,0,0,1,0,0,0,0,0,0,0,0,1,0,0,0
131.81,23,0,0,0,0,0,0,0,1,0,0,0,1,0,0,0,0,0
11.53,20,3,0,0,0,0,0,0,1,1,0,0,0,0,0,0,0,0
225.74,3,2,0,0,0,0,0,0,1,0,0,1,0,0,0,0,0,1
1.73,16,2,0,1,0,0,0,0,0,0,1,0,0,0,0,0,0,0
34.86,10,4,0,0,0,1,0,0,0,1,0,0,0,0,0,0,0,0
66.47,23,0,0,0,0,0,1,0,0,0,0,0,0,1,0,0,0,0
163.7,20,5,1,1,0,0,0,0,0,0,0,0,1,0,0,0,0,0
94.68,18,5,1,1,0,0,0,0,0,0,0,0,0,1,0,0,0,0
26.02,13,1,0,1,0,0,0,0,0,1,0,0,0,0,0,0,0,0
18.06,0,3,0,0,0,0,0,0,1,0,1,0,0,0,0,0,0,1
26.19,21,0,0,1,0,0,0,0,0,0,0,0,0,0,0,0,1,0
124.56,11,3,0,0,0,0,0,1,0,0,0,0,1,0,0,0,0,0
4.12,7,6,1,0,0,0,1,0,0,0,1,0,0,0,0,0,0,0
893.11,4,2,0,0,0,0,0,0,1,0,0,0,0,0,0,1,0,1
43.28,17,5,1,0,0,0,0,0,1,0,0,0,0,0,0,1,0,0
163.15,20,6,1,0,0,1,0,0,0,0,0,0,1,0,0,0,0,0
39.51,22,6,1,0,0,0,1,0,0,0,0,1,0,0,0,0,0,0
13.25,16,0,0,1,0,0,0,0,0,1,0,0,0,0,0,0,0,0
47.92,8,0,0,0,1,0,0,0,0,0,0,1,0,0,0,0,0,0
1088.34,10,4,0,0,0,0,0,0,1,0,0,0,1,0,0,0,0,1
13.3,23,2,0,0,1,0,0,0,0,1,0,0,0,0,0,0,0,0
108.15,9,3,0,0,0,1,0,0,0,0,0,0,0,1,0,0,0,0
2758.14,20,6,1,0,0,0,1,0,0,0,0,0,1,0,0,0,0,1
2134.27,10,2,0,0,0,0,0,0,1,0,0,0,1,0,0,0,0,1
1712.28,3,5,1,0,0,0,0,0,1,0,0,0,1,0,0,0,0,1
56.93,8,2,0,0,0,0,0,0,1,0,0,0,1,0,0,0,0,0
42.75,21,2,0,0,0,0,0,0,1,0,0,0,0,0,0,1,0,0
11.13,19,1,0,0,0,0,0,0,1,0,0,0,0,1,0,0,0,0
33.06,10,2,0,1,0,0,0,0,0,0,0,0,0,0,0,0,1,0
1185.37,1,5,1,0,0,0,0,0,1,0,0,1,0,0,0,0,0,1
66.37,10,3,0,0,0,0,1,0,0,0,0,1,0,0,0,0,0,0
1538.97,4,1,0,0,0,0,0,1,0,0,0,0,0,0,0,1,0,1
4.13,13,3,0,0,0,0,0,0,1,0,1,0,0,0,0,0,0,0
17.88,18,1,0,0,0,0,0,0,1,0,0,0,0,0,0,1,0,0
93.05,7,4,0,1,0,0,0,0,0,0,0,0,1,0,0,0,0,0
11.3,6,6,1,0,0,0,0,0,1,0,0,0,0,0,0,1,0,0
2.19,7,0,0,0,0,1,0,0,0,0,1,0,0,0,0,0,0,0
48.04,12,6,1,0,0,0,0,0,1,0,0,0,0,0,0,1,0,0
20.35,17,6,1,1,0,0,0,0,0,1,0,0,0,0,0,0,0,0
51.64,9,0,0,1,0,0,0,0,0,0,0,0,0,1,0,0,0,0
87.19,22,4,0,0,1,0,0,0,0,0,0,0,1,0,0,0,0,0
974.95,11,0,0,0,1,0,0,0,0,0,0,0,1,0,0,0,0,1
129.08,0,4,0,0,0,0,0,0,1,1,0,0,0,0,0,0,0,1
147.69,6,0,0,1,0,0,0,0,0,0,0,0,1,0,0,0,0,0
878.25,1,2,0,0,0,1,0,0,0,0,0,0,0,1,0,0,0,1
2.16,22,4,0,0,0,1,0,0,0,0,1,0,0,0,0,0,0,0
6.55,22,2,0,0,1,0,0,0,0,1,0,0,0,0,0,0,0,0
1439.82,4,0,0,0,0,0,0,1,0,0,0,0,0,0,0,0,1,1
5.08,13,3,0,0,1,0,0,0,0,0,1,0,0,0,0,0,0,0
9.97,12,6,1,0,0,1,0,0,0,0,0,0,0,0,0,0,1,0
19.63,14,0,0,0,0,0,0,0,1,0,0,1,0,0,0,0,0,0
8.47,10,0,0,0,1,0,0,0,0,1,0,0,0,0,0,0,0,0
3.63,23,6,1,1,0,0,0,0,0,0,1,0,0,0,0,0,0,0
11.77,23,6,1,1,0,0,0,0,0,0,0,0,0,1,0,0,0,0
58.72,8,3,0,1,0,0,0,0,0,0,0,0,0,0,0,1,0,0
24.31,23,6,1,0,1,0,0,0,0,1,0,0,0,0,0,0,0,0
303.62,12,6,1,0,0,0,1,0,0,0,1,0,0,0,0,0,0,1
23.17,22,1,0,0,0,0,0,0,1,1,0,0,0,0,0,0,0,0
58.97,17,6,1,0,1,0,0,0,0,0,0,0,0,0,0,1,0,0
3083.09,17,2,0,1,0,0,0,0,0,0,0,0,0,0,1,0,0,1
35.89,7,1,0,1,0,0,0,0,0,0,0,0,0,0,0,1,0,0
7.74,7,0,0,1,0,0,0,0,0,0,0,0,0,0,0,1,0,0
273.55,3,5,1,0,0,0,0,0,1,0,0,0,0,1,0,0,0,1
18.81,23,2,0,0,0,0,0,0,1,0,0,0,0,0,0,1,0,0
23.12,19,5,1,0,1,0,0,0,0,0,0,0,0,1,0,0,0,0
208.23,9,0,0,1,0,0,0,0,0,0,0,0,0,0,1,0,0,0
93.6,6,0,0,0,1,0,0,0,0,0,0,0,0,0,1,0,0,0
143.73,7,6,1,0,1,0,0,0,0,0,0,0,1,0,0,0,0,0
143.1,19,4,0,0,0,0,0,0,1,0,0,0,0,0,1,0,0,0
81.91,21,1,0,1,0,0,0,0,0,0,0,0,0,1,0,0,0,0
110.69,18,5,1,0,0,1,0,0,0,0,0,0,0,1,0,0,0,0
1109.74,4,3,0,0,0,0,0,0,1,0,0,1,0,0,0,0,0,1
31.02,19,3,0,1,0,0,0,0,0,0,0,0,0,0,0,0,1,0
200.12,2,3,0,0,0,0,0,0,1,0,0,0,0,0,0,1,0,1
189.23,23,2,0,1,0,0,0,0,0,0,0,0,1,0,0,0,0,0
19.55,16,0,0,1,0,0,0,0,0,0,0,1,0,0,0,0,0,0
6.18,7,5,1,0,0,0,0,1,0,0,0,0,0,0,0,0,1,0
18.94,18,6,1,1,0,0,0,0,0,1,0,0,0,0,0,0,0,0
70.96,9,0,0,1,0,0,0,0,0,0,0,0,1,0,0,0,0,0
119.51,13,3,0,1,0,0,0,0,0,0,0,0,0,0,1,0,0,0
190.85,14,0,0,0,0,1,0,0,0,0,0,0,1,0,0,0,0,0
204.46,9,6,1,1,0,0,0,0,0,0,0,0,0,0,1,0,0,0
760.81,21,2,0,1,0,0,0,0,0,0,0,0,0,0,0,0,1,1
46.25,23,0,0,1,0,0,0,0,0,0,0,0,0,1,0,0,0,0
45.91,23,2,0,0,0,1,0,0,0,0,0,0,1,0,0,0,0,0
18.37,8,6,1,0,1,0,0,0,0,0,0,0,0,0,0,1,0,0
15.02,14,6,1,1,0,0,0,0,0,0,0,0,0,0,0,1,0,0
20.25,11,2,0,1,0,0,0,0,0,1,0,0,0,0,0,0,0,0
4.0,16,5,1,0,0,0,0,0,1,0,1,0,0,0,0,0,0,0
12.49,13,4,0,0,0,0,0,0,1,0,0,0,0,0,0,1,0,0
1039.76,4,0,0,0,0,0,0,0,1,0,0,0,0,0,0,0,1,1
4.97,8,2,0,0,0,0,0,0,1,0,1,0,0,0,0,0,0,0
28.36,11,4,0,0,1,0,0,0,0,0,0,0,0,0,0,0,1,0
9.93,20,4,0,1,0,0,0,0,0,0,0,0,0,0,0,0,1,0
17.86,22,3,0,0,0,0,0,0,1,0,0,0,0,0,0,0,1,0
4.2,15,6,1,0,0,0,0,0,1,0,1,0,0,0,0,0,0,0
65.18,11,2,0,0,0,0,0,0,1,0,0,0,1,0,0,0,0,0
50.69,9,3,0,0,0,0,0,0,1,0,0,0,1,0,0,0,0,0
14.8,15,6,1,0,0,0,0,0,1,1,0,0,0,0,0,0,0,0
1327.76,0,5,1,0,0,0,0,0,1,0,0,0,0,1,0,0,0,1
55.88,10,2,0,1,0,0,0,0,0,0,0,0,0,1,0,0,0,0
209.41,18,2,0,0,0,0,0,0,1,0,0,0,0,0,1,0,0,0
46.3,21,3,0,1,0,0,0,0,0,0,0,1,0,0,0,0,0,0
23.36,0,4,0,0,0,0,0,0,1,0,1,0,0,0,0,0,0,1
10.21,18,6,1,1,0,0,0,0,0,1,0,0,0,0,0,0,0,0
54.84,6,4,0,0,0,0,0,0,1,0,0,0,0,1,0,0,0,0
1.67,23,0,0,1,0,0,0,0,0,0,1,0,0,0,0,0,0,0
11.48,12,6,1,0,0,0,0,0,1,0,0,0,0,0,0,1,0,0
163.13,19,5,1,0,1,0,0,0,0,0,0,0,1,0,0,0,0,0
153.07,21,0,0,1,0,0,0,0,0,0,0,0,1,0,0,0,0,0
3.85,21,0,0,0,0,1,0,0,0,0,1,0,0,0,0,0,0,0
29.27,16,6,1,1,0,0,0,0,0,0,0,0,0,0,0,0,1,0
8.62,16,5,1,1,0,0,0,0,0,0,0,0,0,0,0,0,1,0
175.08,23,5,1,0,1,0,0,0,0,0,0,0,0,0,1,0,0,0
73.09,22,4,0,1,0,0,0,0,0,0,0,1,0,0,0,0,0,0
2.58,12,1,0,0,0,0,0,0,1,0,1,0,0,0,0,0,0,0
23.29,6,3,0,1,0,0,0,0,0,0,0,0,0,0,1,0,0,0
1697.66,7,1,0,0,0,0,0,0,1,0,0,0,0,1,0,0,0,1
37.23,21,5,1,0,1,0,0,0,0,0,0,0,0,0,0,1,0,0
199.96,18,4,0,0,0,0,0,0,1,0,0,0,1,0,0,0,0,0
208.46,18,3,0,1,0,0,0,0,0,0,0,0,0,0,1,0,0,0
86.61,7,0,0,0,0,1,0,0,0,0,0,0,1,0,0,0,0,0
1974.24,0,6,1,0,0,0,0,1,0,0,0,0,1,0,0,0,0,1
4.0,6,0,0,0,1,0,0,0,0,0,1,0,0,0,0,0,0,0
28.77,12,5,1,1,0,0,0,0,0,0,0,0,0,0,0,1,0,0
48.73,9,3,0,0,1,0,0,0,0,0,0,1,0,0,0,0,0,0
28.06,17,4,0,1,0,0,0,0,0,0,0,0,0,0,0,1,0,0
2483.81,12,2,0,0,0,0,0,0,1,0,0,0,1,0,0,0,0,1
8.7,21,4,0,0,0,0,0,0,1,1,0,0,0,0,0,0,0,0
5.23,23,3,0,1,0,0,0,0,0,0,1,0,0,0,0,0,0,0
14.45,16,0,0,0,0,0,0,0,1,0,0,0,0,0,0,0,1,0
14.83,7,4,0,0,1,0,0,0,0,0,0,1,0,0,0,0,0,0
79.71,14,6,1,0,0,0,0,0,1,0,0,1,0,0,0,0,0,0
57.83,20,5,1,1,0,0,0,0,0,0,0,1,0,0,0,0,0,0
11.62,6,4,0,1,0,0,0,0,0,0,0,0,0,0,0,1,0,0
25.65,17,2,0,1,0,0,0,0,0,0,0,0,0,0,0,0,1,0
220.43,11,3,0,0,0,0,0,0,1,0,0,0,0,0,1,0,0,0
60.06,8,4,0,1,0,0,0,0,0,0,0,1,0,0,0,0,0,0
35.57,22,3,0,0,0,0,1,0,0,0,0,1,0,0,0,0,0,0
4.14,23,0,0,0,0,0,0,0,1,0,1,0,0,0,0,0,0,0
1189.5,2,0,0,0,0,1,0,0,0,0,0,0,0,0,0,0,1,1
20.5,11,3,0,1,0,0,0,0,0,0,0,0,0,1,0,0,0,0
17.02,23,3,0,0,0,0,0,0,1,0,0,0,0,0,0,0,1,0
137.31,13,3,0,0,1,0,0,0,0,0,0,0,0,0,1,0,0,0
23.02,23,1,0,0,0,0,0,0,1,0,0,0,0,0,0,0,1,0
7.97,23,4,0,0,0,1,0,0,0,1,0,0,0,0,0,0,0,0
25.88,17,4,0,0,0,0,0,0,1,0,0,1,0,0,0,0,0,0
52.15,15,3,0,0,0,0,0,1,0,0,0,0,1,0,0,0,0,0
11.33,10,4,0,0,0,0,1,0,0,1,0,0,0,0,0,0,0,0
82.07,13,0,0,0,1,0,0,0,0,0,0,0,0,0,1,0,0,0
36.12,23,1,0,0,0,1,0,0,0,0,0,0,0,0,0,0,1,0
9.75,7,5,1,0,0,0,0,0,1,0,0,0,0,0,0,0,1,0
15.64,23,5,1,1,0,0,0,0,0,1,0,0,0,0,0,0,0,0
3.04,21,0,0,0,0,1,0,0,0,0,1,0,0,0,0,0,0,0
32.9,19,6,1,0,0,0,0,0,1,1,0,0,0,0,0,0,0,0
24.84,17,0,0,1,0,0,0,0,0,0,0,0,0,0,0,1,0,0
694.36,2,1,0,0,1,0,0,0,0,0,0,1,0,0,0,0,0,1
7.01,14,1,0,0,0,0,0,0,1,1,0,0,0,0,0,0,0,0
25.42,8,3,0,0,0,0,1,0,0,0,0,1,0,0,0,0,0,0
4.8,11,6,1,0,0,0,0,0,1,0,1,0,0,0,0,0,0,0
12.83,1,1,0,0,0,0,0,0,1,0,1,0,0,0,0,0,0,1
49.17,18,6,1,1,0,0,0,0,0,0,0,0,0,1,0,0,0,0
30.28,6,0,0,0,0,0,1,0,0,1,0,0,0,0,0,0,0,0
5.04,12,1,0,0,0,1,0,0,0,0,1,0,0,0,0,0,0,0
12.34,1,4,0,0,0,0,0,0,1,0,1,0,0,0,0,0,0,1
13.95,13,4,0,0,0,0,0,0,1,1,0,0,0,0,0,0,0,0
766.62,6,3,0,0,0,0,0,0,1,0,0,0,0,1,0,0,0,1
3.17,21,4,0,1,0,0,0,0,0,0,1,0,0,0,0,0,0,0
33.37,11,0,0,0,1,0,0,0,0,1,0,0,0,0,0,0,0,0
257.78,4,4,0,0,0,0,0,0,1,0,0,0,0,1,0,0,0,1
74.0,22,0,0,1,0,0,0,0,0,0,0,0,0,1,0,0,0,0
2.87,16,1,0,0,0,0,0,0,1,0,1,0,0,0,0,0,0,0
8.93,23,2,0,1,0,0,0,0,0,1,0,0,0,0,0,0,0,0
34.15,21,5,1,1,0,0,0,0,0,0,0,1,0,0,0,0,0,0
189.83,6,0,0,1,0,0,0,0,0,0,0,0,0,0,1,0,0,0
3.07,22,3,0,1,0,0,0,0,0,0,1,0,0,0,0,0,0,0
4.87,17,6,1,0,1,0,0,0,0,0,1,0,0,0,0,0,0,0
79.99,13,6,1,1,0,0,0,0,0,0,0,0,0,0,1,0,0,0
1135.15,12,2,0,0,0,0,0,1,0,0,0,1,0,0,0,0,0,1
30.48,17,1,0,0,0,1,0,0,0,0,0,0,0,0,0,0,1,0
1313.28,10,1,0,1,0,0,0,0,0,0,0,0,1,0,0,0,0,1
35.55,23,6,1,1,0,0,0,0,0,0,0,1,0,0,0,0,0,0
3.46,14,0,0,0,1,0,0,0,0,0,1,0,0,0,0,0,0,0
72.68,6,5,1,1,0,0,0,0,0,0,0,1,0,0,0,0,0,0
221.11,20,1,0,0,0,0,0,0,1,0,0,0,0,0,1,0,0,0
14.9,21,2,0,0,0,0,0,0,1,0,0,0,0,0,0,1,0,0
33.65,6,0,0,0,0,0,1,0,0,0,0,0,0,1,0,0,0,0
90.59,8,2,0,0,0,0,0,0,1,0,0,0,1,0,0,0,0,0
35.26,15,1,0,1,0,0,0,0,0,0,0,0,0,0,0,1,0,0
5.06,18,0,0,0,1,0,0,0,0,1,0,0,0,0,0,0,0,0
34.42,15,2,0,0,1,0,0,0,0,0,0,1,0,0,0,0,0,0
150.27,21,3,0,1,0,0,0,0,0,0,0,0,0,0,1,0,0,0
56.39,23,3,0,0,0,0,0,0,1,0,0,0,0,0,0,1,0,0
83.44,7,3,0,0,0,1,0,0,0,0,0,0,0,1,0,0,0,0
28.94,15,4,0,0,1,0,0,0,0,0,0,1,0,0,0,0,0,0
13.05,7,5,1,1,0,0,0,0,0,1,0,0,0,0,0,0,0,0
50.33,10,4,0,0,0,1,0,0,0,0,0,0,0,0,0,1,0,0
197.85,19,3,0,0,0,1,0,0,0,0,0,0,1,0,0,0,0,0
16.75,23,0,0,0,0,1,0,0,0,0,0,0,0,0,0,0,1,0
35.1,22,1,0,0,0,0,0,0,1,0,0,0,1,0,0,0,0,0
9.84,12,4,0,1,0,0,0,0,0,1,0,0,0,0,0,0,0,0
417.9,0,6,1,0,0,0,0,0,1,0,1,0,0,0,0,0,0,1
32.54,14,3,0,0,0,1,0,0,0,0,0,0,0,1,0,0,0,0
779.0,13,4,0,0,0,0,0,0,1,0,0,0,0,0,0,0,1,1
758.79,2,6,1,0,0,0,0,0,1,1,0,0,0,0,0,0,0,1
261.85,17,6,1,1,0,0,0,0,0,0,0,0,0,0,1,0,0,0
30.88,13,6,1,0,0,1,0,0,0,0,0,0,0,0,0,0,1,0
43.47,7,1,0,1,0,0,0,0,0,0,0,1,0,0,0,0,0,0
72.33,18,0,0,1,0,0,0,0,0,0,0,0,0,0,1,0,0,0
7.54,6,4,0,1,0,0,0,0,0,1,0,0,0,0,0,0,0,0
172.92,14,6,1,0,0,0,0,0,1,0,0,0,1,0,0,0,0,0
5.11,23,4,0,0,0,0,0,0,1,0,1,0,0,0,0,0,0,0
16.81,7,3,0,1,0,0,0,0,0,1,0,0,0,0,0,0,0,0
18.87,9,3,0,0,0,0,0,0,1,1,0,0,0,0,0,0,0,0
16.61,15,4,0,0,1,0,0,0,0,1,0,0,0,0,0,0,0,0
14.22,21,4,0,1,0,0,0,0,0,0,0,0,0,0,0,0,1,0
13.91,17,3,0,0,0,0,0,0,1,0,0,0,0,1,0,0,0,0
39.05,23,6,1,1,0,0,0,0,0,0,0,0,0,0,0,1,0,0
16.09,13,0,0,1,0,0,0,0,0,0,0,0,0,1,0,0,0,0
3.36,18,3,0,0,0,1,0,0,0,0,1,0,0,0,0,0,0,0
4.45,16,3,0,0,1,0,0,0,0,0,1,0,0,0,0,0,0,0
20.04,23,6,1,0,0,0,1,0,0,0,0,1,0,0,0,0,0,0
25.7,20,4,0,1,0,0,0,0,0,0,0,0,0,0,1,0,0,0
32.06,14,1,0,0,0,1,0,0,0,1,0,0,0,0,0,0,0,0
31.79,7,4,0,1,0,0,0,0,0,0,0,1,0,0,0,0,0,0
36.98,14,2,0,1,0,0,0,0,0,0,0,0,1,0,0,0,0,0
26.3,18,6,1,0,1,0,0,0,0,0,0,0,0,0,0,1,0,0
34.34,6,6,1,1,0,0,0,0,0,1,0,0,0,0,0,0,0,0
33.44,19,1,0,0,0,0,1,0,0,0,0,0,0,1,0,0,0,0
47.95,14,5,1,0,0,1,0,0,0,0,0,1,0,0,0,0,0,0
718.34,3,4,0,0,0,1,0,0,0,1,0,0,0,0,0,0,0,1
244.59,23,3,0,0,1,0,0,0,0,0,0,0,0,0,1,0,0,0
21.04,9,1,0,0,1,0,0,0,0,0,0,1,0,0,0,0,0,0
36.97,9,4,0,1,0,0,0,0,0,0,0,0,0,0,0,0,1,0
2115.35,14,2,0,0,0,0,1,0,0,0,0,0,0,1,0,0,0,1
56.2,7,4,0,0,1,0,0,0,0,0,0,1,0,0,0,0,0,0
62.73,8,4,0,1,0,0,0,0,0,0,0,0,0,1,0,0,0,0
26.2,7,4,0,1,0,0,0,0,0,0,0,1,0,0,0,0,0,0
126.65,16,4,0,0,1,0,0,0,0,0,0,0,0,0,1,0,0,0
2249.62,0,3,0,0,0,1,0,0,0,0,0,0,0,1,0,0,0,1
4.39,20,4,0,0,0,0,0,0,1,0,1,0,0,0,0,0,0,0
67.39,19,3,0,1,0,0,0,0,0,0,0,0,0,0,1,0,0,0
80.54,6,5,1,0,0,0,0,0,1,0,0,0,0,1,0,0,0,0
179.0,17,6,1,0,0,0,0,0,1,0,0,0,0,0,1,0,0,0
8.16,23,6,1,1,0,0,0,0,0,1,0,0,0,0,0,0,0,0
72.56,6,6,1,0,0,0,0,1,0,0,0,1,0,0,0,0,0,0
5.58,15,2,0,1,0,0,0,0,0,0,0,0,0,0,0,1,0,0
118.36,9,2,0,0,0,0,0,1,0,0,0,0,0,1,0,0,0,0
31.61,10,4,0,0,0,1,0,0,0,0,0,0,0,1,0,0,0,0
31.77,8,6,1,1,0,0,0,0,0,0,0,0,0,0,0,0,1,0
2034.5,14,6,1,0,1,0,0,0,0,0,0,0,1,0,0,0,0,1
5.65,12,1,0,0,0,0,0,0,1,1,0,0,0,0,0,0,0,0
39.0,8,4,0,0,0,1,0,0,0,0,0,0,0,0,0,0,1,0
57.4,23,2,0,0,0,0,0,0,1,0,0,0,0,0,1,0,0,0
12.69,6,4,0,1,0,0,0,0,0,0,0,0,0,0,0,0,1,0
145.93,23,2,0,1,0,0,0,0,0,0,0,0,0,0,1,0,0,0
59.45,3,3,0,0,0,0,0,0,1,0,0,0,0,0,0,1,0,1
61.95,18,6,1,0,0,0,0,1,0,0,0,1,0,0,0,0,0,0
38.58,16,4,0,1,0,0,0,0,0,0,0,1,0,0,0,0,0,0
20.05,17,5,1,1,0,0,0,0,0,0,0,0,0,0,0,1,0,0
103.13,19,3,0,0,1,0,0,0,0,0,0,0,0,0,1,0,0,0
24.22,20,1,0,0,0,0,0,1,0,0,0,0,0,0,0,1,0,0
54.65,7,4,0,0,1,0,0,0,0,0,0,1,0,0,0,0,0,0
195.19,0,1,0,0,0,0,0,0,1,0,0,1,0,0,0,0,0,1
72.67,9,3,0,1,0,0,0,0,0,0,0,0,0,0,1,0,0,0
4.11,8,4,0,0,0,0,1,0,0,0,1,0,0,0,0,0,0,0
115.36,4,6,1,0,0,0,0,0,1,1,0,0,0,0,0,0,0,1
424.98,0,1,0,0,0,0,0,0,1,0,0,0,0,0,1,0,0,1
53.93,6,4,0,0,0,0,0,0,1,0,0,1,0,0,0,0,0,0
49.66,7,1,0,1,0,0,0,0,0,0,0,0,1,0,0,0,0,0
2025.9,15,1,0,0,0,0,0,0,1,0,0,0,0,1,0,0,0,1
32.55,15,3,0,0,0,0,0,0,1,1,0,0,0,0,0,0,0,0
37.78,15,4,0,0,0,0,0,1,0,0,0,0,1,0,0,0,0,0
61.68,19,3,0,0,0,0,0,0,1,0,0,1,0,0,0,0,0,0
126.94,17,0,0,1,0,0,0,0,0,0,0,0,1,0,0,0,0,0
19.55,23,4,0,0,0,0,0,0,1,0,0,0,0,0,0,0,1,0
21.88,6,6,1,0,1,0,0,0,0,0,0,0,0,1,0,0,0,0
4.2,12,1,0,1,0,0,0,0,0,0,1,0,0,0,0,0,0,0
33.29,16,0,0,1,0,0,0,0,0,0,0,0,0,1,0,0,0,0
2.02,22,6,1,1,0,0,0,0,0,0,1,0,0,0,0,0,0,0
72.82,6,6,1,1,0,0,0,0,0,0,0,0,0,1,0,0,0,0
44.33,7,3,0,1,0,0,0,0,0,0,0,0,0,1,0,0,0,0
4.99,8,6,1,0,1,0,0,0,0,0,1,0,0,0,0,0,0,0
2.67,13,0,0,1,0,0,0,0,0,0,1,0,0,0,0,0,0,0
15.47,22,2,0,1,0,0,0,0,0,0,0,0,0,0,0,0,1,0
51.28,23,1,0,1,0,0,0,0,0,0,0,0,0,1,0,0,0,0
112.48,18,3,0,0,0,1,0,0,0,0,0,0,0,0,1,0,0,0
4029.55,12,3,0,0,0,0,1,0,0,0,0,0,0,0,1,0,0,1
5.09,6,0,0,1,0,0,0,0,0,0,0,0,0,0,0,1,0,0
219.67,10,5,1,0,0,0,0,0,1,0,0,0,0,0,1,0,0,0
12.17,12,1,0,0,0,0,0,0,1,1,0,0,0,0,0,0,0,0
95.5,13,4,0,1,0,0,0,0,0,0,0,0,0,1,0,0,0,0
285.16,13,0,0,1,0,0,0,0,0,0,0,0,0,0,1,0,0,0
4.53,14,0,0,0,0,0,0,0,1,0,1,0,0,0,0,0,0,0
34.47,14,3,0,0,1,0,0,0,0,0,0,0,0,0,0,0,1,0
567.56,21,6,1,0,0,0,0,0,1,1,0,0,0,0,0,0,0,1
51.51,16,1,0,0,1,0,0,0,0,0,0,1,0,0,0,0,0,0
1522.27,2,0,0,0,0,0,0,0,1,0,0,0,0,0,0,0,1,1
19.39,20,3,0,1,0,0,0,0,0,0,0,0,0,0,0,0,1,0
74.48,14,0,0,1,0,0,0,0,0,0,0,0,0,1,0,0,0,0
5.36,7,4,0,0,1,0,0,0,0,0,1,0,0,0,0,0,0,0
10.64,10,4,0,0,1,0,0,0,0,0,0,0,0,0,0,1,0,0
4.33,22,0,0,1,0,0,0,0,0,0,1,0,0,0,0,0,0,0
20.01,8,5,1,0,0,0,0,1,0,0,0,0,1,0,0,0,0,0
11.84,10,1,0,0,1,0,0,0,0,1,0,0,0,0,0,0,0,0
35.69,21,1,0,0,0,1,0,0,0,0,0,0,0,0,0,1,0,0
29.47,8,2,0,1,0,0,0,0,0,0,0,0,0,1,0,0,0,0
61.27,21,3,0,1,0,0,0,0,0,0,0,1,0,0,0,0,0,0
12.22,9,3,0,1,0,0,0,0,0,1,0,0,0,0,0,0,0,0
164.77,3,1,0,0,0,0,0,0,1,1,0,0,0,0,0,0,0,1
1.67,18,2,0,0,0,0,0,0,1,0,1,0,0,0,0,0,0,0
8.23,17,6,1,0,1,0,0,0,0,1,0,0,0,0,0,0,0,0
30.53,15,5,1,0,1,0,0,0,0,1,0,0,0,0,0,0,0,0
187.92,22,4,0,0,0,1,0,0,0,0,0,0,0,0,1,0,0,0
101.71,21,2,0,1,0,0,0,0,0,0,0,0,0,0,1,0,0,0
67.52,22,2,0,0,0,0,0,0,1,0,0,0,0,0,1,0,0,0
63.41,7,5,1,0,1,0,0,0,0,0,0,1,0,0,0,0,0,0
24.28,20,2,0,1,0,0,0,0,0,0,0,1,0,0,0,0,0,0
146.75,9,1,0,0,0,1,0,0,0,0,0,0,0,0,1,0,0,0
25.08,11,4,0,0,0,0,1,0,0,0,0,0,0,0,0,1,0,0
1734.81,22,6,1,0,0,0,0,1,0,0,0,0,0,0,0,0,1,1
9.92,6,5,1,0,0,0,0,0,1,0,0,0,0,0,0,0,1,0
98.83,13,3,0,1,0,0,0,0,0,0,0,0,1,0,0,0,0,0
23.34,17,2,0,0,0,0,0,0,1,1,0,0,0,0,0,0,0,0
74.27,19,5,1,0,0,1,0,0,0,0,0,0,0,0,1,0,0,0
5.26,18,2,0,0,1,0,0,0,0,0,0,0,0,0,0,1,0,0
168.23,15,3,0,1,0,0,0,0,0,0,0,0,0,0,1,0,0,0
61.73,21,6,1,1,0,0,0,0,0,0,0,1,0,0,0,0,0,0
6.92,19,5,1,1,0,0,0,0,0,0,0,0,0,0,0,0,1,0
3.45,6,4,0,1,0,0,0,0,0,0,1,0,0,0,0,0,0,0
59.77,23,3,0,0,0,1,0,0,0,0,0,1,0,0,0,0,0,0
45.18,21,0,0,0,0,0,0,0,1,0,0,1,0,0,0,0,0,0
93.21,8,3,0,0,0,1,0,0,0,0,0,0,0,1,0,0,0,0
14.86,3,6,1,0,0,0,0,0,1,0,1,0,0,0,0,0,0,1
15.09,19,4,0,0,0,0,0,0,1,0,0,1,0,0,0,0,0,0
33.06,22,4,0,1,0,0,0,0,0,0,0,0,0,0,0,0,1,0
17.29,18,3,0,1,0,0,0,0,0,1,0,0,0,0,0,0,0,0
7.89,20,3,0,1,0,0,0,0,0,1,0,0,0,0,0,0,0,0
10.83,10,3,0,0,0,0,0,1,0,0,0,1,0,0,0,0,0,0
36.39,20,1,0,0,1,0,0,0,0,0,0,1,0,0,0,0,0,0
39.5,16,0,0,0,0,0,0,0,1,0,0,1,0,0,0,0,0,0
30.18,19,5,1,0,0,0,0,0,1,0,0,0,0,0,0,1,0,0
23.29,7,1,0,0,0,0,1,0,0,0,0,1,0,0,0,0,0,0
1.59,21,3,0,0,1,0,0,0,0,0,1,0,0,0,0,0,0,0
54.82,17,0,0,1,0,0,0,0,0,0,0,0,1,0,0,0,0,0
67.28,20,6,1,0,0,0,0,0,1,0,0,0,1,0,0,0,0,0
19.47,14,5,1,0,0,1,0,0,0,1,0,0,0,0,0,0,0,0
85.04,8,1,0,0,0,1,0,0,0,0,0,0,0,1,0,0,0,0
3.03,18,2,0,1,0,0,0,0,0,0,1,0,0,0,0,0,0,0
32.18,10,0,0,1,0,0,0,0,0,0,0,1,0,0,0,0,0,0
192.93,20,6,1,0,0,0,0,1,0,0,0,0,0,0,1,0,0,0
2.22,19,0,0,0,0,0,0,0,1,0,1,0,0,0,0,0,0,0
19.02,21,0,0,1,0,0,0,0,0,0,0,1,0,0,0,0,0,0
42.12,11,2,0,0,1,0,0,0,0,0,0,1,0,0,0,0,0,0
115.57,19,0,0,0,0,0,0,0,1,0,0,0,1,0,0,0,0,0
15.35,16,4,0,1,0,0,0,0,0,1,0,0,0,0,0,0,0,0
4.69,23,2,0,1,0,0,0,0,0,0,1,0,0,0,0,0,0,0
33.56,23,2,0,1,0,0,0,0,0,0,0,0,0,0,0,0,1,0
17.75,13,2,0,0,0,0,0,0,1,0,0,0,0,0,0,1,0,0
106.61,23,0,0,0,0,0,0,0,1,0,0,0,0,0,1,0,0,0
44.52,14,5,1,0,0,0,0,0,1,0,0,1,0,0,0,0,0,0
12.4,23,5,1,1,0,0,0,0,0,0,0,0,0,0,0,1,0,0
98.18,23,1,0,0,0,1,0,0,0,0,0,0,0,1,0,0,0,0
37.99,15,2,0,0,0,1,0,0,0,0,0,1,0,0,0,0,0,0
7.74,15,0,0,1,0,0,0,0,0,1,0,0,0,0,0,0,0,0
2.13,22,2,0,0,0,0,0,0,1,0,1,0,0,0,0,0,0,0
25.84,20,6,1,1,0,0,0,0,0,1,0,0,0,0,0,0,0,0
31.56,22,2,0,0,1,0,0,0,0,0,0,0,0,0,0,1,0,0
13.66,15,1,0,1,0,0,0,0,0,0,0,0,0,0,0,1,0,0
73.24,1,4,0,0,0,0,0,0,1,1,0,0,0,0,0,0,0,1
29.34,22,2,0,1,0,0,0,0,0,0,0,0,0,0,0,0,1,0
652.93,10,6,1,1,0,0,0,0,0,0,0,1,0,0,0,0,0,1
192.7,21,2,0,0,1,0,0,0,0,0,0,0,0,0,1,0,0,0
13.05,13,5,1,0,0,1,0,0,0,1,0,0,0,0,0,0,0,0
2.15,22,1,0,0,0,0,0,0,1,0,1,0,0,0,0,0,0,0
25.86,22,4,0,1,0,0,0,0,0,0,0,0,0,0,0,0,1,0
475.87,3,6,1,0,0,0,0,0,1,0,0,0,0,1,0,0,0,1
51.66,17,2,0,1,0,0,0,0,0,0,0,1,0,0,0,0,0,0
5.2,21,3,0,0,1,0,0,0,0,0,1,0,0,0,0,0,0,0
14.35,1,0,0,0,0,0,0,0,1,0,1,0,0,0,0,0,0,1
15.25,6,2,0,1,0,0,0,0,0,0,0,0,0,1,0,0,0,0
59.28,23,3,0,0,0,0,1,0,0,0,0,0,0,1,0,0,0,0
242.41,10,5,1,0,0,0,0,1,0,0,0,0,0,0,1,0,0,0
703.57,20,6,1,0,0,1,0,0,0,0,0,1,0,0,0,0,0,1
8.76,19,5,1,0,1,0,0,0,0,1,0,0,0,0,0,0,0,0
10.82,11,2,0,1,0,0,0,0,0,0,0,0,0,0,0,1,0,0
112.74,18,0,0,1,0,0,0,0,0,0,0,0,1,0,0,0,0,0
66.7,13,2,0,1,0,0,0,0,0,0,0,0,1,0,0,0,0,0
2936.63,2,5,1,0,0,1,0,0,0,0,0,0,1,0,0,0,0,1
5.46,20,0,0,0,0,0,1,0,0,0,0,0,0,0,0,0,1,0
29.78,17,0,0,1,0,0,0,0,0,0,0,0,0,0,0,1,0,0
49.15,23,5,1,1,0,0,0,0,0,0,0,0,0,1,0,0,0,0
37.98,11,6,1,1,0,0,0,0,0,0,0,0,0,0,0,0,1,0
3.16,14,3,0,1,0,0,0,0,0,0,1,0,0,0,0,0,0,0
345.18,1,2,0,0,0,0,0,0,1,0,0,0,0,1,0,0,0,1
35.35,7,3,0,1,0,0,0,0,0,0,0,0,0,0,0,0,1,0
10.45,7,0,0,0,0,0,1,0,0,1,0,0,0,0,0,0,0,0
87.18,23,5,1,0,0,0,0,1,0,0,0,0,0,0,1,0,0,0
1428.14,20,1,0,1,0,0,0,0,0,0,0,0,0,0,0,1,0,1
10.67,18,3,0,1,0,0,0,0,0,0,0,0,0,0,0,0,1,0
46.79,23,1,0,1,0,0,0,0,0,0,0,1,0,0,0,0,0,0
63.02,8,5,1,0,0,0,0,0,1,0,0,1,0,0,0,0,0,0
18.24,17,0,0,0,0,1,0,0,0,1,0,0,0,0,0,0,0,0
47.24,23,1,0,1,0,0,0,0,0,0,0,0,0,1,0,0,0,0
12.28,21,5,1,0,1,0,0,0,0,0,0,0,0,0,0,0,1,0
104.43,7,4,0,1,0,0,0,0,0,0,0,0,0,1,0,0,0,0
75.2,16,1,0,0,0,1,0,0,0,0,0,0,0,1,0,0,0,0
94.18,13,3,0,1,0,0,0,0,0,0,0,0,1,0,0,0,0,0
30.27,18,4,0,1,0,0,0,0,0,1,0,0,0,0,0,0,0,0
28.78,14,0,0,1,0,0,0,0,0,0,0,1,0,0,0,0,0,0
23.81,16,3,0,1,0,0,0,0,0,0,0,1,0,0,0,0,0,0
5.0,9,4,0,0,0,0,1,0,0,0,1,0,0,0,0,0,0,0
3.23,23,0,0,0,0,0,0,0,1,0,1,0,0,0,0,0,0,0
13.4,23,3,0,0,1,0,0,0,0,0,0,0,0,0,0,1,0,0
29.02,21,2,0,1,0,0,0,0,0,0,0,1,0,0,0,0,0,0
44.73,6,4,0,0,1,0,0,0,0,0,0,0,1,0,0,0,0,0
31.73,10,2,0,0,1,0,0,0,0,0,0,0,0,0,0,0,1,0
13.93,10,5,1,1,0,0,0,0,0,0,0,0,0,1,0,0,0,0
33.27,22,1,0,0,0,0,0,0,1,1,0,0,0,0,0,0,0,0
2.63,14,2,0,0,1,0,0,0,0,0,1,0,0,0,0,0,0,0
215.01,18,1,0,0,1,0,0,0,0,0,0,0,0,0,1,0,0,0
28.81,17,1,0,1,0,0,0,0,0,0,0,1,0,0,0,0,0,0
38.89,10,2,0,0,0,0,1,0,0,0,0,0,0,0,1,0,0,0
1.64,19,1,0,0,0,0,0,1,0,0,1,0,0,0,0,0,0,0
34.36,6,5,1,1,0,0,0,0,0,0,0,0,0,0,0,0,1,0
34.54,10,3,0,0,0,0,0,0,1,0,0,1,0,0,0,0,0,0
76.35,18,6,1,1,0,0,0,0,0,0,0,0,0,1,0,0,0,0
48.84,6,3,0,0,1,0,0,0,0,0,0,0,0,1,0,0,0,0
1709.82,21,0,0,0,0,0,0,0,1,0,0,0,0,0,0,1,0,1
160.25,23,3,0,0,0,0,0,0,1,0,0,0,1,0,0,0,0,0
29.68,11,0,0,0,0,0,0,0,1,0,0,0,0,1,0,0,0,0
30.91,17,5,1,0,0,1,0,0,0,1,0,0,0,0,0,0,0,0
6.86,17,4,0,0,0,0,0,0,1,1,0,0,0,0,0,0,0,0
76.62,13,6,1,1,0,0,0,0,0,0,0,0,0,1,0,0,0,0
27.76,9,4,0,0,1,0,0,0,0,0,0,0,0,0,0,0,1,0
42.53,8,4,0,1,0,0,0,0,0,0,0,1,0,0,0,0,0,0
8.32,13,2,0,0,0,0,0,0,1,1,0,0,0,0,0,0,0,0
36.2,23,6,1,1,0,0,0,0,0,0,0,0,0,0,0,1,0,0
49.28,10,2,0,1,0,0,0,0,0,0,0,0,0,1,0,0,0,0
46.1,21,3,0,0,0,1,0,0,0,0,0,0,1,0,0,0,0,0
7.25,22,6,1,1,0,0,0,0,0,0,0,0,0,0,0,0,1,0
676.16,4,1,0,1,0,0,0,0,0,0,1,0,0,0,0,0,0,1
55.14,21,5,1,1,0,0,0,0,0,0,0,1,0,0,0,0,0,0
16.54,8,1,0,1,0,0,0,0,0,1,0,0,0,0,0,0,0,0
30.33,7,3,0,1,0,0,0,0,0,0,0,0,0,0,0,1,0,0
90.3,18,0,0,1,0,0,0,0,0,0,0,0,0,0,1,0,0,0
47.56,11,3,0,1,0,0,0,0,0,0,0,0,0,1,0,0,0,0
6.04,15,5,1,0,0,0,0,1,0,0,0,0,0,0,0,1,0,0
69.63,11,2,0,1,0,0,0,0,0,0,0,1,0,0,0,0,0,0
19.46,10,6,1,1,0,0,0,0,0,1,0,0,0,0,0,0,0,0
26.62,22,3,0,1,0,0,0,0,0,0,0,0,0,0,0,0,1,0
3.7,22,0,0,0,1,0,0,0,0,0,1,0,0,0,0,0,0,0
34.81,11,2,0,0,0,0,0,0,1,0,0,0,0,0,0,1,0,0
73.02,16,4,0,1,0,0,0,0,0,0,0,1,0,0,0,0,0,0
6.9,13,5,1,0,0,0,0,0,1,0,0,0,0,0,0,0,1,0
340.73,0,4,0,0,0,0,0,0,1,0,0,1,0,0,0,0,0,1
33.95,20,0,0,0,0,0,0,0,1,0,0,0,0,0,0,0,1,0
28.91,4,2,0,0,0,0,0,0,1,0,1,0,0,0,0,0,0,1
194.34,20,2,0,1,0,0,0,0,0,0,0,0,0,0,1,0,0,0
1.72,23,1,0,0,0,0,0,0,1,0,1,0,0,0,0,0,0,0
19.27,17,2,0,1,0,0,0,0,0,0,0,0,0,1,0,0,0,0
66.94,23,4,0,1,0,0,0,0,0,0,0,1,0,0,0,0,0,0
28.02,17,1,0,1,0,0,0,0,0,0,0,0,0,0,0,0,1,0
157.21,16,1,0,0,0,0,0,0,1,0,0,0,0,0,1,0,0,0
99.0,14,2,0,0,0,0,0,0,1,0,0,0,0,1,0,0,0,0
34.05,23,0,0,0,0,0,0,0,1,0,0,0,0,0,0,1,0,0
46.58,15,4,0,0,0,0,0,0,1,0,0,0,1,0,0,0,0,0
125.87,14,2,0,1,0,0,0,0,0,0,0,0,1,0,0,0,0,0
3.0,14,4,0,0,0,0,0,0,1,0,1,0,0,0,0,0,0,0
12.89,19,2,0,1,0,0,0,0,0,1,0,0,0,0,0,0,0,0
5.08,23,3,0,0,0,1,0,0,0,0,1,0,0,0,0,0,0,0
50.1,15,5,1,0,0,0,1,0,0,0,0,1,0,0,0,0,0,0
702.41,3,5,1,1,0,0,0,0,0,0,0,0,0,1,0,0,0,1
91.26,21,3,0,0,0,1,0,0,0,0,0,0,0,1,0,0,0,0
12.01,22,5,1,0,0,0,0,0,1,1,0,0,0,0,0,0,0,0
22.47,23,1,0,0,0,1,0,0,0,0,0,1,0,0,0,0,0,0
105.85,12,0,0,1,0,0,0,0,0,0,0,0,0,0,1,0,0,0
42.27,19,4,0,0,1,0,0,0,0,0,0,1,0,0,0,0,0,0
31.67,15,2,0,1,0,0,0,0,0,0,0,0,0,0,0,1,0,0
117.6,8,6,1,0,0,1,0,0,0,0,0,0,0,0,1,0,0,0
168.33,17,5,1,1,0,0,0,0,0,0,0,0,0,0,1,0,0,0
8.68,9,5,1,0,0,0,0,0,1,0,0,0,0,0,0,0,1,0
16.93,11,1,0,0,0,0,0,0,1,0,0,0,0,0,0,0,1,0
37.8,18,3,0,0,0,1,0,0,0,0,0,0,0,0,0,0,1,0
196.81,18,1,0,0,0,0,0,0,1,0,0,0,0,0,1,0,0,0
2.11,11,3,0,0,0,0,0,0,1,0,1,0,0,0,0,0,0,0
4.15,12,5,1,1,0,0,0,0,0,0,1,0,0,0,0,0,0,0
9.27,21,1,0,0,0,0,0,0,1,0,0,0,0,0,0,1,0,0
24.31,12,0,0,0,0,1,0,0,0,0,0,1,0,0,0,0,0,0
22.18,21,0,0,1,0,0,0,0,0,0,0,0,0,0,0,1,0,0
58.53,23,2,0,0,1,0,0,0,0,0,0,0,0,1,0,0,0,0
601.52,4,2,0,0,0,0,1,0,0,0,0,0,0,1,0,0,0,1
11.59,21,5,1,0,0,1,0,0,0,1,0,0,0,0,0,0,0,0
73.87,11,3,0,1,0,0,0,0,0,0,0,1,0,0,0,0,0,0
4.86,17,1,0,1,0,0,0,0,0,0,1,0,0,0,0,0,0,0
34.29,10,3,0,0,0,0,1,0,0,1,0,0,0,0,0,0,0,0
164.31,22,3,0,1,0,0,0,0,0,0,0,0,0,0,1,0,0,0
123.53,9,5,1,1,0,0,0,0,0,0,0,0,1,0,0,0,0,0
15.78,23,1,0,0,0,0,0,0,1,0,0,0,0,1,0,0,0,0
12.04,10,4,0,1,0,0,0,0,0,1,0,0,0,0,0,0,0,0
4.26,12,5,1,0,0,0,0,0,1,0,1,0,0,0,0,0,0,0
13.07,22,1,0,0,0,1,0,0,0,0,0,1,0,0,0,0,0,0
1.51,18,4,0,0,0,0,0,0,1,0,1,0,0,0,0,0,0,0
2.92,23,3,0,0,1,0,0,0,0,0,1,0,0,0,0,0,0,0
17.85,21,6,1,1,0,0,0,0,0,0,0,0,0,0,0,0,1,0
423.34,4,1,0,0,0,0,1,0,0,0,1,0,0,0,0,0,0,1
33.96,7,3,0,0,0,0,0,0,1,0,0,0,0,1,0,0,0,0
827.52,1,0,0,0,0,0,0,0,1,0,0,0,0,0,1,0,0,1
118.27,12,1,0,1,0,0,0,0,0,0,0,0,0,1,0,0,0,0
188.01,9,5,1,1,0,0,0,0,0,0,0,0,0,0,1,0,0,0
21.64,20,2,0,0,0,0,1,0,0,1,0,0,0,0,0,0,0,0
1452.76,4,1,0,0,0,1,0,0,0,0,0,0,0,0,0,0,1,1
15.54,22,2,0,1,0,0,0,0,0,1,0,0,0,0,0,0,0,0
132.13,23,6,1,0,1,0,0,0,0,0,0,0,1,0,0,0,0,0
12.58,9,3,0,0,0,1,0,0,0,0,0,0,0,0,0,0,1,0
113.62,22,2,0,0,0,1,0,0,0,0,0,0,0,0,1,0,0,0
12.6,19,6,1,1,0,0,0,0,0,1,0,0,0,0,0,0,0,0
13.47,12,2,0,0,0,1,0,0,0,1,0,0,0,0,0,0,0,0
4.89,6,6,1,1,0,0,0,0,0,0,1,0,0,0,0,0,0,0
3.55,12,2,0,1,0,0,0,0,0,0,1,0,0,0,0,0,0,0
163.81,13,5,1,0,1,0,0,0,0,0,0,0,0,0,1,0,0,0
50.71,16,2,0,0,0,0,0,1,0,0,0,0,0,1,0,0,0,0
29.67,20,6,1,0,1,0,0,0,0,1,0,0,0,0,0,0,0,0
6.39,18,3,0,1,0,0,0,0,0,0,0,0,0,0,0,0,1,0
8.27,17,2,0,0,0,0,0,0,1,0,0,0,0,0,0,1,0,0
23.86,9,4,0,0,0,0,0,0,1,1,0,0,0,0,0,0,0,0
32.47,23,3,0,0,1,0,0,0,0,0,0,0,0,0,0,0,1,0
30.49,11,4,0,0,0,0,0,1,0,0,0,0,0,0,0,0,1,0
4.7,23,5,1,0,1,0,0,0,0,0,1,0,0,0,0,0,0,0
2102.83,4,3,0,0,0,0,0,0,1,0,0,0,1,0,0,0,0,1
8.96,13,4,0,1,0,0,0,0,0,0,0,0,0,0,0,0,1,0
18.91,6,3,0,0,0,0,0,1,0,0,0,0,1,0,0,0,0,0
12.23,22,0,0,1,0,0,0,0,0,0,0,1,0,0,0,0,0,0
45.78,13,6,1,0,0,0,1,0,0,0,0,0,0,0,0,1,0,0
4.9,23,4,0,0,0,0,0,0,1,0,1,0,0,0,0,0,0,0
17.18,9,5,1,0,1,0,0,0,0,1,0,0,0,0,0,0,0,0
46.71,3,5,1,0,0,0,0,0,1,1,0,0,0,0,0,0,0,1
14.58,8,1,0,1,0,0,0,0,0,0,0,1,0,0,0,0,0,0
658.17,1,0,0,0,0,1,0,0,0,0,1,0,0,0,0,0,0,1
5.65,12,2,0,1,0,0,0,0,0,0,1,0,0,0,0,0,0,0
2256.17,9,0,0,0,0,0,0,1,0,0,0,0,0,0,1,0,0,1
443.82,2,5,1,0,0,0,0,1,0,0,1,0,0,0,0,0,0,1
41.94,17,0,0,0,0,0,1,0,0,0,0,0,0,0,0,1,0,0
189.42,12,2,0,0,1,0,0,0,0,0,0,0,0,0,1,0,0,0
460.69,11,4,0,0,0,0,0,0,1,1,0,0,0,0,0,0,0,1
118.51,14,2,0,1,0,0,0,0,0,0,0,0,0,0,1,0,0,0
122.38,4,5,1,0,0,0,0,0,1,0,0,0,0,0,0,0,1,1
2.59,21,0,0,0,0,1,0,0,0,0,1,0,0,0,0,0,0,0
49.14,16,2,0,0,0,1,0,0,0,0,0,1,0,0,0,0,0,0
22.78,12,2,0,0,0,0,0,1,0,1,0,0,0,0,0,0,0,0
3.28,21,5,1,0,0,0,0,1,0,0,1,0,0,0,0,0,0,0
51.02,14,0,0,1,0,0,0,0,0,0,0,1,0,0,0,0,0,0
104.91,17,0,0,0,1,0,0,0,0,0,0,0,0,1,0,0,0,0
254.57,12,0,0,1,0,0,0,0,0,0,0,0,0,0,1,0,0,0
32.46,13,6,1,1,0,0,0,0,0,0,0,0,0,0,0,1,0,0
38.52,23,4,0,0,0,1,0,0,0,0,0,0,0,0,0,0,1,0
216.51,17,3,0,0,0,0,0,0,1,0,0,0,0,0,1,0,0,0
50.63,23,6,1,0,0,0,0,0,1,0,0,1,0,0,0,0,0,0
22.21,8,6,1,0,0,0,0,0,1,0,0,0,0,1,0,0,0,0
196.83,22,1,0,0,0,1,0,0,0,0,0,0,0,0,1,0,0,0
19.32,19,3,0,0,0,0,0,0,1,0,0,0,0,0,0,0,1,0
126.51,11,0,0,1,0,0,0,0,0,0,0,0,1,0,0,0,0,0
2.28,6,0,0,1,0,0,0,0,0,0,1,0,0,0,0,0,0,0
30.6,13,6,1,1,0,0,0,0,0,0,0,0,0,1,0,0,0,0
4.63,14,3,0,0,0,0,0,0,1,0,1,0,0,0,0,0,0,0
103.26,9,2,0,1,0,0,0,0,0,0,0,0,1,0,0,0,0,0
66.28,8,2,0,1,0,0,0,0,0,0,0,0,1,0,0,0,0,0
50.83,12,6,1,1,0,0,0,0,0,0,0,0,0,0,0,1,0,0
2014.36,1,3,0,0,0,0,0,0,1,0,0,0,0,0,1,0,0,1
6.58,22,3,0,1,0,0,0,0,0,0,0,0,0,0,0,1,0,0
2.94,15,3,0,0,1,0,0,0,0,0,1,0,0,0,0,0,0,0
30.7,14,4,0,0,1,0,0,0,0,0,0,0,0,0,0,0,1,0
1106.87,18,5,1,0,0,0,0,1,0,0,0,0,0,0,0,0,1,1
117.41,14,0,0,0,0,0,0,0,1,0,0,0,0,1,0,0,0,0
132.65,12,0,0,0,0,0,0,0,1,0,0,0,0,0,1,0,0,0
5.94,12,0,0,1,0,0,0,0,0,1,0,0,0,0,0,0,0,0
54.33,9,5,1,0,0,1,0,0,0,0,0,0,1,0,0,0,0,0
41.84,23,0,0,1,0,0,0,0,0,0,0,0,0,1,0,0,0,0
41.0,18,3,0,0,0,0,0,0,1,0,0,0,0,1,0,0,0,0
125.76,21,3,0,0,1,0,0,0,0,0,0,0,1,0,0,0,0,0
17.73,9,5,1,1,0,0,0,0,0,0,0,0,0,0,0,1,0,0
20.26,18,3,0,0,0,1,0,0,0,0,0,1,0,0,0,0,0,0
157.59,0,0,0,0,0,0,0,0,1,1,0,0,0,0,0,0,0,1
34.13,9,5,1,1,0,0,0,0,0,0,0,0,0,0,0,0,1,0
12.32,18,1,0,0,1,0,0,0,0,0,0,1,0,0,0,0,0,0
78.83,21,1,0,0,0,0,0,1,0,0,0,1,0,0,0,0,0,0
60.3,8,4,0,0,1,0,0,0,0,0,0,0,0,1,0,0,0,0
31.65,8,0,0,0,0,0,0,0,1,0,0,0,1,0,0,0,0,0
18.29,8,0,0,0,1,0,0,0,0,1,0,0,0,0,0,0,0,0
672.9,9,5,1,0,0,0,0,0,1,1,0,0,0,0,0,0,0,1
8.57,19,5,1,1,0,0,0,0,0,0,0,0,0,0,0,0,1,0
5.19,21,0,0,1,0,0,0,0,0,0,1,0,0,0,0,0,0,0
16.54,21,5,1,0,0,0,0,0,1,1,0,0,0,0,0,0,0,0
15.07,10,0,0,1,0,0,0,0,0,0,0,0,0,0,0,0,1,0
8.18,6,1,0,1,0,0,0,0,0,1,0,0,0,0,0,0,0,0
39.81,19,2,0,0,1,0,0,0,0,0,0,0,1,0,0,0,0,0
8.66,13,1,0,0,0,0,0,1,0,1,0,0,0,0,0,0,0,0
17.89,13,3,0,0,0,0,1,0,0,0,0,0,0,0,0,0,1,0
370.89,15,1,0,0,0,0,0,0,1,0,1,0,0,0,0,0,0,1
82.9,13,5,1,0,0,0,1,0,0,0,0,0,0,1,0,0,0,0
39.56,10,0,0,0,1,0,0,0,0,0,0,1,0,0,0,0,0,0
507.67,10,1,0,0,0,0,0,1,0,1,0,0,0,0,0,0,0,1
107.64,14,5,1,1,0,0,0,0,0,0,0,0,0,1,0,0,0,0
33.17,10,6,1,1,0,0,0,0,0,0,0,0,0,0,0,1,0,0
60.48,14,0,0,0,1,0,0,0,0,0,0,0,0,1,0,0,0,0
24.47,12,1,0,0,0,1,0,0,0,0,0,1,0,0,0,0,0,0
70.67,0,2,0,0,0,0,0,0,1,0,0,1,0,0,0,0,0,1
3.53,7,5,1,1,0,0,0,0,0,0,1,0,0,0,0,0,0,0
21.74,15,3,0,0,0,0,0,0,1,0,0,0,0,0,0,0,1,0
233.07,14,3,0,1,0,0,0,0,0,0,0,0,0,0,1,0,0,0
3.78,13,1,0,1,0,0,0,0,0,0,1,0,0,0,0,0,0,0
85.26,18,2,0,1,0,0,0,0,0,0,0,0,1,0,0,0,0,0
3.97,14,1,0,0,1,0,0,0,0,0,1,0,0,0,0,0,0,0
115.48,14,5,1,0,1,0,0,0,0,0,0,0,0,1,0,0,0,0
21.7,17,4,0,0,0,0,0,0,1,0,0,0,0,1,0,0,0,0
7.96,10,4,0,0,1,0,0,0,0,0,0,0,0,0,0,1,0,0
3.4,7,5,1,0,0,0,0,0,1,0,1,0,0,0,0,0,0,0
35.78,22,3,0,1,0,0,0,0,0,0,0,1,0,0,0,0,0,0
12.18,14,3,0,1,0,0,0,0,0,1,0,0,0,0,0,0,0,0
541.93,17,2,0,1,0,0,0,0,0,1,0,0,0,0,0,0,0,1
30.85,8,5,1,1,0,0,0,0,0,1,0,0,0,0,0,0,0,0
30.06,8,2,0,0,0,1,0,0,0,0,0,0,0,0,0,0,1,0
5.23,17,1,0,1,0,0,0,0,0,0,1,0,0,0,0,0,0,0
203.65,12,0,0,0,0,1,0,0,0,0,0,0,0,0,1,0,0,0
12.23,19,1,0,0,0,0,0,0,1,0,0,1,0,0,0,0,0,0
709.82,18,6,1,0,0,0,0,0,1,1,0,0,0,0,0,0,0,1
261.21,17,6,1,0,1,0,0,0,0,0,0,0,0,0,1,0,0,0
108.91,16,1,0,0,0,1,0,0,0,0,0,0,1,0,0,0,0,0
620.84,0,2,0,0,0,0,0,0,1,0,0,1,0,0,0,0,0,1
77.82,20,2,0,0,0,0,1,0,0,0,0,0,0,1,0,0,0,0
33.9,23,5,1,0,0,0,1,0,0,0,0,0,0,0,0,1,0,0
174.21,1,0,0,0,0,0,0,0,1,0,0,0,0,1,0,0,0,1
6.68,17,2,0,0,1,0,0,0,0,1,0,0,0,0,0,0,0,0
3.75,18,3,0,1,0,0,0,0,0,0,1,0,0,0,0,0,0,0
29.98,13,6,1,1,0,0,0,0,0,0,0,0,0,1,0,0,0,0
10.17,8,6,1,1,0,0,0,0,0,0,0,0,0,0,0,1,0,0
48.86,20,4,0,1,0,0,0,0,0,0,0,0,0,0,0,1,0,0
31.07,8,2,0,0,1,0,0,0,0,0,0,0,0,1,0,0,0,0
42.43,9,1,0,0,0,1,0,0,0,0,0,1,0,0,0,0,0,0
197.63,15,6,1,0,0,1,0,0,0,0,0,0,1,0,0,0,0,0
5.73,13,3,0,0,0,0,0,0,1,1,0,0,0,0,0,0,0,0
8.51,22,1,0,0,0,0,0,0,1,1,0,0,0,0,0,0,0,0
16.6,14,1,0,0,0,0,1,0,0,1,0,0,0,0,0,0,0,0
34.79,18,5,1,0,0,0,0,1,0,1,0,0,0,0,0,0,0,0
131.94,16,6,1,0,1,0,0,0,0,0,0,0,1,0,0,0,0,0
119.22,9,2,0,0,1,0,0,0,0,0,0,0,1,0,0,0,0,0
13.6,17,5,1,0,0,0,0,0,1,1,0,0,0,0,0,0,0,0
36.2,16,3,0,0,1,0,0,0,0,0,0,0,0,0,0,0,1,0
83.9,22,6,1,0,0,1,0,0,0,0,0,0,0,1,0,0,0,0
64.98,12,1,0,1,0,0,0,0,0,0,0,0,1,0,0,0,0,0
54.08,22,4,0,0,1,0,0,0,0,0,0,1,0,0,0,0,0,0
488.47,4,6,1,0,0,0,1,0,0,1,0,0,0,0,0,0,0,1
237.36,16,4,0,0,1,0,0,0,0,0,0,0,0,0,1,0,0,0
4.02,12,1,0,1,0,0,0,0,0,0,1,0,0,0,0,0,0,0
11.9,20,3,0,0,0,0,0,1,0,1,0,0,0,0,0,0,0,0
733.86,6,0,0,0,0,0,0,0,1,0,0,1,0,0,0,0,0,1
21.49,14,1,0,0,0,0,0,0,1,0,0,0,0,0,0,1,0,0
18.11,11,1,0,0,0,0,0,0,1,1,0,0,0,0,0,0,0,0
96.27,13,2,0,0,0,0,0,0,1,0,0,0,0,0,1,0,0,0
186.61,17,5,1,0,1,0,0,0,0,0,0,0,0,0,1,0,0,0
204.03,15,0,0,1,0,0,0,0,0,0,0,0,0,0,1,0,0,0
6.03,11,5,1,1,0,0,0,0,0,1,0,0,0,0,0,0,0,0
76.92,19,0,0,0,0,0,0,0,1,0,0,1,0,0,0,0,0,0
82.27,23,1,0,0,1,0,0,0,0,0,0,0,0,1,0,0,0,0
16.7,18,4,0,0,1,0,0,0,0,1,0,0,0,0,0,0,0,0
32.69,23,5,1,0,0,0,0,0,1,1,0,0,0,0,0,0,0,0
154.36,23,2,0,0,1,0,0,0,0,0,0,0,0,0,1,0,0,0
2997.61,6,6,1,0,0,0,0,1,0,0,0,0,0,0,1,0,0,1
13.15,20,3,0,0,1,0,0,0,0,0,0,0,0,0,0,1,0,0
2.05,18,1,0,1,0,0,0,0,0,0,1,0,0,0,0,0,0,0
15.33,15,4,0,1,0,0,0,0,0,1,0,0,0,0,0,0,0,0
108.85,12,4,0,0,0,0,0,0,1,0,0,0,0,1,0,0,0,0
16.44,9,4,0,0,1,0,0,0,0,0,0,0,0,0,0,0,1,0
157.66,23,6,1,1,0,0,0,0,0,0,0,0,0,0,1,0,0,0
34.26,7,5,1,0,0,1,0,0,0,1,0,0,0,0,0,0,0,0
109.95,23,6,1,1,0,0,0,0,0,0,0,0,1,0,0,0,0,0
4.22,18,5,1,0,1,0,0,0,0,0,1,0,0,0,0,0,0,0
93.91,8,0,0,1,0,0,0,0,0,0,0,0,1,0,0,0,0,0
11.06,10,0,0,0,1,0,0,0,0,0,0,0,0,0,0,1,0,0
143.98,17,1,0,0,1,0,0,0,0,0,0,0,1,0,0,0,0,0
187.15,17,6,1,0,0,1,0,0,0,0,0,0,0,0,1,0,0,0
23.18,22,3,0,1,0,0,0,0,0,0,0,0,0,0,0,0,1,0
51.57,13,6,1,1,0,0,0,0,0,0,0,0,0,1,0,0,0,0
45.43,4,1,0,0,0,0,0,0,1,0,0,0,0,0,0,1,0,1
6.38,17,0,0,1,0,0,0,0,0,0,0,0,0,0,0,0,1,0
290.26,11,4,0,1,0,0,0,0,0,0,0,0,0,0,1,0,0,0
44.51,9,0,0,1,0,0,0,0,0,0,0,0,0,1,0,0,0,0
4465.09,1,4,0,0,0,0,0,0,1,0,0,0,0,0,1,0,0,1
26.1,11,0,0,1,0,0,0,0,0,1,0,0,0,0,0,0,0,0
16.5,23,5,1,0,0,0,0,1,0,0,0,0,0,0,0,0,1,0
181.93,7,2,0,0,1,0,0,0,0,0,0,0,1,0,0,0,0,0
181.25,20,1,0,1,0,0,0,0,0,0,0,0,1,0,0,0,0,0
635.52,3,4,0,0,0,0,0,0,1,0,0,0,0,0,0,0,1,1
151.51,23,0,0,0,1,0,0,0,0,0,0,0,0,0,1,0,0,0
51.94,17,5,1,0,1,0,0,0,0,0,0,0,0,0,0,1,0,0
26.17,6,0,0,0,0,0,0,0,1,0,0,0,0,0,0,0,1,0
73.2,22,5,1,0,0,1,0,0,0,0,0,1,0,0,0,0,0,0
60.83,23,6,1,0,1,0,0,0,0,0,0,0,0,1,0,0,0,0
17.97,21,2,0,0,1,0,0,0,0,0,0,0,0,0,0,0,1,0
2.14,20,2,0,0,1,0,0,0,0,0,1,0,0,0,0,0,0,0
20.68,22,2,0,0,0,0,0,0,1,0,0,0,0,0,0,1,0,0
5.87,17,0,0,1,0,0,0,0,0,0,1,0,0,0,0,0,0,0
90.56,16,2,0,1,0,0,0,0,0,0,0,0,0,0,1,0,0,0
52.72,13,4,0,0,0,0,0,1,0,0,0,0,1,0,0,0,0,0
116.46,7,6,1,1,0,0,0,0,0,0,0,0,0,1,0,0,0,0
34.4,23,5,1,1,0,0,0,0,0,1,0,0,0,0,0,0,0,0
9.46,9,6,1,0,1,0,0,0,0,0,0,0,0,0,0,1,0,0
51.49,7,3,0,1,0,0,0,0,0,0,0,0,0,0,0,1,0,0
101.83,15,3,0,0,0,0,0,0,1,0,0,0,0,1,0,0,0,0
1626.13,17,1,0,0,0,0,0,0,1,0,0,0,0,1,0,0,0,1
28.61,8,5,1,1,0,0,0,0,0,0,0,0,0,0,0,1,0,0
10.49,11,6,1,1,0,0,0,0,0,0,0,0,0,0,0,0,1,0
60.39,7,6,1,1,0,0,0,0,0,0,0,0,0,1,0,0,0,0
53.46,23,5,1,1,0,0,0,0,0,0,0,1,0,0,0,0,0,0
242.44,6,1,0,1,0,0,0,0,0,0,0,0,0,0,1,0,0,0
122.47,11,2,0,0,1,0,0,0,0,0,0,0,1,0,0,0,0,0
102.11,16,4,0,1,0,0,0,0,0,0,0,0,0,1,0,0,0,0
25.84,14,1,0,1,0,0,0,0,0,0,0,1,0,0,0,0,0,0
127.29,20,2,0,1,0,0,0,0,0,0,0,0,1,0,0,0,0,0
84.68,15,6,1,0,1,0,0,0,0,0,0,0,1,0,0,0,0,0
71.92,14,0,0,0,0,1,0,0,0,0,0,0,0,1,0,0,0,0
8.94,8,1,0,1,0,0,0,0,0,1,0,0,0,0,0,0,0,0
51.43,11,6,1,0,1,0,0,0,0,0,0,1,0,0,0,0,0,0
29.22,20,0,0,1,0,0,0,0,0,1,0,0,0,0,0,0,0,0
48.51,8,1,0,0,1,0,0,0,0,0,0,0,1,0,0,0,0,0
38.26,20,3,0,0,0,0,0,0,1,0,0,0,0,1,0,0,0,0
14.67,12,1,0,1,0,0,0,0,0,0,0,0,0,0,0,1,0,0
36.39,10,5,1,0,0,0,0,0,1,0,0,1,0,0,0,0,0,0
185.22,22,0,0,1,0,0,0,0,0,0,0,0,0,0,1,0,0,0
10.28,20,3,0,1,0,0,0,0,0,0,0,0,0,0,0,1,0,0
114.44,23,0,0,1,0,0,0,0,0,0,0,0,1,0,0,0,0,0
5.88,9,2,0,0,0,0,0,0,1,1,0,0,0,0,0,0,0,0
10.45,20,3,0,0,0,0,0,0,1,1,0,0,0,0,0,0,0,0
1.52,17,4,0,1,0,0,0,0,0,0,1,0,0,0,0,0,0,0
72.84,10,1,0,1,0,0,0,0,0,0,0,0,1,0,0,0,0,0
1113.2,3,4,0,1,0,0,0,0,0,0,0,0,0,0,0,0,1,1
1238.37,3,5,1,0,0,0,1,0,0,0,0,0,1,0,0,0,0,1
35.05,21,0,0,1,0,0,0,0,0,0,0,1,0,0,0,0,0,0
12.5,12,3,0,0,0,0,1,0,0,1,0,0,0,0,0,0,0,0
56.59,19,4,0,1,0,0,0,0,0,0,0,1,0,0,0,0,0,0
86.36,15,3,0,1,0,0,0,0,0,0,0,0,0,0,1,0,0,0
18.71,18,6,1,1,0,0,0,0,0,1,0,0,0,0,0,0,0,0
4.73,13,6,1,0,0,0,0,0,1,0,1,0,0,0,0,0,0,0
66.37,14,6,1,0,0,1,0,0,0,0,0,1,0,0,0,0,0,0
21.71,10,6,1,0,0,0,0,0,1,0,0,0,0,0,0,1,0,0
27.99,8,1,0,1,0,0,0,0,0,0,0,0,1,0,0,0,0,0
154.09,14,6,1,1,0,0,0,0,0,0,0,0,1,0,0,0,0,0
206.33,2,3,0,0,0,0,0,0,1,0,0,0,0,0,0,1,0,1
87.42,11,4,0,0,0,0,0,0,1,0,0,0,0,0,1,0,0,0
18.89,19,0,0,0,1,0,0,0,0,0,0,1,0,0,0,0,0,0
176.55,9,6,1,1,0,0,0,0,0,0,0,0,0,0,1,0,0,0
43.13,6,2,0,0,0,0,0,1,0,0,0,1,0,0,0,0,0,0
26.76,8,3,0,1,0,0,0,0,0,0,0,0,0,1,0,0,0,0
32.07,10,3,0,1,0,0,0,0,0,0,0,0,0,0,0,0,1,0
228.4,23,4,0,1,0,0,0,0,0,0,0,0,0,0,1,0,0,0
4.15,11,2,0,0,1,0,0,0,0,0,1,0,0,0,0,0,0,0
23.55,18,6,1,0,1,0,0,0,0,0,0,0,0,0,0,1,0,0
46.44,8,5,1,1,0,0,0,0,0,0,0,1,0,0,0,0,0,0
32.2,8,5,1,1,0,0,0,0,0,0,0,0,0,0,0,1,0,0
97.02,13,4,0,0,1,0,0,0,0,0,0,0,0,1,0,0,0,0
55.1,10,4,0,1,0,0,0,0,0,0,0,1,0,0,0,0,0,0
89.35,8,2,0,0,1,0,0,0,0,0,0,0,0,1,0,0,0,0
109.41,10,6,1,0,0,1,0,0,0,0,0,0,0,1,0,0,0,0
231.19,23,2,0,0,0,0,0,0,1,0,0,0,0,0,1,0,0,0
769.22,22,4,0,1,0,0,0,0,0,0,0,0,0,1,0,0,0,1
47.88,12,0,0,0,0,0,0,0,1,0,0,1,0,0,0,0,0,0
13.77,13,5,1,0,0,0,1,0,0,0,0,0,0,0,0,0,1,0
45.43,13,3,0,1,0,0,0,0,0,0,0,0,0,1,0,0,0,0
183.74,23,6,1,1,0,0,0,0,0,0,0,0,1,0,0,0,0,0
17.63,23,2,0,0,0,0,1,0,0,0,0,1,0,0,0,0,0,0
24.84,19,2,0,0,0,0,1,0,0,0,0,1,0,0,0,0,0,0
17.75,12,3,0,0,1,0,0,0,0,0,0,0,0,0,0,0,1,0
15.12,20,1,0,1,0,0,0,0,0,0,0,0,0,0,0,1,0,0
29.27,17,3,0,1,0,0,0,0,0,0,0,1,0,0,0,0,0,0
621.0,4,1,0,0,0,0,0,0,1,1,0,0,0,0,0,0,0,1
14.96,17,6,1,1,0,0,0,0,0,0,0,1,0,0,0,0,0,0
2880.99,10,6,1,0,0,0,0,0,1,0,0,0,1,0,0,0,0,1
20.73,14,0,0,1,0,0,0,0,0,0,0,0,0,0,0,0,1,0
18.55,20,6,1,1,0,0,0,0,0,0,0,1,0,0,0,0,0,0
53.09,11,1,0,0,0,0,0,0,1,0,0,0,0,0,0,1,0,0
418.93,20,3,0,0,0,0,0,0,1,0,1,0,0,0,0,0,0,1
73.84,12,6,1,0,0,0,0,0,1,0,0,0,0,1,0,0,0,0
105.79,20,6,1,0,1,0,0,0,0,0,0,0,0,1,0,0,0,0
29.35,17,2,0,0,0,1,0,0,0,0,0,0,1,0,0,0,0,0
53.36,6,6,1,1,0,0,0,0,0,0,0,0,0,0,1,0,0,0
13.5,12,4,0,0,0,0,1,0,0,1,0,0,0,0,0,0,0,0
2273.17,1,3,0,0,0,0,0,0,1,0,0,0,1,0,0,0,0,1
2766.75,10,0,0,0,0,0,0,0,1,0,0,0,0,0,1,0,0,1
1086.88,2,3,0,0,0,0,0,0,1,0,0,0,0,0,0,0,1,1
1.93,21,6,1,1,0,0,0,0,0,0,1,0,0,0,0,0,0,0
26.66,19,3,0,0,0,0,0,0,1,0,0,0,0,0,0,0,1,0
117.88,19,0,0,0,1,0,0,0,0,0,0,0,0,0,1,0,0,0
4.5,11,2,0,1,0,0,0,0,0,0,1,0,0,0,0,0,0,0
58.83,20,5,1,1,0,0,0,0,0,0,0,0,0,0,1,0,0,0
2813.43,9,3,0,1,0,0,0,0,0,0,0,0,1,0,0,0,0,1
30.24,23,3,0,0,0,0,0,0,1,0,0,0,0,1,0,0,0,0
20.78,17,5,1,0,0,0,0,1,0,0,0,0,0,0,0,0,1,0
49.84,7,4,0,0,0,1,0,0,0,0,0,0,0,0,0,1,0,0
80.36,11,4,0,1,0,0,0,0,0,0,0,0,0,0,1,0,0,0
119.19,8,4,0,0,0,1,0,0,0,0,0,0,1,0,0,0,0,0
2.22,23,4,0,0,0,0,0,0,1,0,1,0,0,0,0,0,0,0
8.0,23,1,0,0,0,0,0,0,1,0,0,0,0,0,0,0,1,0
1000.11,4,1,0,0,1,0,0,0,0,0,0,1,0,0,0,0,0,1
27.36,17,3,0,0,1,0,0,0,0,0,0,0,0,0,0,1,0,0
4.3,14,1,0,0,0,0,0,0,1,0,1,0,0,0,0,0,0,0
116.56,7,6,1,0,0,0,0,1,0,0,0,0,1,0,0,0,0,0
120.85,3,3,0,0,0,0,0,0,1,0,0,0,0,0,0,0,1,1
5.41,8,5,1,0,1,0,0,0,0,0,1,0,0,0,0,0,0,0
2.11,21,6,1,0,1,0,0,0,0,0,1,0,0,0,0,0,0,0
17.91,4,4,0,0,0,0,0,0,1,0,0,0,0,0,0,1,0,1
20.88,8,0,0,0,0,1,0,0,0,0,0,0,0,0,0,0,1,0
48.45,15,6,1,0,0,0,0,0,1,0,0,0,0,1,0,0,0,0
5.36,10,2,0,1,0,0,0,0,0,0,1,0,0,0,0,0,0,0
4.2,23,1,0,0,0,0,0,1,0,0,1,0,0,0,0,0,0,0
28.6,23,0,0,0,0,0,0,1,0,1,0,0,0,0,0,0,0,0
502.11,14,2,0,0,0,0,0,1,0,0,1,0,0,0,0,0,0,1
71.11,21,5,1,1,0,0,0,0,0,0,0,1,0,0,0,0,0,0
25.69,23,0,0,1,0,0,0,0,0,0,0,0,0,0,0,0,1,0
36.89,15,0,0,1,0,0,0,0,0,0,0,0,0,0,0,1,0,0
78.79,7,1,0,0,0,0,0,0,1,0,0,1,0,0,0,0,0,0
37.46,6,4,0,1,0,0,0,0,0,0,0,0,0,1,0,0,0,0
47.12,15,4,0,1,0,0,0,0,0,0,0,1,0,0,0,0,0,0
29.76,12,0,0,1,0,0,0,0,0,0,0,0,0,0,0,0,1,0
199.65,7,3,0,0,1,0,0,0,0,0,0,0,1,0,0,0,0,0
51.01,23,4,0,0,0,0,0,0,1,0,0,0,0,0,0,1,0,0
236.56,20,5,1,1,0,0,0,0,0,0,0,0,0,0,1,0,0,0
63.38,23,0,0,1,0,0,0,0,0,0,0,0,0,1,0,0,0,0
9.71,23,3,0,1,0,0,0,0,0,1,0,0,0,0,0,0,0,0
1.87,13,4,0,0,0,0,0,0,1,0,1,0,0,0,0,0,0,0
5.52,15,4,0,0,0,1,0,0,0,0,1,0,0,0,0,0,0,0
21.97,17,0,0,1,0,0,0,0,0,0,0,0,1,0,0,0,0,0
14.53,13,1,0,1,0,0,0,0,0,1,0,0,0,0,0,0,0,0
3.72,6,3,0,0,0,1,0,0,0,0,1,0,0,0,0,0,0,0
27.23,23,1,0,1,0,0,0,0,0,1,0,0,0,0,0,0,0,0
64.49,21,2,0,0,0,1,0,0,0,0,0,0,0,0,1,0,0,0
51.22,23,0,0,1,0,0,0,0,0,0,0,0,0,0,1,0,0,0
35.64,11,5,1,1,0,0,0,0,0,0,0,0,0,0,0,1,0,0
48.67,12,6,1,0,0,0,0,0,1,0,0,0,0,0,0,1,0,0
197.85,20,3,0,1,0,0,0,0,0,0,0,0,0,0,1,0,0,0
34.2,12,2,0,0,0,0,0,0,1,0,0,0,1,0,0,0,0,0
33.77,17,2,0,1,0,0,0,0,0,0,0,1,0,0,0,0,0,0
29.16,11,1,0,0,0,1,0,0,0,0,0,0,0,0,0,0,1,0
2.22,11,5,1,0,0,1,0,0,0,0,1,0,0,0,0,0,0,0
55.06,7,4,0,1,0,0,0,0,0,0,0,1,0,0,0,0,0,0
42.29,17,3,0,1,0,0,0,0,0,0,0,1,0,0,0,0,0,0
3.22,23,2,0,0,1,0,0,0,0,0,1,0,0,0,0,0,0,0
3.27,10,4,0,1,0,0,0,0,0,0,1,0,0,0,0,0,0,0
16.69,21,6,1,0,1,0,0,0,0,0,0,0,0,0,0,0,1,0
4.57,14,5,1,0,0,0,0,0,1,0,1,0,0,0,0,0,0,0
4.11,18,5,1,0,0,0,0,0,1,0,1,0,0,0,0,0,0,0
708.15,1,1,0,0,0,0,0,0,1,0,0,0,0,1,0,0,0,1
5.25,23,3,0,0,0,1,0,0,0,0,0,0,0,0,0,0,1,0
748.19,11,2,0,0,0,0,0,1,0,0,0,0,0,0,0,0,1,1
41.59,14,2,0,1,0,0,0,0,0,0,0,0,1,0,0,0,0,0
264.63,6,4,0,1,0,0,0,0,0,0,0,0,0,0,1,0,0,0
26.97,10,5,1,1,0,0,0,0,0,1,0,0,0,0,0,0,0,0
74.63,6,2,0,0,0,0,0,0,1,0,0,0,0,1,0,0,0,0
73.46,7,0,0,1,0,0,0,0,0,0,0,1,0,0,0,0,0,0
17.68,19,4,0,1,0,0,0,0,0,1,0,0,0,0,0,0,0,0
36.06,14,6,1,1,0,0,0,0,0,0,0,0,0,0,0,1,0,0
13.34,14,5,1,0,0,0,0,0,1,1,0,0,0,0,0,0,0,0
8.26,21,2,0,0,0,0,0,1,0,0,0,0,0,0,0,0,1,0
74.06,12,0,0,1,0,0,0,0,0,0,0,1,0,0,0,0,0,0
172.63,19,2,0,1,0,0,0,0,0,0,0,0,1,0,0,0,0,0
113.76,11,6,1,0,0,0,1,0,0,0,0,0,0,0,1,0,0,0
54.39,9,2,0,0,0,0,1,0,0,0,0,0,0,0,0,1,0,0
187.99,23,3,0,0,0,0,0,0,1,0,0,0,0,0,1,0,0,0
19.34,21,6,1,0,0,0,0,0,1,0,0,0,0,0,0,1,0,0
1480.72,1,4,0,0,0,0,0,0,1,0,0,0,0,0,0,0,1,1
102.31,9,0,0,0,1,0,0,0,0,0,0,0,0,0,1,0,0,0
83.39,15,4,0,0,0,0,0,1,0,0,0,0,0,1,0,0,0,0
3420.29,11,5,1,0,0,0,0,0,1,0,0,0,0,0,1,0,0,1
25.63,7,2,0,0,0,0,0,1,0,1,0,0,0,0,0,0,0,0
3.4,14,3,0,0,0,0,1,0,0,0,1,0,0,0,0,0,0,0
3.26,23,3,0,0,1,0,0,0,0,0,1,0,0,0,0,0,0,0
861.05,17,2,0,0,0,0,0,0,1,1,0,0,0,0,0,0,0,1
22.18,7,3,0,0,0,0,0,0,1,1,0,0,0,0,0,0,0,0
45.19,8,0,0,0,0,1,0,0,0,0,0,1,0,0,0,0,0,0
179.91,15,6,1,1,0,0,0,0,0,0,0,0,0,0,1,0,0,0
71.68,18,4,0,0,1,0,0,0,0,0,0,0,1,0,0,0,0,0
24.21,16,3,0,1,0,0,0,0,0,1,0,0,0,0,0,0,0,0
2.63,21,0,0,0,1,0,0,0,0,0,1,0,0,0,0,0,0,0
616.07,4,2,0,0,0,0,0,0,1,0,1,0,0,0,0,0,0,1
23.86,16,6,1,1,0,0,0,0,0,0,0,0,0,0,0,1,0,0
46.87,16,6,1,0,0,1,0,0,0,0,0,0,0,0,0,1,0,0
47.9,15,1,0,1,0,0,0,0,0,0,0,0,0,0,0,1,0,0
5.88,6,2,0,0,1,0,0,0,0,0,1,0,0,0,0,0,0,0
135.54,19,2,0,1,0,0,0,0,0,0,0,0,0,0,1,0,0,0
173.31,22,0,0,1,0,0,0,0,0,0,0,0,0,0,1,0,0,0
75.75,9,4,0,1,0,0,0,0,0,0,0,0,1,0,0,0,0,0
12.46,18,0,0,0,0,0,0,0,1,0,0,0,0,0,0,0,1,0
17.75,23,6,1,1,0,0,0,0,0,0,0,0,0,0,0,0,1,0
484.62,21,6,1,0,0,0,0,0,1,0,1,0,0,0,0,0,0,1
34.71,18,0,0,1,0,0,0,0,0,0,0,0,0,1,0,0,0,0
71.57,14,3,0,1,0,0,0,0,0,0,0,1,0,0,0,0,0,0
25.49,12,2,0,1,0,0,0,0,0,0,0,0,1,0,0,0,0,0
2371.42,18,6,1,0,0,0,0,1,0,0,0,0,1,0,0,0,0,1
3.97,22,2,0,1,0,0,0,0,0,0,1,0,0,0,0,0,0,0
23.16,23,6,1,1,0,0,0,0,0,0,0,0,0,0,0,0,1,0
459.43,8,0,0,0,0,0,0,0,1,0,1,0,0,0,0,0,0,1
16.6,11,4,0,1,0,0,0,0,0,1,0,0,0,0,0,0,0,0
39.83,23,3,0,0,1,0,0,0,0,0,0,1,0,0,0,0,0,0
384.43,2,4,0,0,0,0,0,0,1,0,0,1,0,0,0,0,0,1
2.31,13,0,0,0,0,0,1,0,0,0,1,0,0,0,0,0,0,0
91.4,10,4,0,0,1,0,0,0,0,0,0,0,1,0,0,0,0,0
218.9,17,2,0,0,1,0,0,0,0,0,0,0,0,0,1,0,0,0
33.67,18,4,0,0,0,0,1,0,0,0,0,0,0,0,0,0,1,0
26.82,18,6,1,0,0,0,0,0,1,0,0,0,0,0,0,0,1,0
184.69,9,1,0,1,0,0,0,0,0,0,0,0,1,0,0,0,0,0
47.39,13,5,1,1,0,0,0,0,0,0,0,1,0,0,0,0,0,0
62.01,16,0,0,0,0,0,1,0,0,0,0,1,0,0,0,0,0,0
44.94,12,2,0,0,1,0,0,0,0,0,0,1,0,0,0,0,0,0
49.7,21,1,0,1,0,0,0,0,0,0,0,1,0,0,0,0,0,0
25.68,14,0,0,0,0,0,0,0,1,0,0,0,0,1,0,0,0,0
7.88,20,6,1,1,0,0,0,0,0,0,0,0,0,0,0,1,0,0
1870.36,12,0,0,0,0,0,0,1,0,0,0,0,0,1,0,0,0,1
118.73,14,4,0,0,0,1,0,0,0,0,0,0,0,1,0,0,0,0
3.45,13,4,0,1,0,0,0,0,0,0,1,0,0,0,0,0,0,0
71.8,15,2,0,0,0,0,0,0,1,0,0,0,0,1,0,0,0,0
11.66,7,0,0,1,0,0,0,0,0,0,0,1,0,0,0,0,0,0
19.39,12,2,0,0,1,0,0,0,0,1,0,0,0,0,0,0,0,0
7.92,17,6,1,0,1,0,0,0,0,1,0,0,0,0,0,0,0,0
30.89,20,1,0,1,0,0,0,0,0,1,0,0,0,0,0,0,0,0
45.06,13,0,0,1,0,0,0,0,0,0,0,0,0,0,0,1,0,0
16.44,23,0,0,0,1,0,0,0,0,1,0,0,0,0,0,0,0,0
101.84,23,1,0,0,1,0,0,0,0,0,0,0,0,1,0,0,0,0
63.5,22,4,0,0,0,0,0,0,1,0,0,1,0,0,0,0,0,0
65.66,12,2,0,0,1,0,0,0,0,0,0,0,0,0,1,0,0,0
17.2,23,6,1,0,0,0,0,0,1,1,0,0,0,0,0,0,0,0
54.35,11,5,1,0,0,0,0,1,0,0,0,0,0,1,0,0,0,0
67.41,10,5,1,0,0,1,0,0,0,0,0,1,0,0,0,0,0,0
2.99,14,3,0,0,1,0,0,0,0,0,1,0,0,0,0,0,0,0
2101.55,4,1,0,1,0,0,0,0,0,0,0,0,1,0,0,0,0,1
13.11,18,1,0,0,0,0,0,0,1,1,0,0,0,0,0,0,0,0
3.73,15,5,1,1,0,0,0,0,0,0,1,0,0,0,0,0,0,0
6.86,10,1,0,1,0,0,0,0,0,0,0,0,0,0,0,0,1,0
2004.73,2,0,0,0,0,0,1,0,0,0,0,0,1,0,0,0,0,1
127.49,13,0,0,0,0,0,1,0,0,0,0,0,0,0,1,0,0,0
27.09,9,5,1,1,0,0,0,0,0,0,0,0,0,0,0,0,1,0
187.42,3,2,0,0,0,0,0,0,1,0,0,0,0,0,0,1,0,1
29.47,10,1,0,0,1,0,0,0,0,1,0,0,0,0,0,0,0,0
2.41,9,3,0,1,0,0,0,0,0,0,1,0,0,0,0,0,0,0
90.52,15,0,0,0,0,0,0,0,1,0,0,0,1,0,0,0,0,0
1288.08,18,3,0,0,0,0,0,1,0,0,0,0,0,1,0,0,0,1
685.26,14,4,0,1,0,0,0,0,0,0,1,0,0,0,0,0,0,1
35.84,12,3,0,0,0,0,0,0,1,0,0,1,0,0,0,0,0,0
1246.11,3,5,1,0,0,0,0,0,1,0,0,0,0,0,1,0,0,1
123.43,13,5,1,0,0,0,0,1,0,0,0,0,1,0,0,0,0,0
13.59,15,6,1,0,0,0,0,0,1,0,0,0,0,1,0,0,0,0
40.22,12,2,0,1,0,0,0,0,0,0,0,0,0,0,0,1,0,0
195.8,11,5,1,1,0,0,0,0,0,0,0,0,0,0,1,0,0,0
155.57,18,5,1,1,0,0,0,0,0,0,0,0,0,0,1,0,0,0
169.07,8,0,0,1,0,0,0,0,0,0,0,0,1,0,0,0,0,0
1056.21,12,3,0,0,0,0,0,1,0,0,0,0,1,0,0,0,0,1
331.25,0,1,0,0,0,0,0,0,1,0,0,0,0,1,0,0,0,1
51.05,10,6,1,0,0,1,0,0,0,0,0,1,0,0,0,0,0,0
7.25,18,5,1,0,1,0,0,0,0,1,0,0,0,0,0,0,0,0
181.81,9,6,1,1,0,0,0,0,0,0,0,0,1,0,0,0,0,0
4.01,20,0,0,0,0,0,0,0,1,0,1,0,0,0,0,0,0,0
467.84,4,3,0,0,0,0,0,1,0,0,1,0,0,0,0,0,0,1
73.81,23,2,0,0,0,0,0,0,1,0,0,1,0,0,0,0,0,0
71.2,16,2,0,1,0,0,0,0,0,0,0,1,0,0,0,0,0,0
2.02,20,2,0,0,0,0,1,0,0,0,1,0,0,0,0,0,0,0
26.21,18,3,0,0,0,1,0,0,0,1,0,0,0,0,0,0,0,0
9.37,14,1,0,0,0,0,1,0,0,0,0,0,0,0,0,0,1,0
58.55,14,0,0,0,0,0,0,0,1,0,0,0,0,1,0,0,0,0
134.13,14,6,1,1,0,0,0,0,0,0,0,0,0,0,1,0,0,0
21.72,16,3,0,1,0,0,0,0,0,0,0,0,0,0,0,0,1,0
17.8,23,5,1,0,0,0,0,1,0,0,0,0,0,0,0,0,1,0
18.35,18,6,1,0,0,0,1,0,0,0,0,0,0,0,0,1,0,0
233.32,20,4,0,0,0,0,0,0,1,0,0,0,0,0,1,0,0,0
92.13,19,6,1,0,1,0,0,0,0,0,0,0,0,1,0,0,0,0
5.42,23,6,1,1,0,0,0,0,0,0,1,0,0,0,0,0,0,0
195.77,14,2,0,1,0,0,0,0,0,0,0,0,1,0,0,0,0,0
843.08,1,4,0,1,0,0,0,0,0,0,0,0,1,0,0,0,0,1
12.61,21,2,0,0,1,0,0,0,0,0,0,0,0,0,0,1,0,0
86.2,15,1,0,1,0,0,0,0,0,0,0,0,0,1,0,0,0,0
808.16,3,1,0,0,1,0,0,0,0,0,0,1,0,0,0,0,0,1
1.68,23,1,0,0,0,0,0,0,1,0,1,0,0,0,0,0,0,0
1062.59,3,1,0,0,0,1,0,0,0,0,0,0,0,0,0,0,1,1
64.92,23,3,0,0,0,0,0,0,1,0,0,1,0,0,0,0,0,0
3.76,14,1,0,0,0,0,0,1,0,0,1,0,0,0,0,0,0,0
61.65,11,6,1,0,0,0,0,1,0,0,0,1,0,0,0,0,0,0
20.97,7,1,0,1,0,0,0,0,0,0,0,0,0,0,0,0,1,0
115.81,23,2,0,0,0,0,0,1,0,0,0,0,0,1,0,0,0,0
268.81,11,1,0,0,0,0,0,1,0,0,0,0,0,0,1,0,0,0
180.68,7,5,1,1,0,0,0,0,0,0,0,0,1,0,0,0,0,0
3829.48,0,2,0,0,1,0,0,0,0,0,0,0,0,0,1,0,0,1
1027.44,16,0,0,0,0,0,0,0,1,0,0,1,0,0,0,0,0,1
2.35,14,6,1,1,0,0,0,0,0,0,1,0,0,0,0,0,0,0
15.42,14,5,1,1,0,0,0,0,0,0,0,0,0,0,0,1,0,0
28.4,10,4,0,0,1,0,0,0,0,0,0,0,0,0,0,1,0,0
63.64,7,6,1,0,0,0,0,0,1,0,0,0,1,0,0,0,0,0
27.02,19,6,1,1,0,0,0,0,0,0,0,0,0,0,0,1,0,0
34.62,18,1,0,0,0,0,0,1,0,0,0,0,0,0,0,0,1,0
349.13,1,3,0,0,0,0,0,0,1,0,0,0,0,1,0,0,0,1
278.09,15,3,0,1,0,0,0,0,0,0,0,0,0,0,1,0,0,0
1194.22,3,5,1,0,0,0,1,0,0,0,0,0,0,0,0,0,1,1
833.15,1,1,0,0,0,0,0,0,1,0,0,1,0,0,0,0,0,1
7.43,9,4,0,0,0,0,0,0,1,0,0,0,0,0,0,0,1,0
59.06,23,3,0,0,0,0,1,0,0,0,0,0,0,0,1,0,0,0
42.7,12,3,0,0,1,0,0,0,0,0,0,1,0,0,0,0,0,0
39.38,16,0,0,0,1,0,0,0,0,0,0,1,0,0,0,0,0,0
2.34,18,4,0,1,0,0,0,0,0,0,1,0,0,0,0,0,0,0
75.41,20,4,0,1,0,0,0,0,0,0,0,0,0,1,0,0,0,0
13.45,13,1,0,0,1,0,0,0,0,0,0,0,0,0,0,1,0,0
191.82,19,2,0,0,0,0,1,0,0,0,0,0,1,0,0,0,0,0
119.55,7,3,0,0,0,0,1,0,0,0,0,0,0,1,0,0,0,0
810.54,9,4,0,0,0,0,1,0,0,0,0,0,0,0,0,0,1,1
21.04,17,4,0,1,0,0,0,0,0,0,0,0,0,0,0,0,1,0
53.65,12,3,0,0,0,0,0,1,0,0,0,1,0,0,0,0,0,0
170.31,7,3,0,1,0,0,0,0,0,0,0,0,1,0,0,0,0,0
260.78,20,0,0,0,1,0,0,0,0,0,0,0,0,0,1,0,0,0
1217.96,1,4,0,0,0,0,0,1,0,0,0,0,0,0,0,1,0,1
39.82,10,6,1,0,1,0,0,0,0,0,0,0,0,0,0,0,1,0
24.66,23,6,1,0,0,0,0,0,1,0,0,0,0,0,0,1,0,0
24.11,21,2,0,0,0,1,0,0,0,0,0,0,0,0,0,0,1,0
21.9,12,6,1,0,0,0,0,0,1,0,0,1,0,0,0,0,0,0
804.99,3,2,0,0,0,0,0,0,1,0,0,0,0,0,0,1,0,1
13.13,23,5,1,0,0,1,0,0,0,0,0,0,0,0,0,0,1,0
2.67,6,0,0,0,0,0,1,0,0,0,1,0,0,0,0,0,0,0
9.91,8,0,0,0,1,0,0,0,0,0,0,0,0,0,0,0,1,0
84.43,10,4,0,0,0,1,0,0,0,0,0,0,1,0,0,0,0,0
7.75,16,4,0,0,0,0,0,1,0,0,0,0,0,0,0,1,0,0
52.17,21,5,1,0,0,0,0,0,1,0,0,1,0,0,0,0,0,0
3.86,10,6,1,0,1,0,0,0,0,0,1,0,0,0,0,0,0,0
20.65,21,0,0,0,1,0,0,0,0,0,0,0,0,0,1,0,0,0
2379.46,2,1,0,0,0,0,0,1,0,0,0,0,0,0,1,0,0,1
7.63,23,0,0,1,0,0,0,0,0,1,0,0,0,0,0,0,0,0
33.94,19,4,0,1,0,0,0,0,0,0,0,0,0,0,0,0,1,0
28.77,8,2,0,1,0,0,0,0,0,0,0,0,0,0,0,1,0,0
4.67,14,5,1,0,0,1,0,0,0,0,1,0,0,0,0,0,0,0
21.33,7,4,0,1,0,0,0,0,0,0,0,0,0,0,0,0,1,0
31.4,15,0,0,1,0,0,0,0,0,0,0,0,0,0,0,0,1,0
105.32,19,1,0,1,0,0,0,0,0,0,0,0,1,0,0,0,0,0
1029.57,16,0,0,0,0,0,0,0,1,0,0,1,0,0,0,0,0,1
32.29,17,4,0,0,0,0,0,0,1,0,0,0,0,0,0,0,1,0
45.77,7,4,0,1,0,0,0,0,0,0,0,0,1,0,0,0,0,0
51.32,23,1,0,0,0,0,0,0,1,0,0,1,0,0,0,0,0,0
443.23,4,5,1,0,0,0,0,0,1,1,0,0,0,0,0,0,0,1
12.32,10,6,1,0,1,0,0,0,0,0,0,0,0,0,0,0,1,0
3.67,18,5,1,1,0,0,0,0,0,0,1,0,0,0,0,0,0,0
11.42,23,6,1,1,0,0,0,0,0,0,0,0,0,0,0,1,0,0
30.44,15,0,0,0,1,0,0,0,0,1,0,0,0,0,0,0,0,0
20.0,18,4,0,1,0,0,0,0,0,0,0,0,0,0,0,0,1,0
135.92,12,4,0,0,0,0,0,0,1,0,0,0,0,0,1,0,0,0
187.01,11,5,1,1,0,0,0,0,0,0,0,0,0,0,1,0,0,0
48.28,14,3,0,0,0,0,0,0,1,0,0,0,0,0,0,1,0,0
4.71,13,6,1,0,1,0,0,0,0,0,1,0,0,0,0,0,0,0
34.89,20,4,0,0,0,0,0,0,1,1,0,0,0,0,0,0,0,0
20.94,23,1,0,1,0,0,0,0,0,0,0,0,0,0,0,1,0,0
27.91,13,2,0,1,0,0,0,0,0,1,0,0,0,0,0,0,0,0
224.1,22,3,0,1,0,0,0,0,0,0,0,0,0,0,1,0,0,0
25.84,9,2,0,0,0,1,0,0,0,0,0,0,0,0,0,0,1,0
15.1,22,2,0,1,0,0,0,0,0,0,0,1,0,0,0,0,0,0
68.75,1,0,0,0,0,0,0,0,1,0,0,0,1,0,0,0,0,1
140.11,12,2,0,1,0,0,0,0,0,0,0,0,1,0,0,0,0,0
77.85,11,0,0,0,1,0,0,0,0,0,0,1,0,0,0,0,0,0
66.37,23,1,0,1,0,0,0,0,0,0,0,0,0,1,0,0,0,0
2518.36,1,2,0,0,0,0,1,0,0,0,0,0,1,0,0,0,0,1
40.53,11,5,1,0,1,0,0,0,0,0,0,0,0,0,0,1,0,0
4.14,15,4,0,1,0,0,0,0,0,0,1,0,0,0,0,0,0,0
39.12,6,0,0,0,0,0,1,0,0,0,0,0,0,0,1,0,0,0
115.26,18,1,0,1,0,0,0,0,0,0,0,0,1,0,0,0,0,0
32.4,7,3,0,0,1,0,0,0,0,1,0,0,0,0,0,0,0,0
90.33,13,0,0,0,0,1,0,0,0,0,0,0,0,0,1,0,0,0
159.09,8,5,1,0,0,0,1,0,0,0,0,0,1,0,0,0,0,0
36.03,21,3,0,1,0,0,0,0,0,0,0,0,0,0,0,1,0,0
44.44,13,1,0,0,0,0,0,0,1,0,0,0,0,0,0,1,0,0
17.91,2,1,0,0,0,0,0,0,1,0,1,0,0,0,0,0,0,1
13.07,9,0,0,0,0,0,0,1,0,1,0,0,0,0,0,0,0,0
13.29,13,4,0,0,0,0,0,0,1,1,0,0,0,0,0,0,0,0
14.45,18,6,1,0,1,0,0,0,0,0,0,0,0,0,0,0,1,0
31.05,16,0,0,1,0,0,0,0,0,1,0,0,0,0,0,0,0,0
15.58,21,5,1,0,0,0,0,0,1,0,0,0,0,0,0,0,1,0
34.73,17,0,0,0,0,1,0,0,0,0,0,0,0,0,0,0,1,0
28.64,23,6,1,0,1,0,0,0,0,0,0,0,0,0,0,0,1,0
32.45,21,5,1,0,1,0,0,0,0,0,0,0,0,0,0,0,1,0
5.86,18,4,0,0,0,0,1,0,0,1,0,0,0,0,0,0,0,0
74.12,14,3,0,0,1,0,0,0,0,0,0,1,0,0,0,0,0,0
18.64,10,6,1,1,0,0,0,0,0,0,0,0,0,0,0,0,1,0
22.72,19,0,0,1,0,0,0,0,0,0,0,0,0,1,0,0,0,0
85.6,0,6,1,0,0,0,0,0,1,1,0,0,0,0,0,0,0,1
1.99,17,3,0,0,0,1,0,0,0,0,1,0,0,0,0,0,0,0
19.61,14,5,1,1,0,0,0,0,0,1,0,0,0,0,0,0,0,0
33.23,23,6,1,0,0,0,0,0,1,0,0,1,0,0,0,0,0,0
51.43,19,0,0,1,0,0,0,0,0,0,0,0,0,0,1,0,0,0
11.62,23,0,0,0,1,0,0,0,0,0,0,0,0,0,0,1,0,0
26.43,11,3,0,1,0,0,0,0,0,1,0,0,0,0,0,0,0,0
27.94,23,0,0,0,0,0,0,1,0,0,0,0,0,1,0,0,0,0
37.13,6,6,1,0,1,0,0,0,0,0,0,0,0,0,0,0,1,0
2.38,16,3,0,0,0,0,1,0,0,0,1,0,0,0,0,0,0,0
9.24,23,0,0,1,0,0,0,0,0,0,0,0,0,0,0,0,1,0
134.41,20,1,0,0,0,0,0,0,1,0,0,0,1,0,0,0,0,0
52.69,18,1,0,0,0,0,0,1,0,0,0,0,0,0,0,1,0,0
40.29,8,0,0,0,0,1,0,0,0,0,0,0,1,0,0,0,0,0
14.63,11,0,0,1,0,0,0,0,0,0,0,0,0,0,0,0,1,0
59.5,9,5,1,1,0,0,0,0,0,0,0,0,0,0,0,1,0,0
604.95,0,2,0,0,1,0,0,0,0,0,1,0,0,0,0,0,0,1
17.79,16,3,0,1,0,0,0,0,0,0,0,0,1,0,0,0,0,0
50.43,22,2,0,0,0,1,0,0,0,0,0,1,0,0,0,0,0,0
4.1,23,4,0,1,0,0,0,0,0,0,1,0,0,0,0,0,0,0
219.9,2,3,0,0,0,0,0,0,1,0,0,1,0,0,0,0,0,1
92.67,20,0,0,1,0,0,0,0,0,0,0,0,1,0,0,0,0,0
35.03,8,2,0,0,0,0,1,0,0,0,0,1,0,0,0,0,0,0
115.3,10,5,1,0,1,0,0,0,0,0,0,0,0,0,1,0,0,0
188.73,14,5,1,0,1,0,0,0,0,0,0,0,1,0,0,0,0,0
195.24,18,5,1,1,0,0,0,0,0,0,0,0,0,0,1,0,0,0
1544.92,4,5,1,0,0,0,0,1,0,0,0,0,0,0,1,0,0,1
12.87,17,3,0,0,1,0,0,0,0,0,0,0,0,0,0,0,1,0
45.69,16,4,0,0,0,0,0,0,1,0,0,0,1,0,0,0,0,0
7.25,7,1,0,0,0,0,0,0,1,1,0,0,0,0,0,0,0,0
788.11,19,4,0,0,0,0,0,0,1,0,0,0,0,0,0,0,1,1
3.88,19,1,0,1,0,0,0,0,0,0,1,0,0,0,0,0,0,0
33.49,14,5,1,1,0,0,0,0,0,0,0,0,0,0,0,1,0,0
2.25,20,5,1,0,0,0,0,0,1,0,1,0,0,0,0,0,0,0
2641.59,4,0,0,0,0,0,0,0,1,0,0,0,0,0,1,0,0,1
179.16,17,1,0,0,0,0,0,0,1,0,0,0,0,0,1,0,0,0
1198.03,2,1,0,0,0,0,0,0,1,0,0,0,0,0,0,0,1,1
22.63,19,0,0,0,0,1,0,0,0,0,0,0,0,0,0,0,1,0
3.42,20,0,0,1,0,0,0,0,0,0,1,0,0,0,0,0,0,0
55.78,21,4,0,1,0,0,0,0,0,0,0,0,0,1,0,0,0,0
13.5,19,3,0,1,0,0,0,0,0,0,0,0,0,0,0,0,1,0
172.46,0,1,0,0,0,0,0,0,1,1,0,0,0,0,0,0,0,1
15.95,6,4,0,0,0,1,0,0,0,0,0,0,0,0,0,0,1,0
102.29,18,3,0,1,0,0,0,0,0,0,0,0,0,1,0,0,0,0
27.29,20,2,0,0,0,0,0,1,0,0,0,0,0,0,0,0,1,0
49.8,22,3,0,0,0,0,0,0,1,0,0,0,1,0,0,0,0,0
1693.68,4,3,0,0,0,0,0,0,1,0,0,0,0,0,0,0,1,1
11.82,14,4,0,0,1,0,0,0,0,0,0,0,0,0,0,0,1,0
26.44,21,6,1,0,0,1,0,0,0,1,0,0,0,0,0,0,0,0
17.83,11,2,0,0,0,1,0,0,0,0,0,0,0,0,0,0,1,0
44.76,11,6,1,0,0,1,0,0,0,0,0,0,0,1,0,0,0,0
29.25,21,5,1,0,0,0,1,0,0,0,0,1,0,0,0,0,0,0
1.84,16,0,0,0,0,1,0,0,0,0,1,0,0,0,0,0,0,0
38.92,21,2,0,1,0,0,0,0,0,0,0,1,0,0,0,0,0,0
30.54,19,2,0,0,0,0,0,0,1,1,0,0,0,0,0,0,0,0
33.25,7,3,0,0,0,0,0,0,1,0,0,0,0,0,1,0,0,0
22.59,17,5,1,0,1,0,0,0,0,1,0,0,0,0,0,0,0,0
24.44,8,4,0,0,0,0,1,0,0,0,0,0,0,0,0,0,1,0
48.72,3,6,1,0,0,0,0,0,1,1,0,0,0,0,0,0,0,1
7.71,16,3,0,1,0,0,0,0,0,0,0,0,0,0,0,0,1,0
54.91,10,0,0,0,1,0,0,0,0,0,0,1,0,0,0,0,0,0
1.94,22,5,1,0,0,0,0,0,1,0,1,0,0,0,0,0,0,0
94.58,7,4,0,0,0,0,0,0,1,0,0,0,0,1,0,0,0,0
380.36,4,6,1,0,0,0,0,0,1,0,1,0,0,0,0,0,0,1
5.47,8,5,1,1,0,0,0,0,0,0,1,0,0,0,0,0,0,0
248.52,6,5,1,0,1,0,0,0,0,0,0,0,0,0,1,0,0,0
35.99,11,0,0,0,0,0,0,1,0,0,0,0,0,0,0,0,1,0
93.27,20,5,1,0,0,0,0,0,1,0,0,0,1,0,0,0,0,0
85.75,6,1,0,0,0,0,0,0,1,0,0,0,0,1,0,0,0,0
142.34,10,6,1,0,0,0,1,0,0,0,0,0,1,0,0,0,0,0
19.85,10,6,1,0,1,0,0,0,0,0,0,0,0,0,0,1,0,0
89.34,17,0,0,0,0,0,1,0,0,0,0,0,1,0,0,0,0,0
37.51,9,4,0,0,0,0,0,0,1,0,0,0,0,0,0,0,1,0
12.93,23,2,0,1,0,0,0,0,0,0,0,0,0,0,0,1,0,0
15.06,21,3,0,0,0,1,0,0,0,1,0,0,0,0,0,0,0,0
104.28,4,6,1,0,0,0,0,0,1,0,0,1,0,0,0,0,0,1
49.21,19,1,0,1,0,0,0,0,0,0,0,0,0,0,0,1,0,0
55.9,10,3,0,0,1,0,0,0,0,0,0,0,1,0,0,0,0,0
34.64,22,1,0,0,1,0,0,0,0,0,0,0,0,0,0,0,1,0
58.68,9,3,0,1,0,0,0,0,0,0,0,0,0,1,0,0,0,0
3.97,15,1,0,1,0,0,0,0,0,0,1,0,0,0,0,0,0,0
23.91,18,3,0,0,1,0,0,0,0,0,0,0,0,0,0,1,0,0
157.76,11,6,1,1,0,0,0,0,0,0,0,0,0,0,1,0,0,0
21.36,12,1,0,0,1,0,0,0,0,0,0,0,0,0,0,0,1,0
40.36,8,5,1,0,0,0,0,0,1,0,0,0,0,0,0,1,0,0
2.66,8,1,0,0,0,1,0,0,0,0,1,0,0,0,0,0,0,0
93.12,12,0,0,1,0,0,0,0,0,0,0,0,0,1,0,0,0,0
106.02,17,0,0,0,0,1,0,0,0,0,0,0,1,0,0,0,0,0
29.04,17,6,1,0,1,0,0,0,0,1,0,0,0,0,0,0,0,0
18.49,16,4,0,0,0,0,0,0,1,1,0,0,0,0,0,0,0,0
146.2,19,0,0,0,0,0,0,0,1,0,0,0,0,0,1,0,0,0
57.62,16,3,0,0,0,1,0,0,0,0,0,0,0,0,0,1,0,0
9.7,19,4,0,1,0,0,0,0,0,1,0,0,0,0,0,0,0,0
198.98,8,2,0,1,0,0,0,0,0,0,0,0,1,0,0,0,0,0
5.27,12,6,1,0,0,0,0,0,1,0,1,0,0,0,0,0,0,0
45.01,8,1,0,1,0,0,0,0,0,0,0,0,1,0,0,0,0,0
3.57,14,6,1,1,0,0,0,0,0,0,1,0,0,0,0,0,0,0
53.55,7,1,0,1,0,0,0,0,0,0,0,0,0,0,0,1,0,0
17.47,7,2,0,0,1,0,0,0,0,0,0,1,0,0,0,0,0,0
141.97,21,5,1,0,0,0,0,0,1,0,0,0,1,0,0,0,0,0
78.78,17,0,0,0,0,0,0,0,1,0,0,1,0,0,0,0,0,0
43.38,20,1,0,1,0,0,0,0,0,0,0,0,0,0,0,1,0,0
31.63,23,3,0,0,0,0,0,0,1,1,0,0,0,0,0,0,0,0
38.72,23,2,0,1,0,0,0,0,0,0,0,0,0,0,0,0,1,0
4.21,9,3,0,0,0,0,0,0,1,0,1,0,0,0,0,0,0,0
21.24,20,5,1,1,0,0,0,0,0,0,0,0,0,1,0,0,0,0
4.57,12,1,0,0,0,0,1,0,0,0,1,0,0,0,0,0,0,0
5.34,15,1,0,0,0,0,0,0,1,0,1,0,0,0,0,0,0,0
2.14,14,2,0,0,1,0,0,0,0,0,1,0,0,0,0,0,0,0
246.67,6,5,1,0,0,0,0,0,1,0,0,0,0,0,1,0,0,0
27.73,11,2,0,0,0,0,0,0,1,0,0,0,0,1,0,0,0,0
30.6,13,0,0,1,0,0,0,0,0,0,0,0,0,0,0,1,0,0
60.6,23,1,0,0,0,0,0,0,1,0,0,0,0,0,1,0,0,0
105.11,20,6,1,0,0,0,0,0,1,0,0,0,1,0,0,0,0,0
104.49,19,2,0,1,0,0,0,0,0,0,0,0,1,0,0,0,0,0
653.31,20,3,0,0,0,0,0,0,1,0,0,1,0,0,0,0,0,1
28.16,10,2,0,1,0,0,0,0,0,0,0,0,0,0,0,1,0,0
41.0,12,0,0,1,0,0,0,0,0,0,0,1,0,0,0,0,0,0
3.33,17,0,0,0,0,0,0,0,1,0,1,0,0,0,0,0,0,0
32.19,17,0,0,0,1,0,0,0,0,1,0,0,0,0,0,0,0,0
32.31,10,6,1,0,0,0,0,0,1,0,0,0,0,0,0,1,0,0
10.92,6,3,0,0,0,1,0,0,0,0,0,0,0,1,0,0,0,0
4.37,14,2,0,0,1,0,0,0,0,0,1,0,0,0,0,0,0,0
250.58,18,0,0,0,0,0,0,0,1,0,0,0,0,0,1,0,0,0
147.55,22,3,0,1,0,0,0,0,0,0,0,0,0,0,1,0,0,0
93.83,19,5,1,1,0,0,0,0,0,0,0,0,0,1,0,0,0,0
43.91,19,6,1,0,0,1,0,0,0,0,0,0,0,1,0,0,0,0
122.21,17,6,1,1,0,0,0,0,0,0,0,0,0,0,1,0,0,0
63.17,8,6,1,0,1,0,0,0,0,0,0,1,0,0,0,0,0,0
12.09,19,3,0,0,0,1,0,0,0,0,0,0,0,0,0,1,0,0
6.31,18,3,0,0,0,1,0,0,0,0,0,0,0,0,0,0,1,0
96.0,20,4,0,0,0,0,0,0,1,0,0,0,0,1,0,0,0,0
84.71,23,4,0,1,0,0,0,0,0,0,0,0,0,0,1,0,0,0
27.71,17,4,0,0,0,0,0,0,1,0,0,0,0,0,0,0,1,0
4.04,16,6,1,0,0,1,0,0,0,0,1,0,0,0,0,0,0,0
25.64,7,6,1,1,0,0,0,0,0,0,0,0,0,0,0,0,1,0
2698.4,2,3,0,0,0,0,0,0,1,0,0,0,0,0,1,0,0,1
29.23,19,3,0,0,0,0,0,0,1,0,0,0,0,0,0,1,0,0
2176.39,0,3,0,0,0,0,0,0,1,0,0,0,0,1,0,0,0,1
108.44,18,1,0,1,0,0,0,0,0,0,0,0,0,1,0,0,0,0
119.59,13,4,0,0,0,0,1,0,0,0,0,0,0,1,0,0,0,0
174.48,21,3,0,1,0,0,0,0,0,0,0,0,1,0,0,0,0,0
10.15,14,4,0,0,0,0,0,0,1,0,0,0,0,0,0,0,1,0
943.04,0,0,0,0,0,0,0,0,1,0,0,0,0,0,1,0,0,1
29.28,20,6,1,0,0,0,0,0,1,0,0,0,0,0,0,1,0,0
39.59,21,1,0,0,0,0,0,0,1,0,0,0,0,0,1,0,0,0
13.42,18,3,0,1,0,0,0,0,0,1,0,0,0,0,0,0,0,0
15.04,15,2,0,0,0,0,0,0,1,1,0,0,0,0,0,0,0,0
537.8,2,2,0,0,0,0,0,0,1,0,0,0,1,0,0,0,0,1
80.17,7,4,0,0,1,0,0,0,0,0,0,0,0,1,0,0,0,0
208.86,19,6,1,1,0,0,0,0,0,0,0,0,0,0,1,0,0,0
389.02,9,4,0,1,0,0,0,0,0,0,1,0,0,0,0,0,0,1
2.94,15,4,0,0,0,0,0,0,1,0,1,0,0,0,0,0,0,0
11.1,23,3,0,1,0,0,0,0,0,1,0,0,0,0,0,0,0,0
550.56,3,5,1,0,0,0,0,0,1,0,0,0,0,0,1,0,0,1
6.02,22,2,0,0,1,0,0,0,0,0,0,0,0,0,0,0,1,0
29.16,23,5,1,1,0,0,0,0,0,1,0,0,0,0,0,0,0,0
441.83,16,6,1,0,0,0,0,0,1,1,0,0,0,0,0,0,0,1
7.93,9,4,0,0,0,0,0,0,1,1,0,0,0,0,0,0,0,0
58.15,23,0,0,1,0,0,0,0,0,0,0,0,0,0,0,1,0,0
99.57,13,6,1,0,1,0,0,0,0,0,0,0,0,1,0,0,0,0
39.27,19,3,0,1,0,0,0,0,0,0,0,1,0,0,0,0,0,0
19.07,16,2,0,0,1,0,0,0,0,0,0,0,0,1,0,0,0,0
725.49,3,5,1,0,0,0,0,0,1,1,0,0,0,0,0,0,0,1
83.86,16,2,0,1,0,0,0,0,0,0,0,0,0,1,0,0,0,0
37.91,6,2,0,1,0,0,0,0,0,0,0,0,0,0,0,1,0,0
126.93,10,4,0,1,0,0,0,0,0,0,0,0,0,0,1,0,0,0
12.06,20,3,0,0,1,0,0,0,0,0,0,0,0,0,0,0,1,0
4288.95,13,2,0,0,0,0,0,0,1,0,0,0,0,0,1,0,0,1
370.28,0,2,0,0,0,0,0,0,1,0,0,1,0,0,0,0,0,1
702.46,2,6,1,0,0,1,0,0,0,1,0,0,0,0,0,0,0,1
395.85,1,4,0,0,0,0,0,0,1,0,1,0,0,0,0,0,0,1
23.25,2,3,0,0,0,0,0,0,1,0,1,0,0,0,0,0,0,1
30.41,23,1,0,1,0,0,0,0,0,1,0,0,0,0,0,0,0,0
65.07,22,6,1,1,0,0,0,0,0,0,0,0,0,0,1,0,0,0
69.57,8,5,1,0,0,0,0,0,1,0,0,0,1,0,0,0,0,0
4.43,21,2,0,0,0,0,0,0,1,0,1,0,0,0,0,0,0,0
46.05,20,1,0,1,0,0,0,0,0,0,0,0,1,0,0,0,0,0
30.61,10,6,1,1,0,0,0,0,0,0,0,1,0,0,0,0,0,0
3.03,22,5,1,1,0,0,0,0,0,0,1,0,0,0,0,0,0,0
2353.06,19,4,0,0,0,0,0,0,1,0,0,0,1,0,0,0,0,1
16.44,16,3,0,0,0,0,1,0,0,0,0,0,0,0,0,1,0,0
30.47,14,4,0,0,0,0,1,0,0,1,0,0,0,0,0,0,0,0
21.97,23,5,1,1,0,0,0,0,0,0,0,0,1,0,0,0,0,0
76.48,9,4,0,0,1,0,0,0,0,0,0,1,0,0,0,0,0,0
12.29,19,1,0,0,0,0,0,0,1,0,0,0,0,0,0,1,0,0
18.08,9,6,1,0,1,0,0,0,0,0,0,0,0,1,0,0,0,0
51.91,19,1,0,1,0,0,0,0,0,0,0,0,0,1,0,0,0,0
8.06,11,2,0,0,0,0,0,0,1,0,0,0,0,0,0,0,1,0
2.48,22,4,0,0,1,0,0,0,0,0,1,0,0,0,0,0,0,0
85.1,14,1,0,1,0,0,0,0,0,0,0,0,0,1,0,0,0,0
37.97,8,4,0,0,0,0,0,1,0,0,0,0,0,0,0,0,1,0
114.01,8,4,0,0,1,0,0,0,0,0,0,0,0,0,1,0,0,0
5.35,17,5,1,0,0,0,0,0,1,0,1,0,0,0,0,0,0,0
15.29,12,6,1,0,1,0,0,0,0,0,0,1,0,0,0,0,0,0
13.83,4,4,0,0,0,0,0,0,1,0,1,0,0,0,0,0,0,1
25.41,12,6,1,0,0,0,1,0,0,1,0,0,0,0,0,0,0,0
747.24,7,3,0,0,1,0,0,0,0,1,0,0,0,0,0,0,0,1
72.74,9,5,1,0,1,0,0,0,0,0,0,0,1,0,0,0,0,0
184.3,13,4,0,0,0,0,0,1,0,0,0,0,1,0,0,0,0,0
39.13,9,0,0,0,0,0,0,1,0,0,0,0,1,0,0,0,0,0
553.63,2,5,1,0,0,0,0,0,1,0,0,0,1,0,0,0,0,1
31.27,10,3,0,0,0,0,0,0,1,0,0,0,0,0,0,0,1,0
37.54,13,4,0,1,0,0,0,0,0,0,0,0,0,1,0,0,0,0
16.25,23,6,1,1,0,0,0,0,0,0,0,0,0,0,0,0,1,0
88.96,19,6,1,0,1,0,0,0,0,0,0,0,0,1,0,0,0,0
118.69,7,4,0,1,0,0,0,0,0,0,0,0,1,0,0,0,0,0
4.07,10,5,1,0,0,1,0,0,0,0,1,0,0,0,0,0,0,0
28.25,13,6,1,1,0,0,0,0,0,0,0,0,0,0,0,0,1,0
50.91,22,6,1,0,0,0,0,0,1,0,0,0,0,0,0,1,0,0
20.36,11,1,0,0,0,0,0,0,1,0,0,0,0,0,0,0,1,0
58.34,23,1,0,0,1,0,0,0,0,0,0,0,0,1,0,0,0,0
47.58,13,6,1,0,0,0,1,0,0,0,0,0,0,1,0,0,0,0
49.6,20,1,0,1,0,0,0,0,0,0,0,0,0,1,0,0,0,0
197.54,13,1,0,0,1,0,0,0,0,0,0,0,0,0,1,0,0,0
46.69,16,3,0,0,1,0,0,0,0,0,0,0,1,0,0,0,0,0
3.48,6,0,0,0,0,0,1,0,0,0,1,0,0,0,0,0,0,0
54.89,14,5,1,0,0,0,0,0,1,0,0,0,0,0,0,1,0,0
99.46,8,1,0,1,0,0,0,0,0,0,0,0,1,0,0,0,0,0
133.07,22,2,0,1,0,0,0,0,0,0,0,0,1,0,0,0,0,0
70.15,10,4,0,0,1,0,0,0,0,0,0,0,1,0,0,0,0,0
34.04,11,3,0,0,0,0,0,1,0,0,0,0,0,0,0,1,0,0
1.65,21,3,0,1,0,0,0,0,0,0,1,0,0,0,0,0,0,0
59.13,22,6,1,0,0,0,1,0,0,0,0,0,0,1,0,0,0,0
37.79,13,2,0,1,0,0,0,0,0,0,0,0,0,0,0,1,0,0
29.03,9,1,0,1,0,0,0,0,0,0,0,0,0,0,0,0,1,0
10.31,18,2,0,0,0,0,0,0,1,0,0,0,0,0,0,0,1,0
6.84,23,5,1,1,0,0,0,0,0,1,0,0,0,0,0,0,0,0
127.88,23,0,0,0,0,0,1,0,0,0,0,0,0,0,1,0,0,0
3773.38,20,3,0,0,0,0,1,0,0,0,0,0,0,0,1,0,0,1
11.8,7,3,0,1,0,0,0,0,0,0,0,1,0,0,0,0,0,0
31.19,7,0,0,0,0,0,1,0,0,1,0,0,0,0,0,0,0,0
5.67,17,2,0,1,0,0,0,0,0,0,1,0,0,0,0,0,0,0
15.04,18,3,0,1,0,0,0,0,0,0,0,0,0,0,0,0,1,0
9.48,11,2,0,0,0,0,0,0,1,0,0,0,0,0,0,1,0,0
70.99,11,5,1,1,0,0,0,0,0,0,0,1,0,0,0,0,0,0
28.21,12,2,0,1,0,0,0,0,0,0,0,0,0,0,0,0,1,0
22.73,14,4,0,0,0,0,0,0,1,0,0,1,0,0,0,0,0,0
15.54,15,0,0,1,0,0,0,0,0,0,0,1,0,0,0,0,0,0
217.69,13,2,0,1,0,0,0,0,0,0,0,0,0,0,1,0,0,0
15.13,12,0,0,1,0,0,0,0,0,0,0,0,0,0,0,1,0,0
24.19,8,0,0,1,0,0,0,0,0,1,0,0,0,0,0,0,0,0
39.37,11,3,0,0,0,0,0,0,1,0,0,0,0,1,0,0,0,0
234.63,9,6,1,0,0,0,0,0,1,0,0,0,0,0,1,0,0,0
19.44,7,5,1,1,0,0,0,0,0,1,0,0,0,0,0,0,0,0
92.0,17,1,0,1,0,0,0,0,0,0,0,0,0,1,0,0,0,0
122.5,6,1,0,0,0,0,0,0,1,0,0,0,1,0,0,0,0,0
411.95,2,6,1,0,0,0,0,0,1,0,0,0,0,1,0,0,0,1
141.83,10,0,0,0,0,0,0,0,1,0,0,0,0,0,1,0,0,0
909.78,0,2,0,0,0,1,0,0,0,0,0,0,0,0,0,1,0,1
47.85,6,5,1,0,0,1,0,0,0,0,0,0,0,0,0,1,0,0
2.58,18,4,0,1,0,0,0,0,0,0,1,0,0,0,0,0,0,0
23.95,7,5,1,0,1,0,0,0,0,0,0,0,0,0,0,0,1,0
126.14,11,2,0,0,0,0,0,0,1,0,0,0,1,0,0,0,0,0
18.46,23,4,0,0,1,0,0,0,0,0,0,0,0,0,0,0,1,0
76.82,9,4,0,0,0,1,0,0,0,0,0,0,0,0,1,0,0,0
5.0,11,1,0,0,0,0,0,0,1,0,1,0,0,0,0,0,0,0
2.72,18,0,0,0,0,0,1,0,0,0,1,0,0,0,0,0,0,0
141.87,22,4,0,0,0,0,0,1,0,0,0,0,1,0,0,0,0,0
178.13,7,2,0,0,0,0,0,0,1,0,0,0,1,0,0,0,0,0
94.39,10,0,0,0,1,0,0,0,0,0,0,0,0,0,1,0,0,0
30.12,11,6,1,0,0,0,1,0,0,0,0,1,0,0,0,0,0,0
87.18,16,0,0,1,0,0,0,0,0,0,0,0,0,1,0,0,0,0
3.51,12,2,0,0,0,0,0,1,0,0,1,0,0,0,0,0,0,0
74.15,23,3,0,1,0,0,0,0,0,0,0,0,1,0,0,0,0,0
5.38,8,0,0,1,0,0,0,0,0,0,1,0,0,0,0,0,0,0
1845.64,2,5,1,0,0,0,0,0,1,0,0,0,0,0,0,1,0,1
131.72,19,3,0,0,1,0,0,0,0,0,0,0,0,0,1,0,0,0
211.26,11,6,1,1,0,0,0,0,0,0,0,0,0,0,1,0,0,0
8.73,23,1,0,1,0,0,0,0,0,0,0,0,0,0,0,1,0,0
24.94,18,0,0,1,0,0,0,0,0,0,0,0,0,0,0,0,1,0
54.32,12,3,0,0,1,0,0,0,0,0,0,0,1,0,0,0,0,0
280.28,14,5,1,0,0,0,0,0,1,0,0,0,0,0,1,0,0,0
31.08,6,0,0,1,0,0,0,0,0,0,0,0,0,1,0,0,0,0
176.9,15,4,0,0,1,0,0,0,0,0,0,0,1,0,0,0,0,0
14.06,11,3,0,0,0,1,0,0,0,0,0,0,0,0,0,0,1,0
132.74,16,1,0,0,0,0,0,0,1,0,0,0,1,0,0,0,0,0
34.77,19,4,0,0,0,0,0,0,1,1,0,0,0,0,0,0,0,0
34.25,20,5,1,1,0,0,0,0,0,0,0,0,0,0,0,0,1,0
5.99,8,3,0,0,0,0,0,0,1,0,1,0,0,0,0,0,0,0
67.2,14,0,0,0,0,1,0,0,0,0,0,1,0,0,0,0,0,0
10.24,20,4,0,1,0,0,0,0,0,0,0,0,0,0,0,0,1,0
34.61,23,3,0,0,0,1,0,0,0,0,0,1,0,0,0,0,0,0
127.12,20,4,0,1,0,0,0,0,0,0,0,0,0,0,1,0,0,0
1734.08,13,4,0,0,0,1,0,0,0,0,0,0,0,1,0,0,0,1
56.67,21,6,1,1,0,0,0,0,0,0,0,1,0,0,0,0,0,0
97.44,11,0,0,0,0,0,0,1,0,0,0,0,1,0,0,0,0,0
113.9,17,1,0,0,0,1,0,0,0,0,0,0,1,0,0,0,0,0
82.16,0,0,0,0,0,0,0,0,1,0,0,1,0,0,0,0,0,1
31.41,13,6,1,0,1,0,0,0,0,1,0,0,0,0,0,0,0,0
10.92,22,2,0,0,1,0,0,0,0,1,0,0,0,0,0,0,0,0
33.96,17,3,0,1,0,0,0,0,0,1,0,0,0,0,0,0,0,0
17.53,6,1,0,0,1,0,0,0,0,0,0,0,0,0,0,0,1,0
12.88,14,5,1,0,0,0,0,0,1,0,0,1,0,0,0,0,0,0
60.49,9,4,0,0,1,0,0,0,0,0,0,1,0,0,0,0,0,0
5.27,22,4,0,1,0,0,0,0,0,0,1,0,0,0,0,0,0,0
9.63,6,4,0,1,0,0,0,0,0,0,0,0,0,0,0,0,1,0
151.57,19,6,1,0,1,0,0,0,0,0,0,0,1,0,0,0,0,0
597.57,1,0,0,0,0,1,0,0,0,0,0,1,0,0,0,0,0,1
17.76,19,3,0,0,0,1,0,0,0,0,0,0,1,0,0,0,0,0
150.49,21,4,0,0,0,0,1,0,0,0,0,0,1,0,0,0,0,0
26.71,6,0,0,0,0,1,0,0,0,0,0,0,0,0,1,0,0,0
19.86,7,1,0,0,0,0,0,0,1,0,0,1,0,0,0,0,0,0
22.93,19,0,0,1,0,0,0,0,0,0,0,1,0,0,0,0,0,0
29.47,21,6,1,1,0,0,0,0,0,0,0,1,0,0,0,0,0,0
47.07,8,6,1,0,0,0,0,0,1,0,0,0,0,0,0,1,0,0
59.62,22,0,0,0,0,0,0,0,1,0,0,1,0,0,0,0,0,0
88.46,8,5,1,1,0,0,0,0,0,0,0,0,1,0,0,0,0,0
67.86,22,6,1,1,0,0,0,0,0,0,0,0,1,0,0,0,0,0
126.39,21,0,0,0,1,0,0,0,0,0,0,0,1,0,0,0,0,0
84.36,17,2,0,0,1,0,0,0,0,0,0,0,1,0,0,0,0,0
26.21,21,1,0,0,0,0,0,1,0,1,0,0,0,0,0,0,0,0
23.53,17,2,0,0,0,0,0,0,1,0,0,0,0,1,0,0,0,0
43.12,15,3,0,0,0,1,0,0,0,0,0,1,0,0,0,0,0,0
2.25,16,6,1,0,0,0,1,0,0,0,1,0,0,0,0,0,0,0
65.71,22,1,0,1,0,0,0,0,0,0,0,0,1,0,0,0,0,0
55.79,23,5,1,0,1,0,0,0,0,0,0,0,0,0,0,1,0,0
5.54,16,5,1,1,0,0,0,0,0,0,1,0,0,0,0,0,0,0
860.67,8,0,0,1,0,0,0,0,0,0,0,0,0,0,0,0,1,1
59.21,20,0,0,1,0,0,0,0,0,0,0,0,0,1,0,0,0,0
147.39,11,6,1,1,0,0,0,0,0,0,0,0,0,0,1,0,0,0
28.23,14,6,1,0,0,0,0,0,1,0,0,0,0,0,0,0,1,0
4.49,12,5,1,0,0,0,0,0,1,0,1,0,0,0,0,0,0,0
34.72,19,1,0,1,0,0,0,0,0,0,0,0,0,0,0,0,1,0
5.3,11,0,0,1,0,0,0,0,0,0,1,0,0,0,0,0,0,0
663.28,4,4,0,1,0,0,0,0,0,0,0,0,0,1,0,0,0,1
5.85,7,5,1,0,1,0,0,0,0,0,1,0,0,0,0,0,0,0
22.46,14,6,1,1,0,0,0,0,0,1,0,0,0,0,0,0,0,0
4.06,23,6,1,0,0,0,1,0,0,0,1,0,0,0,0,0,0,0
5.97,10,2,0,0,1,0,0,0,0,0,1,0,0,0,0,0,0,0
36.88,9,6,1,0,0,1,0,0,0,0,0,1,0,0,0,0,0,0
9.04,22,6,1,0,0,0,0,1,0,0,0,0,0,0,0,1,0,0
59.63,6,2,0,1,0,0,0,0,0,0,0,0,0,0,0,1,0,0
77.58,23,5,1,1,0,0,0,0,0,0,0,1,0,0,0,0,0,0
444.23,3,4,0,0,0,0,0,0,1,0,0,0,1,0,0,0,0,1
169.37,23,4,0,1,0,0,0,0,0,0,0,0,0,0,1,0,0,0
20.65,16,1,0,0,1,0,0,0,0,0,0,0,0,0,0,1,0,0
18.74,15,3,0,0,1,0,0,0,0,1,0,0,0,0,0,0,0,0
9.5,13,5,1,0,0,0,0,0,1,1,0,0,0,0,0,0,0,0
190.61,18,6,1,0,1,0,0,0,0,0,0,0,0,0,1,0,0,0
2.22,6,2,0,0,0,0,0,0,1,0,1,0,0,0,0,0,0,0
5.42,16,3,0,0,0,0,0,0,1,0,1,0,0,0,0,0,0,0
23.54,15,6,1,1,0,0,0,0,0,0,0,1,0,0,0,0,0,0
38.57,11,1,0,0,0,0,1,0,0,0,0,0,0,0,0,1,0,0
49.49,7,2,0,0,0,0,1,0,0,0,0,0,0,0,0,1,0,0
106.14,19,6,1,0,0,0,1,0,0,0,0,0,1,0,0,0,0,0
28.16,8,6,1,0,0,0,1,0,0,0,0,0,0,0,0,0,1,0
17.07,7,6,1,0,0,0,0,0,1,1,0,0,0,0,0,0,0,0
24.74,15,3,0,0,1,0,0,0,0,0,0,0,0,0,0,0,1,0
801.61,3,4,0,0,0,0,1,0,0,0,0,1,0,0,0,0,0,1
4.23,19,0,0,0,0,0,1,0,0,0,1,0,0,0,0,0,0,0
51.05,12,1,0,0,1,0,0,0,0,0,0,0,0,0,0,1,0,0
47.94,23,3,0,0,0,1,0,0,0,0,0,0,0,1,0,0,0,0
19.6,9,0,0,1,0,0,0,0,0,0,0,0,0,0,0,0,1,0
1.81,21,4,0,1,0,0,0,0,0,0,1,0,0,0,0,0,0,0
10.78,23,0,0,0,0,0,0,1,0,0,0,0,0,0,0,0,1,0
296.85,0,6,1,0,0,0,0,0,1,0,0,1,0,0,0,0,0,1
161.42,21,0,0,1,0,0,0,0,0,0,0,0,0,0,1,0,0,0
15.17,16,3,0,0,1,0,0,0,0,0,0,0,0,0,0,0,1,0
23.53,13,4,0,0,1,0,0,0,0,0,0,0,0,0,0,0,1,0
72.83,6,4,0,1,0,0,0,0,0,0,0,0,0,1,0,0,0,0
35.07,20,2,0,1,0,0,0,0,0,0,0,1,0,0,0,0,0,0
1663.16,9,3,0,0,0,0,0,0,1,0,0,0,0,1,0,0,0,1
102.67,9,5,1,0,0,0,1,0,0,0,0,0,1,0,0,0,0,0
20.54,22,6,1,0,0,0,0,0,1,0,0,0,0,0,0,1,0,0
931.38,1,3,0,0,0,0,0,0,1,0,0,0,0,0,0,0,1,1
29.88,13,4,0,1,0,0,0,0,0,0,0,0,0,1,0,0,0,0
10.21,3,1,0,0,0,0,0,0,1,0,1,0,0,0,0,0,0,1
18.61,18,5,1,0,0,1,0,0,0,0,0,0,0,0,0,0,1,0
6.32,20,3,0,0,0,0,0,0,1,0,0,0,0,0,0,0,1,0
18.35,23,1,0,0,1,0,0,0,0,0,0,0,0,0,0,1,0,0
28.37,14,0,0,0,0,0,0,0,1,0,0,0,0,1,0,0,0,0
13.69,17,2,0,1,0,0,0,0,0,0,0,0,0,0,0,0,1,0
56.6,23,5,1,0,0,0,1,0,0,0,0,0,0,1,0,0,0,0
38.94,11,2,0,0,0,1,0,0,0,0,0,0,1,0,0,0,0,0
243.91,23,3,0,0,0,0,0,0,1,0,0,0,0,0,1,0,0,0
3.05,15,2,0,0,0,1,0,0,0,0,1,0,0,0,0,0,0,0
44.62,17,4,0,1,0,0,0,0,0,0,0,0,0,0,0,1,0,0
57.78,10,6,1,1,0,0,0,0,0,0,0,0,0,0,0,1,0,0
1.93,16,4,0,1,0,0,0,0,0,0,1,0,0,0,0,0,0,0
49.52,22,0,0,0,0,0,0,0,1,0,0,0,0,1,0,0,0,0
154.39,21,0,0,0,1,0,0,0,0,0,0,0,1,0,0,0,0,0
40.42,9,4,0,1,0,0,0,0,0,0,0,0,0,0,0,1,0,0
24.21,21,0,0,0,1,0,0,0,0,1,0,0,0,0,0,0,0,0
3.08,16,4,0,0,1,0,0,0,0,0,1,0,0,0,0,0,0,0
102.4,8,2,0,0,0,1,0,0,0,0,0,0,1,0,0,0,0,0
163.28,19,3,0,0,0,0,0,1,0,0,0,0,1,0,0,0,0,0
11.02,23,0,0,0,0,0,1,0,0,0,0,0,0,0,0,1,0,0
38.14,9,6,1,0,1,0,0,0,0,0,0,1,0,0,0,0,0,0
78.4,13,3,0,0,1,0,0,0,0,0,0,1,0,0,0,0,0,0
69.26,21,0,0,0,1,0,0,0,0,0,0,1,0,0,0,0,0,0
36.8,23,3,0,0,0,0,0,0,1,0,0,0,0,0,0,0,1,0
56.03,10,3,0,1,0,0,0,0,0,0,0,1,0,0,0,0,0,0
75.39,18,2,0,0,0,0,0,0,1,0,0,1,0,0,0,0,0,0
3962.12,4,2,0,0,0,0,0,0,1,0,0,0,0,0,1,0,0,1
18.69,6,4,0,0,1,0,0,0,0,0,0,1,0,0,0,0,0,0
52.92,17,5,1,1,0,0,0,0,0,0,0,0,0,0,0,1,0,0
187.96,20,5,1,1,0,0,0,0,0,0,0,0,1,0,0,0,0,0
26.98,18,2,0,0,1,0,0,0,0,1,0,0,0,0,0,0,0,0
282.43,18,5,1,0,1,0,0,0,0,0,0,0,0,0,1,0,0,0
22.59,21,4,0,0,0,0,0,0,1,0,0,0,0,0,0,1,0,0
69.26,20,0,0,1,0,0,0,0,0,0,0,0,0,0,1,0,0,0
12.4,17,6,1,0,0,0,0,1,0,0,0,0,0,0,0,0,1,0
33.2,17,2,0,0,0,0,0,1,0,1,0,0,0,0,0,0,0,0
49.2,11,2,0,1,0,0,0,0,0,0,0,0,0,0,0,1,0,0
37.97,23,5,1,0,0,0,0,1,0,0,0,1,0,0,0,0,0,0
5.49,17,0,0,1,0,0,0,0,0,0,0,0,0,0,0,0,1,0
20.16,11,0,0,0,0,1,0,0,0,1,0,0,0,0,0,0,0,0
215.44,0,3,0,0,0,0,0,0,1,0,0,0,0,0,0,1,0,1
4.31,20,2,0,0,0,1,0,0,0,0,1,0,0,0,0,0,0,0
28.82,14,2,0,1,0,0,0,0,0,1,0,0,0,0,0,0,0,0
777.97,3,1,0,0,0,0,0,0,1,1,0,0,0,0,0,0,0,1
23.61,9,6,1,0,0,0,0,0,1,0,0,0,0,0,0,0,1,0
22.54,9,1,0,0,1,0,0,0,0,0,0,0,0,0,0,1,0,0
84.83,18,5,1,1,0,0,0,0,0,0,0,0,0,1,0,0,0,0
4.88,9,0,0,0,0,0,0,0,1,0,1,0,0,0,0,0,0,0
30.45,11,4,0,0,0,0,0,0,1,0,0,0,0,0,0,0,1,0
11.42,21,0,0,0,0,1,0,0,0,0,0,0,0,0,0,1,0,0
58.56,10,1,0,0,0,0,0,0,1,0,0,0,0,0,0,1,0,0
381.72,3,4,0,0,0,0,0,0,1,0,0,0,1,0,0,0,0,1
127.3,1,5,1,0,0,0,0,0,1,0,0,0,0,1,0,0,0,1
27.57,14,1,0,0,0,0,0,0,1,0,0,0,0,1,0,0,0,0
216.16,6,6,1,0,0,0,1,0,0,0,0,0,0,0,1,0,0,0
2.85,11,4,0,1,0,0,0,0,0,0,1,0,0,0,0,0,0,0
165.46,21,4,0,0,1,0,0,0,0,0,0,0,1,0,0,0,0,0
25.37,16,5,1,1,0,0,0,0,0,1,0,0,0,0,0,0,0,0
4.78,21,5,1,1,0,0,0,0,0,0,1,0,0,0,0,0,0,0
3.65,13,2,0,1,0,0,0,0,0,0,1,0,0,0,0,0,0,0
360.47,2,5,1,0,0,0,0,0,1,0,0,1,0,0,0,0,0,1
223.48,16,0,0,1,0,0,0,0,0,0,0,0,0,0,1,0,0,0
1471.42,14,1,0,0,0,0,0,0,1,0,0,0,0,0,0,1,0,1
47.54,14,0,0,0,0,1,0,0,0,0,0,0,0,1,0,0,0,0
5.84,19,4,0,0,0,0,1,0,0,0,1,0,0,0,0,0,0,0
2944.11,17,0,0,0,0,0,0,0,1,0,0,0,0,0,1,0,0,1
36.52,23,5,1,1,0,0,0,0,0,0,0,1,0,0,0,0,0,0
29.56,9,5,1,0,0,0,0,1,0,0,0,0,0,0,0,0,1,0
1480.05,15,1,0,0,0,0,0,0,1,0,0,0,0,1,0,0,0,1
11.45,7,5,1,0,0,0,0,1,0,1,0,0,0,0,0,0,0,0
77.25,13,2,0,1,0,0,0,0,0,0,0,1,0,0,0,0,0,0
2166.71,2,2,0,0,0,0,0,0,1,0,0,0,0,1,0,0,0,1
25.32,18,4,0,1,0,0,0,0,0,0,0,0,0,0,0,0,1,0
22.99,17,0,0,0,0,0,0,0,1,0,0,0,0,0,0,0,1,0
22.38,13,1,0,0,0,0,0,0,1,0,0,0,0,1,0,0,0,0
165.89,17,5,1,1,0,0,0,0,0,0,0,0,0,0,1,0,0,0
84.69,23,4,0,0,0,0,0,0,1,0,0,0,0,1,0,0,0,0
4.4,20,4,0,0,0,0,0,0,1,0,1,0,0,0,0,0,0,0
1035.12,1,6,1,0,0,0,0,0,1,0,0,0,1,0,0,0,0,1
17.94,6,3,0,1,0,0,0,0,0,0,0,0,0,1,0,0,0,0
128.69,8,3,0,1,0,0,0,0,0,0,0,0,1,0,0,0,0,0
14.55,13,2,0,1,0,0,0,0,0,0,0,1,0,0,0,0,0,0
105.22,8,0,0,1,0,0,0,0,0,0,0,0,1,0,0,0,0,0
251.26,1,0,0,0,0,0,0,0,1,0,0,0,1,0,0,0,0,1
4.96,21,2,0,0,1,0,0,0,0,0,1,0,0,0,0,0,0,0
9.5,9,6,1,0,1,0,0,0,0,1,0,0,0,0,0,0,0,0
35.03,14,4,0,0,0,0,0,1,0,0,0,1,0,0,0,0,0,0
35.35,8,3,0,0,0,1,0,0,0,0,0,0,0,0,0,0,1,0
146.8,8,0,0,0,0,0,0,0,1,0,0,0,1,0,0,0,0,0
114.35,6,3,0,1,0,0,0,0,0,0,0,0,0,0,1,0,0,0
1.93,10,4,0,1,0,0,0,0,0,0,1,0,0,0,0,0,0,0
24.47,19,4,0,0,0,0,0,0,1,1,0,0,0,0,0,0,0,0
2.45,18,1,0,0,1,0,0,0,0,0,1,0,0,0,0,0,0,0
68.38,23,0,0,0,0,0,0,0,1,0,0,0,0,1,0,0,0,0
93.45,19,6,1,0,1,0,0,0,0,0,0,0,0,1,0,0,0,0
51.88,10,1,0,1,0,0,0,0,0,0,0,0,1,0,0,0,0,0
10.56,10,3,0,0,0,0,0,1,0,0,0,0,0,0,0,0,1,0
29.55,10,6,1,0,0,0,0,0,1,1,0,0,0,0,0,0,0,0
78.86,13,6,1,0,1,0,0,0,0,0,0,0,0,1,0,0,0,0
105.54,8,0,0,1,0,0,0,0,0,0,0,0,1,0,0,0,0,0
33.59,12,1,0,0,0,0,0,1,0,1,0,0,0,0,0,0,0,0
483.92,2,1,0,0,0,0,0,0,1,0,0,0,0,1,0,0,0,1
55.4,6,6,1,1,0,0,0,0,0,0,0,0,0,0,0,1,0,0
4.66,22,2,0,0,1,0,0,0,0,0,1,0,0,0,0,0,0,0
12.99,11,0,0,0,1,0,0,0,0,0,0,0,0,0,0,0,1,0
24.47,22,6,1,0,0,1,0,0,0,0,0,0,0,0,0,1,0,0
3.67,8,1,0,0,0,1,0,0,0,0,1,0,0,0,0,0,0,0
33.69,20,3,0,0,0,0,0,0,1,0,0,0,0,1,0,0,0,0
43.02,12,3,0,0,0,0,0,0,1,0,0,1,0,0,0,0,0,0
184.32,2,3,0,0,0,0,0,0,1,0,0,1,0,0,0,0,0,1
2.47,9,3,0,0,0,0,0,1,0,0,1,0,0,0,0,0,0,0
68.98,17,4,0,0,0,0,0,0,1,0,0,0,0,1,0,0,0,0
100.78,9,0,0,1,0,0,0,0,0,0,0,0,0,1,0,0,0,0
5.71,21,1,0,0,1,0,0,0,0,0,1,0,0,0,0,0,0,0
4.79,7,6,1,0,1,0,0,0,0,0,1,0,0,0,0,0,0,0
1.92,17,5,1,1,0,0,0,0,0,0,1,0,0,0,0,0,0,0
123.88,8,6,1,0,1,0,0,0,0,0,0,0,1,0,0,0,0,0
33.66,21,0,0,1,0,0,0,0,0,0,0,0,0,0,0,1,0,0
17.54,13,3,0,0,0,1,0,0,0,0,0,1,0,0,0,0,0,0
33.87,17,6,1,0,0,0,0,0,1,1,0,0,0,0,0,0,0,0
27.62,11,1,0,1,0,0,0,0,0,0,0,0,0,0,0,0,1,0
2.57,7,4,0,1,0,0,0,0,0,0,1,0,0,0,0,0,0,0
69.52,6,6,1,0,0,0,0,0,1,0,0,0,0,1,0,0,0,0
21.74,10,4,0,1,0,0,0,0,0,0,0,0,0,0,0,0,1,0
81.95,14,5,1,1,0,0,0,0,0,0,0,0,1,0,0,0,0,0
104.0,20,4,0,0,1,0,0,0,0,0,0,0,0,1,0,0,0,0
43.89,9,5,1,0,0,0,0,0,1,0,0,0,0,0,0,1,0,0
23.64,8,2,0,0,1,0,0,0,0,0,0,0,1,0,0,0,0,0
155.71,0,6,1,0,0,0,0,0,1,0,0,0,0,0,0,0,1,1
222.76,6,6,1,0,1,0,0,0,0,0,0,0,0,0,1,0,0,0
12.71,7,6,1,0,0,0,0,0,1,0,0,0,0,0,0,1,0,0
53.39,23,6,1,1,0,0,0,0,0,0,0,0,1,0,0,0,0,0
4.4,23,1,0,1,0,0,0,0,0,0,1,0,0,0,0,0,0,0
4.5,15,5,1,1,0,0,0,0,0,0,1,0,0,0,0,0,0,0
640.01,4,0,0,0,0,0,0,0,1,0,0,0,0,1,0,0,0,1
13.24,15,6,1,1,0,0,0,0,0,0,0,0,0,0,0,1,0,0
11.68,10,3,0,1,0,0,0,0,0,0,0,0,0,0,0,1,0,0
130.02,7,1,0,0,0,1,0,0,0,0,0,0,0,0,1,0,0,0
21.29,22,3,0,1,0,0,0,0,0,0,0,0,0,0,0,0,1,0
270.04,2,6,1,0,0,0,0,0,1,0,0,1,0,0,0,0,0,1
24.46,22,2,0,0,1,0,0,0,0,0,0,0,0,0,0,1,0,0
8.45,23,2,0,1,0,0,0,0,0,0,0,0,0,0,0,0,1,0
3.32,21,2,0,0,0,0,0,0,1,0,1,0,0,0,0,0,0,0
19.2,14,3,0,0,0,0,0,0,1,0,0,0,0,0,0,0,1,0
78.82,12,3,0,1,0,0,0,0,0,0,0,0,1,0,0,0,0,0
354.15,2,4,0,0,0,0,0,0,1,0,1,0,0,0,0,0,0,1
70.95,17,5,1,1,0,0,0,0,0,0,0,1,0,0,0,0,0,0
54.5,21,0,0,0,0,0,0,0,1,0,0,0,1,0,0,0,0,0
18.65,23,3,0,0,1,0,0,0,0,0,0,0,0,0,0,1,0,0
3.99,17,2,0,0,0,0,0,0,1,0,1,0,0,0,0,0,0,0
57.58,22,1,0,0,1,0,0,0,0,0,0,0,0,0,1,0,0,0
195.68,13,2,0,1,0,0,0,0,0,0,0,0,1,0,0,0,0,0
28.59,23,1,0,1,0,0,0,0,0,0,0,0,0,0,0,0,1,0
26.01,13,5,1,0,1,0,0,0,0,0,0,0,0,0,1,0,0,0
22.99,14,1,0,1,0,0,0,0,0,0,0,1,0,0,0,0,0,0
30.79,9,0,0,0,1,0,0,0,0,0,0,1,0,0,0,0,0,0
38.08,9,2,0,1,0,0,0,0,0,0,0,1,0,0,0,0,0,0
32.33,10,1,0,0,1,0,0,0,0,1,0,0,0,0,0,0,0,0
156.56,7,0,0,1,0,0,0,0,0,0,0,0,1,0,0,0,0,0
25.88,9,6,1,0,0,0,0,0,1,0,0,1,0,0,0,0,0,0
11.34,8,2,0,1,0,0,0,0,0,1,0,0,0,0,0,0,0,0
55.31,6,4,0,1,0,0,0,0,0,0,0,1,0,0,0,0,0,0
2.98,10,4,0,0,1,0,0,0,0,0,1,0,0,0,0,0,0,0
65.77,15,6,1,0,0,0,0,0,1,0,0,0,0,0,1,0,0,0
14.48,4,2,0,0,0,0,0,0,1,0,1,0,0,0,0,0,0,1
20.07,19,3,0,0,0,0,0,0,1,1,0,0,0,0,0,0,0,0
38.36,22,0,0,0,0,0,0,0,1,0,0,0,0,0,0,0,1,0
57.0,16,2,0,0,0,0,0,0,1,0,0,0,0,0,0,1,0,0
59.35,10,1,0,0,1,0,0,0,0,0,0,1,0,0,0,0,0,0
61.11,7,4,0,0,1,0,0,0,0,0,0,0,0,1,0,0,0,0
72.1,10,1,0,1,0,0,0,0,0,0,0,1,0,0,0,0,0,0
157.82,23,6,1,0,0,0,1,0,0,0,0,0,1,0,0,0,0,0
61.44,11,6,1,0,0,0,0,1,0,0,0,0,0,1,0,0,0,0
86.62,8,6,1,0,0,0,1,0,0,0,0,0,0,1,0,0,0,0
33.15,3,3,0,0,0,0,0,0,1,0,0,0,0,1,0,0,0,1
24.13,12,4,0,1,0,0,0,0,0,0,0,0,0,0,1,0,0,0
7.43,12,0,0,1,0,0,0,0,0,0,0,0,0,0,0,0,1,0
14.21,19,1,0,0,0,0,1,0,0,0,0,0,0,1,0,0,0,0
78.27,22,2,0,0,1,0,0,0,0,0,0,1,0,0,0,0,0,0
30.5,8,5,1,0,0,0,0,0,1,0,0,0,0,0,0,0,1,0
1504.8,1,0,0,0,0,0,1,0,0,0,0,0,0,0,0,0,1,1
47.15,23,1,0,0,1,0,0,0,0,0,0,1,0,0,0,0,0,0
122.81,16,6,1,0,0,0,0,1,0,0,0,0,0,0,1,0,0,0
2.67,12,2,0,0,1,0,0,0,0,0,1,0,0,0,0,0,0,0
154.84,6,3,0,0,0,0,0,0,1,0,0,0,1,0,0,0,0,0
32.38,16,4,0,1,0,0,0,0,0,0,0,0,0,0,0,1,0,0
21.27,14,3,0,1,0,0,0,0,0,0,0,1,0,0,0,0,0,0
885.86,4,6,1,0,0,0,0,0,1,0,0,0,0,0,0,0,1,1
36.76,10,0,0,0,1,0,0,0,0,0,0,0,0,0,0,0,1,0
22.85,8,3,0,0,1,0,0,0,0,0,0,0,0,0,0,1,0,0
533.18,9,6,1,0,0,0,0,0,1,1,0,0,0,0,0,0,0,1
115.35,0,2,0,0,0,0,0,0,1,1,0,0,0,0,0,0,0,1
4.92,21,5,1,0,1,0,0,0,0,0,1,0,0,0,0,0,0,0
18.18,7,6,1,0,0,1,0,0,0,1,0,0,0,0,0,0,0,0
32.81,15,4,0,0,0,0,0,1,0,1,0,0,0,0,0,0,0,0
4.4,20,6,1,0,1,0,0,0,0,0,1,0,0,0,0,0,0,0
22.99,23,1,0,1,0,0,0,0,0,0,0,0,0,0,0,0,1,0
1.97,12,4,0,1,0,0,0,0,0,0,1,0,0,0,0,0,0,0
17.25,3,6,1,0,0,0,0,0,1,0,1,0,0,0,0,0,0,1
4.57,16,1,0,1,0,0,0,0,0,0,1,0,0,0,0,0,0,0
32.6,9,2,0,0,0,0,0,0,1,0,0,0,1,0,0,0,0,0
25.12,6,2,0,1,0,0,0,0,0,0,0,0,0,0,0,1,0,0
166.81,8,6,1,1,0,0,0,0,0,0,0,0,1,0,0,0,0,0
276.36,15,3,0,1,0,0,0,0,0,0,0,0,0,0,1,0,0,0
94.71,8,4,0,0,0,0,1,0,0,0,0,0,0,1,0,0,0,0
67.43,23,4,0,1,0,0,0,0,0,0,0,1,0,0,0,0,0,0
236.3,7,2,0,0,0,0,0,0,1,0,0,0,0,0,1,0,0,0
53.05,11,3,0,0,0,0,0,1,0,0,0,0,0,0,0,1,0,0
225.86,9,4,0,1,0,0,0,0,0,0,0,0,0,0,1,0,0,0
96.47,10,3,0,0,1,0,0,0,0,0,0,0,0,1,0,0,0,0
28.16,14,3,0,0,0,0,0,0,1,0,0,0,0,0,0,0,1,0
28.45,15,4,0,0,1,0,0,0,0,0,0,0,0,0,0,1,0,0
79.07,12,1,0,0,0,1,0,0,0,0,0,0,0,1,0,0,0,0
3.17,10,2,0,0,0,0,0,0,1,0,1,0,0,0,0,0,0,0
46.62,22,2,0,1,0,0,0,0,0,0,0,1,0,0,0,0,0,0
6.84,8,5,1,0,1,0,0,0,0,1,0,0,0,0,0,0,0,0
995.24,2,4,0,0,0,0,0,0,1,0,0,0,0,0,0,0,1,1
59.41,18,5,1,0,0,0,0,1,0,0,0,1,0,0,0,0,0,0
1447.49,19,5,1,0,0,0,0,0,1,0,0,0,0,1,0,0,0,1
144.86,9,5,1,0,0,0,1,0,0,0,0,0,1,0,0,0,0,0
20.87,10,2,0,0,0,0,0,1,0,0,0,0,0,1,0,0,0,0
1.73,23,4,0,0,1,0,0,0,0,0,1,0,0,0,0,0,0,0
68.36,23,2,0,1,0,0,0,0,0,0,0,1,0,0,0,0,0,0
189.97,22,4,0,0,1,0,0,0,0,0,0,0,1,0,0,0,0,0
2.61,20,5,1,0,0,0,0,1,0,0,1,0,0,0,0,0,0,0
15.22,17,0,0,0,0,1,0,0,0,0,0,0,0,0,0,0,1,0
95.29,10,3,0,1,0,0,0,0,0,0,0,0,0,1,0,0,0,0
25.86,9,5,1,0,0,0,0,0,1,1,0,0,0,0,0,0,0,0
119.3,13,0,0,0,0,0,0,0,1,0,0,0,0,0,1,0,0,0
30.36,13,6,1,0,0,1,0,0,0,0,0,0,0,0,0,1,0,0
93.6,8,0,0,1,0,0,0,0,0,0,0,0,0,1,0,0,0,0
43.38,11,2,0,1,0,0,0,0,0,0,0,1,0,0,0,0,0,0
4993.48,3,6,1,0,0,0,0,0,1,0,0,0,0,0,1,0,0,1
11.9,22,4,0,1,0,0,0,0,0,0,0,0,0,0,0,1,0,0
29.3,20,3,0,1,0,0,0,0,0,1,0,0,0,0,0,0,0,0
156.21,1,5,1,0,0,0,0,0,1,1,0,0,0,0,0,0,0,1
1027.2,4,1,0,1,0,0,0,0,0,0,0,0,1,0,0,0,0,1
77.8,23,1,0,0,1,0,0,0,0,0,0,0,0,1,0,0,0,0
40.52,19,4,0,0,0,1,0,0,0,0,0,0,0,1,0,0,0,0
27.33,23,2,0,0,0,1,0,0,0,0,0,0,0,0,0,1,0,0
31.74,20,5,1,0,0,0,0,0,1,0,0,0,0,0,0,0,1,0
14.17,17,1,0,1,0,0,0,0,0,0,0,0,0,0,0,1,0,0
391.88,3,2,0,0,0,0,0,1,0,0,1,0,0,0,0,0,0,1
36.38,19,1,0,1,0,0,0,0,0,0,0,0,0,1,0,0,0,0
4.66,8,5,1,0,1,0,0,0,0,0,1,0,0,0,0,0,0,0
2841.21,8,5,1,0,0,0,0,0,1,0,0,0,1,0,0,0,0,1
388.33,1,2,0,0,0,0,0,0,1,0,0,0,1,0,0,0,0,1
71.28,17,4,0,0,1,0,0,0,0,0,0,1,0,0,0,0,0,0
61.48,19,4,0,0,1,0,0,0,0,0,0,1,0,0,0,0,0,0
80.15,13,6,1,0,0,1,0,0,0,0,0,0,0,0,1,0,0,0
30.14,13,2,0,1,0,0,0,0,0,0,0,0,0,0,0,1,0,0
2008.47,10,0,0,0,0,0,0,0,1,0,0,0,0,1,0,0,0,1
5.31,7,3,0,0,1,0,0,0,0,0,1,0,0,0,0,0,0,0
20.78,11,2,0,0,0,0,0,0,1,1,0,0,0,0,0,0,0,0
69.14,21,5,1,1,0,0,0,0,0,0,0,0,0,0,1,0,0,0
28.59,13,5,1,1,0,0,0,0,0,0,0,0,0,0,0,0,1,0
33.18,17,6,1,1,0,0,0,0,0,0,0,0,0,0,0,0,1,0
26.25,14,2,0,1,0,0,0,0,0,0,0,0,1,0,0,0,0,0
31.33,10,2,0,0,0,1,0,0,0,1,0,0,0,0,0,0,0,0
19.67,10,0,0,1,0,0,0,0,0,1,0,0,0,0,0,0,0,0
18.64,6,1,0,0,0,0,1,0,0,0,0,0,0,0,0,0,1,0
122.39,11,3,0,1,0,0,0,0,0,0,0,0,1,0,0,0,0,0
49.99,9,5,1,1,0,0,0,0,0,0,0,0,0,1,0,0,0,0
4.07,18,5,1,1,0,0,0,0,0,0,1,0,0,0,0,0,0,0
58.32,14,4,0,0,0,0,0,0,1,0,0,0,0,0,0,1,0,0
88.38,10,4,0,0,1,0,0,0,0,0,0,0,1,0,0,0,0,0
30.94,21,2,0,0,1,0,0,0,0,0,0,0,0,0,0,1,0,0
34.84,22,0,0,1,0,0,0,0,0,0,0,0,0,1,0,0,0,0
2080.11,19,2,0,0,0,0,0,0,1,0,0,0,0,1,0,0,0,1
14.85,14,3,0,0,1,0,0,0,0,0,0,1,0,0,0,0,0,0
25.9,12,1,0,0,1,0,0,0,0,0,0,0,0,0,0,0,1,0
21.24,16,5,1,1,0,0,0,0,0,0,0,0,0,0,0,1,0,0
4.2,8,1,0,0,0,0,0,0,1,0,1,0,0,0,0,0,0,0
29.96,15,4,0,0,0,0,1,0,0,0,0,0,0,0,0,0,1,0
10.55,17,0,0,1,0,0,0,0,0,1,0,0,0,0,0,0,0,0
1569.2,10,1,0,1,0,0,0,0,0,0,0,0,0,0,0,1,0,1
20.56,9,5,1,1,0,0,0,0,0,0,0,1,0,0,0,0,0,0
120.21,11,1,0,1,0,0,0,0,0,0,0,0,0,0,1,0,0,0
60.54,12,3,0,0,0,0,0,0,1,0,0,1,0,0,0,0,0,0
81.42,17,5,1,0,1,0,0,0,0,0,0,0,1,0,0,0,0,0
2.2,20,2,0,0,1,0,0,0,0,0,1,0,0,0,0,0,0,0
400.88,19,6,1,0,0,1,0,0,0,0,1,0,0,0,0,0,0,1
43.67,8,6,1,1,0,0,0,0,0,0,0,1,0,0,0,0,0,0
44.2,18,4,0,0,0,0,0,0,1,0,0,0,1,0,0,0,0,0
56.37,16,3,0,0,0,0,0,1,0,0,0,0,0,0,1,0,0,0
38.92,23,4,0,1,0,0,0,0,0,0,0,1,0,0,0,0,0,0
6.09,10,1,0,0,0,0,0,0,1,1,0,0,0,0,0,0,0,0
25.52,8,4,0,0,1,0,0,0,0,0,0,1,0,0,0,0,0,0
11.68,16,1,0,0,1,0,0,0,0,0,0,0,0,0,0,0,1,0
66.56,19,3,0,0,0,0,0,0,1,0,0,0,0,1,0,0,0,0
38.0,15,3,0,0,0,1,0,0,0,0,0,0,0,1,0,0,0,0
1061.99,0,3,0,0,0,0,1,0,0,0,0,1,0,0,0,0,0,1
15.74,23,4,0,0,1,0,0,0,0,0,0,0,0,0,0,0,1,0
171.98,3,0,0,0,0,0,0,0,1,0,0,0,0,0,0,1,0,1
2.31,23,6,1,1,0,0,0,0,0,0,1,0,0,0,0,0,0,0
15.66,6,4,0,0,1,0,0,0,0,1,0,0,0,0,0,0,0,0
32.92,11,3,0,1,0,0,0,0,0,0,0,1,0,0,0,0,0,0
200.49,8,6,1,0,0,0,0,0,1,0,0,0,0,0,1,0,0,0
4.28,14,1,0,1,0,0,0,0,0,0,1,0,0,0,0,0,0,0
199.84,19,4,0,1,0,0,0,0,0,0,0,0,0,0,1,0,0,0
165.64,10,0,0,1,0,0,0,0,0,0,0,0,0,0,1,0,0,0
9.34,23,6,1,0,1,0,0,0,0,0,0,0,0,0,0,0,1,0
5.08,4,2,0,0,0,0,0,0,1,0,1,0,0,0,0,0,0,1
2.02,9,1,0,1,0,0,0,0,0,0,1,0,0,0,0,0,0,0
32.83,16,5,1,0,1,0,0,0,0,1,0,0,0,0,0,0,0,0
24.33,19,3,0,1,0,0,0,0,0,0,0,0,0,1,0,0,0,0
9.56,16,4,0,0,1,0,0,0,0,1,0,0,0,0,0,0,0,0
70.02,19,3,0,1,0,0,0,0,0,0,0,0,0,1,0,0,0,0
4.69,23,5,1,1,0,0,0,0,0,0,1,0,0,0,0,0,0,0
94.93,8,6,1,1,0,0,0,0,0,0,0,0,1,0,0,0,0,0
85.7,12,1,0,0,1,0,0,0,0,0,0,0,0,1,0,0,0,0
55.06,14,0,0,1,0,0,0,0,0,0,0,0,0,0,0,1,0,0
68.79,12,0,0,1,0,0,0,0,0,0,0,1,0,0,0,0,0,0
21.21,12,2,0,0,1,0,0,0,0,1,0,0,0,0,0,0,0,0
32.75,11,3,0,1,0,0,0,0,0,1,0,0,0,0,0,0,0,0
32.7,15,0,0,0,1,0,0,0,0,1,0,0,0,0,0,0,0,0
2.02,10,0,0,1,0,0,0,0,0,0,1,0,0,0,0,0,0,0
228.68,19,3,0,1,0,0,0,0,0,0,0,0,0,0,1,0,0,0
15.36,18,5,1,0,1,0,0,0,0,1,0,0,0,0,0,0,0,0
193.93,20,4,0,0,1,0,0,0,0,0,0,0,0,0,1,0,0,0
2.56,18,0,0,1,0,0,0,0,0,0,1,0,0,0,0,0,0,0
113.16,17,2,0,0,0,0,0,1,0,0,0,0,0,1,0,0,0,0
34.51,7,3,0,1,0,0,0,0,0,0,0,0,0,1,0,0,0,0
23.32,23,1,0,1,0,0,0,0,0,0,0,0,0,0,0,0,1,0
9.28,16,1,0,0,0,0,0,0,1,1,0,0,0,0,0,0,0,0
94.93,22,3,0,0,1,0,0,0,0,0,0,0,1,0,0,0,0,0
2.45,10,3,0,1,0,0,0,0,0,0,1,0,0,0,0,0,0,0
42.49,7,4,0,0,0,1,0,0,0,0,0,0,0,0,0,1,0,0
41.31,23,3,0,1,0,0,0,0,0,0,0,0,0,1,0,0,0,0
2209.17,3,4,0,0,0,0,0,0,1,0,0,0,0,1,0,0,0,1
129.73,1,2,0,0,0,0,0,0,1,0,0,0,0,0,0,0,1,1
24.74,15,2,0,0,0,1,0,0,0,0,0,0,0,0,0,0,1,0
179.03,15,5,1,0,1,0,0,0,0,0,0,0,1,0,0,0,0,0
18.81,23,0,0,0,0,0,0,0,1,0,0,0,0,0,0,0,1,0
29.41,13,6,1,0,1,0,0,0,0,1,0,0,0,0,0,0,0,0
125.71,0,2,0,0,0,0,0,0,1,1,0,0,0,0,0,0,0,1
53.44,8,0,0,1,0,0,0,0,0,0,0,1,0,0,0,0,0,0
18.81,18,3,0,0,0,0,0,0,1,0,0,0,0,1,0,0,0,0
23.69,19,5,1,0,1,0,0,0,0,0,0,0,0,1,0,0,0,0
72.46,22,1,0,1,0,0,0,0,0,0,0,1,0,0,0,0,0,0
19.39,13,4,0,0,0,1,0,0,0,0,0,0,0,0,0,1,0,0
40.0,9,6,1,0,0,0,1,0,0,0,0,1,0,0,0,0,0,0
3.59,20,1,0,0,0,0,1,0,0,0,1,0,0,0,0,0,0,0
99.04,9,1,0,0,1,0,0,0,0,0,0,0,0,1,0,0,0,0
92.58,15,3,0,1,0,0,0,0,0,0,0,0,1,0,0,0,0,0
45.58,22,6,1,1,0,0,0,0,0,0,0,0,0,0,0,1,0,0
185.23,8,4,0,1,0,0,0,0,0,0,0,0,0,0,1,0,0,0
890.99,17,3,0,0,0,0,0,1,0,0,0,0,0,1,0,0,0,1
29.07,18,0,0,0,1,0,0,0,0,0,0,0,0,0,0,1,0,0
183.3,8,5,1,1,0,0,0,0,0,0,0,0,1,0,0,0,0,0
81.9,19,0,0,1,0,0,0,0,0,0,0,0,1,0,0,0,0,0
22.9,19,0,0,1,0,0,0,0,0,0,0,0,0,0,0,0,1,0
46.57,9,1,0,1,0,0,0,0,0,0,0,0,0,0,0,1,0,0
48.02,11,4,0,0,0,0,0,0,1,0,0,0,1,0,0,0,0,0
9.12,22,6,1,1,0,0,0,0,0,0,0,0,0,0,0,0,1,0
30.78,16,5,1,1,0,0,0,0,0,1,0,0,0,0,0,0,0,0
22.3,7,0,0,1,0,0,0,0,0,0,0,0,0,0,0,1,0,0
35.08,19,3,0,1,0,0,0,0,0,0,0,0,0,0,0,1,0,0
2.92,22,3,0,0,0,0,1,0,0,0,1,0,0,0,0,0,0,0
20.93,22,4,0,0,0,0,0,0,1,1,0,0,0,0,0,0,0,0
4.4,18,5,1,0,0,1,0,0,0,0,1,0,0,0,0,0,0,0
11.17,19,4,0,0,1,0,0,0,0,1,0,0,0,0,0,0,0,0
15.83,15,3,0,1,0,0,0,0,0,0,0,0,0,0,0,0,1,0
39.11,23,6,1,0,1,0,0,0,0,0,0,0,0,0,0,0,1,0
13.03,15,2,0,1,0,0,0,0,0,0,0,1,0,0,0,0,0,0
25.29,8,2,0,1,0,0,0,0,0,1,0,0,0,0,0,0,0,0
2800.88,2,5,1,0,0,0,0,0,1,0,0,0,1,0,0,0,0,1
55.04,19,1,0,0,1,0,0,0,0,0,0,0,0,0,0,1,0,0
51.82,11,4,0,0,0,0,0,0,1,0,0,1,0,0,0,0,0,0
12.49,13,5,1,1,0,0,0,0,0,0,0,0,0,0,0,0,1,0
3.11,7,3,0,1,0,0,0,0,0,0,1,0,0,0,0,0,0,0
2.1,17,5,1,0,0,0,0,0,1,0,1,0,0,0,0,0,0,0
6.22,9,0,0,0,0,0,0,0,1,0,0,0,0,0,0,0,1,0
21.08,22,3,0,1,0,0,0,0,0,1,0,0,0,0,0,0,0,0
54.54,8,4,0,0,0,1,0,0,0,0,0,0,0,1,0,0,0,0
3.73,13,2,0,0,1,0,0,0,0,0,1,0,0,0,0,0,0,0
42.48,23,2,0,0,1,0,0,0,0,0,0,0,0,1,0,0,0,0
30.17,23,1,0,0,1,0,0,0,0,0,0,0,0,0,0,1,0,0
41.31,21,1,0,0,1,0,0,0,0,0,0,1,0,0,0,0,0,0
5.82,23,5,1,0,0,0,0,0,1,0,1,0,0,0,0,0,0,0
2.94,17,3,0,0,0,0,0,0,1,0,1,0,0,0,0,0,0,0
17.04,17,5,1,0,1,0,0,0,0,0,0,0,0,0,0,1,0,0
8.9,7,6,1,1,0,0,0,0,0,0,0,0,0,0,0,0,1,0
34.95,22,5,1,1,0,0,0,0,0,0,0,0,1,0,0,0,0,0
203.21,9,1,0,1,0,0,0,0,0,0,0,0,0,0,1,0,0,0
111.81,8,4,0,0,0,1,0,0,0,0,0,0,0,0,1,0,0,0
37.88,8,4,0,0,0,0,0,0,1,0,0,0,0,0,0,1,0,0
98.84,20,4,0,1,0,0,0,0,0,0,0,0,1,0,0,0,0,0
5.63,11,2,0,1,0,0,0,0,0,0,1,0,0,0,0,0,0,0
47.61,23,6,1,0,0,1,0,0,0,0,0,0,0,0,0,1,0,0
117.31,19,1,0,0,0,0,0,0,1,0,0,0,0,1,0,0,0,0
5.44,23,5,1,0,0,0,0,0,1,0,1,0,0,0,0,0,0,0
66.38,9,4,0,0,1,0,0,0,0,0,0,0,1,0,0,0,0,0
14.53,22,0,0,1,0,0,0,0,0,1,0,0,0,0,0,0,0,0
1554.58,2,2,0,0,0,0,0,0,1,0,0,0,0,1,0,0,0,1
34.7,15,5,1,1,0,0,0,0,0,1,0,0,0,0,0,0,0,0
64.79,6,5,1,0,0,0,0,0,1,0,0,0,1,0,0,0,0,0
4.44,7,1,0,0,1,0,0,0,0,0,1,0,0,0,0,0,0,0
95.13,11,6,1,0,0,0,0,0,1,0,0,0,1,0,0,0,0,0
15.19,12,0,0,0,0,0,0,0,1,0,0,0,0,0,0,0,1,0
163.73,13,2,0,0,0,0,0,1,0,0,0,0,1,0,0,0,0,0
12.09,18,4,0,1,0,0,0,0,0,0,0,0,0,0,0,1,0,0
13.12,18,0,0,1,0,0,0,0,0,1,0,0,0,0,0,0,0,0
28.96,7,2,0,0,1,0,0,0,0,0,0,0,0,0,1,0,0,0
294.13,19,1,0,0,1,0,0,0,0,0,0,0,0,0,1,0,0,0
3.52,7,4,0,1,0,0,0,0,0,0,1,0,0,0,0,0,0,0
71.71,13,5,1,1,0,0,0,0,0,0,0,0,0,1,0,0,0,0
58.13,10,4,0,1,0,0,0,0,0,0,0,1,0,0,0,0,0,0
138.53,8,3,0,0,0,0,0,1,0,0,0,0,1,0,0,0,0,0
30.28,23,1,0,0,0,0,0,0,1,0,0,1,0,0,0,0,0,0
849.15,0,6,1,0,1,0,0,0,0,0,0,1,0,0,0,0,0,1
22.51,16,2,0,0,0,0,0,0,1,0,0,0,0,0,0,0,1,0
168.07,19,3,0,1,0,0,0,0,0,0,0,0,1,0,0,0,0,0
4.55,17,2,0,0,0,0,0,0,1,0,1,0,0,0,0,0,0,0
49.77,13,3,0,1,0,0,0,0,0,0,0,0,0,0,0,1,0,0
6.68,12,5,1,1,0,0,0,0,0,0,0,0,0,0,0,1,0,0
22.71,15,1,0,0,1,0,0,0,0,0,0,0,0,0,0,0,1,0
68.6,19,1,0,1,0,0,0,0,0,0,0,0,1,0,0,0,0,0
7.38,12,5,1,0,0,0,0,0,1,1,0,0,0,0,0,0,0,0
15.29,17,3,0,0,1,0,0,0,0,1,0,0,0,0,0,0,0,0
14.91,18,4,0,0,1,0,0,0,0,0,0,0,0,0,0,0,1,0
16.7,16,3,0,0,1,0,0,0,0,0,0,0,0,0,0,1,0,0
55.47,18,2,0,1,0,0,0,0,0,0,0,1,0,0,0,0,0,0
104.55,0,1,0,0,0,0,0,0,1,1,0,0,0,0,0,0,0,1
1445.9,4,5,1,0,0,0,0,0,1,0,0,0,0,0,0,1,0,1
7.72,10,4,0,0,1,0,0,0,0,1,0,0,0,0,0,0,0,0
23.93,9,1,0,0,0,1,0,0,0,0,0,0,0,0,0,1,0,0
17.45,18,5,1,0,0,1,0,0,0,0,0,0,0,0,0,0,1,0
18.56,11,3,0,0,1,0,0,0,0,1,0,0,0,0,0,0,0,0
34.39,13,2,0,1,0,0,0,0,0,0,0,1,0,0,0,0,0,0
34.37,16,5,1,1,0,0,0,0,0,0,0,0,0,0,0,1,0,0
21.68,11,1,0,1,0,0,0,0,0,0,0,0,0,0,0,0,1,0
28.0,8,2,0,0,0,0,1,0,0,1,0,0,0,0,0,0,0,0
4.46,9,0,0,0,1,0,0,0,0,0,1,0,0,0,0,0,0,0
31.26,21,0,0,0,1,0,0,0,0,1,0,0,0,0,0,0,0,0
73.56,19,3,0,1,0,0,0,0,0,0,0,1,0,0,0,0,0,0
7.64,8,1,0,0,1,0,0,0,0,0,0,0,0,0,0,0,1,0
19.95,18,4,0,1,0,0,0,0,0,0,0,1,0,0,0,0,0,0
51.93,15,0,0,0,0,1,0,0,0,0,0,0,0,0,0,1,0,0
63.05,18,1,0,1,0,0,0,0,0,0,0,1,0,0,0,0,0,0
35.58,11,2,0,1,0,0,0,0,0,0,0,1,0,0,0,0,0,0
81.15,9,0,0,0,0,0,0,0,1,0,0,0,0,1,0,0,0,0
329.4,20,5,1,0,0,0,0,0,1,0,1,0,0,0,0,0,0,1
53.26,3,0,0,0,0,0,0,0,1,1,0,0,0,0,0,0,0,1
17.56,19,1,0,1,0,0,0,0,0,0,0,0,0,1,0,0,0,0
17.54,18,3,0,0,1,0,0,0,0,0,0,0,0,1,0,0,0,0
85.75,14,1,0,1,0,0,0,0,0,0,0,0,0,1,0,0,0,0
3.64,17,2,0,0,1,0,0,0,0,0,1,0,0,0,0,0,0,0
79.29,22,2,0,0,1,0,0,0,0,0,0,0,0,0,1,0,0,0
5.92,17,4,0,1,0,0,0,0,0,0,1,0,0,0,0,0,0,0
196.3,10,5,1,0,1,0,0,0,0,0,0,0,1,0,0,0,0,0
21.02,23,3,0,0,1,0,0,0,0,0,0,0,0,0,0,0,1,0
4.74,13,1,0,0,1,0,0,0,0,0,1,0,0,0,0,0,0,0
12.03,7,1,0,1,0,0,0,0,0,0,0,1,0,0,0,0,0,0
4.63,21,3,0,0,0,0,1,0,0,0,1,0,0,0,0,0,0,0
14.51,6,0,0,1,0,0,0,0,0,0,0,1,0,0,0,0,0,0
176.01,19,1,0,0,1,0,0,0,0,0,0,0,1,0,0,0,0,0
52.11,9,5,1,1,0,0,0,0,0,0,0,0,0,1,0,0,0,0
555.37,15,1,0,0,1,0,0,0,0,0,1,0,0,0,0,0,0,1
33.67,16,2,0,1,0,0,0,0,0,0,0,1,0,0,0,0,0,0
48.24,10,2,0,0,0,0,1,0,0,0,0,0,0,1,0,0,0,0
20.97,6,3,0,0,0,0,0,1,0,0,0,0,0,0,0,1,0,0
517.41,3,5,1,0,0,1,0,0,0,0,0,0,0,0,0,0,1,1
52.94,10,1,0,1,0,0,0,0,0,0,0,0,1,0,0,0,0,0
8.68,13,1,0,0,0,0,0,0,1,1,0,0,0,0,0,0,0,0
23.15,23,0,0,1,0,0,0,0,0,0,0,0,0,0,0,0,1,0
21.71,14,5,1,1,0,0,0,0,0,0,0,1,0,0,0,0,0,0
967.08,8,0,0,0,0,0,0,0,1,0,0,1,0,0,0,0,0,1
10.76,15,1,0,1,0,0,0,0,0,0,0,0,0,0,0,0,1,0
10.47,23,1,0,0,0,1,0,0,0,1,0,0,0,0,0,0,0,0
237.14,11,5,1,1,0,0,0,0,0,0,0,0,0,0,1,0,0,0
7.04,23,2,0,1,0,0,0,0,0,1,0,0,0,0,0,0,0,0
22.52,7,5,1,0,0,0,0,0,1,0,0,0,0,0,0,0,1,0
62.82,8,1,0,1,0,0,0,0,0,0,0,0,0,1,0,0,0,0
40.34,7,4,0,0,0,0,1,0,0,0,0,0,0,1,0,0,0,0
32.61,22,3,0,0,0,0,0,1,0,0,0,0,0,0,0,0,1,0
15.96,18,0,0,0,0,1,0,0,0,0,0,0,0,0,0,0,1,0
38.79,23,1,0,0,0,0,0,0,1,0,0,0,0,0,0,0,1,0
132.0,19,4,0,0,1,0,0,0,0,0,0,0,1,0,0,0,0,0
62.93,2,2,0,0,0,0,0,0,1,0,0,0,0,0,0,1,0,1
19.8,23,5,1,1,0,0,0,0,0,0,0,1,0,0,0,0,0,0
873.74,9,2,0,0,0,0,0,1,0,0,0,1,0,0,0,0,0,1
37.43,19,2,0,1,0,0,0,0,0,0,0,0,0,0,0,0,1,0
1126.74,9,2,0,0,0,0,1,0,0,0,0,1,0,0,0,0,0,1
269.13,1,6,1,0,0,0,0,0,1,0,0,1,0,0,0,0,0,1
110.32,10,4,0,1,0,0,0,0,0,0,0,0,0,0,1,0,0,0
107.15,18,1,0,0,1,0,0,0,0,0,0,0,0,1,0,0,0,0
30.08,22,3,0,0,1,0,0,0,0,0,0,0,0,0,0,1,0,0
25.06,14,3,0,1,0,0,0,0,0,1,0,0,0,0,0,0,0,0
48.09,22,2,0,0,0,0,0,0,1,0,0,1,0,0,0,0,0,0
28.15,6,5,1,0,1,0,0,0,0,0,0,0,0,0,1,0,0,0
2.94,10,6,1,1,0,0,0,0,0,0,1,0,0,0,0,0,0,0
30.95,18,1,0,0,0,0,0,0,1,0,0,0,0,0,0,0,1,0
58.04,23,0,0,0,0,0,1,0,0,0,0,0,0,0,0,1,0,0
27.5,7,3,0,1,0,0,0,0,0,0,0,0,0,0,0,1,0,0
24.22,15,6,1,0,1,0,0,0,0,1,0,0,0,0,0,0,0,0
66.28,19,0,0,1,0,0,0,0,0,0,0,1,0,0,0,0,0,0
33.11,8,3,0,1,0,0,0,0,0,1,0,0,0,0,0,0,0,0
45.56,9,0,0,0,1,0,0,0,0,0,0,1,0,0,0,0,0,0
11.84,17,2,0,1,0,0,0,0,0,1,0,0,0,0,0,0,0,0
158.23,7,4,0,0,1,0,0,0,0,0,0,0,1,0,0,0,0,0
3.18,15,3,0,0,0,0,0,0,1,0,1,0,0,0,0,0,0,0
15.76,16,1,0,0,0,1,0,0,0,0,0,0,0,0,0,0,1,0
987.31,15,6,1,0,1,0,0,0,0,0,0,1,0,0,0,0,0,1
35.93,18,6,1,0,0,0,1,0,0,0,0,1,0,0,0,0,0,0
92.73,11,4,0,1,0,0,0,0,0,0,0,0,1,0,0,0,0,0
44.52,20,6,1,0,0,1,0,0,0,0,0,0,0,0,0,1,0,0
12.42,9,2,0,1,0,0,0,0,0,0,0,0,0,1,0,0,0,0
22.68,11,6,1,0,0,0,0,0,1,0,0,0,0,0,0,0,1,0
688.81,1,5,1,0,0,0,0,0,1,0,0,0,0,0,1,0,0,1
89.37,23,2,0,0,1,0,0,0,0,0,0,0,0,1,0,0,0,0
23.29,11,4,0,0,0,0,0,0,1,0,0,0,0,0,0,0,1,0
20.36,8,5,1,0,0,0,0,0,1,0,0,0,0,0,0,0,1,0
24.26,13,4,0,1,0,0,0,0,0,0,0,0,0,0,0,0,1,0
68.67,18,2,0,1,0,0,0,0,0,0,0,0,0,1,0,0,0,0
10.47,17,1,0,0,0,1,0,0,0,1,0,0,0,0,0,0,0,0
1027.99,14,4,0,0,0,0,1,0,0,0,0,0,0,0,0,1,0,1
1.66,19,1,0,1,0,0,0,0,0,0,1,0,0,0,0,0,0,0
119.6,23,5,1,0,1,0,0,0,0,0,0,0,1,0,0,0,0,0
12.88,15,5,1,1,0,0,0,0,0,0,0,1,0,0,0,0,0,0
685.6,19,1,0,0,0,0,0,0,1,1,0,0,0,0,0,0,0,1
43.89,18,3,0,0,0,0,0,1,0,0,0,0,0,0,1,0,0,0
52.34,23,0,0,0,0,0,0,0,1,0,0,0,0,1,0,0,0,0
37.8,17,0,0,0,0,0,0,0,1,0,0,1,0,0,0,0,0,0
49.58,13,0,0,0,0,0,1,0,0,0,0,1,0,0,0,0,0,0
118.96,8,0,0,0,1,0,0,0,0,0,0,0,0,1,0,0,0,0
36.81,14,5,1,0,0,1,0,0,0,0,0,0,0,0,1,0,0,0
18.68,9,5,1,1,0,0,0,0,0,1,0,0,0,0,0,0,0,0
170.66,3,2,0,0,0,0,0,0,1,0,0,1,0,0,0,0,0,1
185.18,20,0,0,0,0,0,0,0,1,0,0,0,1,0,0,0,0,0
944.44,4,3,0,0,0,0,0,0,1,0,0,0,0,0,1,0,0,1
20.14,9,6,1,0,0,0,0,0,1,0,0,0,0,0,0,1,0,0
36.57,9,1,0,1,0,0,0,0,0,0,0,0,0,0,0,0,1,0
43.25,19,5,1,1,0,0,0,0,0,0,0,0,1,0,0,0,0,0
2481.5,4,1,0,0,1,0,0,0,0,0,0,0,1,0,0,0,0,1
4.86,11,4,0,1,0,0,0,0,0,0,1,0,0,0,0,0,0,0
17.21,11,2,0,1,0,0,0,0,0,0,0,0,0,1,0,0,0,0
82.56,6,6,1,1,0,0,0,0,0,0,0,0,0,1,0,0,0,0
1252.64,3,6,1,0,0,0,0,0,1,0,0,0,0,1,0,0,0,1
16.4,15,3,0,0,0,1,0,0,0,0,0,0,0,0,0,0,1,0
66.21,7,1,0,0,0,0,0,0,1,0,0,0,0,1,0,0,0,0
880.16,6,2,0,0,0,0,0,0,1,0,0,0,0,1,0,0,0,1
119.31,21,6,1,1,0,0,0,0,0,0,0,0,0,1,0,0,0,0
15.95,23,4,0,0,1,0,0,0,0,0,0,0,0,0,0,0,1,0
4.74,16,1,0,0,0,0,1,0,0,0,1,0,0,0,0,0,0,0
30.72,13,2,0,1,0,0,0,0,0,0,0,0,0,1,0,0,0,0
119.44,6,2,0,0,0,0,0,0,1,0,0,0,1,0,0,0,0,0
4.25,11,5,1,1,0,0,0,0,0,0,1,0,0,0,0,0,0,0
64.19,23,2,0,0,1,0,0,0,0,0,0,0,1,0,0,0,0,0
109.91,13,5,1,0,0,0,0,1,0,0,0,0,0,1,0,0,0,0
31.72,16,4,0,1,0,0,0,0,0,0,0,0,0,1,0,0,0,0
40.74,16,3,0,0,0,1,0,0,0,0,0,0,0,0,0,1,0,0
15.98,22,3,0,1,0,0,0,0,0,0,0,0,0,0,0,1,0,0
89.21,20,0,0,1,0,0,0,0,0,0,0,0,0,0,1,0,0,0
193.15,16,1,0,0,1,0,0,0,0,0,0,0,0,0,1,0,0,0
72.25,16,3,0,0,0,0,0,0,1,0,0,0,0,0,1,0,0,0
247.37,16,5,1,1,0,0,0,0,0,0,0,0,0,0,1,0,0,0
61.1,16,2,0,0,0,0,0,0,1,0,0,1,0,0,0,0,0,0
17.64,12,1,0,0,0,0,1,0,0,0,0,0,0,0,0,0,1,0
26.57,16,4,0,1,0,0,0,0,0,0,0,0,0,0,0,0,1,0
430.05,4,3,0,0,0,0,0,0,1,0,0,0,0,1,0,0,0,1
121.84,21,0,0,0,0,0,0,0,1,0,0,0,1,0,0,0,0,0
73.3,10,5,1,0,0,0,0,1,0,0,0,1,0,0,0,0,0,0
32.39,16,4,0,1,0,0,0,0,0,1,0,0,0,0,0,0,0,0
9.21,8,5,1,0,0,0,0,0,1,1,0,0,0,0,0,0,0,0
2124.2,10,4,0,0,1,0,0,0,0,0,0,0,0,1,0,0,0,1
30.2,22,5,1,1,0,0,0,0,0,1,0,0,0,0,0,0,0,0
24.11,13,6,1,0,1,0,0,0,0,1,0,0,0,0,0,0,0,0
8.09,8,6,1,0,0,0,1,0,0,0,0,0,0,0,0,0,1,0
118.15,11,1,0,1,0,0,0,0,0,0,0,0,1,0,0,0,0,0
82.5,19,5,1,0,0,0,0,0,1,0,0,0,1,0,0,0,0,0
476.97,12,3,0,0,0,0,0,1,0,1,0,0,0,0,0,0,0,1
35.74,6,4,0,0,0,0,0,0,1,0,0,0,0,0,0,0,1,0
68.22,6,5,1,0,0,0,0,0,1,0,0,0,0,0,1,0,0,0
36.07,18,5,1,1,0,0,0,0,0,0,0,0,0,0,0,0,1,0
45.82,14,5,1,1,0,0,0,0,0,0,0,0,0,0,0,1,0,0
46.47,7,4,0,0,0,0,0,0,1,0,0,0,0,0,0,1,0,0
51.47,23,0,0,1,0,0,0,0,0,0,0,1,0,0,0,0,0,0
82.11,14,0,0,0,0,0,0,0,1,0,0,0,1,0,0,0,0,0
82.76,6,5,1,0,0,0,1,0,0,0,0,0,0,1,0,0,0,0
19.93,11,0,0,0,0,0,0,0,1,0,0,0,0,1,0,0,0,0
62.23,15,6,1,0,0,0,0,0,1,0,0,0,0,1,0,0,0,0
4.33,15,2,0,0,1,0,0,0,0,0,1,0,0,0,0,0,0,0
18.95,3,6,1,0,0,0,0,0,1,0,1,0,0,0,0,0,0,1
19.87,20,5,1,1,0,0,0,0,0,0,0,0,0,0,0,0,1,0
89.28,17,3,0,0,1,0,0,0,0,0,0,0,1,0,0,0,0,0
12.05,17,6,1,1,0,0,0,0,0,0,0,0,0,0,0,0,1,0
43.31,20,2,0,0,0,0,0,0,1,0,0,1,0,0,0,0,0,0
50.28,10,1,0,0,0,1,0,0,0,0,0,0,0,0,0,1,0,0
131.85,23,4,0,1,0,0,0,0,0,0,0,0,1,0,0,0,0,0
1484.0,2,1,0,0,0,0,0,0,1,0,0,0,0,0,0,0,1,1
1374.81,0,2,0,0,0,0,0,0,1,0,0,0,0,0,0,1,0,1
4.22,20,0,0,1,0,0,0,0,0,0,1,0,0,0,0,0,0,0
29.65,10,4,0,0,1,0,0,0,0,0,0,0,0,0,0,0,1,0
149.02,11,3,0,1,0,0,0,0,0,0,0,0,0,0,1,0,0,0
25.42,21,1,0,0,1,0,0,0,0,0,0,0,0,1,0,0,0,0
102.44,17,2,0,0,0,0,0,0,1,0,0,0,1,0,0,0,0,0
70.85,10,1,0,0,0,0,0,0,1,0,0,1,0,0,0,0,0,0
33.35,11,2,0,0,1,0,0,0,0,0,0,0,0,0,0,1,0,0
2.27,14,0,0,0,0,0,0,0,1,0,1,0,0,0,0,0,0,0
86.83,23,1,0,0,1,0,0,0,0,0,0,0,0,1,0,0,0,0
22.9,13,4,0,1,0,0,0,0,0,1,0,0,0,0,0,0,0,0
188.92,14,1,0,1,0,0,0,0,0,0,0,0,1,0,0,0,0,0
33.26,21,5,1,0,0,0,0,0,1,0,0,0,0,0,0,0,1,0
20.75,23,5,1,0,1,0,0,0,0,0,0,0,1,0,0,0,0,0
49.57,23,4,0,0,0,1,0,0,0,0,0,0,0,0,0,1,0,0
187.13,15,5,1,0,0,0,0,1,0,0,0,0,0,0,1,0,0,0
43.15,22,1,0,0,0,0,0,0,1,0,0,1,0,0,0,0,0,0
1644.63,3,5,1,0,0,1,0,0,0,0,0,0,1,0,0,0,0,1
41.38,19,0,0,0,0,0,0,0,1,0,0,0,1,0,0,0,0,0
17.25,16,0,0,1,0,0,0,0,0,1,0,0,0,0,0,0,0,0
113.47,18,3,0,0,0,1,0,0,0,0,0,0,0,1,0,0,0,0
77.31,22,3,0,1,0,0,0,0,0,0,0,1,0,0,0,0,0,0
127.78,7,3,0,1,0,0,0,0,0,0,0,0,1,0,0,0,0,0
22.7,12,4,0,1,0,0,0,0,0,1,0,0,0,0,0,0,0,0
15.18,9,0,0,0,0,1,0,0,0,0,0,0,0,0,0,1,0,0
11.25,23,6,1,0,1,0,0,0,0,0,0,0,0,1,0,0,0,0
15.45,14,0,0,0,1,0,0,0,0,0,0,0,0,1,0,0,0,0
10.61,23,4,0,1,0,0,0,0,0,0,0,0,0,0,0,0,1,0
18.41,14,0,0,0,0,1,0,0,0,0,0,0,0,1,0,0,0,0
1.91,18,3,0,0,1,0,0,0,0,0,1,0,0,0,0,0,0,0
12.69,14,0,0,1,0,0,0,0,0,0,0,0,0,1,0,0,0,0
250.73,4,1,0,0,0,0,0,0,1,0,0,0,0,0,0,1,0,1
119.32,16,4,0,1,0,0,0,0,0,0,0,0,0,1,0,0,0,0
119.86,23,1,0,0,1,0,0,0,0,0,0,0,0,1,0,0,0,0
11.64,19,5,1,0,0,0,0,0,1,1,0,0,0,0,0,0,0,0
24.84,13,3,0,1,0,0,0,0,0,1,0,0,0,0,0,0,0,0
141.43,10,1,0,0,0,0,0,0,1,0,0,0,0,0,1,0,0,0
14.74,7,2,0,1,0,0,0,0,0,0,0,0,0,0,0,1,0,0
34.23,22,5,1,0,1,0,0,0,0,0,0,0,0,0,1,0,0,0
188.96,18,4,0,0,1,0,0,0,0,0,0,0,0,0,1,0,0,0
22.64,7,5,1,0,1,0,0,0,0,1,0,0,0,0,0,0,0,0
4.42,7,1,0,1,0,0,0,0,0,0,1,0,0,0,0,0,0,0
1569.21,12,4,0,0,0,0,0,0,1,0,0,0,0,0,0,0,1,1
17.68,14,0,0,0,0,1,0,0,0,0,0,0,0,0,0,0,1,0
25.12,10,6,1,0,1,0,0,0,0,0,0,0,0,0,0,0,1,0
213.58,14,0,0,1,0,0,0,0,0,0,0,0,0,0,1,0,0,0
56.94,8,1,0,0,0,0,0,0,1,0,0,1,0,0,0,0,0,0
5.99,8,1,0,1,0,0,0,0,0,0,1,0,0,0,0,0,0,0
5.58,21,4,0,0,0,0,0,0,1,0,1,0,0,0,0,0,0,0
